N,sigma,epsilon,delta,method,rep,beta_true_00,beta_true_01,beta_true_11,beta_est_00,beta_est_01,beta_est_11
100,1.0,5.635918426327381,1e-05,sbm_dpsgd,0,0.2,0.02,0.2,0.2209705114364624,0.012925139628350735,0.1972036361694336
100,1.0,5.635918426327381,1e-05,gaussian,0,0.2,0.02,0.2,0.21170927584171295,0.012958217412233353,0.1952296942472458
100,1.0,5.635918426327381,1e-05,edge_flip,0,0.2,0.02,0.2,0.2101844698190689,0.01857735589146614,0.19949623942375183
100,1.0,5.635918426327381,1e-05,sbm_dpsgd,1,0.2,0.02,0.2,0.22068437933921814,0.016382811591029167,0.22712057828903198
100,1.0,5.635918426327381,1e-05,gaussian,1,0.2,0.02,0.2,0.20974117517471313,0.016745444387197495,0.21731920540332794
100,1.0,5.635918426327381,1e-05,edge_flip,1,0.2,0.02,0.2,0.20854012668132782,0.016965899616479874,0.21840618550777435
100,1.0,5.635918426327381,1e-05,sbm_dpsgd,2,0.2,0.02,0.2,0.18631477653980255,0.01798602193593979,0.20309145748615265
100,1.0,5.635918426327381,1e-05,gaussian,2,0.2,0.02,0.2,0.18054449558258057,0.02259369008243084,0.19568167626857758
100,1.0,5.635918426327381,1e-05,edge_flip,2,0.2,0.02,0.2,0.17894195020198822,0.019383084028959274,0.19620755314826965
100,1.0,5.635918426327381,1e-05,sbm_dpsgd,3,0.2,0.02,0.2,0.1990000158548355,0.017485959455370903,0.21401339769363403
100,1.0,5.635918426327381,1e-05,gaussian,3,0.2,0.02,0.2,0.19224807620048523,0.01624269038438797,0.20072001218795776
100,1.0,5.635918426327381,1e-05,edge_flip,3,0.2,0.02,0.2,0.19620755314826965,0.016965899616479874,0.20031841099262238
100,1.0,5.635918426327381,1e-05,sbm_dpsgd,4,0.2,0.02,0.2,0.18297888338565826,0.015593808144330978,0.2138148695230484
100,1.0,5.635918426327381,1e-05,gaussian,4,0.2,0.02,0.2,0.16684438288211823,0.018518736585974693,0.19924050569534302
100,1.0,5.635918426327381,1e-05,edge_flip,4,0.2,0.02,0.2,0.1690758913755417,0.01857735589146614,0.1986740678548813
100,1.0,5.635918426327381,1e-05,sbm_dpsgd,5,0.2,0.02,0.2,0.20714035630226135,0.017517659813165665,0.2069040685892105
100,1.0,5.635918426327381,1e-05,gaussian,5,0.2,0.02,0.2,0.20626910030841827,0.018471088260412216,0.18944354355335236
100,1.0,5.635918426327381,1e-05,edge_flip,5,0.2,0.02,0.2,0.2044292688369751,0.015354443341493607,0.1879858374595642
100,1.0,5.635918426327381,1e-05,sbm_dpsgd,6,0.2,0.02,0.2,0.2306647151708603,0.015597021207213402,0.22360509634017944
100,1.0,5.635918426327381,1e-05,gaussian,6,0.2,0.02,0.2,0.19990496337413788,0.01939343847334385,0.19892488420009613
100,1.0,5.635918426327381,1e-05,edge_flip,6,0.2,0.02,0.2,0.20196275413036346,0.01978594809770584,0.20196275413036346
100,1.0,5.635918426327381,1e-05,sbm_dpsgd,7,0.2,0.02,0.2,0.23714768886566162,0.01704956218600273,0.22267504036426544
100,1.0,5.635918426327381,1e-05,gaussian,7,0.2,0.02,0.2,0.2163446843624115,0.018055705353617668,0.22746635973453522
100,1.0,5.635918426327381,1e-05,edge_flip,7,0.2,0.02,0.2,0.2175840139389038,0.01978594809770584,0.2249835580587387
100,1.0,5.635918426327381,1e-05,sbm_dpsgd,8,0.2,0.02,0.2,0.21762017905712128,0.017604393884539604,0.17852531373500824
100,1.0,5.635918426327381,1e-05,gaussian,8,0.2,0.02,0.2,0.2005014568567276,0.01910790428519249,0.17288920283317566
100,1.0,5.635918426327381,1e-05,edge_flip,8,0.2,0.02,0.2,0.20031841099262238,0.01857735589146614,0.17565326392650604
100,1.0,5.635918426327381,1e-05,sbm_dpsgd,9,0.2,0.02,0.2,0.22216103971004486,0.01639062911272049,0.18555021286010742
100,1.0,5.635918426327381,1e-05,gaussian,9,0.2,0.02,0.2,0.20760062336921692,0.022169534116983414,0.18836887180805206
100,1.0,5.635918426327381,1e-05,edge_flip,9,0.2,0.02,0.2,0.21429532766342163,0.02462031878530979,0.18551932275295258
100,1.0,5.635918426327381,1e-05,sbm_dpsgd,10,0.2,0.02,0.2,0.21025943756103516,0.018911711871623993,0.1894509494304657
100,1.0,5.635918426327381,1e-05,gaussian,10,0.2,0.02,0.2,0.18611837923526764,0.021740242838859558,0.18881602585315704
100,1.0,5.635918426327381,1e-05,edge_flip,10,0.2,0.02,0.2,0.1879858374595642,0.02341172657907009,0.1912745237350464
100,1.0,5.635918426327381,1e-05,sbm_dpsgd,11,0.2,0.02,0.2,0.2238006293773651,0.01566152460873127,0.22195826470851898
100,1.0,5.635918426327381,1e-05,gaussian,11,0.2,0.02,0.2,0.20607711374759674,0.0208582766354084,0.20272181928157806
100,1.0,5.635918426327381,1e-05,edge_flip,11,0.2,0.02,0.2,0.20360709726810455,0.021397404372692108,0.2044292688369751
100,1.0,5.635918426327381,1e-05,sbm_dpsgd,12,0.2,0.02,0.2,0.20260466635227203,0.014024957083165646,0.22449789941310883
100,1.0,5.635918426327381,1e-05,gaussian,12,0.2,0.02,0.2,0.19631312787532806,0.018098680302500725,0.2176639437675476
100,1.0,5.635918426327381,1e-05,edge_flip,12,0.2,0.02,0.2,0.1953853815793991,0.016563035547733307,0.21511749923229218
100,1.0,5.635918426327381,1e-05,sbm_dpsgd,13,0.2,0.02,0.2,0.20104195177555084,0.01715511456131935,0.22324040532112122
100,1.0,5.635918426327381,1e-05,gaussian,13,0.2,0.02,0.2,0.18657970428466797,0.02374427393078804,0.196518674492836
100,1.0,5.635918426327381,1e-05,edge_flip,13,0.2,0.02,0.2,0.1879858374595642,0.02462031878530979,0.19785189628601074
100,1.0,5.635918426327381,1e-05,sbm_dpsgd,14,0.2,0.02,0.2,0.2173941433429718,0.013825342059135437,0.1900157779455185
100,1.0,5.635918426327381,1e-05,gaussian,14,0.2,0.02,0.2,0.22075775265693665,0.01576930470764637,0.19361378252506256
100,1.0,5.635918426327381,1e-05,edge_flip,14,0.2,0.02,0.2,0.21676184237003326,0.01495157927274704,0.1953853815793991
100,1.0,5.635918426327381,1e-05,sbm_dpsgd,15,0.2,0.02,0.2,0.21457883715629578,0.016012942418456078,0.20149390399456024
100,1.0,5.635918426327381,1e-05,gaussian,15,0.2,0.02,0.2,0.20739220082759857,0.019045894965529442,0.18996042013168335
100,1.0,5.635918426327381,1e-05,edge_flip,15,0.2,0.02,0.2,0.20525144040584564,0.020591676235198975,0.1970297247171402
100,1.0,5.635918426327381,1e-05,sbm_dpsgd,16,0.2,0.02,0.2,0.21830043196678162,0.017010560259222984,0.19450470805168152
100,1.0,5.635918426327381,1e-05,gaussian,16,0.2,0.02,0.2,0.20338572561740875,0.01904933899641037,0.1984194666147232
100,1.0,5.635918426327381,1e-05,edge_flip,16,0.2,0.02,0.2,0.20360709726810455,0.01736876368522644,0.20360709726810455
100,1.0,5.635918426327381,1e-05,sbm_dpsgd,17,0.2,0.02,0.2,0.22277629375457764,0.0170730073004961,0.22760023176670074
100,1.0,5.635918426327381,1e-05,gaussian,17,0.2,0.02,0.2,0.2003064602613449,0.02343977615237236,0.20841115713119507
100,1.0,5.635918426327381,1e-05,edge_flip,17,0.2,0.02,0.2,0.19949623942375183,0.022605998441576958,0.20360709726810455
100,1.0,5.635918426327381,1e-05,sbm_dpsgd,18,0.2,0.02,0.2,0.20861388742923737,0.015239018946886063,0.19959811866283417
100,1.0,5.635918426327381,1e-05,gaussian,18,0.2,0.02,0.2,0.18839514255523682,0.021132269874215126,0.20006050169467926
100,1.0,5.635918426327381,1e-05,edge_flip,18,0.2,0.02,0.2,0.18716366589069366,0.021800270304083824,0.20114058256149292
100,1.0,5.635918426327381,1e-05,sbm_dpsgd,19,0.2,0.02,0.2,0.21925798058509827,0.014923512004315853,0.2154386192560196
100,1.0,5.635918426327381,1e-05,gaussian,19,0.2,0.02,0.2,0.20613031089305878,0.014893317595124245,0.1878979504108429
100,1.0,5.635918426327381,1e-05,edge_flip,19,0.2,0.02,0.2,0.2101844698190689,0.014548715204000473,0.19456321001052856
100,2.0,2.668102829441137,1e-05,sbm_dpsgd,0,0.2,0.02,0.2,0.21185533702373505,0.015155005268752575,0.21211767196655273
100,2.0,2.668102829441137,1e-05,gaussian,0,0.2,0.02,0.2,0.2031475305557251,0.017328305169939995,0.20441670715808868
100,2.0,2.668102829441137,1e-05,edge_flip,0,0.2,0.02,0.2,0.2021685391664505,0.020589839667081833,0.2190534770488739
100,2.0,2.668102829441137,1e-05,sbm_dpsgd,1,0.2,0.02,0.2,0.20055633783340454,0.015771253034472466,0.22170346975326538
100,2.0,2.668102829441137,1e-05,gaussian,1,0.2,0.02,0.2,0.1883198618888855,0.022667421028017998,0.2172769457101822
100,2.0,2.668102829441137,1e-05,edge_flip,1,0.2,0.02,0.2,0.1759030818939209,0.021049484610557556,0.2246817797422409
100,2.0,2.668102829441137,1e-05,sbm_dpsgd,2,0.2,0.02,0.2,0.21099138259887695,0.01582050323486328,0.23893952369689941
100,2.0,2.668102829441137,1e-05,gaussian,2,0.2,0.02,0.2,0.20700837671756744,0.019437527284026146,0.20637574791908264
100,2.0,2.668102829441137,1e-05,edge_flip,2,0.2,0.02,0.2,0.1984163224697113,0.025645939633250237,0.2021685391664505
100,2.0,2.668102829441137,1e-05,sbm_dpsgd,3,0.2,0.02,0.2,0.22132523357868195,0.016678892076015472,0.18540848791599274
100,2.0,2.668102829441137,1e-05,gaussian,3,0.2,0.02,0.2,0.21038749814033508,0.016289062798023224,0.1746133267879486
100,2.0,2.668102829441137,1e-05,edge_flip,3,0.2,0.02,0.2,0.2087348997592926,0.021049484610557556,0.174965038895607
100,2.0,2.668102829441137,1e-05,sbm_dpsgd,4,0.2,0.02,0.2,0.2116636037826538,0.015069504268467426,0.19889193773269653
100,2.0,2.668102829441137,1e-05,gaussian,4,0.2,0.02,0.2,0.204884871840477,0.021039685234427452,0.1933329552412033
100,2.0,2.668102829441137,1e-05,edge_flip,4,0.2,0.02,0.2,0.2002924382686615,0.017831968143582344,0.1909119188785553
100,2.0,2.668102829441137,1e-05,sbm_dpsgd,5,0.2,0.02,0.2,0.2311566025018692,0.01812838762998581,0.18347585201263428
100,2.0,2.668102829441137,1e-05,gaussian,5,0.2,0.02,0.2,0.2238650918006897,0.018176244571805,0.17949965596199036
100,2.0,2.668102829441137,1e-05,edge_flip,5,0.2,0.02,0.2,0.2153012603521347,0.017831968143582344,0.1899738609790802
100,2.0,2.668102829441137,1e-05,sbm_dpsgd,6,0.2,0.02,0.2,0.20376038551330566,0.01690838485956192,0.22329062223434448
100,2.0,2.668102829441137,1e-05,gaussian,6,0.2,0.02,0.2,0.21217560768127441,0.021470332518219948,0.2058810144662857
100,2.0,2.668102829441137,1e-05,edge_flip,6,0.2,0.02,0.2,0.1956021785736084,0.006340831983834505,0.2106110006570816
100,2.0,2.668102829441137,1e-05,sbm_dpsgd,7,0.2,0.02,0.2,0.2033112645149231,0.016902243718504906,0.20271334052085876
100,2.0,2.668102829441137,1e-05,gaussian,7,0.2,0.02,0.2,0.19994805753231049,0.015258106403052807,0.20783519744873047
100,2.0,2.668102829441137,1e-05,edge_flip,7,0.2,0.02,0.2,0.2124871015548706,0.026565229520201683,0.2040446400642395
100,2.0,2.668102829441137,1e-05,sbm_dpsgd,8,0.2,0.02,0.2,0.22842340171337128,0.01668182946741581,0.23497821390628815
100,2.0,2.668102829441137,1e-05,gaussian,8,0.2,0.02,0.2,0.2107122391462326,0.020207267254590988,0.2024689018726349
100,2.0,2.668102829441137,1e-05,edge_flip,8,0.2,0.02,0.2,0.1909119188785553,0.019210902974009514,0.2143632173538208
100,2.0,2.668102829441137,1e-05,sbm_dpsgd,9,0.2,0.02,0.2,0.20848530530929565,0.02043534629046917,0.20414197444915771
100,2.0,2.668102829441137,1e-05,gaussian,9,0.2,0.02,0.2,0.2030559629201889,0.020915500819683075,0.19710975885391235
100,2.0,2.668102829441137,1e-05,edge_flip,9,0.2,0.02,0.2,0.1974782794713974,0.020589839667081833,0.1956021785736084
100,2.0,2.668102829441137,1e-05,sbm_dpsgd,10,0.2,0.02,0.2,0.21575738489627838,0.017916923388838768,0.22970488667488098
100,2.0,2.668102829441137,1e-05,gaussian,10,0.2,0.02,0.2,0.21047645807266235,0.025063682347536087,0.21434901654720306
100,2.0,2.668102829441137,1e-05,edge_flip,10,0.2,0.02,0.2,0.2171773612499237,0.017831968143582344,0.1984163224697113
100,2.0,2.668102829441137,1e-05,sbm_dpsgd,11,0.2,0.02,0.2,0.21163509786128998,0.01695282757282257,0.18487894535064697
100,2.0,2.668102829441137,1e-05,gaussian,11,0.2,0.02,0.2,0.20083345472812653,0.018050024285912514,0.19914110004901886
100,2.0,2.668102829441137,1e-05,edge_flip,11,0.2,0.02,0.2,0.1918499618768692,0.016453031450510025,0.1993543803691864
100,2.0,2.668102829441137,1e-05,sbm_dpsgd,12,0.2,0.02,0.2,0.2066396176815033,0.014372684992849827,0.22527682781219482
100,2.0,2.668102829441137,1e-05,gaussian,12,0.2,0.02,0.2,0.19235751032829285,0.01821167580783367,0.20631253719329834
100,2.0,2.668102829441137,1e-05,edge_flip,12,0.2,0.02,0.2,0.1871597021818161,0.018291613087058067,0.2059207409620285
100,2.0,2.668102829441137,1e-05,sbm_dpsgd,13,0.2,0.02,0.2,0.21734799444675446,0.014505677856504917,0.21309159696102142
100,2.0,2.668102829441137,1e-05,gaussian,13,0.2,0.02,0.2,0.20459119975566864,0.018348703160881996,0.20077230036258698
100,2.0,2.668102829441137,1e-05,edge_flip,13,0.2,0.02,0.2,0.2134251594543457,0.021968776360154152,0.2040446400642395
100,2.0,2.668102829441137,1e-05,sbm_dpsgd,14,0.2,0.02,0.2,0.19840577244758606,0.014076316729187965,0.1952987015247345
100,2.0,2.668102829441137,1e-05,gaussian,14,0.2,0.02,0.2,0.19007150828838348,0.01242741197347641,0.18991094827651978
100,2.0,2.668102829441137,1e-05,edge_flip,14,0.2,0.02,0.2,0.1871597021818161,0.009098704904317856,0.1927880197763443
100,2.0,2.668102829441137,1e-05,sbm_dpsgd,15,0.2,0.02,0.2,0.2182091325521469,0.01642415300011635,0.2122834324836731
100,2.0,2.668102829441137,1e-05,gaussian,15,0.2,0.02,0.2,0.2050185203552246,0.02655593492090702,0.19904859364032745
100,2.0,2.668102829441137,1e-05,edge_flip,15,0.2,0.02,0.2,0.2002924382686615,0.01691267639398575,0.2002924382686615
100,2.0,2.668102829441137,1e-05,sbm_dpsgd,16,0.2,0.02,0.2,0.2033403515815735,0.018384993076324463,0.22564151883125305
100,2.0,2.668102829441137,1e-05,gaussian,16,0.2,0.02,0.2,0.201156884431839,0.026249535381793976,0.21495763957500458
100,2.0,2.668102829441137,1e-05,edge_flip,16,0.2,0.02,0.2,0.2031065821647644,0.027944166213274002,0.2199915200471878
100,2.0,2.668102829441137,1e-05,sbm_dpsgd,17,0.2,0.02,0.2,0.21968097984790802,0.017534039914608,0.1924373060464859
100,2.0,2.668102829441137,1e-05,gaussian,17,0.2,0.02,0.2,0.1997755616903305,0.025653759017586708,0.20230674743652344
100,2.0,2.668102829441137,1e-05,edge_flip,17,0.2,0.02,0.2,0.1918499618768692,0.01875125803053379,0.2002924382686615
100,2.0,2.668102829441137,1e-05,sbm_dpsgd,18,0.2,0.02,0.2,0.1943674087524414,0.015631109476089478,0.16876952350139618
100,2.0,2.668102829441137,1e-05,gaussian,18,0.2,0.02,0.2,0.17395983636379242,0.018921900540590286,0.18108567595481873
100,2.0,2.668102829441137,1e-05,edge_flip,18,0.2,0.02,0.2,0.1740269809961319,0.02150913141667843,0.1721508800983429
100,2.0,2.668102829441137,1e-05,sbm_dpsgd,19,0.2,0.02,0.2,0.20857234299182892,0.01888447254896164,0.17518796026706696
100,2.0,2.668102829441137,1e-05,gaussian,19,0.2,0.02,0.2,0.19538457691669464,0.021563490852713585,0.1779489666223526
100,2.0,2.668102829441137,1e-05,edge_flip,19,0.2,0.02,0.2,0.2040446400642395,0.014154803939163685,0.1815313994884491
100,5.0,1.0338953100711687,1e-05,sbm_dpsgd,0,0.2,0.02,0.2,0.2102632224559784,0.013760194182395935,0.18968603014945984
100,5.0,1.0338953100711687,1e-05,gaussian,0,0.2,0.02,0.2,0.19464752078056335,0.02378350868821144,0.16153521835803986
100,5.0,1.0338953100711687,1e-05,edge_flip,0,0.2,0.02,0.2,0.22093060612678528,0.010246092453598976,0.12991105020046234
100,5.0,1.0338953100711687,1e-05,sbm_dpsgd,1,0.2,0.02,0.2,0.2233116626739502,0.022270655259490013,0.21035926043987274
100,5.0,1.0338953100711687,1e-05,gaussian,1,0.2,0.02,0.2,0.20194111764431,0.026642363518476486,0.1729443222284317
100,5.0,1.0338953100711687,1e-05,edge_flip,1,0.2,0.02,0.2,0.23123469948768616,0.02539312094449997,0.1883009523153305
100,5.0,1.0338953100711687,1e-05,sbm_dpsgd,2,0.2,0.02,0.2,0.21170562505722046,0.012606097385287285,0.2007600963115692
100,5.0,1.0338953100711687,1e-05,gaussian,2,0.2,0.02,0.2,0.18372860550880432,0.013717997819185257,0.2192961424589157
100,5.0,1.0338953100711687,1e-05,edge_flip,2,0.2,0.02,0.2,0.24497351050376892,0.0077215880155563354,0.16254070401191711
100,5.0,1.0338953100711687,1e-05,sbm_dpsgd,3,0.2,0.02,0.2,0.22474098205566406,0.023801568895578384,0.21768377721309662
100,5.0,1.0338953100711687,1e-05,gaussian,3,0.2,0.02,0.2,0.2170037031173706,0.026038600131869316,0.20209871232509613
100,5.0,1.0338953100711687,1e-05,edge_flip,3,0.2,0.02,0.2,0.17627950012683868,0.023710118606686592,0.2140612006187439
100,5.0,1.0338953100711687,1e-05,sbm_dpsgd,4,0.2,0.02,0.2,0.22542455792427063,0.020990794524550438,0.18350496888160706
100,5.0,1.0338953100711687,1e-05,gaussian,4,0.2,0.02,0.2,0.21828104555606842,0.021965933963656425,0.19546854496002197
100,5.0,1.0338953100711687,1e-05,edge_flip,4,0.2,0.02,0.2,0.2174959033727646,0.024551618844270706,0.1470845490694046
100,5.0,1.0338953100711687,1e-05,sbm_dpsgd,5,0.2,0.02,0.2,0.21646857261657715,0.020248834043741226,0.22925327718257904
100,5.0,1.0338953100711687,1e-05,gaussian,5,0.2,0.02,0.2,0.21571364998817444,0.023332690820097923,0.20104892551898956
100,5.0,1.0338953100711687,1e-05,edge_flip,5,0.2,0.02,0.2,0.19860506057739258,0.03296663612127304,0.16769275069236755
100,5.0,1.0338953100711687,1e-05,sbm_dpsgd,6,0.2,0.02,0.2,0.19296567142009735,0.016043832525610924,0.20564201474189758
100,5.0,1.0338953100711687,1e-05,gaussian,6,0.2,0.02,0.2,0.2027222216129303,0.030481107532978058,0.18448872864246368
100,5.0,1.0338953100711687,1e-05,edge_flip,6,0.2,0.02,0.2,0.20203974843025208,0.0009895757539197803,0.15910600125789642
100,5.0,1.0338953100711687,1e-05,sbm_dpsgd,7,0.2,0.02,0.2,0.17671337723731995,0.017969980835914612,0.2191510945558548
100,5.0,1.0338953100711687,1e-05,gaussian,7,0.2,0.02,0.2,0.16856321692466736,0.017388585954904556,0.22388125956058502
100,5.0,1.0338953100711687,1e-05,edge_flip,7,0.2,0.02,0.2,0.15910600125789642,0.038857147097587585,0.20032240450382233
100,5.0,1.0338953100711687,1e-05,sbm_dpsgd,8,0.2,0.02,0.2,0.18870694935321808,0.015051795169711113,0.21452318131923676
100,5.0,1.0338953100711687,1e-05,gaussian,8,0.2,0.02,0.2,0.20329774916172028,0.0032739313319325447,0.18855737149715424
100,5.0,1.0338953100711687,1e-05,edge_flip,8,0.2,0.02,0.2,0.19860506057739258,0.040540147572755814,0.22264795005321503
100,5.0,1.0338953100711687,1e-05,sbm_dpsgd,9,0.2,0.02,0.2,0.19760148227214813,0.012690423056483269,0.22767740488052368
100,5.0,1.0338953100711687,1e-05,gaussian,9,0.2,0.02,0.2,0.2095707207918167,0.013966169208288193,0.21969178318977356
100,5.0,1.0338953100711687,1e-05,edge_flip,9,0.2,0.02,0.2,0.20890915393829346,0.005197083577513695,0.25356024503707886
100,5.0,1.0338953100711687,1e-05,sbm_dpsgd,10,0.2,0.02,0.2,0.22169525921344757,0.018227901309728622,0.24749787151813507
100,5.0,1.0338953100711687,1e-05,gaussian,10,0.2,0.02,0.2,0.20430339872837067,0.018811730667948723,0.21074341237545013
100,5.0,1.0338953100711687,1e-05,edge_flip,10,0.2,0.02,0.2,0.2295173555612564,0.05400417372584343,0.17627950012683868
100,5.0,1.0338953100711687,1e-05,sbm_dpsgd,11,0.2,0.02,0.2,0.19747307896614075,0.013853896409273148,0.20493187010288239
100,5.0,1.0338953100711687,1e-05,gaussian,11,0.2,0.02,0.2,0.1778547167778015,0.01108167227357626,0.19021253287792206
100,5.0,1.0338953100711687,1e-05,edge_flip,11,0.2,0.02,0.2,0.18314890563488007,0.01866110786795616,0.15738865733146667
100,5.0,1.0338953100711687,1e-05,sbm_dpsgd,12,0.2,0.02,0.2,0.2018764615058899,0.016498802229762077,0.18530552089214325
100,5.0,1.0338953100711687,1e-05,gaussian,12,0.2,0.02,0.2,0.19180791079998016,0.026972102001309395,0.14849182963371277
100,5.0,1.0338953100711687,1e-05,edge_flip,12,0.2,0.02,0.2,0.17971420288085938,0.04138164967298508,0.16769275069236755
100,5.0,1.0338953100711687,1e-05,sbm_dpsgd,13,0.2,0.02,0.2,0.18079020082950592,0.016881292685866356,0.2119135707616806
100,5.0,1.0338953100711687,1e-05,gaussian,13,0.2,0.02,0.2,0.19235838949680328,0.02722199447453022,0.20996622741222382
100,5.0,1.0338953100711687,1e-05,edge_flip,13,0.2,0.02,0.2,0.19688770174980164,0.021185612305998802,0.19688770174980164
100,5.0,1.0338953100711687,1e-05,sbm_dpsgd,14,0.2,0.02,0.2,0.22142702341079712,0.018159152939915657,0.21515095233917236
100,5.0,1.0338953100711687,1e-05,gaussian,14,0.2,0.02,0.2,0.21430350840091705,0.01217079907655716,0.23494550585746765
100,5.0,1.0338953100711687,1e-05,edge_flip,14,0.2,0.02,0.2,0.21577855944633484,0.0077215880155563354,0.23982146382331848
100,5.0,1.0338953100711687,1e-05,sbm_dpsgd,15,0.2,0.02,0.2,0.19286230206489563,0.020067332312464714,0.20761945843696594
100,5.0,1.0338953100711687,1e-05,gaussian,15,0.2,0.02,0.2,0.1680687963962555,0.020772766321897507,0.16490007936954498
100,5.0,1.0338953100711687,1e-05,edge_flip,15,0.2,0.02,0.2,0.15223659574985504,0.021185612305998802,0.18486624956130981
100,5.0,1.0338953100711687,1e-05,sbm_dpsgd,16,0.2,0.02,0.2,0.19441090524196625,0.017174046486616135,0.2329055219888687
100,5.0,1.0338953100711687,1e-05,gaussian,16,0.2,0.02,0.2,0.2043197602033615,0.027192112058401108,0.1907293200492859
100,5.0,1.0338953100711687,1e-05,edge_flip,16,0.2,0.02,0.2,0.23123469948768616,0.03044212982058525,0.23982146382331848
100,5.0,1.0338953100711687,1e-05,sbm_dpsgd,17,0.2,0.02,0.2,0.24288582801818848,0.018317537382245064,0.2323019802570343
100,5.0,1.0338953100711687,1e-05,gaussian,17,0.2,0.02,0.2,0.22335948050022125,0.01673060655593872,0.22848127782344818
100,5.0,1.0338953100711687,1e-05,edge_flip,17,0.2,0.02,0.2,0.20032240450382233,0.03296663612127304,0.24669085443019867
100,5.0,1.0338953100711687,1e-05,sbm_dpsgd,18,0.2,0.02,0.2,0.2069145143032074,0.015123299323022366,0.20359627902507782
100,5.0,1.0338953100711687,1e-05,gaussian,18,0.2,0.02,0.2,0.1979466676712036,0.013758608140051365,0.19686701893806458
100,5.0,1.0338953100711687,1e-05,edge_flip,18,0.2,0.02,0.2,0.17799685895442963,0.04390615597367287,0.172844797372818
100,5.0,1.0338953100711687,1e-05,sbm_dpsgd,19,0.2,0.02,0.2,0.2273654043674469,0.016750279814004898,0.23282626271247864
100,5.0,1.0338953100711687,1e-05,gaussian,19,0.2,0.02,0.2,0.21031777560710907,0.007484187372028828,0.2229321300983429
100,5.0,1.0338953100711687,1e-05,edge_flip,19,0.2,0.02,0.2,0.2363867610692978,0.027076123282313347,0.17799685895442963
100,10.0,0.5431122541136532,1e-05,sbm_dpsgd,0,0.2,0.02,0.2,0.2010825127363205,0.015242543071508408,0.20915721356868744
100,10.0,0.5431122541136532,1e-05,gaussian,0,0.2,0.02,0.2,0.23169586062431335,0.01679288223385811,0.24706050753593445
100,10.0,0.5431122541136532,1e-05,edge_flip,0,0.2,0.02,0.2,0.15969997644424438,0.014094687066972256,0.2982836961746216
100,10.0,0.5431122541136532,1e-05,sbm_dpsgd,1,0.2,0.02,0.2,0.2599388062953949,0.019981512799859047,0.20377974212169647
100,10.0,0.5431122541136532,1e-05,gaussian,1,0.2,0.02,0.2,0.1888658106327057,0.009712833911180496,0.17678789794445038
100,10.0,0.5431122541136532,1e-05,edge_flip,1,0.2,0.02,0.2,0.2397705763578415,0.0,0.1843370795249939
100,10.0,0.5431122541136532,1e-05,sbm_dpsgd,2,0.2,0.02,0.2,0.19481858611106873,0.01138622872531414,0.24497804045677185
100,10.0,0.5431122541136532,1e-05,gaussian,2,0.2,0.02,0.2,0.19380801916122437,0.042506951838731766,0.19444741308689117
100,10.0,0.5431122541136532,1e-05,edge_flip,2,0.2,0.02,0.2,0.16893889009952545,0.05031123012304306,0.2089741975069046
100,10.0,0.5431122541136532,1e-05,sbm_dpsgd,3,0.2,0.02,0.2,0.20359434187412262,0.021513579413294792,0.21857614815235138
100,10.0,0.5431122541136532,1e-05,gaussian,3,0.2,0.02,0.2,0.20480839908123016,0.015826087445020676,0.18862088024616241
100,10.0,0.5431122541136532,1e-05,edge_flip,3,0.2,0.02,0.2,0.2952040731906891,0.0,0.12274432182312012
100,10.0,0.5431122541136532,1e-05,sbm_dpsgd,4,0.2,0.02,0.2,0.23438496887683868,0.01879291422665119,0.20787134766578674
100,10.0,0.5431122541136532,1e-05,gaussian,4,0.2,0.02,0.2,0.2031509429216385,0.030978886410593987,0.2208395153284073
100,10.0,0.5431122541136532,1e-05,edge_flip,4,0.2,0.02,0.2,0.2089741975069046,0.0,0.19665563106536865
100,10.0,0.5431122541136532,1e-05,sbm_dpsgd,5,0.2,0.02,0.2,0.24158316850662231,0.0276221614331007,0.23500283062458038
100,10.0,0.5431122541136532,1e-05,gaussian,5,0.2,0.02,0.2,0.21267999708652496,0.022719210013747215,0.2518421411514282
100,10.0,0.5431122541136532,1e-05,edge_flip,5,0.2,0.02,0.2,0.22129274904727936,0.05332927778363228,0.21821311116218567
100,10.0,0.5431122541136532,1e-05,sbm_dpsgd,6,0.2,0.02,0.2,0.18995191156864166,0.019419919699430466,0.22097955644130707
100,10.0,0.5431122541136532,1e-05,gaussian,6,0.2,0.02,0.2,0.20609557628631592,0.026098735630512238,0.2322608232498169
100,10.0,0.5431122541136532,1e-05,edge_flip,6,0.2,0.02,0.2,0.14430178701877594,0.09407289326190948,0.2982836961746216
100,10.0,0.5431122541136532,1e-05,sbm_dpsgd,7,0.2,0.02,0.2,0.19456300139427185,0.012502497062087059,0.1782444566488266
100,10.0,0.5431122541136532,1e-05,gaussian,7,0.2,0.02,0.2,0.16772383451461792,0.02924305573105812,0.1941666603088379
100,10.0,0.5431122541136532,1e-05,edge_flip,7,0.2,0.02,0.2,0.19665563106536865,0.0,0.11350540816783905
100,10.0,0.5431122541136532,1e-05,sbm_dpsgd,8,0.2,0.02,0.2,0.19804184138774872,0.02169250138103962,0.20503421127796173
100,10.0,0.5431122541136532,1e-05,gaussian,8,0.2,0.02,0.2,0.2320513278245926,0.013960794545710087,0.21294480562210083
100,10.0,0.5431122541136532,1e-05,edge_flip,8,0.2,0.02,0.2,0.27364659309387207,0.035221002995967865,0.2397705763578415
100,10.0,0.5431122541136532,1e-05,sbm_dpsgd,9,0.2,0.02,0.2,0.21265366673469543,0.011692512780427933,0.2569290101528168
100,10.0,0.5431122541136532,1e-05,gaussian,9,0.2,0.02,0.2,0.24483998119831085,0.012447255663573742,0.2065153270959854
100,10.0,0.5431122541136532,1e-05,edge_flip,9,0.2,0.02,0.2,0.25208911299705505,0.006549573037773371,0.2859651446342468
100,10.0,0.5431122541136532,1e-05,sbm_dpsgd,10,0.2,0.02,0.2,0.23513947427272797,0.015755226835608482,0.2508481442928314
100,10.0,0.5431122541136532,1e-05,gaussian,10,0.2,0.02,0.2,0.17136003077030182,0.014688542112708092,0.20047736167907715
100,10.0,0.5431122541136532,1e-05,edge_flip,10,0.2,0.02,0.2,0.22129274904727936,0.014094687066972256,0.16585925221443176
100,10.0,0.5431122541136532,1e-05,sbm_dpsgd,11,0.2,0.02,0.2,0.1991984099149704,0.019828615710139275,0.17041009664535522
100,10.0,0.5431122541136532,1e-05,gaussian,11,0.2,0.02,0.2,0.1430760622024536,0.02398044802248478,0.18943192064762115
100,10.0,0.5431122541136532,1e-05,edge_flip,11,0.2,0.02,0.2,0.14738142490386963,0.003531527705490589,0.14122214913368225
100,10.0,0.5431122541136532,1e-05,sbm_dpsgd,12,0.2,0.02,0.2,0.21759018301963806,0.018801584839820862,0.24771107733249664
100,10.0,0.5431122541136532,1e-05,gaussian,12,0.2,0.02,0.2,0.22003522515296936,0.012193427421152592,0.2175893485546112
100,10.0,0.5431122541136532,1e-05,edge_flip,12,0.2,0.02,0.2,0.10734613239765167,0.02163979969918728,0.24900949001312256
100,10.0,0.5431122541136532,1e-05,sbm_dpsgd,13,0.2,0.02,0.2,0.23063762485980988,0.02196674607694149,0.23594708740711212
100,10.0,0.5431122541136532,1e-05,gaussian,13,0.2,0.02,0.2,0.17018361389636993,0.0,0.20009368658065796
100,10.0,0.5431122541136532,1e-05,edge_flip,13,0.2,0.02,0.2,0.25208911299705505,0.0,0.22129274904727936
100,10.0,0.5431122541136532,1e-05,sbm_dpsgd,14,0.2,0.02,0.2,0.19626694917678833,0.01629059761762619,0.23393449187278748
100,10.0,0.5431122541136532,1e-05,gaussian,14,0.2,0.02,0.2,0.1883774995803833,0.020249947905540466,0.20035916566848755
100,10.0,0.5431122541136532,1e-05,edge_flip,14,0.2,0.02,0.2,0.19357599318027496,0.0,0.12274432182312012
100,10.0,0.5431122541136532,1e-05,sbm_dpsgd,15,0.2,0.02,0.2,0.24058565497398376,0.014365875162184238,0.19888851046562195
100,10.0,0.5431122541136532,1e-05,gaussian,15,0.2,0.02,0.2,0.1871386468410492,0.01863948255777359,0.17537841200828552
100,10.0,0.5431122541136532,1e-05,edge_flip,15,0.2,0.02,0.2,0.14738142490386963,0.033711981028318405,0.22745202481746674
100,10.0,0.5431122541136532,1e-05,sbm_dpsgd,16,0.2,0.02,0.2,0.23697178065776825,0.010609403252601624,0.22383786737918854
100,10.0,0.5431122541136532,1e-05,gaussian,16,0.2,0.02,0.2,0.2201167345046997,0.024651944637298584,0.2111840546131134
100,10.0,0.5431122541136532,1e-05,edge_flip,16,0.2,0.02,0.2,0.17201852798461914,0.02013077773153782,0.17817780375480652
100,10.0,0.5431122541136532,1e-05,sbm_dpsgd,17,0.2,0.02,0.2,0.21397638320922852,0.020416010171175003,0.22814907133579254
100,10.0,0.5431122541136532,1e-05,gaussian,17,0.2,0.02,0.2,0.18804718554019928,0.01798073947429657,0.18309389054775238
100,10.0,0.5431122541136532,1e-05,edge_flip,17,0.2,0.02,0.2,0.21513347327709198,0.0,0.20281492173671722
100,10.0,0.5431122541136532,1e-05,sbm_dpsgd,18,0.2,0.02,0.2,0.18490445613861084,0.015297338366508484,0.25725287199020386
100,10.0,0.5431122541136532,1e-05,gaussian,18,0.2,0.02,0.2,0.19238457083702087,0.02251238003373146,0.19191865622997284
100,10.0,0.5431122541136532,1e-05,edge_flip,18,0.2,0.02,0.2,0.19357599318027496,0.033711981028318405,0.11966468393802643
100,10.0,0.5431122541136532,1e-05,sbm_dpsgd,19,0.2,0.02,0.2,0.222503662109375,0.019452130421996117,0.2215164601802826
100,10.0,0.5431122541136532,1e-05,gaussian,19,0.2,0.02,0.2,0.179357647895813,0.01181560754776001,0.20726227760314941
100,10.0,0.5431122541136532,1e-05,edge_flip,19,0.2,0.02,0.2,0.18741671741008759,0.0,0.15046106278896332
100,20.0,0.40561225411365304,1e-05,sbm_dpsgd,0,0.2,0.02,0.2,0.26454290747642517,0.021483339369297028,0.26496705412864685
100,20.0,0.40561225411365304,1e-05,gaussian,0,0.2,0.02,0.2,0.21937772631645203,0.03928874805569649,0.2217496931552887
100,20.0,0.40561225411365304,1e-05,edge_flip,0,0.2,0.02,0.2,0.31843146681785583,0.014171567745506763,0.19602571427822113
100,20.0,0.40561225411365304,1e-05,sbm_dpsgd,1,0.2,0.02,0.2,0.2505126893520355,0.01437962707132101,0.2958635985851288
100,20.0,0.40561225411365304,1e-05,gaussian,1,0.2,0.02,0.2,0.20266784727573395,0.030867744237184525,0.1846999228000641
100,20.0,0.40561225411365304,1e-05,edge_flip,1,0.2,0.02,0.2,0.1511436104774475,0.036163803189992905,0.23682762682437897
100,20.0,0.40561225411365304,1e-05,sbm_dpsgd,2,0.2,0.02,0.2,0.3025684356689453,0.011332494206726551,0.2993989586830139
100,20.0,0.40561225411365304,1e-05,gaussian,2,0.2,0.02,0.2,0.2290090173482895,0.012160410173237324,0.1785687953233719
100,20.0,0.40561225411365304,1e-05,edge_flip,2,0.2,0.02,0.2,0.26946917176246643,0.002175804227590561,0.09810110926628113
100,20.0,0.40561225411365304,1e-05,sbm_dpsgd,3,0.2,0.02,0.2,0.20660844445228577,0.011395995505154133,0.2604120075702667
100,20.0,0.40561225411365304,1e-05,gaussian,3,0.2,0.02,0.2,0.18255797028541565,0.03408285975456238,0.19551150500774384
100,20.0,0.40561225411365304,1e-05,edge_flip,3,0.2,0.02,0.2,0.17154456675052643,0.02416803687810898,0.12258226424455643
100,20.0,0.40561225411365304,1e-05,sbm_dpsgd,4,0.2,0.02,0.2,0.2943490445613861,0.04381153732538223,0.22003920376300812
100,20.0,0.40561225411365304,1e-05,gaussian,4,0.2,0.02,0.2,0.18434187769889832,0.025847777724266052,0.273872047662735
100,20.0,0.40561225411365304,1e-05,edge_flip,4,0.2,0.02,0.2,0.31843146681785583,0.014171567745506763,0.19194552302360535
100,20.0,0.40561225411365304,1e-05,sbm_dpsgd,5,0.2,0.02,0.2,0.2065943032503128,0.02190571464598179,0.2698846161365509
100,20.0,0.40561225411365304,1e-05,gaussian,5,0.2,0.02,0.2,0.17412157356739044,0.025985978543758392,0.19413608312606812
100,20.0,0.40561225411365304,1e-05,edge_flip,5,0.2,0.02,0.2,0.18786533176898956,0.0,0.06545957922935486
100,20.0,0.40561225411365304,1e-05,sbm_dpsgd,6,0.2,0.02,0.2,0.2900056838989258,0.007642524316906929,0.172960564494133
100,20.0,0.40561225411365304,1e-05,gaussian,6,0.2,0.02,0.2,0.19348716735839844,0.033899035304784775,0.15599532425403595
100,20.0,0.40561225411365304,1e-05,edge_flip,6,0.2,0.02,0.2,0.26130878925323486,0.05215815454721451,0.22458705306053162
100,20.0,0.40561225411365304,1e-05,sbm_dpsgd,7,0.2,0.02,0.2,0.19325220584869385,0.011389287188649178,0.301581472158432
100,20.0,0.40561225411365304,1e-05,gaussian,7,0.2,0.02,0.2,0.11561855673789978,0.04019914194941521,0.19052641093730927
100,20.0,0.40561225411365304,1e-05,edge_flip,7,0.2,0.02,0.2,0.29395031929016113,0.02416803687810898,0.10626149922609329
100,20.0,0.40561225411365304,1e-05,sbm_dpsgd,8,0.2,0.02,0.2,0.2574819028377533,0.01767914555966854,0.21991269290447235
100,20.0,0.40561225411365304,1e-05,gaussian,8,0.2,0.02,0.2,0.16225621104240417,0.003608611412346363,0.19332852959632874
100,20.0,0.40561225411365304,1e-05,edge_flip,8,0.2,0.02,0.2,0.179704949259758,0.036163803189992905,0.06953977048397064
100,20.0,0.40561225411365304,1e-05,sbm_dpsgd,9,0.2,0.02,0.2,0.27505722641944885,0.01126777846366167,0.24614068865776062
100,20.0,0.40561225411365304,1e-05,gaussian,9,0.2,0.02,0.2,0.20238618552684784,0.04351674020290375,0.2143571674823761
100,20.0,0.40561225411365304,1e-05,edge_flip,9,0.2,0.02,0.2,0.3225116729736328,0.028166625648736954,0.1266624480485916
100,20.0,0.40561225411365304,1e-05,sbm_dpsgd,10,0.2,0.02,0.2,0.2479214370250702,0.009078873321413994,0.21075570583343506
100,20.0,0.40561225411365304,1e-05,gaussian,10,0.2,0.02,0.2,0.1502009779214859,0.03181745111942291,0.1982063502073288
100,20.0,0.40561225411365304,1e-05,edge_flip,10,0.2,0.02,0.2,0.1307426393032074,0.0,0.10626149922609329
100,20.0,0.40561225411365304,1e-05,sbm_dpsgd,11,0.2,0.02,0.2,0.2913212776184082,0.018803594633936882,0.23240025341510773
100,20.0,0.40561225411365304,1e-05,gaussian,11,0.2,0.02,0.2,0.19755329191684723,0.04169996455311775,0.22335326671600342
100,20.0,0.40561225411365304,1e-05,edge_flip,11,0.2,0.02,0.2,0.26538896560668945,0.0,0.2041860967874527
100,20.0,0.40561225411365304,1e-05,sbm_dpsgd,12,0.2,0.02,0.2,0.2164657562971115,0.016105184331536293,0.22961243987083435
100,20.0,0.40561225411365304,1e-05,gaussian,12,0.2,0.02,0.2,0.17538076639175415,0.001191666815429926,0.2109767645597458
100,20.0,0.40561225411365304,1e-05,edge_flip,12,0.2,0.02,0.2,0.22050686180591583,0.09614261984825134,0.22050686180591583
100,20.0,0.40561225411365304,1e-05,sbm_dpsgd,13,0.2,0.02,0.2,0.30600231885910034,0.023769013583660126,0.20250160992145538
100,20.0,0.40561225411365304,1e-05,gaussian,13,0.2,0.02,0.2,0.22815245389938354,0.026757529005408287,0.18126891553401947
100,20.0,0.40561225411365304,1e-05,edge_flip,13,0.2,0.02,0.2,0.1552238017320633,0.07614967972040176,0.1552238017320633
100,20.0,0.40561225411365304,1e-05,sbm_dpsgd,14,0.2,0.02,0.2,0.21487219631671906,0.02613740786910057,0.17606602609157562
100,20.0,0.40561225411365304,1e-05,gaussian,14,0.2,0.02,0.2,0.21914364397525787,0.017171520739793777,0.1839432269334793
100,20.0,0.40561225411365304,1e-05,edge_flip,14,0.2,0.02,0.2,0.26130878925323486,0.01217227429151535,0.20826628804206848
100,20.0,0.40561225411365304,1e-05,sbm_dpsgd,15,0.2,0.02,0.2,0.2161504328250885,0.032166942954063416,0.26886942982673645
100,20.0,0.40561225411365304,1e-05,gaussian,15,0.2,0.02,0.2,0.20530132949352264,0.015288474038243294,0.20196829736232758
100,20.0,0.40561225411365304,1e-05,edge_flip,15,0.2,0.02,0.2,0.17154456675052643,0.03216521441936493,0.21234647929668427
100,20.0,0.40561225411365304,1e-05,sbm_dpsgd,16,0.2,0.02,0.2,0.24944408237934113,0.020319310948252678,0.23082871735095978
100,20.0,0.40561225411365304,1e-05,gaussian,16,0.2,0.02,0.2,0.17961542308330536,0.0276697538793087,0.19130386412143707
100,20.0,0.40561225411365304,1e-05,edge_flip,16,0.2,0.02,0.2,0.1552238017320633,0.07215109467506409,0.19194552302360535
100,20.0,0.40561225411365304,1e-05,sbm_dpsgd,17,0.2,0.02,0.2,0.2727602422237396,0.018100343644618988,0.27089932560920715
100,20.0,0.40561225411365304,1e-05,gaussian,17,0.2,0.02,0.2,0.18411363661289215,0.0,0.22937896847724915
100,20.0,0.40561225411365304,1e-05,edge_flip,17,0.2,0.02,0.2,0.2531484067440033,0.0,0.26538896560668945
100,20.0,0.40561225411365304,1e-05,sbm_dpsgd,18,0.2,0.02,0.2,0.19557271897792816,0.05450652539730072,0.23968897759914398
100,20.0,0.40561225411365304,1e-05,gaussian,18,0.2,0.02,0.2,0.14370249211788177,0.031459882855415344,0.26189061999320984
100,20.0,0.40561225411365304,1e-05,edge_flip,18,0.2,0.02,0.2,0.28987011313438416,0.06615321338176727,0.08586053550243378
100,20.0,0.40561225411365304,1e-05,sbm_dpsgd,19,0.2,0.02,0.2,0.22766833007335663,0.027697959914803505,0.21088936924934387
100,20.0,0.40561225411365304,1e-05,gaussian,19,0.2,0.02,0.2,0.22880570590496063,0.031620096415281296,0.16895394027233124
100,20.0,0.40561225411365304,1e-05,edge_flip,19,0.2,0.02,0.2,0.19602571427822113,0.0,0.3265918493270874
200,1.0,5.635918426327381,1e-05,sbm_dpsgd,0,0.2,0.02,0.2,0.19329877197742462,0.01238426472991705,0.2186034470796585
200,1.0,5.635918426327381,1e-05,gaussian,0,0.2,0.02,0.2,0.1984008550643921,0.02178860642015934,0.21219860017299652
200,1.0,5.635918426327381,1e-05,edge_flip,0,0.2,0.02,0.2,0.1990727037191391,0.021800270304083824,0.21250149607658386
200,1.0,5.635918426327381,1e-05,sbm_dpsgd,1,0.2,0.02,0.2,0.20108772814273834,0.010964927263557911,0.21794383227825165
200,1.0,5.635918426327381,1e-05,gaussian,1,0.2,0.02,0.2,0.20039650797843933,0.01945521868765354,0.21205152571201324
200,1.0,5.635918426327381,1e-05,edge_flip,1,0.2,0.02,0.2,0.1994796246290207,0.020188812166452408,0.21250149607658386
200,1.0,5.635918426327381,1e-05,sbm_dpsgd,2,0.2,0.02,0.2,0.21348781883716583,0.013342740945518017,0.19655151665210724
200,1.0,5.635918426327381,1e-05,gaussian,2,0.2,0.02,0.2,0.21219536662101746,0.022520940750837326,0.2040819674730301
200,1.0,5.635918426327381,1e-05,edge_flip,2,0.2,0.02,0.2,0.2110772281885147,0.022605998441576958,0.20456629991531372
200,1.0,5.635918426327381,1e-05,sbm_dpsgd,3,0.2,0.02,0.2,0.19954463839530945,0.011111742816865444,0.20864607393741608
200,1.0,5.635918426327381,1e-05,gaussian,3,0.2,0.02,0.2,0.19427795708179474,0.019701141864061356,0.20307557284832
200,1.0,5.635918426327381,1e-05,edge_flip,3,0.2,0.02,0.2,0.19541029632091522,0.020490961149334908,0.20375242829322815
200,1.0,5.635918426327381,1e-05,sbm_dpsgd,4,0.2,0.02,0.2,0.20416609942913055,0.013843475840985775,0.19642283022403717
200,1.0,5.635918426327381,1e-05,gaussian,4,0.2,0.02,0.2,0.19779521226882935,0.020549627020955086,0.1919948160648346
200,1.0,5.635918426327381,1e-05,edge_flip,4,0.2,0.02,0.2,0.19805535674095154,0.020289529114961624,0.1903236210346222
200,1.0,5.635918426327381,1e-05,sbm_dpsgd,5,0.2,0.02,0.2,0.21391397714614868,0.011352559551596642,0.20335866510868073
200,1.0,5.635918426327381,1e-05,gaussian,5,0.2,0.02,0.2,0.2094871699810028,0.020616695284843445,0.20154674351215363
200,1.0,5.635918426327381,1e-05,edge_flip,5,0.2,0.02,0.2,0.20883910357952118,0.019584516063332558,0.20009003579616547
200,1.0,5.635918426327381,1e-05,sbm_dpsgd,6,0.2,0.02,0.2,0.20662274956703186,0.009662630967795849,0.2003192901611328
200,1.0,5.635918426327381,1e-05,gaussian,6,0.2,0.02,0.2,0.2065621018409729,0.016407042741775513,0.1901426613330841
200,1.0,5.635918426327381,1e-05,edge_flip,6,0.2,0.02,0.2,0.20578710734844208,0.01736876368522644,0.1901201605796814
200,1.0,5.635918426327381,1e-05,sbm_dpsgd,7,0.2,0.02,0.2,0.19917342066764832,0.012562507763504982,0.19702701270580292
200,1.0,5.635918426327381,1e-05,gaussian,7,0.2,0.02,0.2,0.20650552213191986,0.020264016464352608,0.1947973221540451
200,1.0,5.635918426327381,1e-05,edge_flip,7,0.2,0.02,0.2,0.20599056780338287,0.01978594809770584,0.19357909262180328
200,1.0,5.635918426327381,1e-05,sbm_dpsgd,8,0.2,0.02,0.2,0.20366021990776062,0.011039402335882187,0.20722395181655884
200,1.0,5.635918426327381,1e-05,gaussian,8,0.2,0.02,0.2,0.19968606531620026,0.019229883328080177,0.20420601963996887
200,1.0,5.635918426327381,1e-05,edge_flip,8,0.2,0.02,0.2,0.1992761641740799,0.019685233011841774,0.20436283946037292
200,1.0,5.635918426327381,1e-05,sbm_dpsgd,9,0.2,0.02,0.2,0.20896613597869873,0.011432844214141369,0.19467292726039886
200,1.0,5.635918426327381,1e-05,gaussian,9,0.2,0.02,0.2,0.20099946856498718,0.01924474537372589,0.19444794952869415
200,1.0,5.635918426327381,1e-05,edge_flip,9,0.2,0.02,0.2,0.19968309998512268,0.01887950487434864,0.19479990005493164
200,1.0,5.635918426327381,1e-05,sbm_dpsgd,10,0.2,0.02,0.2,0.20353806018829346,0.010754549875855446,0.19535745680332184
200,1.0,5.635918426327381,1e-05,gaussian,10,0.2,0.02,0.2,0.20456567406654358,0.019019121304154396,0.191058948636055
200,1.0,5.635918426327381,1e-05,edge_flip,10,0.2,0.02,0.2,0.2049732357263565,0.018476640805602074,0.19113749265670776
200,1.0,5.635918426327381,1e-05,sbm_dpsgd,11,0.2,0.02,0.2,0.202460378408432,0.012363026849925518,0.1930244266986847
200,1.0,5.635918426327381,1e-05,gaussian,11,0.2,0.02,0.2,0.20779402554035187,0.022999919950962067,0.19717510044574738
200,1.0,5.635918426327381,1e-05,edge_flip,11,0.2,0.02,0.2,0.20883910357952118,0.023915305733680725,0.19744496047496796
200,1.0,5.635918426327381,1e-05,sbm_dpsgd,12,0.2,0.02,0.2,0.20128241181373596,0.011473472230136395,0.19525931775569916
200,1.0,5.635918426327381,1e-05,gaussian,12,0.2,0.02,0.2,0.20593143999576569,0.018391799181699753,0.19736427068710327
200,1.0,5.635918426327381,1e-05,edge_flip,12,0.2,0.02,0.2,0.2051766961812973,0.018678072839975357,0.19785189628601074
200,1.0,5.635918426327381,1e-05,sbm_dpsgd,13,0.2,0.02,0.2,0.21993416547775269,0.011775324121117592,0.2048465758562088
200,1.0,5.635918426327381,1e-05,gaussian,13,0.2,0.02,0.2,0.21405968070030212,0.01980290189385414,0.197576642036438
200,1.0,5.635918426327381,1e-05,edge_flip,13,0.2,0.02,0.2,0.21372230350971222,0.019282368943095207,0.1964276283979416
200,1.0,5.635918426327381,1e-05,sbm_dpsgd,14,0.2,0.02,0.2,0.19939664006233215,0.011917319148778915,0.20591945946216583
200,1.0,5.635918426327381,1e-05,gaussian,14,0.2,0.02,0.2,0.19658127427101135,0.018442127853631973,0.2000666856765747
200,1.0,5.635918426327381,1e-05,edge_flip,14,0.2,0.02,0.2,0.19724150002002716,0.018778787925839424,0.20009003579616547
200,1.0,5.635918426327381,1e-05,sbm_dpsgd,15,0.2,0.02,0.2,0.21238906681537628,0.011413794942200184,0.20956847071647644
200,1.0,5.635918426327381,1e-05,gaussian,15,0.2,0.02,0.2,0.20560188591480255,0.01914558745920658,0.2027655839920044
200,1.0,5.635918426327381,1e-05,edge_flip,15,0.2,0.02,0.2,0.2055836319923401,0.018476640805602074,0.20273509621620178
200,1.0,5.635918426327381,1e-05,sbm_dpsgd,16,0.2,0.02,0.2,0.21266578137874603,0.011131768114864826,0.20367814600467682
200,1.0,5.635918426327381,1e-05,gaussian,16,0.2,0.02,0.2,0.20445354282855988,0.018824299797415733,0.19632145762443542
200,1.0,5.635918426327381,1e-05,edge_flip,16,0.2,0.02,0.2,0.2049732357263565,0.01857735589146614,0.19764843583106995
200,1.0,5.635918426327381,1e-05,sbm_dpsgd,17,0.2,0.02,0.2,0.20730392634868622,0.011122286319732666,0.1992543637752533
200,1.0,5.635918426327381,1e-05,gaussian,17,0.2,0.02,0.2,0.20467792451381683,0.02107890136539936,0.19429345428943634
200,1.0,5.635918426327381,1e-05,edge_flip,17,0.2,0.02,0.2,0.20354896783828735,0.021699553355574608,0.19439296424388885
200,1.0,5.635918426327381,1e-05,sbm_dpsgd,18,0.2,0.02,0.2,0.20594745874404907,0.012268397025763988,0.21039746701717377
200,1.0,5.635918426327381,1e-05,gaussian,18,0.2,0.02,0.2,0.2058960646390915,0.02298789843916893,0.20372217893600464
200,1.0,5.635918426327381,1e-05,edge_flip,18,0.2,0.02,0.2,0.20599056780338287,0.023915305733680725,0.202531635761261
200,1.0,5.635918426327381,1e-05,sbm_dpsgd,19,0.2,0.02,0.2,0.197923481464386,0.011722852475941181,0.20928120613098145
200,1.0,5.635918426327381,1e-05,gaussian,19,0.2,0.02,0.2,0.19296450912952423,0.018778011202812195,0.20201045274734497
200,1.0,5.635918426327381,1e-05,edge_flip,19,0.2,0.02,0.2,0.1927652359008789,0.019080936908721924,0.20131082832813263
200,2.0,2.668102829441137,1e-05,sbm_dpsgd,0,0.2,0.02,0.2,0.21290677785873413,0.01246451772749424,0.20072375237941742
200,2.0,2.668102829441137,1e-05,gaussian,0,0.2,0.02,0.2,0.20545706152915955,0.019642408937215805,0.19753721356391907
200,2.0,2.668102829441137,1e-05,edge_flip,0,0.2,0.02,0.2,0.20703408122062683,0.02036001719534397,0.20053404569625854
200,2.0,2.668102829441137,1e-05,sbm_dpsgd,1,0.2,0.02,0.2,0.19877903163433075,0.011828474700450897,0.20118992030620575
200,2.0,2.668102829441137,1e-05,gaussian,1,0.2,0.02,0.2,0.19852982461452484,0.019336771219968796,0.2026297152042389
200,2.0,2.668102829441137,1e-05,edge_flip,1,0.2,0.02,0.2,0.19867689907550812,0.02036001719534397,0.2007661908864975
200,2.0,2.668102829441137,1e-05,sbm_dpsgd,2,0.2,0.02,0.2,0.19610251486301422,0.011376493610441685,0.19876137375831604
200,2.0,2.668102829441137,1e-05,gaussian,2,0.2,0.02,0.2,0.19477137923240662,0.020210707560181618,0.20079292356967926
200,2.0,2.668102829441137,1e-05,edge_flip,2,0.2,0.02,0.2,0.19705189764499664,0.018636345863342285,0.2047126442193985
200,2.0,2.668102829441137,1e-05,sbm_dpsgd,3,0.2,0.02,0.2,0.1973579376935959,0.01314747054129839,0.19844596087932587
200,2.0,2.668102829441137,1e-05,gaussian,3,0.2,0.02,0.2,0.19092079997062683,0.020684070885181427,0.2023332566022873
200,2.0,2.668102829441137,1e-05,edge_flip,3,0.2,0.02,0.2,0.19403401017189026,0.019440725445747375,0.19867689907550812
200,2.0,2.668102829441137,1e-05,sbm_dpsgd,4,0.2,0.02,0.2,0.18563063442707062,0.011606019921600819,0.2041887640953064
200,2.0,2.668102829441137,1e-05,gaussian,4,0.2,0.02,0.2,0.18583406507968903,0.019152849912643433,0.19778858125209808
200,2.0,2.668102829441137,1e-05,edge_flip,4,0.2,0.02,0.2,0.18126608431339264,0.022083686664700508,0.20308764278888702
200,2.0,2.668102829441137,1e-05,sbm_dpsgd,5,0.2,0.02,0.2,0.2076965868473053,0.01138040516525507,0.20335981249809265
200,2.0,2.668102829441137,1e-05,gaussian,5,0.2,0.02,0.2,0.2081911712884903,0.020261656492948532,0.19602395594120026
200,2.0,2.668102829441137,1e-05,edge_flip,5,0.2,0.02,0.2,0.20703408122062683,0.019670549780130386,0.18962328135967255
200,2.0,2.668102829441137,1e-05,sbm_dpsgd,6,0.2,0.02,0.2,0.20772594213485718,0.011267286725342274,0.20058836042881012
200,2.0,2.668102829441137,1e-05,gaussian,6,0.2,0.02,0.2,0.20643174648284912,0.02012472413480282,0.19734381139278412
200,2.0,2.668102829441137,1e-05,edge_flip,6,0.2,0.02,0.2,0.20448049902915955,0.014614449813961983,0.19798046350479126
200,2.0,2.668102829441137,1e-05,sbm_dpsgd,7,0.2,0.02,0.2,0.20121832191944122,0.011581473052501678,0.20725013315677643
200,2.0,2.668102829441137,1e-05,gaussian,7,0.2,0.02,0.2,0.19489410519599915,0.02224096842110157,0.195635125041008
200,2.0,2.668102829441137,1e-05,edge_flip,7,0.2,0.02,0.2,0.19217686355113983,0.023232800886034966,0.1938018649816513
200,2.0,2.668102829441137,1e-05,sbm_dpsgd,8,0.2,0.02,0.2,0.20790430903434753,0.011627345345914364,0.2081766128540039
200,2.0,2.668102829441137,1e-05,gaussian,8,0.2,0.02,0.2,0.20273438096046448,0.020703481510281563,0.20275184512138367
200,2.0,2.668102829441137,1e-05,edge_flip,8,0.2,0.02,0.2,0.19751617312431335,0.016797764226794243,0.20308764278888702
200,2.0,2.668102829441137,1e-05,sbm_dpsgd,9,0.2,0.02,0.2,0.21193493902683258,0.011307884007692337,0.2128160446882248
200,2.0,2.668102829441137,1e-05,gaussian,9,0.2,0.02,0.2,0.2063348889350891,0.019696179777383804,0.20133087038993835
200,2.0,2.668102829441137,1e-05,edge_flip,9,0.2,0.02,0.2,0.19658760726451874,0.018176700919866562,0.19542688131332397
200,2.0,2.668102829441137,1e-05,sbm_dpsgd,10,0.2,0.02,0.2,0.2059268206357956,0.012863180600106716,0.2036885917186737
200,2.0,2.668102829441137,1e-05,gaussian,10,0.2,0.02,0.2,0.20394304394721985,0.021614613011479378,0.19742639362812042
200,2.0,2.668102829441137,1e-05,edge_flip,10,0.2,0.02,0.2,0.20680195093154907,0.02311788871884346,0.20146262645721436
200,2.0,2.668102829441137,1e-05,sbm_dpsgd,11,0.2,0.02,0.2,0.19882789254188538,0.012502925470471382,0.21912170946598053
200,2.0,2.668102829441137,1e-05,gaussian,11,0.2,0.02,0.2,0.20460931956768036,0.018654851242899895,0.21161548793315887
200,2.0,2.668102829441137,1e-05,edge_flip,11,0.2,0.02,0.2,0.2003019154071808,0.02116439677774906,0.21724842488765717
200,2.0,2.668102829441137,1e-05,sbm_dpsgd,12,0.2,0.02,0.2,0.20988881587982178,0.01138570997864008,0.2031313180923462
200,2.0,2.668102829441137,1e-05,gaussian,12,0.2,0.02,0.2,0.20563600957393646,0.021035924553871155,0.19650399684906006
200,2.0,2.668102829441137,1e-05,edge_flip,12,0.2,0.02,0.2,0.20633766055107117,0.019095992669463158,0.1868375539779663
200,2.0,2.668102829441137,1e-05,sbm_dpsgd,13,0.2,0.02,0.2,0.19576378166675568,0.01229910645633936,0.20156776905059814
200,2.0,2.668102829441137,1e-05,gaussian,13,0.2,0.02,0.2,0.18778543174266815,0.019857818260788918,0.20053304731845856
200,2.0,2.668102829441137,1e-05,edge_flip,13,0.2,0.02,0.2,0.1854446828365326,0.021279307082295418,0.20494478940963745
200,2.0,2.668102829441137,1e-05,sbm_dpsgd,14,0.2,0.02,0.2,0.213344544172287,0.012982943095266819,0.21726103127002716
200,2.0,2.668102829441137,1e-05,gaussian,14,0.2,0.02,0.2,0.2096746563911438,0.024698467925190926,0.21385490894317627
200,2.0,2.668102829441137,1e-05,edge_flip,14,0.2,0.02,0.2,0.21376626193523407,0.022658243775367737,0.21237340569496155
200,2.0,2.668102829441137,1e-05,sbm_dpsgd,15,0.2,0.02,0.2,0.19340887665748596,0.011490602046251297,0.1942557692527771
200,2.0,2.668102829441137,1e-05,gaussian,15,0.2,0.02,0.2,0.19108913838863373,0.017944440245628357,0.1910664290189743
200,2.0,2.668102829441137,1e-05,edge_flip,15,0.2,0.02,0.2,0.19008757174015045,0.017257411032915115,0.18846255540847778
200,2.0,2.668102829441137,1e-05,sbm_dpsgd,16,0.2,0.02,0.2,0.20755857229232788,0.01203983835875988,0.20766642689704895
200,2.0,2.668102829441137,1e-05,gaussian,16,0.2,0.02,0.2,0.2032984048128128,0.01999962143599987,0.1998404711484909
200,2.0,2.668102829441137,1e-05,edge_flip,16,0.2,0.02,0.2,0.20146262645721436,0.021853864192962646,0.19449830055236816
200,2.0,2.668102829441137,1e-05,sbm_dpsgd,17,0.2,0.02,0.2,0.20349358022212982,0.011793865822255611,0.21353958547115326
200,2.0,2.668102829441137,1e-05,gaussian,17,0.2,0.02,0.2,0.19930316507816315,0.019100451841950417,0.20260033011436462
200,2.0,2.668102829441137,1e-05,edge_flip,17,0.2,0.02,0.2,0.19983762502670288,0.02036001719534397,0.20680195093154907
200,2.0,2.668102829441137,1e-05,sbm_dpsgd,18,0.2,0.02,0.2,0.21024513244628906,0.013036795891821384,0.20199957489967346
200,2.0,2.668102829441137,1e-05,gaussian,18,0.2,0.02,0.2,0.20826049149036407,0.020557474344968796,0.1890893578529358
200,2.0,2.668102829441137,1e-05,edge_flip,18,0.2,0.02,0.2,0.20889124274253845,0.023807357996702194,0.18846255540847778
200,2.0,2.668102829441137,1e-05,sbm_dpsgd,19,0.2,0.02,0.2,0.20479296147823334,0.011964064091444016,0.1911470592021942
200,2.0,2.668102829441137,1e-05,gaussian,19,0.2,0.02,0.2,0.19698019325733185,0.018741430714726448,0.1944974809885025
200,2.0,2.668102829441137,1e-05,edge_flip,19,0.2,0.02,0.2,0.20146262645721436,0.016797764226794243,0.18846255540847778
200,5.0,1.0338953100711687,1e-05,sbm_dpsgd,0,0.2,0.02,0.2,0.20054204761981964,0.01116915699094534,0.2161586731672287
200,5.0,1.0338953100711687,1e-05,gaussian,0,0.2,0.02,0.2,0.1985514760017395,0.01838085427880287,0.208296000957489
200,5.0,1.0338953100711687,1e-05,edge_flip,0,0.2,0.02,0.2,0.19314943253993988,0.022027114406228065,0.24414952099323273
200,5.0,1.0338953100711687,1e-05,sbm_dpsgd,1,0.2,0.02,0.2,0.2114434689283371,0.011684904806315899,0.21771705150604248
200,5.0,1.0338953100711687,1e-05,gaussian,1,0.2,0.02,0.2,0.20551608502864838,0.01789637841284275,0.20337210595607758
200,5.0,1.0338953100711687,1e-05,edge_flip,1,0.2,0.02,0.2,0.2058994621038437,0.013191347941756248,0.2233244925737381
200,5.0,1.0338953100711687,1e-05,sbm_dpsgd,2,0.2,0.02,0.2,0.20317111909389496,0.011057907715439796,0.2070995420217514
200,5.0,1.0338953100711687,1e-05,gaussian,2,0.2,0.02,0.2,0.20300206542015076,0.021335605531930923,0.20208194851875305
200,5.0,1.0338953100711687,1e-05,edge_flip,2,0.2,0.02,0.2,0.18974941968917847,0.0020414527971297503,0.22884950041770935
200,5.0,1.0338953100711687,1e-05,sbm_dpsgd,3,0.2,0.02,0.2,0.21022382378578186,0.012297889217734337,0.21776381134986877
200,5.0,1.0338953100711687,1e-05,gaussian,3,0.2,0.02,0.2,0.20350410044193268,0.01740620657801628,0.1929662823677063
200,5.0,1.0338953100711687,1e-05,edge_flip,3,0.2,0.02,0.2,0.2139744758605957,0.008983840234577656,0.1744493991136551
200,5.0,1.0338953100711687,1e-05,sbm_dpsgd,4,0.2,0.02,0.2,0.20156991481781006,0.01197131723165512,0.19553907215595245
200,5.0,1.0338953100711687,1e-05,gaussian,4,0.2,0.02,0.2,0.19940756261348724,0.0222802571952343,0.20130354166030884
200,5.0,1.0338953100711687,1e-05,edge_flip,4,0.2,0.02,0.2,0.22204948961734772,0.017188480123877525,0.18932442367076874
200,5.0,1.0338953100711687,1e-05,sbm_dpsgd,5,0.2,0.02,0.2,0.20459355413913727,0.011458938010036945,0.21057863533496857
200,5.0,1.0338953100711687,1e-05,gaussian,5,0.2,0.02,0.2,0.19335365295410156,0.021115778014063835,0.20536872744560242
200,5.0,1.0338953100711687,1e-05,edge_flip,5,0.2,0.02,0.2,0.2075994610786438,0.0077215880155563354,0.1901744306087494
200,5.0,1.0338953100711687,1e-05,sbm_dpsgd,6,0.2,0.02,0.2,0.19620396196842194,0.011549142189323902,0.19788497686386108
200,5.0,1.0338953100711687,1e-05,gaussian,6,0.2,0.02,0.2,0.1943609118461609,0.015522876754403114,0.19795654714107513
200,5.0,1.0338953100711687,1e-05,edge_flip,6,0.2,0.02,0.2,0.19782443344593048,0.03044212982058525,0.18294940888881683
200,5.0,1.0338953100711687,1e-05,sbm_dpsgd,7,0.2,0.02,0.2,0.21285447478294373,0.012447863817214966,0.19168493151664734
200,5.0,1.0338953100711687,1e-05,gaussian,7,0.2,0.02,0.2,0.20064282417297363,0.02208811417222023,0.19289374351501465
200,5.0,1.0338953100711687,1e-05,edge_flip,7,0.2,0.02,0.2,0.20632445812225342,0.034228887408971786,0.16807438433170319
200,5.0,1.0338953100711687,1e-05,sbm_dpsgd,8,0.2,0.02,0.2,0.20483878254890442,0.011348383501172066,0.21331867575645447
200,5.0,1.0338953100711687,1e-05,gaussian,8,0.2,0.02,0.2,0.2036449909210205,0.02078556828200817,0.20572952926158905
200,5.0,1.0338953100711687,1e-05,edge_flip,8,0.2,0.02,0.2,0.21142446994781494,0.006880086846649647,0.22544948756694794
200,5.0,1.0338953100711687,1e-05,sbm_dpsgd,9,0.2,0.02,0.2,0.22249434888362885,0.012437567114830017,0.21185098588466644
200,5.0,1.0338953100711687,1e-05,gaussian,9,0.2,0.02,0.2,0.2103988528251648,0.019628718495368958,0.20755355060100555
200,5.0,1.0338953100711687,1e-05,edge_flip,9,0.2,0.02,0.2,0.2203494757413864,0.008142339065670967,0.19569943845272064
200,5.0,1.0338953100711687,1e-05,sbm_dpsgd,10,0.2,0.02,0.2,0.20093278586864471,0.012725802138447762,0.20209625363349915
200,5.0,1.0338953100711687,1e-05,gaussian,10,0.2,0.02,0.2,0.1901496797800064,0.019870854914188385,0.20121927559375763
200,5.0,1.0338953100711687,1e-05,edge_flip,10,0.2,0.02,0.2,0.1982494443655014,0.03023175522685051,0.19909943640232086
200,5.0,1.0338953100711687,1e-05,sbm_dpsgd,11,0.2,0.02,0.2,0.2010726034641266,0.013554179109632969,0.19852200150489807
200,5.0,1.0338953100711687,1e-05,gaussian,11,0.2,0.02,0.2,0.1929415464401245,0.023401526734232903,0.18566671013832092
200,5.0,1.0338953100711687,1e-05,edge_flip,11,0.2,0.02,0.2,0.19059942662715912,0.03486001491546631,0.18804942071437836
200,5.0,1.0338953100711687,1e-05,sbm_dpsgd,12,0.2,0.02,0.2,0.2001052349805832,0.011961901560425758,0.21277020871639252
200,5.0,1.0338953100711687,1e-05,gaussian,12,0.2,0.02,0.2,0.19387929141521454,0.022395838052034378,0.20054128766059875
200,5.0,1.0338953100711687,1e-05,edge_flip,12,0.2,0.02,0.2,0.2092994600534439,0.019502609968185425,0.2058994621038437
200,5.0,1.0338953100711687,1e-05,sbm_dpsgd,13,0.2,0.02,0.2,0.210688054561615,0.011444094590842724,0.20799413323402405
200,5.0,1.0338953100711687,1e-05,gaussian,13,0.2,0.02,0.2,0.20329220592975616,0.021325696259737015,0.20855697989463806
200,5.0,1.0338953100711687,1e-05,edge_flip,13,0.2,0.02,0.2,0.20972445607185364,0.026655374094843864,0.20164944231510162
200,5.0,1.0338953100711687,1e-05,sbm_dpsgd,14,0.2,0.02,0.2,0.2102629840373993,0.010691332630813122,0.19992977380752563
200,5.0,1.0338953100711687,1e-05,gaussian,14,0.2,0.02,0.2,0.20215392112731934,0.020102117210626602,0.1934187114238739
200,5.0,1.0338953100711687,1e-05,edge_flip,14,0.2,0.02,0.2,0.2105744630098343,0.02055448666214943,0.21737447381019592
200,5.0,1.0338953100711687,1e-05,sbm_dpsgd,15,0.2,0.02,0.2,0.2078070044517517,0.012540802359580994,0.21314096450805664
200,5.0,1.0338953100711687,1e-05,gaussian,15,0.2,0.02,0.2,0.20397153496742249,0.02128995582461357,0.2022249549627304
200,5.0,1.0338953100711687,1e-05,edge_flip,15,0.2,0.02,0.2,0.22714950144290924,0.02055448666214943,0.20079945027828217
200,5.0,1.0338953100711687,1e-05,sbm_dpsgd,16,0.2,0.02,0.2,0.20855289697647095,0.012359543703496456,0.19598960876464844
200,5.0,1.0338953100711687,1e-05,gaussian,16,0.2,0.02,0.2,0.19840393960475922,0.01926788128912449,0.19421930611133575
200,5.0,1.0338953100711687,1e-05,edge_flip,16,0.2,0.02,0.2,0.18634942173957825,0.017398856580257416,0.20334945619106293
200,5.0,1.0338953100711687,1e-05,sbm_dpsgd,17,0.2,0.02,0.2,0.21221721172332764,0.011296462267637253,0.20330733060836792
200,5.0,1.0338953100711687,1e-05,gaussian,17,0.2,0.02,0.2,0.19744808971881866,0.02217947505414486,0.1993863582611084
200,5.0,1.0338953100711687,1e-05,edge_flip,17,0.2,0.02,0.2,0.19952444732189178,0.019923361018300056,0.18167440593242645
200,5.0,1.0338953100711687,1e-05,sbm_dpsgd,18,0.2,0.02,0.2,0.20857585966587067,0.01256497297435999,0.210668683052063
200,5.0,1.0338953100711687,1e-05,gaussian,18,0.2,0.02,0.2,0.20622140169143677,0.02244529500603676,0.20601177215576172
200,5.0,1.0338953100711687,1e-05,edge_flip,18,0.2,0.02,0.2,0.20504945516586304,0.011508345603942871,0.20377445220947266
200,5.0,1.0338953100711687,1e-05,sbm_dpsgd,19,0.2,0.02,0.2,0.22096368670463562,0.012157103978097439,0.20034466683864594
200,5.0,1.0338953100711687,1e-05,gaussian,19,0.2,0.02,0.2,0.2084646224975586,0.022023506462574005,0.2081069052219391
200,5.0,1.0338953100711687,1e-05,edge_flip,19,0.2,0.02,0.2,0.21652448177337646,0.0,0.18507441878318787
200,10.0,0.5431122541136532,1e-05,sbm_dpsgd,0,0.2,0.02,0.2,0.21469998359680176,0.012100237421691418,0.19535015523433685
200,10.0,0.5431122541136532,1e-05,gaussian,0,0.2,0.02,0.2,0.2026558369398117,0.020189691334962845,0.18249651789665222
200,10.0,0.5431122541136532,1e-05,edge_flip,0,0.2,0.02,0.2,0.21724876761436462,0.012585664168000221,0.1753314733505249
200,10.0,0.5431122541136532,1e-05,sbm_dpsgd,1,0.2,0.02,0.2,0.20022983849048615,0.011674448847770691,0.19684754312038422
200,10.0,0.5431122541136532,1e-05,gaussian,1,0.2,0.02,0.2,0.18317486345767975,0.01916908472776413,0.20317618548870087
200,10.0,0.5431122541136532,1e-05,edge_flip,1,0.2,0.02,0.2,0.17685574293136597,0.01899901032447815,0.15780243277549744
200,10.0,0.5431122541136532,1e-05,sbm_dpsgd,2,0.2,0.02,0.2,0.19556552171707153,0.014066585339605808,0.1973060518503189
200,10.0,0.5431122541136532,1e-05,gaussian,2,0.2,0.02,0.2,0.20670634508132935,0.02602868527173996,0.20524902641773224
200,10.0,0.5431122541136532,1e-05,edge_flip,2,0.2,0.02,0.2,0.1959090530872345,0.006172317545861006,0.2378263622522354
200,10.0,0.5431122541136532,1e-05,sbm_dpsgd,3,0.2,0.02,0.2,0.19929881393909454,0.01242529135197401,0.215305358171463
200,10.0,0.5431122541136532,1e-05,gaussian,3,0.2,0.02,0.2,0.19118767976760864,0.020415587350726128,0.2032945305109024
200,10.0,0.5431122541136532,1e-05,edge_flip,3,0.2,0.02,0.2,0.1913362592458725,0.01522645354270935,0.19971972703933716
200,10.0,0.5431122541136532,1e-05,sbm_dpsgd,4,0.2,0.02,0.2,0.20121408998966217,0.014443238265812397,0.19405962526798248
200,10.0,0.5431122541136532,1e-05,gaussian,4,0.2,0.02,0.2,0.18637646734714508,0.020032690837979317,0.2025347501039505
200,10.0,0.5431122541136532,1e-05,edge_flip,4,0.2,0.02,0.2,0.1936226636171341,0.01786724291741848,0.14941896498203278
200,10.0,0.5431122541136532,1e-05,sbm_dpsgd,5,0.2,0.02,0.2,0.20182329416275024,0.009977241978049278,0.2087230235338211
200,10.0,0.5431122541136532,1e-05,gaussian,5,0.2,0.02,0.2,0.18940401077270508,0.020251531153917313,0.20894478261470795
200,10.0,0.5431122541136532,1e-05,edge_flip,5,0.2,0.02,0.2,0.17838001251220703,0.027675891295075417,0.21801090240478516
200,10.0,0.5431122541136532,1e-05,sbm_dpsgd,6,0.2,0.02,0.2,0.21200716495513916,0.010161950252950191,0.21131467819213867
200,10.0,0.5431122541136532,1e-05,gaussian,6,0.2,0.02,0.2,0.20574331283569336,0.019501041620969772,0.20394589006900787
200,10.0,0.5431122541136532,1e-05,edge_flip,6,0.2,0.02,0.2,0.20124398171901703,0.035598259419202805,0.2584039270877838
200,10.0,0.5431122541136532,1e-05,sbm_dpsgd,7,0.2,0.02,0.2,0.20272362232208252,0.010014780797064304,0.19429892301559448
200,10.0,0.5431122541136532,1e-05,gaussian,7,0.2,0.02,0.2,0.18732452392578125,0.019359886646270752,0.19373375177383423
200,10.0,0.5431122541136532,1e-05,edge_flip,7,0.2,0.02,0.2,0.17152081429958344,0.0,0.21496237814426422
200,10.0,0.5431122541136532,1e-05,sbm_dpsgd,8,0.2,0.02,0.2,0.20373095571994781,0.01259202603250742,0.20413096249103546
200,10.0,0.5431122541136532,1e-05,gaussian,8,0.2,0.02,0.2,0.20213793218135834,0.02599227800965309,0.1951070874929428
200,10.0,0.5431122541136532,1e-05,edge_flip,8,0.2,0.02,0.2,0.1959090530872345,0.028430402278900146,0.18371494114398956
200,10.0,0.5431122541136532,1e-05,sbm_dpsgd,9,0.2,0.02,0.2,0.20381806790828705,0.01174047403037548,0.2091297060251236
200,10.0,0.5431122541136532,1e-05,gaussian,9,0.2,0.02,0.2,0.20067042112350464,0.020931560546159744,0.19407369196414948
200,10.0,0.5431122541136532,1e-05,edge_flip,9,0.2,0.02,0.2,0.1730450838804245,0.0,0.1730450838804245
200,10.0,0.5431122541136532,1e-05,sbm_dpsgd,10,0.2,0.02,0.2,0.20972616970539093,0.012506014667451382,0.19750669598579407
200,10.0,0.5431122541136532,1e-05,gaussian,10,0.2,0.02,0.2,0.20337188243865967,0.016462134197354317,0.19100835919380188
200,10.0,0.5431122541136532,1e-05,edge_flip,10,0.2,0.02,0.2,0.2119138389825821,0.030316680669784546,0.17609360814094543
200,10.0,0.5431122541136532,1e-05,sbm_dpsgd,11,0.2,0.02,0.2,0.20346218347549438,0.011121749877929688,0.1919550746679306
200,10.0,0.5431122541136532,1e-05,gaussian,11,0.2,0.02,0.2,0.21431852877140045,0.024712786078453064,0.18520012497901917
200,10.0,0.5431122541136532,1e-05,edge_flip,11,0.2,0.02,0.2,0.21801090240478516,0.03974807262420654,0.20657891035079956
200,10.0,0.5431122541136532,1e-05,sbm_dpsgd,12,0.2,0.02,0.2,0.2018273025751114,0.009142756462097168,0.22009603679180145
200,10.0,0.5431122541136532,1e-05,gaussian,12,0.2,0.02,0.2,0.19408971071243286,0.022158809006214142,0.20664823055267334
200,10.0,0.5431122541136532,1e-05,edge_flip,12,0.2,0.02,0.2,0.18600133061408997,0.027675891295075417,0.2553554177284241
200,10.0,0.5431122541136532,1e-05,sbm_dpsgd,13,0.2,0.02,0.2,0.21132047474384308,0.01138243917375803,0.2159062922000885
200,10.0,0.5431122541136532,1e-05,gaussian,13,0.2,0.02,0.2,0.21506449580192566,0.017707066610455513,0.21603702008724213
200,10.0,0.5431122541136532,1e-05,edge_flip,13,0.2,0.02,0.2,0.2004818618297577,0.026166869327425957,0.20429252088069916
200,10.0,0.5431122541136532,1e-05,sbm_dpsgd,14,0.2,0.02,0.2,0.2122957557439804,0.012293992564082146,0.22164104878902435
200,10.0,0.5431122541136532,1e-05,gaussian,14,0.2,0.02,0.2,0.19585692882537842,0.01391335017979145,0.20250874757766724
200,10.0,0.5431122541136532,1e-05,edge_flip,14,0.2,0.02,0.2,0.2584039270877838,0.0,0.1890498697757721
200,10.0,0.5431122541136532,1e-05,sbm_dpsgd,15,0.2,0.02,0.2,0.21220877766609192,0.009797930717468262,0.19434769451618195
200,10.0,0.5431122541136532,1e-05,gaussian,15,0.2,0.02,0.2,0.2049923837184906,0.018752964213490486,0.199649840593338
200,10.0,0.5431122541136532,1e-05,edge_flip,15,0.2,0.02,0.2,0.19743332266807556,0.013340175151824951,0.23401568830013275
200,10.0,0.5431122541136532,1e-05,sbm_dpsgd,16,0.2,0.02,0.2,0.20537090301513672,0.012247363105416298,0.2083038091659546
200,10.0,0.5431122541136532,1e-05,gaussian,16,0.2,0.02,0.2,0.18969202041625977,0.015284650959074497,0.20194147527217865
200,10.0,0.5431122541136532,1e-05,edge_flip,16,0.2,0.02,0.2,0.18981200456619263,0.032580215483903885,0.16923440992832184
200,10.0,0.5431122541136532,1e-05,sbm_dpsgd,17,0.2,0.02,0.2,0.2187388688325882,0.009187806397676468,0.19822463393211365
200,10.0,0.5431122541136532,1e-05,gaussian,17,0.2,0.02,0.2,0.21686828136444092,0.024085041135549545,0.1880481094121933
200,10.0,0.5431122541136532,1e-05,edge_flip,17,0.2,0.02,0.2,0.19286052882671356,0.025789612904191017,0.13951124250888824
200,10.0,0.5431122541136532,1e-05,sbm_dpsgd,18,0.2,0.02,0.2,0.2076185643672943,0.012642941437661648,0.21307261288166046
200,10.0,0.5431122541136532,1e-05,gaussian,18,0.2,0.02,0.2,0.19919177889823914,0.01914709061384201,0.1979426145553589
200,10.0,0.5431122541136532,1e-05,edge_flip,18,0.2,0.02,0.2,0.17456933856010437,0.04427514225244522,0.21648664772510529
200,10.0,0.5431122541136532,1e-05,sbm_dpsgd,19,0.2,0.02,0.2,0.20978479087352753,0.012430469505488873,0.20426391065120697
200,10.0,0.5431122541136532,1e-05,gaussian,19,0.2,0.02,0.2,0.20126885175704956,0.01977379247546196,0.21390405297279358
200,10.0,0.5431122541136532,1e-05,edge_flip,19,0.2,0.02,0.2,0.2004818618297577,0.023526078090071678,0.20581679046154022
200,20.0,0.40561225411365304,1e-05,sbm_dpsgd,0,0.2,0.02,0.2,0.20656703412532806,0.01688973419368267,0.20612139999866486
200,20.0,0.40561225411365304,1e-05,gaussian,0,0.2,0.02,0.2,0.19722512364387512,0.017222555354237556,0.1903911679983139
200,20.0,0.40561225411365304,1e-05,edge_flip,0,0.2,0.02,0.2,0.1859694868326187,0.042661506682634354,0.15466740727424622
200,20.0,0.40561225411365304,1e-05,sbm_dpsgd,1,0.2,0.02,0.2,0.21460554003715515,0.011159065179526806,0.20577484369277954
200,20.0,0.40561225411365304,1e-05,gaussian,1,0.2,0.02,0.2,0.2125348299741745,0.012526528909802437,0.19518133997917175
200,20.0,0.40561225411365304,1e-05,edge_flip,1,0.2,0.02,0.2,0.2364567071199417,0.023668214678764343,0.2324177324771881
200,20.0,0.40561225411365304,1e-05,sbm_dpsgd,2,0.2,0.02,0.2,0.19938896596431732,0.014100148342549801,0.20013435184955597
200,20.0,0.40561225411365304,1e-05,gaussian,2,0.2,0.02,0.2,0.20325469970703125,0.025950320065021515,0.19559550285339355
200,20.0,0.40561225411365304,1e-05,edge_flip,2,0.2,0.02,0.2,0.23443721234798431,0.0,0.1667843461036682
200,20.0,0.40561225411365304,1e-05,sbm_dpsgd,3,0.2,0.02,0.2,0.20324628055095673,0.013295638374984264,0.21008147299289703
200,20.0,0.40561225411365304,1e-05,gaussian,3,0.2,0.02,0.2,0.18772579729557037,0.022140806540846825,0.20657466351985931
200,20.0,0.40561225411365304,1e-05,edge_flip,3,0.2,0.02,0.2,0.16981357336044312,0.05015885829925537,0.22333002090454102
200,20.0,0.40561225411365304,1e-05,sbm_dpsgd,4,0.2,0.02,0.2,0.2082456648349762,0.010466532781720161,0.19480648636817932
200,20.0,0.40561225411365304,1e-05,gaussian,4,0.2,0.02,0.2,0.1982748806476593,0.02207210846245289,0.20459243655204773
200,20.0,0.40561225411365304,1e-05,edge_flip,4,0.2,0.02,0.2,0.197076678276062,0.04466079920530319,0.15365765988826752
200,20.0,0.40561225411365304,1e-05,sbm_dpsgd,5,0.2,0.02,0.2,0.2250574380159378,0.011358733288943768,0.2006370574235916
200,20.0,0.40561225411365304,1e-05,gaussian,5,0.2,0.02,0.2,0.21185538172721863,0.02246626652777195,0.19489675760269165
200,20.0,0.40561225411365304,1e-05,edge_flip,5,0.2,0.02,0.2,0.2102033495903015,0.04116203635931015,0.14961868524551392
200,20.0,0.40561225411365304,1e-05,sbm_dpsgd,6,0.2,0.02,0.2,0.2023555189371109,0.009726135060191154,0.19819384813308716
200,20.0,0.40561225411365304,1e-05,gaussian,6,0.2,0.02,0.2,0.20012925565242767,0.014454836025834084,0.18181632459163666
200,20.0,0.40561225411365304,1e-05,edge_flip,6,0.2,0.02,0.2,0.17789152264595032,0.01767033152282238,0.11528737097978592
200,20.0,0.40561225411365304,1e-05,sbm_dpsgd,7,0.2,0.02,0.2,0.21766959130764008,0.010437815450131893,0.2285751849412918
200,20.0,0.40561225411365304,1e-05,gaussian,7,0.2,0.02,0.2,0.2183283269405365,0.030327321961522102,0.20523129403591156
200,20.0,0.40561225411365304,1e-05,edge_flip,7,0.2,0.02,0.2,0.2071741223335266,0.01567103900015354,0.16880382597446442
200,20.0,0.40561225411365304,1e-05,sbm_dpsgd,8,0.2,0.02,0.2,0.21778066456317902,0.009970545768737793,0.2024652063846588
200,20.0,0.40561225411365304,1e-05,gaussian,8,0.2,0.02,0.2,0.20809827744960785,0.023116247728466988,0.19272921979427338
200,20.0,0.40561225411365304,1e-05,edge_flip,8,0.2,0.02,0.2,0.2818951904773712,0.05265797674655914,0.15365765988826752
200,20.0,0.40561225411365304,1e-05,sbm_dpsgd,9,0.2,0.02,0.2,0.22181455790996552,0.014011145569384098,0.2103842794895172
200,20.0,0.40561225411365304,1e-05,gaussian,9,0.2,0.02,0.2,0.20690132677555084,0.017292708158493042,0.2152097374200821
200,20.0,0.40561225411365304,1e-05,edge_flip,9,0.2,0.02,0.2,0.17789152264595032,0.031665388494729996,0.13750174641609192
200,20.0,0.40561225411365304,1e-05,sbm_dpsgd,10,0.2,0.02,0.2,0.23921073973178864,0.008750560693442822,0.21735407412052155
200,20.0,0.40561225411365304,1e-05,gaussian,10,0.2,0.02,0.2,0.20165207982063293,0.02194344438612461,0.2034796178340912
200,20.0,0.40561225411365304,1e-05,edge_flip,10,0.2,0.02,0.2,0.17789152264595032,0.003675274783745408,0.1415407359600067
200,20.0,0.40561225411365304,1e-05,sbm_dpsgd,11,0.2,0.02,0.2,0.1931917518377304,0.01028579380363226,0.1930246204137802
200,20.0,0.40561225411365304,1e-05,gaussian,11,0.2,0.02,0.2,0.20851369202136993,0.015293657779693604,0.2039036601781845
200,20.0,0.40561225411365304,1e-05,edge_flip,11,0.2,0.02,0.2,0.16375510394573212,0.016170861199498177,0.21828129887580872
200,20.0,0.40561225411365304,1e-05,sbm_dpsgd,12,0.2,0.02,0.2,0.21554358303546906,0.010604526847600937,0.20552290976047516
200,20.0,0.40561225411365304,1e-05,gaussian,12,0.2,0.02,0.2,0.21217070519924164,0.013852211646735668,0.19969552755355835
200,20.0,0.40561225411365304,1e-05,edge_flip,12,0.2,0.02,0.2,0.12942379713058472,0.0,0.17284280061721802
200,20.0,0.40561225411365304,1e-05,sbm_dpsgd,13,0.2,0.02,0.2,0.20815183222293854,0.011725115589797497,0.1915925145149231
200,20.0,0.40561225411365304,1e-05,gaussian,13,0.2,0.02,0.2,0.20982585847377777,0.01828223466873169,0.19617457687854767
200,20.0,0.40561225411365304,1e-05,edge_flip,13,0.2,0.02,0.2,0.2465541511774063,0.03566397726535797,0.19000846147537231
200,20.0,0.40561225411365304,1e-05,sbm_dpsgd,14,0.2,0.02,0.2,0.1937560737133026,0.017191648483276367,0.19960559904575348
200,20.0,0.40561225411365304,1e-05,gaussian,14,0.2,0.02,0.2,0.19782426953315735,0.020706171169877052,0.2006668746471405
200,20.0,0.40561225411365304,1e-05,edge_flip,14,0.2,0.02,0.2,0.16274535655975342,0.0,0.2162618190050125
200,20.0,0.40561225411365304,1e-05,sbm_dpsgd,15,0.2,0.02,0.2,0.21297837793827057,0.016190826892852783,0.2015993446111679
200,20.0,0.40561225411365304,1e-05,gaussian,15,0.2,0.02,0.2,0.2176416963338852,0.023575305938720703,0.21466267108917236
200,20.0,0.40561225411365304,1e-05,edge_flip,15,0.2,0.02,0.2,0.2526126205921173,0.0011761572677642107,0.15264791250228882
200,20.0,0.40561225411365304,1e-05,sbm_dpsgd,16,0.2,0.02,0.2,0.2057524472475052,0.015486855059862137,0.19741828739643097
200,20.0,0.40561225411365304,1e-05,gaussian,16,0.2,0.02,0.2,0.1990816593170166,0.019354810938239098,0.2082453817129135
200,20.0,0.40561225411365304,1e-05,edge_flip,16,0.2,0.02,0.2,0.20010590553283691,0.0,0.14557971060276031
200,20.0,0.40561225411365304,1e-05,sbm_dpsgd,17,0.2,0.02,0.2,0.21878252923488617,0.015432830899953842,0.2024848610162735
200,20.0,0.40561225411365304,1e-05,gaussian,17,0.2,0.02,0.2,0.20084543526172638,0.021315066143870354,0.21881170570850372
200,20.0,0.40561225411365304,1e-05,edge_flip,17,0.2,0.02,0.2,0.2687685191631317,0.03666362538933754,0.17890127003192902
200,20.0,0.40561225411365304,1e-05,sbm_dpsgd,18,0.2,0.02,0.2,0.2250407487154007,0.010944311507046223,0.19778777658939362
200,20.0,0.40561225411365304,1e-05,gaussian,18,0.2,0.02,0.2,0.19852934777736664,0.027048375457525253,0.19561752676963806
200,20.0,0.40561225411365304,1e-05,edge_flip,18,0.2,0.02,0.2,0.2253495156764984,0.0,0.15870638191699982
200,20.0,0.40561225411365304,1e-05,sbm_dpsgd,19,0.2,0.02,0.2,0.21204811334609985,0.012001474387943745,0.21440932154655457
200,20.0,0.40561225411365304,1e-05,gaussian,19,0.2,0.02,0.2,0.2005813717842102,0.02057196944952011,0.20159466564655304
200,20.0,0.40561225411365304,1e-05,edge_flip,19,0.2,0.02,0.2,0.17789152264595032,0.015171214938163757,0.1809207648038864
500,1.0,5.635918426327381,1e-05,sbm_dpsgd,0,0.2,0.02,0.2,0.19529171288013458,0.005769034847617149,0.20121683180332184
500,1.0,5.635918426327381,1e-05,gaussian,0,0.2,0.02,0.2,0.19611355662345886,0.02008136175572872,0.19800199568271637
500,1.0,5.635918426327381,1e-05,edge_flip,0,0.2,0.02,0.2,0.19616925716400146,0.02046276070177555,0.19762538373470306
500,1.0,5.635918426327381,1e-05,sbm_dpsgd,1,0.2,0.02,0.2,0.19740727543830872,0.0058273435570299625,0.20344386994838715
500,1.0,5.635918426327381,1e-05,gaussian,1,0.2,0.02,0.2,0.19363021850585938,0.01996026374399662,0.20129700005054474
500,1.0,5.635918426327381,1e-05,edge_flip,1,0.2,0.02,0.2,0.19406594336032867,0.02012435533106327,0.20134662091732025
500,1.0,5.635918426327381,1e-05,sbm_dpsgd,2,0.2,0.02,0.2,0.20122352242469788,0.005431171040982008,0.2060733437538147
500,1.0,5.635918426327381,1e-05,gaussian,2,0.2,0.02,0.2,0.19918911159038544,0.01998099312186241,0.20172905921936035
500,1.0,5.635918426327381,1e-05,edge_flip,2,0.2,0.02,0.2,0.19966398179531097,0.019802063703536987,0.2011524736881256
500,1.0,5.635918426327381,1e-05,sbm_dpsgd,3,0.2,0.02,0.2,0.20213109254837036,0.005629919469356537,0.20510461926460266
500,1.0,5.635918426327381,1e-05,gaussian,3,0.2,0.02,0.2,0.20144402980804443,0.02036982774734497,0.20293651521205902
500,1.0,5.635918426327381,1e-05,edge_flip,3,0.2,0.02,0.2,0.20183199644088745,0.020285500213503838,0.2024468183517456
500,1.0,5.635918426327381,1e-05,sbm_dpsgd,4,0.2,0.02,0.2,0.20365296304225922,0.00535008916631341,0.20558448135852814
500,1.0,5.635918426327381,1e-05,gaussian,4,0.2,0.02,0.2,0.19680172204971313,0.019467243924736977,0.20425266027450562
500,1.0,5.635918426327381,1e-05,edge_flip,4,0.2,0.02,0.2,0.1971723735332489,0.019560344517230988,0.20445305109024048
500,1.0,5.635918426327381,1e-05,sbm_dpsgd,5,0.2,0.02,0.2,0.20285047590732574,0.0050205388106405735,0.2018108367919922
500,1.0,5.635918426327381,1e-05,gaussian,5,0.2,0.02,0.2,0.1998647153377533,0.019844602793455124,0.19517722725868225
500,1.0,5.635918426327381,1e-05,edge_flip,5,0.2,0.02,0.2,0.19995521008968353,0.019560344517230988,0.19519849121570587
500,1.0,5.635918426327381,1e-05,sbm_dpsgd,6,0.2,0.02,0.2,0.20350755751132965,0.005373962223529816,0.20042841136455536
500,1.0,5.635918426327381,1e-05,gaussian,6,0.2,0.02,0.2,0.19971348345279694,0.019491121172904968,0.19516727328300476
500,1.0,5.635918426327381,1e-05,edge_flip,6,0.2,0.02,0.2,0.19921095669269562,0.01959257386624813,0.19591037929058075
500,1.0,5.635918426327381,1e-05,sbm_dpsgd,7,0.2,0.02,0.2,0.19803182780742645,0.005191981326788664,0.20096683502197266
500,1.0,5.635918426327381,1e-05,gaussian,7,0.2,0.02,0.2,0.1970367133617401,0.020039254799485207,0.19746576249599457
500,1.0,5.635918426327381,1e-05,edge_flip,7,0.2,0.02,0.2,0.19762538373470306,0.019608687609434128,0.19775481522083282
500,1.0,5.635918426327381,1e-05,sbm_dpsgd,8,0.2,0.02,0.2,0.20262211561203003,0.005436209961771965,0.20202937722206116
500,1.0,5.635918426327381,1e-05,gaussian,8,0.2,0.02,0.2,0.19870130717754364,0.019764535129070282,0.19902850687503815
500,1.0,5.635918426327381,1e-05,edge_flip,8,0.2,0.02,0.2,0.19853143393993378,0.019479772076010704,0.19859614968299866
500,1.0,5.635918426327381,1e-05,sbm_dpsgd,9,0.2,0.02,0.2,0.2014215737581253,0.005388513207435608,0.20321236550807953
500,1.0,5.635918426327381,1e-05,gaussian,9,0.2,0.02,0.2,0.19755718111991882,0.020037172362208366,0.19983193278312683
500,1.0,5.635918426327381,1e-05,edge_flip,9,0.2,0.02,0.2,0.19762538373470306,0.020285500213503838,0.20018170773983002
500,1.0,5.635918426327381,1e-05,sbm_dpsgd,10,0.2,0.02,0.2,0.20045210421085358,0.0054153092205524445,0.20449744164943695
500,1.0,5.635918426327381,1e-05,gaussian,10,0.2,0.02,0.2,0.19927163422107697,0.020586227998137474,0.20184151828289032
500,1.0,5.635918426327381,1e-05,edge_flip,10,0.2,0.02,0.2,0.19934038817882538,0.020978426560759544,0.20173493027687073
500,1.0,5.635918426327381,1e-05,sbm_dpsgd,11,0.2,0.02,0.2,0.20190279185771942,0.005358960013836622,0.20317256450653076
500,1.0,5.635918426327381,1e-05,gaussian,11,0.2,0.02,0.2,0.19791904091835022,0.019309215247631073,0.20093771815299988
500,1.0,5.635918426327381,1e-05,edge_flip,11,0.2,0.02,0.2,0.19775481522083282,0.018980219960212708,0.20069944858551025
500,1.0,5.635918426327381,1e-05,sbm_dpsgd,12,0.2,0.02,0.2,0.20254267752170563,0.005368672776967287,0.1995173692703247
500,1.0,5.635918426327381,1e-05,gaussian,12,0.2,0.02,0.2,0.19946469366550446,0.020388897508382797,0.19581954181194305
500,1.0,5.635918426327381,1e-05,edge_flip,12,0.2,0.02,0.2,0.19853143393993378,0.020672250539064407,0.19591037929058075
500,1.0,5.635918426327381,1e-05,sbm_dpsgd,13,0.2,0.02,0.2,0.20962606370449066,0.005211112089455128,0.20591363310813904
500,1.0,5.635918426327381,1e-05,gaussian,13,0.2,0.02,0.2,0.2030240297317505,0.019587993621826172,0.20433926582336426
500,1.0,5.635918426327381,1e-05,edge_flip,13,0.2,0.02,0.2,0.20299690961837769,0.01959257386624813,0.20477662980556488
500,1.0,5.635918426327381,1e-05,sbm_dpsgd,14,0.2,0.02,0.2,0.20623020827770233,0.005028096493333578,0.1998787820339203
500,1.0,5.635918426327381,1e-05,gaussian,14,0.2,0.02,0.2,0.20173564553260803,0.019599484279751778,0.19683755934238434
500,1.0,5.635918426327381,1e-05,edge_flip,14,0.2,0.02,0.2,0.20147605240345,0.019802063703536987,0.19655755162239075
500,1.0,5.635918426327381,1e-05,sbm_dpsgd,15,0.2,0.02,0.2,0.20464085042476654,0.005233562085777521,0.20136293768882751
500,1.0,5.635918426327381,1e-05,gaussian,15,0.2,0.02,0.2,0.20178954303264618,0.019698798656463623,0.196111798286438
500,1.0,5.635918426327381,1e-05,edge_flip,15,0.2,0.02,0.2,0.20199379324913025,0.019608687609434128,0.19633103907108307
500,1.0,5.635918426327381,1e-05,sbm_dpsgd,16,0.2,0.02,0.2,0.20458097755908966,0.0056496262550354,0.20340274274349213
500,1.0,5.635918426327381,1e-05,gaussian,16,0.2,0.02,0.2,0.20339074730873108,0.02050255425274372,0.199324831366539
500,1.0,5.635918426327381,1e-05,edge_flip,16,0.2,0.02,0.2,0.20338521897792816,0.020833395421504974,0.19872558116912842
500,1.0,5.635918426327381,1e-05,sbm_dpsgd,17,0.2,0.02,0.2,0.20413504540920258,0.005319349002093077,0.20467473566532135
500,1.0,5.635918426327381,1e-05,gaussian,17,0.2,0.02,0.2,0.2004612684249878,0.019519397988915443,0.19888703525066376
500,1.0,5.635918426327381,1e-05,edge_flip,17,0.2,0.02,0.2,0.2002464383840561,0.01906079240143299,0.19904915988445282
500,1.0,5.635918426327381,1e-05,sbm_dpsgd,18,0.2,0.02,0.2,0.20389389991760254,0.0058818417601287365,0.20084890723228455
500,1.0,5.635918426327381,1e-05,gaussian,18,0.2,0.02,0.2,0.19998659193515778,0.021070243790745735,0.1992444097995758
500,1.0,5.635918426327381,1e-05,edge_flip,18,0.2,0.02,0.2,0.19985812902450562,0.021606894209980965,0.19908152520656586
500,1.0,5.635918426327381,1e-05,sbm_dpsgd,19,0.2,0.02,0.2,0.2035444676876068,0.005233493633568287,0.20314274728298187
500,1.0,5.635918426327381,1e-05,gaussian,19,0.2,0.02,0.2,0.19904722273349762,0.019889434799551964,0.19967763125896454
500,1.0,5.635918426327381,1e-05,edge_flip,19,0.2,0.02,0.2,0.19940510392189026,0.020253270864486694,0.19940510392189026
500,2.0,2.668102829441137,1e-05,sbm_dpsgd,0,0.2,0.02,0.2,0.20507708191871643,0.005262359976768494,0.20023714005947113
500,2.0,2.668102829441137,1e-05,gaussian,0,0.2,0.02,0.2,0.20179609954357147,0.01959911361336708,0.19680170714855194
500,2.0,2.668102829441137,1e-05,edge_flip,0,0.2,0.02,0.2,0.2025965005159378,0.018383542075753212,0.19801850616931915
500,2.0,2.668102829441137,1e-05,sbm_dpsgd,1,0.2,0.02,0.2,0.2025909125804901,0.005742983892560005,0.20290012657642365
500,2.0,2.668102829441137,1e-05,gaussian,1,0.2,0.02,0.2,0.1986226588487625,0.02057541534304619,0.19877636432647705
500,2.0,2.668102829441137,1e-05,edge_flip,1,0.2,0.02,0.2,0.20023366808891296,0.02029566653072834,0.19606177508831024
500,2.0,2.668102829441137,1e-05,sbm_dpsgd,2,0.2,0.02,0.2,0.20067179203033447,0.005245324689894915,0.19913892447948456
500,2.0,2.668102829441137,1e-05,gaussian,2,0.2,0.02,0.2,0.2008587270975113,0.019463196396827698,0.19924192130565643
500,2.0,2.668102829441137,1e-05,edge_flip,2,0.2,0.02,0.2,0.20241190493106842,0.01808936893939972,0.1966894119977951
500,2.0,2.668102829441137,1e-05,sbm_dpsgd,3,0.2,0.02,0.2,0.20222651958465576,0.005128009244799614,0.20161765813827515
500,2.0,2.668102829441137,1e-05,gaussian,3,0.2,0.02,0.2,0.19694657623767853,0.019608160480856895,0.2011355459690094
500,2.0,2.668102829441137,1e-05,edge_flip,3,0.2,0.02,0.2,0.19650481641292572,0.019505076110363007,0.20484857261180878
500,2.0,2.668102829441137,1e-05,sbm_dpsgd,4,0.2,0.02,0.2,0.20155353844165802,0.00547827547416091,0.20344838500022888
500,2.0,2.668102829441137,1e-05,gaussian,4,0.2,0.02,0.2,0.1997666358947754,0.020019367337226868,0.2016974538564682
500,2.0,2.668102829441137,1e-05,edge_flip,4,0.2,0.02,0.2,0.20292876660823822,0.01930283196270466,0.20163659751415253
500,2.0,2.668102829441137,1e-05,sbm_dpsgd,5,0.2,0.02,0.2,0.19978943467140198,0.005404686089605093,0.20240330696105957
500,2.0,2.668102829441137,1e-05,gaussian,5,0.2,0.02,0.2,0.19722555577754974,0.02013610303401947,0.20047518610954285
500,2.0,2.668102829441137,1e-05,edge_flip,5,0.2,0.02,0.2,0.19846153259277344,0.021380430087447166,0.19956912100315094
500,2.0,2.668102829441137,1e-05,sbm_dpsgd,6,0.2,0.02,0.2,0.19909986853599548,0.0053191399201750755,0.20052149891853333
500,2.0,2.668102829441137,1e-05,gaussian,6,0.2,0.02,0.2,0.19655634462833405,0.020017316564917564,0.1989183872938156
500,2.0,2.668102829441137,1e-05,edge_flip,6,0.2,0.02,0.2,0.1971324384212494,0.020185351371765137,0.19827693700790405
500,2.0,2.668102829441137,1e-05,sbm_dpsgd,7,0.2,0.02,0.2,0.19872978329658508,0.005229589994996786,0.20644691586494446
500,2.0,2.668102829441137,1e-05,gaussian,7,0.2,0.02,0.2,0.19840344786643982,0.01923345774412155,0.2045453041791916
500,2.0,2.668102829441137,1e-05,edge_flip,7,0.2,0.02,0.2,0.19716936349868774,0.02097594179213047,0.20425787568092346
500,2.0,2.668102829441137,1e-05,sbm_dpsgd,8,0.2,0.02,0.2,0.20873594284057617,0.005943667143583298,0.2032420039176941
500,2.0,2.668102829441137,1e-05,gaussian,8,0.2,0.02,0.2,0.20361794531345367,0.020641395822167397,0.20140109956264496
500,2.0,2.668102829441137,1e-05,edge_flip,8,0.2,0.02,0.2,0.20237497985363007,0.020332438871264458,0.2020057886838913
500,2.0,2.668102829441137,1e-05,sbm_dpsgd,9,0.2,0.02,0.2,0.20220094919204712,0.005171131808310747,0.20479871332645416
500,2.0,2.668102829441137,1e-05,gaussian,9,0.2,0.02,0.2,0.2027689665555954,0.01984945684671402,0.20126008987426758
500,2.0,2.668102829441137,1e-05,edge_flip,9,0.2,0.02,0.2,0.200898215174675,0.02097594179213047,0.1990153193473816
500,2.0,2.668102829441137,1e-05,sbm_dpsgd,10,0.2,0.02,0.2,0.20234686136245728,0.0050574312917888165,0.20212747156620026
500,2.0,2.668102829441137,1e-05,gaussian,10,0.2,0.02,0.2,0.19890296459197998,0.018352294340729713,0.19851593673229218
500,2.0,2.668102829441137,1e-05,edge_flip,10,0.2,0.02,0.2,0.19731703400611877,0.017997439950704575,0.19868305325508118
500,2.0,2.668102829441137,1e-05,sbm_dpsgd,11,0.2,0.02,0.2,0.20349560678005219,0.006132612004876137,0.20524142682552338
500,2.0,2.668102829441137,1e-05,gaussian,11,0.2,0.02,0.2,0.20224034786224365,0.02052997425198555,0.2018890380859375
500,2.0,2.668102829441137,1e-05,edge_flip,11,0.2,0.02,0.2,0.2028549313545227,0.02029566653072834,0.20418402552604675
500,2.0,2.668102829441137,1e-05,sbm_dpsgd,12,0.2,0.02,0.2,0.2023410052061081,0.005778495687991381,0.20109671354293823
500,2.0,2.668102829441137,1e-05,gaussian,12,0.2,0.02,0.2,0.1994321495294571,0.021070346236228943,0.19955626130104065
500,2.0,2.668102829441137,1e-05,edge_flip,12,0.2,0.02,0.2,0.1964309811592102,0.02134365774691105,0.19964295625686646
500,2.0,2.668102829441137,1e-05,sbm_dpsgd,13,0.2,0.02,0.2,0.20281855762004852,0.005176855251193047,0.20681320130825043
500,2.0,2.668102829441137,1e-05,gaussian,13,0.2,0.02,0.2,0.19941750168800354,0.019686304032802582,0.20270203053951263
500,2.0,2.668102829441137,1e-05,edge_flip,13,0.2,0.02,0.2,0.20145200192928314,0.02044275403022766,0.20244881510734558
500,2.0,2.668102829441137,1e-05,sbm_dpsgd,14,0.2,0.02,0.2,0.20392079651355743,0.0050798081792891026,0.19989241659641266
500,2.0,2.668102829441137,1e-05,gaussian,14,0.2,0.02,0.2,0.197917178273201,0.019875453785061836,0.1981208622455597
500,2.0,2.668102829441137,1e-05,edge_flip,14,0.2,0.02,0.2,0.1987568885087967,0.021784918382763863,0.1960987001657486
500,2.0,2.668102829441137,1e-05,sbm_dpsgd,15,0.2,0.02,0.2,0.20401766896247864,0.005607493221759796,0.20399199426174164
500,2.0,2.668102829441137,1e-05,gaussian,15,0.2,0.02,0.2,0.2010846883058548,0.020448917523026466,0.20179839432239532
500,2.0,2.668102829441137,1e-05,edge_flip,15,0.2,0.02,0.2,0.20060285925865173,0.019891178235411644,0.20130431652069092
500,2.0,2.668102829441137,1e-05,sbm_dpsgd,16,0.2,0.02,0.2,0.2015211135149002,0.005269956309348345,0.19961005449295044
500,2.0,2.668102829441137,1e-05,gaussian,16,0.2,0.02,0.2,0.20049598813056946,0.019864721223711967,0.19790992140769958
500,2.0,2.668102829441137,1e-05,edge_flip,16,0.2,0.02,0.2,0.20119357109069824,0.01821807026863098,0.20060285925865173
500,2.0,2.668102829441137,1e-05,sbm_dpsgd,17,0.2,0.02,0.2,0.20509487390518188,0.005369943100959063,0.20746652781963348
500,2.0,2.668102829441137,1e-05,gaussian,17,0.2,0.02,0.2,0.19821205735206604,0.020452622324228287,0.20600993931293488
500,2.0,2.668102829441137,1e-05,edge_flip,17,0.2,0.02,0.2,0.19801850616931915,0.02220779098570347,0.20374099910259247
500,2.0,2.668102829441137,1e-05,sbm_dpsgd,18,0.2,0.02,0.2,0.20864573121070862,0.005651317071169615,0.20635414123535156
500,2.0,2.668102829441137,1e-05,gaussian,18,0.2,0.02,0.2,0.20016798377037048,0.021651268005371094,0.2030203491449356
500,2.0,2.668102829441137,1e-05,edge_flip,18,0.2,0.02,0.2,0.20399942994117737,0.024322159588336945,0.20130431652069092
500,2.0,2.668102829441137,1e-05,sbm_dpsgd,19,0.2,0.02,0.2,0.2040179818868637,0.0051829153671860695,0.20433668792247772
500,2.0,2.668102829441137,1e-05,gaussian,19,0.2,0.02,0.2,0.19945549964904785,0.020766938105225563,0.2021966427564621
500,2.0,2.668102829441137,1e-05,edge_flip,19,0.2,0.02,0.2,0.1996060311794281,0.021435586735606194,0.20056593418121338
500,5.0,1.0338953100711687,1e-05,sbm_dpsgd,0,0.2,0.02,0.2,0.19853681325912476,0.005406354553997517,0.19841021299362183
500,5.0,1.0338953100711687,1e-05,gaussian,0,0.2,0.02,0.2,0.1987607628107071,0.020251614972949028,0.19563153386116028
500,5.0,1.0338953100711687,1e-05,edge_flip,0,0.2,0.02,0.2,0.20364950597286224,0.019367970526218414,0.18925273418426514
500,5.0,1.0338953100711687,1e-05,sbm_dpsgd,1,0.2,0.02,0.2,0.20224788784980774,0.005143799353390932,0.20293575525283813
500,5.0,1.0338953100711687,1e-05,gaussian,1,0.2,0.02,0.2,0.19898492097854614,0.01961478963494301,0.19878362119197845
500,5.0,1.0338953100711687,1e-05,edge_flip,1,0.2,0.02,0.2,0.18884719908237457,0.01956992968916893,0.2060827761888504
500,5.0,1.0338953100711687,1e-05,sbm_dpsgd,2,0.2,0.02,0.2,0.20557962357997894,0.004851115867495537,0.2012268453836441
500,5.0,1.0338953100711687,1e-05,gaussian,2,0.2,0.02,0.2,0.20183169841766357,0.01921757310628891,0.19655828177928925
500,5.0,1.0338953100711687,1e-05,edge_flip,2,0.2,0.02,0.2,0.20270323753356934,0.026369262486696243,0.19770154356956482
500,5.0,1.0338953100711687,1e-05,sbm_dpsgd,3,0.2,0.02,0.2,0.2053391933441162,0.005131710786372423,0.1988956183195114
500,5.0,1.0338953100711687,1e-05,gaussian,3,0.2,0.02,0.2,0.2018194943666458,0.02008705586194992,0.19860252737998962
500,5.0,1.0338953100711687,1e-05,edge_flip,3,0.2,0.02,0.2,0.20331156253814697,0.016809804365038872,0.20479854941368103
500,5.0,1.0338953100711687,1e-05,sbm_dpsgd,4,0.2,0.02,0.2,0.19932954013347626,0.0051693664863705635,0.2037508338689804
500,5.0,1.0338953100711687,1e-05,gaussian,4,0.2,0.02,0.2,0.20115141570568085,0.019803229719400406,0.2022409588098526
500,5.0,1.0338953100711687,1e-05,edge_flip,4,0.2,0.02,0.2,0.20479854941368103,0.016607845202088356,0.1977691352367401
500,5.0,1.0338953100711687,1e-05,sbm_dpsgd,5,0.2,0.02,0.2,0.2026306390762329,0.005241637118160725,0.19661085307598114
500,5.0,1.0338953100711687,1e-05,gaussian,5,0.2,0.02,0.2,0.19851355254650116,0.020552903413772583,0.19568191468715668
500,5.0,1.0338953100711687,1e-05,edge_flip,5,0.2,0.02,0.2,0.19858022034168243,0.017146404832601547,0.19722841680049896
500,5.0,1.0338953100711687,1e-05,sbm_dpsgd,6,0.2,0.02,0.2,0.1969122439622879,0.005342002026736736,0.20173732936382294
500,5.0,1.0338953100711687,1e-05,gaussian,6,0.2,0.02,0.2,0.19273558259010315,0.020201411098241806,0.200792595744133
500,5.0,1.0338953100711687,1e-05,edge_flip,6,0.2,0.02,0.2,0.19337575137615204,0.023642797023057938,0.20162180066108704
500,5.0,1.0338953100711687,1e-05,sbm_dpsgd,7,0.2,0.02,0.2,0.20356939733028412,0.005208523478358984,0.20300807058811188
500,5.0,1.0338953100711687,1e-05,gaussian,7,0.2,0.02,0.2,0.20111782848834991,0.018931005150079727,0.20321471989154816
500,5.0,1.0338953100711687,1e-05,edge_flip,7,0.2,0.02,0.2,0.1948627531528473,0.01889672875404358,0.21405844390392303
500,5.0,1.0338953100711687,1e-05,sbm_dpsgd,8,0.2,0.02,0.2,0.1985505372285843,0.005037795286625624,0.1989799439907074
500,5.0,1.0338953100711687,1e-05,gaussian,8,0.2,0.02,0.2,0.19623325765132904,0.01962769776582718,0.19883993268013
500,5.0,1.0338953100711687,1e-05,edge_flip,8,0.2,0.02,0.2,0.19824227690696716,0.022834956645965576,0.20114865899085999
500,5.0,1.0338953100711687,1e-05,sbm_dpsgd,9,0.2,0.02,0.2,0.19943222403526306,0.005548037588596344,0.20037683844566345
500,5.0,1.0338953100711687,1e-05,gaussian,9,0.2,0.02,0.2,0.19821804761886597,0.020938489586114883,0.20029325783252716
500,5.0,1.0338953100711687,1e-05,edge_flip,9,0.2,0.02,0.2,0.1979043185710907,0.019468950107693672,0.20270323753356934
500,5.0,1.0338953100711687,1e-05,sbm_dpsgd,10,0.2,0.02,0.2,0.20285587012767792,0.005124731454998255,0.1994609534740448
500,5.0,1.0338953100711687,1e-05,gaussian,10,0.2,0.02,0.2,0.19805395603179932,0.019656870514154434,0.1971837729215622
500,5.0,1.0338953100711687,1e-05,edge_flip,10,0.2,0.02,0.2,0.19634974002838135,0.017785947769880295,0.19830986857414246
500,5.0,1.0338953100711687,1e-05,sbm_dpsgd,11,0.2,0.02,0.2,0.2013590782880783,0.005627968814224005,0.20141373574733734
500,5.0,1.0338953100711687,1e-05,gaussian,11,0.2,0.02,0.2,0.20135679841041565,0.020337846130132675,0.20039303600788116
500,5.0,1.0338953100711687,1e-05,edge_flip,11,0.2,0.02,0.2,0.20006722211837769,0.020041171461343765,0.20452818274497986
500,5.0,1.0338953100711687,1e-05,sbm_dpsgd,12,0.2,0.02,0.2,0.20469503104686737,0.0055572581477463245,0.2010306715965271
500,5.0,1.0338953100711687,1e-05,gaussian,12,0.2,0.02,0.2,0.20038600265979767,0.01990319788455963,0.1991310566663742
500,5.0,1.0338953100711687,1e-05,edge_flip,12,0.2,0.02,0.2,0.20533926784992218,0.01677614450454712,0.19945889711380005
500,5.0,1.0338953100711687,1e-05,sbm_dpsgd,13,0.2,0.02,0.2,0.20526084303855896,0.0054270303808152676,0.19909130036830902
500,5.0,1.0338953100711687,1e-05,gaussian,13,0.2,0.02,0.2,0.2021389752626419,0.020854193717241287,0.19672425091266632
500,5.0,1.0338953100711687,1e-05,edge_flip,13,0.2,0.02,0.2,0.20250047743320465,0.017415685579180717,0.18715743720531464
500,5.0,1.0338953100711687,1e-05,sbm_dpsgd,14,0.2,0.02,0.2,0.20853514969348907,0.005025060847401619,0.19977271556854248
500,5.0,1.0338953100711687,1e-05,gaussian,14,0.2,0.02,0.2,0.20691688358783722,0.019378406926989555,0.19949699938297272
500,5.0,1.0338953100711687,1e-05,edge_flip,14,0.2,0.02,0.2,0.2092595249414444,0.019637249410152435,0.1947275698184967
500,5.0,1.0338953100711687,1e-05,sbm_dpsgd,15,0.2,0.02,0.2,0.20333614945411682,0.005046000238507986,0.20336736738681793
500,5.0,1.0338953100711687,1e-05,gaussian,15,0.2,0.02,0.2,0.20016136765480042,0.01943417638540268,0.2010154128074646
500,5.0,1.0338953100711687,1e-05,edge_flip,15,0.2,0.02,0.2,0.2071642130613327,0.021993454545736313,0.19236190617084503
500,5.0,1.0338953100711687,1e-05,sbm_dpsgd,16,0.2,0.02,0.2,0.20346279442310333,0.005408634431660175,0.20746548473834991
500,5.0,1.0338953100711687,1e-05,gaussian,16,0.2,0.02,0.2,0.19986939430236816,0.020282234996557236,0.20326611399650574
500,5.0,1.0338953100711687,1e-05,edge_flip,16,0.2,0.02,0.2,0.20175698399543762,0.02552776038646698,0.197971910238266
500,5.0,1.0338953100711687,1e-05,sbm_dpsgd,17,0.2,0.02,0.2,0.20512934029102325,0.0054371049627661705,0.20482300221920013
500,5.0,1.0338953100711687,1e-05,gaussian,17,0.2,0.02,0.2,0.2010854184627533,0.019341090694069862,0.19997099041938782
500,5.0,1.0338953100711687,1e-05,edge_flip,17,0.2,0.02,0.2,0.20087830722332,0.02286861650645733,0.1895906925201416
500,5.0,1.0338953100711687,1e-05,sbm_dpsgd,18,0.2,0.02,0.2,0.20093214511871338,0.005248831585049629,0.20216090977191925
500,5.0,1.0338953100711687,1e-05,gaussian,18,0.2,0.02,0.2,0.19916878640651703,0.019694138318300247,0.19958285987377167
500,5.0,1.0338953100711687,1e-05,edge_flip,18,0.2,0.02,0.2,0.18925273418426514,0.02078169211745262,0.20121625065803528
500,5.0,1.0338953100711687,1e-05,sbm_dpsgd,19,0.2,0.02,0.2,0.20646990835666656,0.0049998341128230095,0.20686230063438416
500,5.0,1.0338953100711687,1e-05,gaussian,19,0.2,0.02,0.2,0.20098714530467987,0.019206764176487923,0.20649035274982452
500,5.0,1.0338953100711687,1e-05,edge_flip,19,0.2,0.02,0.2,0.19533587992191315,0.0204787515103817,0.21507230401039124
500,10.0,0.5431122541136532,1e-05,sbm_dpsgd,0,0.2,0.02,0.2,0.20327849686145782,0.005293445661664009,0.20752522349357605
500,10.0,0.5431122541136532,1e-05,gaussian,0,0.2,0.02,0.2,0.2013620138168335,0.020245380699634552,0.20258405804634094
500,10.0,0.5431122541136532,1e-05,edge_flip,0,0.2,0.02,0.2,0.20952828228473663,0.026710117235779762,0.20637691020965576
500,10.0,0.5431122541136532,1e-05,sbm_dpsgd,1,0.2,0.02,0.2,0.19151748716831207,0.00524443294852972,0.20216260850429535
500,10.0,0.5431122541136532,1e-05,gaussian,1,0.2,0.02,0.2,0.19140122830867767,0.019396396353840828,0.20309609174728394
500,10.0,0.5431122541136532,1e-05,edge_flip,1,0.2,0.02,0.2,0.18492333590984344,0.01747489720582962,0.21098275482654572
500,10.0,0.5431122541136532,1e-05,sbm_dpsgd,2,0.2,0.02,0.2,0.2081030011177063,0.005632010754197836,0.20106150209903717
500,10.0,0.5431122541136532,1e-05,gaussian,2,0.2,0.02,0.2,0.2028595358133316,0.020501425489783287,0.1992817372083664
500,10.0,0.5431122541136532,1e-05,edge_flip,2,0.2,0.02,0.2,0.2015286386013031,0.020975830033421516,0.18637780845165253
500,10.0,0.5431122541136532,1e-05,sbm_dpsgd,3,0.2,0.02,0.2,0.201280876994133,0.005135129671543837,0.20385529100894928
500,10.0,0.5431122541136532,1e-05,gaussian,3,0.2,0.02,0.2,0.1974211186170578,0.018706342205405235,0.20177024602890015
500,10.0,0.5431122541136532,1e-05,edge_flip,3,0.2,0.02,0.2,0.21316447854042053,0.019587529823184013,0.2096494883298874
500,10.0,0.5431122541136532,1e-05,sbm_dpsgd,4,0.2,0.02,0.2,0.2066713571548462,0.005435633473098278,0.20114870369434357
500,10.0,0.5431122541136532,1e-05,gaussian,4,0.2,0.02,0.2,0.19966809451580048,0.019410785287618637,0.197561576962471
500,10.0,0.5431122541136532,1e-05,edge_flip,4,0.2,0.02,0.2,0.20613449811935425,0.015362265519797802,0.19922570884227753
500,10.0,0.5431122541136532,1e-05,sbm_dpsgd,5,0.2,0.02,0.2,0.20821982622146606,0.005753437522798777,0.20274204015731812
500,10.0,0.5431122541136532,1e-05,gaussian,5,0.2,0.02,0.2,0.1987893432378769,0.020781300961971283,0.19785423576831818
500,10.0,0.5431122541136532,1e-05,edge_flip,5,0.2,0.02,0.2,0.2015286386013031,0.02978852204978466,0.17595404386520386
500,10.0,0.5431122541136532,1e-05,sbm_dpsgd,6,0.2,0.02,0.2,0.20429687201976776,0.005199227947741747,0.2024846076965332
500,10.0,0.5431122541136532,1e-05,gaussian,6,0.2,0.02,0.2,0.20151075720787048,0.020106514915823936,0.20273996889591217
500,10.0,0.5431122541136532,1e-05,edge_flip,6,0.2,0.02,0.2,0.19280175864696503,0.030392132699489594,0.21098275482654572
500,10.0,0.5431122541136532,1e-05,sbm_dpsgd,7,0.2,0.02,0.2,0.19952590763568878,0.0051713623106479645,0.2000197023153305
500,10.0,0.5431122541136532,1e-05,gaussian,7,0.2,0.02,0.2,0.1980591118335724,0.020828207954764366,0.19771449267864227
500,10.0,0.5431122541136532,1e-05,edge_flip,7,0.2,0.02,0.2,0.18455970287322998,0.018682116642594337,0.19971054792404175
500,10.0,0.5431122541136532,1e-05,sbm_dpsgd,8,0.2,0.02,0.2,0.20315887033939362,0.005527968984097242,0.2013840228319168
500,10.0,0.5431122541136532,1e-05,gaussian,8,0.2,0.02,0.2,0.19797015190124512,0.01994321495294571,0.1977674663066864
500,10.0,0.5431122541136532,1e-05,edge_flip,8,0.2,0.02,0.2,0.20177105069160461,0.01228385977447033,0.2154674082994461
500,10.0,0.5431122541136532,1e-05,sbm_dpsgd,9,0.2,0.02,0.2,0.20154117047786713,0.0051989019848406315,0.20076225697994232
500,10.0,0.5431122541136532,1e-05,gaussian,9,0.2,0.02,0.2,0.19936297833919525,0.01859447918832302,0.1990704983472824
500,10.0,0.5431122541136532,1e-05,edge_flip,9,0.2,0.02,0.2,0.20249828696250916,0.030271410942077637,0.19886209070682526
500,10.0,0.5431122541136532,1e-05,sbm_dpsgd,10,0.2,0.02,0.2,0.20168256759643555,0.005771589931100607,0.20276182889938354
500,10.0,0.5431122541136532,1e-05,gaussian,10,0.2,0.02,0.2,0.202596515417099,0.02044772543013096,0.19879071414470673
500,10.0,0.5431122541136532,1e-05,edge_flip,10,0.2,0.02,0.2,0.18880194425582886,0.010714475996792316,0.2118312120437622
500,10.0,0.5431122541136532,1e-05,sbm_dpsgd,11,0.2,0.02,0.2,0.20461386442184448,0.005245557986199856,0.19972993433475494
500,10.0,0.5431122541136532,1e-05,gaussian,11,0.2,0.02,0.2,0.1997281163930893,0.01992235705256462,0.19654302299022675
500,10.0,0.5431122541136532,1e-05,edge_flip,11,0.2,0.02,0.2,0.19546830654144287,0.020734386518597603,0.18601419031620026
500,10.0,0.5431122541136532,1e-05,sbm_dpsgd,12,0.2,0.02,0.2,0.20539239048957825,0.005626349709928036,0.20228137075901031
500,10.0,0.5431122541136532,1e-05,gaussian,12,0.2,0.02,0.2,0.20281171798706055,0.021252021193504333,0.19936537742614746
500,10.0,0.5431122541136532,1e-05,edge_flip,12,0.2,0.02,0.2,0.2169218808412552,0.021760521456599236,0.21728549897670746
500,10.0,0.5431122541136532,1e-05,sbm_dpsgd,13,0.2,0.02,0.2,0.2056247740983963,0.005289523396641016,0.2030637115240097
500,10.0,0.5431122541136532,1e-05,gaussian,13,0.2,0.02,0.2,0.20272941887378693,0.019666295498609543,0.20291943848133087
500,10.0,0.5431122541136532,1e-05,edge_flip,13,0.2,0.02,0.2,0.18528695404529572,0.02079474739730358,0.20189225673675537
500,10.0,0.5431122541136532,1e-05,sbm_dpsgd,14,0.2,0.02,0.2,0.20220275223255157,0.005433505401015282,0.20400074124336243
500,10.0,0.5431122541136532,1e-05,gaussian,14,0.2,0.02,0.2,0.19939979910850525,0.02061348408460617,0.1989671289920807
500,10.0,0.5431122541136532,1e-05,edge_flip,14,0.2,0.02,0.2,0.19571071863174438,0.021760521456599236,0.22177015244960785
500,10.0,0.5431122541136532,1e-05,sbm_dpsgd,15,0.2,0.02,0.2,0.20134760439395905,0.005075213499367237,0.21060124039649963
500,10.0,0.5431122541136532,1e-05,gaussian,15,0.2,0.02,0.2,0.20150941610336304,0.019443687051534653,0.20601820945739746
500,10.0,0.5431122541136532,1e-05,edge_flip,15,0.2,0.02,0.2,0.20455880463123322,0.012223498895764351,0.206255704164505
500,10.0,0.5431122541136532,1e-05,sbm_dpsgd,16,0.2,0.02,0.2,0.20617881417274475,0.005528206937015057,0.20524796843528748
500,10.0,0.5431122541136532,1e-05,gaussian,16,0.2,0.02,0.2,0.20158305764198303,0.020401332527399063,0.20050394535064697
500,10.0,0.5431122541136532,1e-05,edge_flip,16,0.2,0.02,0.2,0.20031657814979553,0.0340137854218483,0.20564965903759003
500,10.0,0.5431122541136532,1e-05,sbm_dpsgd,17,0.2,0.02,0.2,0.2030804604291916,0.005540125537663698,0.2030380815267563
500,10.0,0.5431122541136532,1e-05,gaussian,17,0.2,0.02,0.2,0.19962377846240997,0.019563181325793266,0.19679488241672516
500,10.0,0.5431122541136532,1e-05,edge_flip,17,0.2,0.02,0.2,0.19813485443592072,0.023631710559129715,0.19583192467689514
500,10.0,0.5431122541136532,1e-05,sbm_dpsgd,18,0.2,0.02,0.2,0.20555855333805084,0.0052209035493433475,0.20225337147712708
500,10.0,0.5431122541136532,1e-05,gaussian,18,0.2,0.02,0.2,0.20139725506305695,0.02105480432510376,0.19862045347690582
500,10.0,0.5431122541136532,1e-05,edge_flip,18,0.2,0.02,0.2,0.1951046884059906,0.013491077348589897,0.19498348236083984
500,10.0,0.5431122541136532,1e-05,sbm_dpsgd,19,0.2,0.02,0.2,0.1995430290699005,0.005401939619332552,0.20258481800556183
500,10.0,0.5431122541136532,1e-05,gaussian,19,0.2,0.02,0.2,0.19799789786338806,0.01972421444952488,0.20216897130012512
500,10.0,0.5431122541136532,1e-05,edge_flip,19,0.2,0.02,0.2,0.2015286386013031,0.023148823529481888,0.21752791106700897
500,20.0,0.40561225411365304,1e-05,sbm_dpsgd,0,0.2,0.02,0.2,0.2035013735294342,0.005568002350628376,0.20495466887950897
500,20.0,0.40561225411365304,1e-05,gaussian,0,0.2,0.02,0.2,0.20017288625240326,0.02156221866607666,0.20287558436393738
500,20.0,0.40561225411365304,1e-05,edge_flip,0,0.2,0.02,0.2,0.19111309945583344,0.002335747703909874,0.2153615653514862
500,20.0,0.40561225411365304,1e-05,sbm_dpsgd,1,0.2,0.02,0.2,0.20088528096675873,0.00647573359310627,0.20548206567764282
500,20.0,0.40561225411365304,1e-05,gaussian,1,0.2,0.02,0.2,0.19752086699008942,0.020934320986270905,0.2014460563659668
500,20.0,0.40561225411365304,1e-05,edge_flip,1,0.2,0.02,0.2,0.18998900055885315,0.00929329078644514,0.1872590333223343
500,20.0,0.40561225411365304,1e-05,sbm_dpsgd,2,0.2,0.02,0.2,0.2016264945268631,0.005134191829711199,0.2020609974861145
500,20.0,0.40561225411365304,1e-05,gaussian,2,0.2,0.02,0.2,0.1986909955739975,0.019676219671964645,0.20264482498168945
500,20.0,0.40561225411365304,1e-05,edge_flip,2,0.2,0.02,0.2,0.20412054657936096,0.026727134361863136,0.19785770773887634
500,20.0,0.40561225411365304,1e-05,sbm_dpsgd,3,0.2,0.02,0.2,0.20375986397266388,0.005231471266597509,0.2011203169822693
500,20.0,0.40561225411365304,1e-05,gaussian,3,0.2,0.02,0.2,0.20201623439788818,0.0204380601644516,0.1944054663181305
500,20.0,0.40561225411365304,1e-05,edge_flip,3,0.2,0.02,0.2,0.20941989123821259,0.024407953023910522,0.19528833031654358
500,20.0,0.40561225411365304,1e-05,sbm_dpsgd,4,0.2,0.02,0.2,0.20305167138576508,0.005747637245804071,0.19984157383441925
500,20.0,0.40561225411365304,1e-05,gaussian,4,0.2,0.02,0.2,0.20059220492839813,0.018614662811160088,0.19722862541675568
500,20.0,0.40561225411365304,1e-05,edge_flip,4,0.2,0.02,0.2,0.1925583779811859,0.012732076458632946,0.20283587276935577
500,20.0,0.40561225411365304,1e-05,sbm_dpsgd,5,0.2,0.02,0.2,0.20863202214241028,0.005470159463584423,0.19984941184520721
500,20.0,0.40561225411365304,1e-05,gaussian,5,0.2,0.02,0.2,0.2013055384159088,0.020842598751187325,0.19919057190418243
500,20.0,0.40561225411365304,1e-05,edge_flip,5,0.2,0.02,0.2,0.1944853961467743,0.015211201272904873,0.18308380246162415
500,20.0,0.40561225411365304,1e-05,sbm_dpsgd,6,0.2,0.02,0.2,0.20121218264102936,0.004651028662919998,0.20410005748271942
500,20.0,0.40561225411365304,1e-05,gaussian,6,0.2,0.02,0.2,0.20075327157974243,0.019278496503829956,0.2019444853067398
500,20.0,0.40561225411365304,1e-05,edge_flip,6,0.2,0.02,0.2,0.20941989123821259,0.022888489067554474,0.21214984357357025
500,20.0,0.40561225411365304,1e-05,sbm_dpsgd,7,0.2,0.02,0.2,0.20528192818164825,0.005490660201758146,0.20009006559848785
500,20.0,0.40561225411365304,1e-05,gaussian,7,0.2,0.02,0.2,0.19923031330108643,0.019411681219935417,0.2017345428466797
500,20.0,0.40561225411365304,1e-05,edge_flip,7,0.2,0.02,0.2,0.1707186996936798,0.025527557358145714,0.19930297136306763
500,20.0,0.40561225411365304,1e-05,sbm_dpsgd,8,0.2,0.02,0.2,0.20740142464637756,0.004795588552951813,0.20751520991325378
500,20.0,0.40561225411365304,1e-05,gaussian,8,0.2,0.02,0.2,0.20088213682174683,0.017981819808483124,0.20424167811870575
500,20.0,0.40561225411365304,1e-05,edge_flip,8,0.2,0.02,0.2,0.17730271816253662,0.026087360456585884,0.20588698983192444
500,20.0,0.40561225411365304,1e-05,sbm_dpsgd,9,0.2,0.02,0.2,0.19809886813163757,0.004973422735929489,0.20357409119606018
500,20.0,0.40561225411365304,1e-05,gaussian,9,0.2,0.02,0.2,0.19922159612178802,0.018307708203792572,0.1987406313419342
500,20.0,0.40561225411365304,1e-05,edge_flip,9,0.2,0.02,0.2,0.20219352841377258,0.022888489067554474,0.21134690940380096
500,20.0,0.40561225411365304,1e-05,sbm_dpsgd,10,0.2,0.02,0.2,0.2045707255601883,0.005291552748531103,0.20532038807868958
500,20.0,0.40561225411365304,1e-05,gaussian,10,0.2,0.02,0.2,0.19845859706401825,0.01955956406891346,0.20326119661331177
500,20.0,0.40561225411365304,1e-05,edge_flip,10,0.2,0.02,0.2,0.18902547657489777,0.03912275657057762,0.1946459859609604
500,20.0,0.40561225411365304,1e-05,sbm_dpsgd,11,0.2,0.02,0.2,0.2031431794166565,0.005752977449446917,0.20006059110164642
500,20.0,0.40561225411365304,1e-05,gaussian,11,0.2,0.02,0.2,0.20093965530395508,0.018423527479171753,0.20047372579574585
500,20.0,0.40561225411365304,1e-05,edge_flip,11,0.2,0.02,0.2,0.19962415099143982,0.02488778345286846,0.19689418375492096
500,20.0,0.40561225411365304,1e-05,sbm_dpsgd,12,0.2,0.02,0.2,0.20025275647640228,0.0061296564526855946,0.20077729225158691
500,20.0,0.40561225411365304,1e-05,gaussian,12,0.2,0.02,0.2,0.2020956426858902,0.019778262823820114,0.2008640319108963
500,20.0,0.40561225411365304,1e-05,edge_flip,12,0.2,0.02,0.2,0.22194558382034302,0.005854505114257336,0.19207660853862762
500,20.0,0.40561225411365304,1e-05,sbm_dpsgd,13,0.2,0.02,0.2,0.20586419105529785,0.0057362946681678295,0.200475811958313
500,20.0,0.40561225411365304,1e-05,gaussian,13,0.2,0.02,0.2,0.201189786195755,0.018791308626532555,0.2009136974811554
500,20.0,0.40561225411365304,1e-05,edge_flip,13,0.2,0.02,0.2,0.200587660074234,0.030725721269845963,0.19737595319747925
500,20.0,0.40561225411365304,1e-05,sbm_dpsgd,14,0.2,0.02,0.2,0.19860652089118958,0.005318601615726948,0.2064439356327057
500,20.0,0.40561225411365304,1e-05,gaussian,14,0.2,0.02,0.2,0.19521598517894745,0.01932576484978199,0.20410658419132233
500,20.0,0.40561225411365304,1e-05,edge_flip,14,0.2,0.02,0.2,0.18886490166187286,0.015531088225543499,0.2084563672542572
500,20.0,0.40561225411365304,1e-05,sbm_dpsgd,15,0.2,0.02,0.2,0.20250140130519867,0.004921505693346262,0.20263785123825073
500,20.0,0.40561225411365304,1e-05,gaussian,15,0.2,0.02,0.2,0.19755159318447113,0.019797442480921745,0.19867734611034393
500,20.0,0.40561225411365304,1e-05,edge_flip,15,0.2,0.02,0.2,0.20379938185214996,0.01449145469814539,0.21134690940380096
500,20.0,0.40561225411365304,1e-05,sbm_dpsgd,16,0.2,0.02,0.2,0.2036629170179367,0.005104165989905596,0.1986779123544693
500,20.0,0.40561225411365304,1e-05,gaussian,16,0.2,0.02,0.2,0.20380529761314392,0.020763525739312172,0.1984596848487854
500,20.0,0.40561225411365304,1e-05,edge_flip,16,0.2,0.02,0.2,0.21343453228473663,0.04488072171807289,0.19817887246608734
500,20.0,0.40561225411365304,1e-05,sbm_dpsgd,17,0.2,0.02,0.2,0.20674866437911987,0.004930796101689339,0.20573875308036804
500,20.0,0.40561225411365304,1e-05,gaussian,17,0.2,0.02,0.2,0.200593963265419,0.020117221400141716,0.20271173119544983
500,20.0,0.40561225411365304,1e-05,edge_flip,17,0.2,0.02,0.2,0.20540523529052734,0.017610354349017143,0.18372614681720734
500,20.0,0.40561225411365304,1e-05,sbm_dpsgd,18,0.2,0.02,0.2,0.20050469040870667,0.004946514964103699,0.2014589011669159
500,20.0,0.40561225411365304,1e-05,gaussian,18,0.2,0.02,0.2,0.20049408078193665,0.02012447826564312,0.19712793827056885
500,20.0,0.40561225411365304,1e-05,edge_flip,18,0.2,0.02,0.2,0.19737595319747925,0.01217227429151535,0.2018723487854004
500,20.0,0.40561225411365304,1e-05,sbm_dpsgd,19,0.2,0.02,0.2,0.19851890206336975,0.005469554103910923,0.20360209047794342
500,20.0,0.40561225411365304,1e-05,gaussian,19,0.2,0.02,0.2,0.19596634805202484,0.019621653482317924,0.19779159128665924
500,20.0,0.40561225411365304,1e-05,edge_flip,19,0.2,0.02,0.2,0.2007482498884201,0.015531088225543499,0.2013905942440033
1000,1.0,5.635918426327381,1e-05,sbm_dpsgd,0,0.2,0.02,0.2,0.20280157029628754,0.005609647370874882,0.20010873675346375
1000,1.0,5.635918426327381,1e-05,gaussian,0,0.2,0.02,0.2,0.19966131448745728,0.020159173756837845,0.19803987443447113
1000,1.0,5.635918426327381,1e-05,edge_flip,0,0.2,0.02,0.2,0.19956345856189728,0.020430531352758408,0.197956845164299
1000,1.0,5.635918426327381,1e-05,sbm_dpsgd,1,0.2,0.02,0.2,0.20187370479106903,0.005821703467518091,0.2013176828622818
1000,1.0,5.635918426327381,1e-05,gaussian,1,0.2,0.02,0.2,0.19994637370109558,0.020018065348267555,0.19908574223518372
1000,1.0,5.635918426327381,1e-05,edge_flip,1,0.2,0.02,0.2,0.2001124620437622,0.020023638382554054,0.19879649579524994
1000,1.0,5.635918426327381,1e-05,sbm_dpsgd,2,0.2,0.02,0.2,0.20279714465141296,0.005566025618463755,0.20183664560317993
1000,1.0,5.635918426327381,1e-05,gaussian,2,0.2,0.02,0.2,0.2001926302909851,0.020084761083126068,0.1983536034822464
1000,1.0,5.635918426327381,1e-05,edge_flip,2,0.2,0.02,0.2,0.20022548735141754,0.019914865493774414,0.19833630323410034
1000,1.0,5.635918426327381,1e-05,sbm_dpsgd,3,0.2,0.02,0.2,0.20308604836463928,0.0055086566135287285,0.1969483345746994
1000,1.0,5.635918426327381,1e-05,gaussian,3,0.2,0.02,0.2,0.20089398324489594,0.020321518182754517,0.19604972004890442
1000,1.0,5.635918426327381,1e-05,edge_flip,3,0.2,0.02,0.2,0.20062915980815887,0.020418444648385048,0.1960192322731018
1000,1.0,5.635918426327381,1e-05,sbm_dpsgd,4,0.2,0.02,0.2,0.20235075056552887,0.005316654220223427,0.202411487698555
1000,1.0,5.635918426327381,1e-05,gaussian,4,0.2,0.02,0.2,0.20094595849514008,0.019935961812734604,0.199924498796463
1000,1.0,5.635918426327381,1e-05,edge_flip,4,0.2,0.02,0.2,0.20097631216049194,0.02011226862668991,0.19976529479026794
1000,1.0,5.635918426327381,1e-05,sbm_dpsgd,5,0.2,0.02,0.2,0.20089885592460632,0.005719626322388649,0.2037244290113449
1000,1.0,5.635918426327381,1e-05,gaussian,5,0.2,0.02,0.2,0.19908882677555084,0.020101482048630714,0.20051364600658417
1000,1.0,5.635918426327381,1e-05,edge_flip,5,0.2,0.02,0.2,0.19928088784217834,0.02023312821984291,0.20050805807113647
1000,1.0,5.635918426327381,1e-05,sbm_dpsgd,6,0.2,0.02,0.2,0.2022058218717575,0.005671543534845114,0.2032691389322281
1000,1.0,5.635918426327381,1e-05,gaussian,6,0.2,0.02,0.2,0.19930249452590942,0.02031082473695278,0.20106028020381927
1000,1.0,5.635918426327381,1e-05,edge_flip,6,0.2,0.02,0.2,0.19952309131622314,0.020370101556181908,0.20104090869426727
1000,1.0,5.635918426327381,1e-05,sbm_dpsgd,7,0.2,0.02,0.2,0.20122742652893066,0.005592431873083115,0.20441661775112152
1000,1.0,5.635918426327381,1e-05,gaussian,7,0.2,0.02,0.2,0.19947315752506256,0.02036438323557377,0.20182274281978607
1000,1.0,5.635918426327381,1e-05,edge_flip,7,0.2,0.02,0.2,0.19934548437595367,0.020204927772283554,0.20184017717838287
1000,1.0,5.635918426327381,1e-05,sbm_dpsgd,8,0.2,0.02,0.2,0.19999827444553375,0.005596729926764965,0.20052270591259003
1000,1.0,5.635918426327381,1e-05,gaussian,8,0.2,0.02,0.2,0.19900164008140564,0.019991710782051086,0.19903148710727692
1000,1.0,5.635918426327381,1e-05,edge_flip,8,0.2,0.02,0.2,0.1990709900856018,0.01999140903353691,0.19883686304092407
1000,1.0,5.635918426327381,1e-05,sbm_dpsgd,9,0.2,0.02,0.2,0.20190325379371643,0.005627455189824104,0.19960467517375946
1000,1.0,5.635918426327381,1e-05,gaussian,9,0.2,0.02,0.2,0.19951790571212769,0.020062914118170738,0.19781580567359924
1000,1.0,5.635918426327381,1e-05,edge_flip,9,0.2,0.02,0.2,0.19915172457695007,0.019951123744249344,0.19798915088176727
1000,1.0,5.635918426327381,1e-05,sbm_dpsgd,10,0.2,0.02,0.2,0.20165331661701202,0.005525893531739712,0.20332391560077667
1000,1.0,5.635918426327381,1e-05,gaussian,10,0.2,0.02,0.2,0.19966459274291992,0.019634801894426346,0.20103521645069122
1000,1.0,5.635918426327381,1e-05,edge_flip,10,0.2,0.02,0.2,0.19988639652729034,0.01983429305255413,0.2011781483888626
1000,1.0,5.635918426327381,1e-05,sbm_dpsgd,11,0.2,0.02,0.2,0.19977042078971863,0.005621268879622221,0.2047247588634491
1000,1.0,5.635918426327381,1e-05,gaussian,11,0.2,0.02,0.2,0.19930683076381683,0.020611049607396126,0.1995272934436798
1000,1.0,5.635918426327381,1e-05,edge_flip,11,0.2,0.02,0.2,0.19932125508785248,0.02059570513665676,0.19963613152503967
1000,1.0,5.635918426327381,1e-05,sbm_dpsgd,12,0.2,0.02,0.2,0.20102369785308838,0.0055864909663796425,0.2018928974866867
1000,1.0,5.635918426327381,1e-05,gaussian,12,0.2,0.02,0.2,0.1993822455406189,0.020083079114556313,0.20052753388881683
1000,1.0,5.635918426327381,1e-05,edge_flip,12,0.2,0.02,0.2,0.19927282631397247,0.020217012614011765,0.20087943971157074
1000,1.0,5.635918426327381,1e-05,sbm_dpsgd,13,0.2,0.02,0.2,0.2011905163526535,0.0055234674364328384,0.201421856880188
1000,1.0,5.635918426327381,1e-05,gaussian,13,0.2,0.02,0.2,0.20003631711006165,0.019564498215913773,0.1999501883983612
1000,1.0,5.635918426327381,1e-05,edge_flip,13,0.2,0.02,0.2,0.19971686601638794,0.019298482686281204,0.20003172755241394
1000,1.0,5.635918426327381,1e-05,sbm_dpsgd,14,0.2,0.02,0.2,0.20228290557861328,0.005491228774189949,0.19949819147586823
1000,1.0,5.635918426327381,1e-05,gaussian,14,0.2,0.02,0.2,0.20082975924015045,0.019730685278773308,0.19857075810432434
1000,1.0,5.635918426327381,1e-05,edge_flip,14,0.2,0.02,0.2,0.20036272704601288,0.01970134675502777,0.1986834555864334
1000,1.0,5.635918426327381,1e-05,sbm_dpsgd,15,0.2,0.02,0.2,0.203329399228096,0.005632911808788776,0.20228885114192963
1000,1.0,5.635918426327381,1e-05,gaussian,15,0.2,0.02,0.2,0.20013540983200073,0.01976911537349224,0.19980497658252716
1000,1.0,5.635918426327381,1e-05,edge_flip,15,0.2,0.02,0.2,0.19995099306106567,0.01987054944038391,0.19993484020233154
1000,1.0,5.635918426327381,1e-05,sbm_dpsgd,16,0.2,0.02,0.2,0.2024589627981186,0.005470127798616886,0.20371681451797485
1000,1.0,5.635918426327381,1e-05,gaussian,16,0.2,0.02,0.2,0.1998947262763977,0.019807331264019012,0.20051372051239014
1000,1.0,5.635918426327381,1e-05,edge_flip,16,0.2,0.02,0.2,0.19995099306106567,0.019794005900621414,0.20089557766914368
1000,1.0,5.635918426327381,1e-05,sbm_dpsgd,17,0.2,0.02,0.2,0.2032664269208908,0.005605741403996944,0.2036164104938507
1000,1.0,5.635918426327381,1e-05,gaussian,17,0.2,0.02,0.2,0.2008601278066635,0.02005007117986679,0.19975626468658447
1000,1.0,5.635918426327381,1e-05,edge_flip,17,0.2,0.02,0.2,0.20090365409851074,0.020152555778622627,0.1995796114206314
1000,1.0,5.635918426327381,1e-05,sbm_dpsgd,18,0.2,0.02,0.2,0.2036222219467163,0.005587571766227484,0.20407061278820038
1000,1.0,5.635918426327381,1e-05,gaussian,18,0.2,0.02,0.2,0.1993204802274704,0.01983976922929287,0.20209889113903046
1000,1.0,5.635918426327381,1e-05,edge_flip,18,0.2,0.02,0.2,0.19912749528884888,0.0197980348020792,0.20193704962730408
1000,1.0,5.635918426327381,1e-05,sbm_dpsgd,19,0.2,0.02,0.2,0.20261524617671967,0.005623525939881802,0.20172391831874847
1000,1.0,5.635918426327381,1e-05,gaussian,19,0.2,0.02,0.2,0.20040084421634674,0.020518533885478973,0.19989563524723053
1000,1.0,5.635918426327381,1e-05,edge_flip,19,0.2,0.02,0.2,0.2003062218427658,0.02034190110862255,0.19999943673610687
1000,2.0,2.668102829441137,1e-05,sbm_dpsgd,0,0.2,0.02,0.2,0.20423932373523712,0.005579774267971516,0.20159514248371124
1000,2.0,2.668102829441137,1e-05,gaussian,0,0.2,0.02,0.2,0.20082959532737732,0.01985217072069645,0.20037434995174408
1000,2.0,2.668102829441137,1e-05,edge_flip,0,0.2,0.02,0.2,0.20078833401203156,0.019918756559491158,0.20101863145828247
1000,2.0,2.668102829441137,1e-05,sbm_dpsgd,1,0.2,0.02,0.2,0.20233780145645142,0.005582891870290041,0.20230694115161896
1000,2.0,2.668102829441137,1e-05,gaussian,1,0.2,0.02,0.2,0.19867968559265137,0.019988473504781723,0.19839930534362793
1000,2.0,2.668102829441137,1e-05,edge_flip,1,0.2,0.02,0.2,0.19902898371219635,0.0198038462549448,0.19796967506408691
1000,2.0,2.668102829441137,1e-05,sbm_dpsgd,2,0.2,0.02,0.2,0.2018490731716156,0.0055069755762815475,0.20353688299655914
1000,2.0,2.668102829441137,1e-05,gaussian,2,0.2,0.02,0.2,0.19886678457260132,0.019638055935502052,0.20154403150081635
1000,2.0,2.668102829441137,1e-05,edge_flip,2,0.2,0.02,0.2,0.198282852768898,0.019523462280631065,0.20252007246017456
1000,2.0,2.668102829441137,1e-05,sbm_dpsgd,3,0.2,0.02,0.2,0.20278668403625488,0.005803659092634916,0.2025517374277115
1000,2.0,2.668102829441137,1e-05,gaussian,3,0.2,0.02,0.2,0.2009407877922058,0.020132804289460182,0.1989724040031433
1000,2.0,2.668102829441137,1e-05,edge_flip,3,0.2,0.02,0.2,0.19931453466415405,0.01932581514120102,0.19932374358177185
1000,2.0,2.668102829441137,1e-05,sbm_dpsgd,4,0.2,0.02,0.2,0.20049528777599335,0.005709132645279169,0.20398011803627014
1000,2.0,2.668102829441137,1e-05,gaussian,4,0.2,0.02,0.2,0.19786463677883148,0.020498912781476974,0.20186738669872284
1000,2.0,2.668102829441137,1e-05,edge_flip,4,0.2,0.02,0.2,0.197748601436615,0.019693531095981598,0.2021239846944809
1000,2.0,2.668102829441137,1e-05,sbm_dpsgd,5,0.2,0.02,0.2,0.20338605344295502,0.0058020614087581635,0.20347633957862854
1000,2.0,2.668102829441137,1e-05,gaussian,5,0.2,0.02,0.2,0.2005036622285843,0.019941039383411407,0.20080669224262238
1000,2.0,2.668102829441137,1e-05,edge_flip,5,0.2,0.02,0.2,0.20083439350128174,0.02017156220972538,0.20100019872188568
1000,2.0,2.668102829441137,1e-05,sbm_dpsgd,6,0.2,0.02,0.2,0.20240195095539093,0.005707718897610903,0.20352675020694733
1000,2.0,2.668102829441137,1e-05,gaussian,6,0.2,0.02,0.2,0.20149463415145874,0.019725777208805084,0.20219308137893677
1000,2.0,2.668102829441137,1e-05,edge_flip,6,0.2,0.02,0.2,0.20106467604637146,0.018861573189496994,0.2024095356464386
1000,2.0,2.668102829441137,1e-05,sbm_dpsgd,7,0.2,0.02,0.2,0.20085756480693817,0.005599338561296463,0.20334064960479736
1000,2.0,2.668102829441137,1e-05,gaussian,7,0.2,0.02,0.2,0.1987055242061615,0.019785301759839058,0.20135343074798584
1000,2.0,2.668102829441137,1e-05,edge_flip,7,0.2,0.02,0.2,0.19782228767871857,0.019362585619091988,0.2009173035621643
1000,2.0,2.668102829441137,1e-05,sbm_dpsgd,8,0.2,0.02,0.2,0.20336998999118805,0.005576436407864094,0.2016044557094574
1000,2.0,2.668102829441137,1e-05,gaussian,8,0.2,0.02,0.2,0.20022828876972198,0.019715236499905586,0.19827282428741455
1000,2.0,2.668102829441137,1e-05,edge_flip,8,0.2,0.02,0.2,0.19959086179733276,0.0190776064991951,0.19727882742881775
1000,2.0,2.668102829441137,1e-05,sbm_dpsgd,9,0.2,0.02,0.2,0.20188213884830475,0.005631175357848406,0.20437975227832794
1000,2.0,2.668102829441137,1e-05,gaussian,9,0.2,0.02,0.2,0.1990150511264801,0.020061863586306572,0.20149005949497223
1000,2.0,2.668102829441137,1e-05,edge_flip,9,0.2,0.02,0.2,0.20071464776992798,0.019647566601634026,0.20255692303180695
1000,2.0,2.668102829441137,1e-05,sbm_dpsgd,10,0.2,0.02,0.2,0.20373380184173584,0.005616395268589258,0.20476190745830536
1000,2.0,2.668102829441137,1e-05,gaussian,10,0.2,0.02,0.2,0.20152512192726135,0.019549241289496422,0.2016938328742981
1000,2.0,2.668102829441137,1e-05,edge_flip,10,0.2,0.02,0.2,0.20284247398376465,0.019013255834579468,0.20050278306007385
1000,2.0,2.668102829441137,1e-05,sbm_dpsgd,11,0.2,0.02,0.2,0.20285911858081818,0.005647348240017891,0.19980169832706451
1000,2.0,2.668102829441137,1e-05,gaussian,11,0.2,0.02,0.2,0.20075537264347076,0.0200510136783123,0.19762639701366425
1000,2.0,2.668102829441137,1e-05,edge_flip,11,0.2,0.02,0.2,0.2009541392326355,0.019220096990466118,0.19693800806999207
1000,2.0,2.668102829441137,1e-05,sbm_dpsgd,12,0.2,0.02,0.2,0.2045501321554184,0.00557782594114542,0.20169967412948608
1000,2.0,2.668102829441137,1e-05,gaussian,12,0.2,0.02,0.2,0.2007596790790558,0.019872456789016724,0.1993754506111145
1000,2.0,2.668102829441137,1e-05,edge_flip,12,0.2,0.02,0.2,0.20159894227981567,0.01899486966431141,0.19794203341007233
1000,2.0,2.668102829441137,1e-05,sbm_dpsgd,13,0.2,0.02,0.2,0.20311622321605682,0.005678939633071423,0.20272161066532135
1000,2.0,2.668102829441137,1e-05,gaussian,13,0.2,0.02,0.2,0.1999141126871109,0.020009247586131096,0.20052091777324677
1000,2.0,2.668102829441137,1e-05,edge_flip,13,0.2,0.02,0.2,0.19782228767871857,0.020121000707149506,0.2006501704454422
1000,2.0,2.668102829441137,1e-05,sbm_dpsgd,14,0.2,0.02,0.2,0.20254504680633545,0.0054822759702801704,0.2018204629421234
1000,2.0,2.668102829441137,1e-05,gaussian,14,0.2,0.02,0.2,0.2006629854440689,0.02006680704653263,0.19937625527381897
1000,2.0,2.668102829441137,1e-05,edge_flip,14,0.2,0.02,0.2,0.20245559513568878,0.021293098106980324,0.19865131378173828
1000,2.0,2.668102829441137,1e-05,sbm_dpsgd,15,0.2,0.02,0.2,0.20285755395889282,0.005626684986054897,0.2029341161251068
1000,2.0,2.668102829441137,1e-05,gaussian,15,0.2,0.02,0.2,0.19964450597763062,0.020160319283604622,0.19888935983181
1000,2.0,2.668102829441137,1e-05,edge_flip,15,0.2,0.02,0.2,0.19878026843070984,0.019895775243639946,0.19924083352088928
1000,2.0,2.668102829441137,1e-05,sbm_dpsgd,16,0.2,0.02,0.2,0.20150674879550934,0.005695058964192867,0.20281784236431122
1000,2.0,2.668102829441137,1e-05,gaussian,16,0.2,0.02,0.2,0.19879186153411865,0.019774626940488815,0.19953452050685883
1000,2.0,2.668102829441137,1e-05,edge_flip,16,0.2,0.02,0.2,0.19874343276023865,0.02052089385688305,0.19865131378173828
1000,2.0,2.668102829441137,1e-05,sbm_dpsgd,17,0.2,0.02,0.2,0.20058365166187286,0.0057233464904129505,0.2031952142715454
1000,2.0,2.668102829441137,1e-05,gaussian,17,0.2,0.02,0.2,0.19882823526859283,0.020236961543560028,0.1993975192308426
1000,2.0,2.668102829441137,1e-05,edge_flip,17,0.2,0.02,0.2,0.1992039978504181,0.01957862079143524,0.19864210486412048
1000,2.0,2.668102829441137,1e-05,sbm_dpsgd,18,0.2,0.02,0.2,0.20231400430202484,0.005678336601704359,0.20364150404930115
1000,2.0,2.668102829441137,1e-05,gaussian,18,0.2,0.02,0.2,0.20062151551246643,0.019654469564557076,0.1992996633052826
1000,2.0,2.668102829441137,1e-05,edge_flip,18,0.2,0.02,0.2,0.20028172433376312,0.0203186497092247,0.1988631784915924
1000,2.0,2.668102829441137,1e-05,sbm_dpsgd,19,0.2,0.02,0.2,0.20352961122989655,0.0057454342022538185,0.2020072042942047
1000,2.0,2.668102829441137,1e-05,gaussian,19,0.2,0.02,0.2,0.2019307166337967,0.020238954573869705,0.19943568110466003
1000,2.0,2.668102829441137,1e-05,edge_flip,19,0.2,0.02,0.2,0.20068702101707458,0.020350825041532516,0.19892765581607819
1000,5.0,1.0338953100711687,1e-05,sbm_dpsgd,0,0.2,0.02,0.2,0.20275582373142242,0.005546422675251961,0.20236307382583618
1000,5.0,1.0338953100711687,1e-05,gaussian,0,0.2,0.02,0.2,0.19944673776626587,0.0202342476695776,0.19829043745994568
1000,5.0,1.0338953100711687,1e-05,edge_flip,0,0.2,0.02,0.2,0.20334962010383606,0.019620420411229134,0.20135970413684845
1000,5.0,1.0338953100711687,1e-05,sbm_dpsgd,1,0.2,0.02,0.2,0.20496074855327606,0.005677786655724049,0.20084598660469055
1000,5.0,1.0338953100711687,1e-05,gaussian,1,0.2,0.02,0.2,0.2006112039089203,0.0198452640324831,0.1992902010679245
1000,5.0,1.0338953100711687,1e-05,edge_flip,1,0.2,0.02,0.2,0.20117419958114624,0.019931776449084282,0.19756534695625305
1000,5.0,1.0338953100711687,1e-05,sbm_dpsgd,2,0.2,0.02,0.2,0.20406678318977356,0.005586062092334032,0.20261090993881226
1000,5.0,1.0338953100711687,1e-05,gaussian,2,0.2,0.02,0.2,0.20018436014652252,0.020152578130364418,0.20097705721855164
1000,5.0,1.0338953100711687,1e-05,edge_flip,2,0.2,0.02,0.2,0.2059803605079651,0.01771862618625164,0.2026413381099701
1000,5.0,1.0338953100711687,1e-05,sbm_dpsgd,3,0.2,0.02,0.2,0.20375004410743713,0.005685817450284958,0.2021653801202774
1000,5.0,1.0338953100711687,1e-05,gaussian,3,0.2,0.02,0.2,0.2009665071964264,0.020074214786291122,0.20067918300628662
1000,5.0,1.0338953100711687,1e-05,edge_flip,3,0.2,0.02,0.2,0.20080319046974182,0.022144924849271774,0.1991168111562729
1000,5.0,1.0338953100711687,1e-05,sbm_dpsgd,4,0.2,0.02,0.2,0.20187167823314667,0.005678426939994097,0.20246964693069458
1000,5.0,1.0338953100711687,1e-05,gaussian,4,0.2,0.02,0.2,0.19929158687591553,0.019981898367404938,0.2007758766412735
1000,5.0,1.0338953100711687,1e-05,edge_flip,4,0.2,0.02,0.2,0.20176443457603455,0.022161755710840225,0.2035013884305954
1000,5.0,1.0338953100711687,1e-05,sbm_dpsgd,5,0.2,0.02,0.2,0.19902388751506805,0.005347135942429304,0.20212149620056152
1000,5.0,1.0338953100711687,1e-05,gaussian,5,0.2,0.02,0.2,0.1993495523929596,0.019829023629426956,0.20025920867919922
1000,5.0,1.0338953100711687,1e-05,edge_flip,5,0.2,0.02,0.2,0.19893132150173187,0.019620420411229134,0.2011573314666748
1000,5.0,1.0338953100711687,1e-05,sbm_dpsgd,6,0.2,0.02,0.2,0.2040194869041443,0.005467887967824936,0.20259855687618256
1000,5.0,1.0338953100711687,1e-05,gaussian,6,0.2,0.02,0.2,0.20240435004234314,0.01996845379471779,0.19987225532531738
1000,5.0,1.0338953100711687,1e-05,edge_flip,6,0.2,0.02,0.2,0.20485049486160278,0.0198223814368248,0.19899876415729523
1000,5.0,1.0338953100711687,1e-05,sbm_dpsgd,7,0.2,0.02,0.2,0.20119473338127136,0.005481457803398371,0.20317910611629486
1000,5.0,1.0338953100711687,1e-05,gaussian,7,0.2,0.02,0.2,0.19839246571063995,0.020016035065054893,0.2001994401216507
1000,5.0,1.0338953100711687,1e-05,edge_flip,7,0.2,0.02,0.2,0.19898191094398499,0.02109304815530777,0.19702571630477905
1000,5.0,1.0338953100711687,1e-05,sbm_dpsgd,8,0.2,0.02,0.2,0.20632389187812805,0.005453029181808233,0.2029941976070404
1000,5.0,1.0338953100711687,1e-05,gaussian,8,0.2,0.02,0.2,0.2023855745792389,0.020111005753278732,0.20029976963996887
1000,5.0,1.0338953100711687,1e-05,edge_flip,8,0.2,0.02,0.2,0.20388926565647125,0.020394600927829742,0.20085377991199493
1000,5.0,1.0338953100711687,1e-05,sbm_dpsgd,9,0.2,0.02,0.2,0.2022680789232254,0.005663089454174042,0.20288196206092834
1000,5.0,1.0338953100711687,1e-05,gaussian,9,0.2,0.02,0.2,0.20051327347755432,0.01996367983520031,0.2003362476825714
1000,5.0,1.0338953100711687,1e-05,edge_flip,9,0.2,0.02,0.2,0.19646920263767242,0.01754191145300865,0.19810499250888824
1000,5.0,1.0338953100711687,1e-05,sbm_dpsgd,10,0.2,0.02,0.2,0.20241965353488922,0.005589351058006287,0.2021331936120987
1000,5.0,1.0338953100711687,1e-05,gaussian,10,0.2,0.02,0.2,0.1997293084859848,0.020553240552544594,0.2002595216035843
1000,5.0,1.0338953100711687,1e-05,edge_flip,10,0.2,0.02,0.2,0.20009490847587585,0.02076486311852932,0.2013765573501587
1000,5.0,1.0338953100711687,1e-05,sbm_dpsgd,11,0.2,0.02,0.2,0.20446188747882843,0.005836383439600468,0.2027859091758728
1000,5.0,1.0338953100711687,1e-05,gaussian,11,0.2,0.02,0.2,0.20171383023262024,0.020152699202299118,0.19973339140415192
1000,5.0,1.0338953100711687,1e-05,edge_flip,11,0.2,0.02,0.2,0.20218601822853088,0.022178584709763527,0.1983073502779007
1000,5.0,1.0338953100711687,1e-05,sbm_dpsgd,12,0.2,0.02,0.2,0.20285271108150482,0.005507218651473522,0.20009803771972656
1000,5.0,1.0338953100711687,1e-05,gaussian,12,0.2,0.02,0.2,0.20082581043243408,0.019487066194415092,0.1979837864637375
1000,5.0,1.0338953100711687,1e-05,edge_flip,12,0.2,0.02,0.2,0.19737985730171204,0.019325895234942436,0.19743044674396515
1000,5.0,1.0338953100711687,1e-05,sbm_dpsgd,13,0.2,0.02,0.2,0.2042321115732193,0.005543490406125784,0.20422683656215668
1000,5.0,1.0338953100711687,1e-05,gaussian,13,0.2,0.02,0.2,0.20159770548343658,0.020330145955085754,0.19990557432174683
1000,5.0,1.0338953100711687,1e-05,edge_flip,13,0.2,0.02,0.2,0.20159578323364258,0.020815351977944374,0.19947095215320587
1000,5.0,1.0338953100711687,1e-05,sbm_dpsgd,14,0.2,0.02,0.2,0.2033359259366989,0.005741154309362173,0.20127004384994507
1000,5.0,1.0338953100711687,1e-05,gaussian,14,0.2,0.02,0.2,0.2001585215330124,0.02037179097533226,0.1996990442276001
1000,5.0,1.0338953100711687,1e-05,edge_flip,14,0.2,0.02,0.2,0.19992627203464508,0.017306290566921234,0.20412535965442657
1000,5.0,1.0338953100711687,1e-05,sbm_dpsgd,15,0.2,0.02,0.2,0.20189623534679413,0.0055746035650372505,0.20155899226665497
1000,5.0,1.0338953100711687,1e-05,gaussian,15,0.2,0.02,0.2,0.20078666508197784,0.019875038415193558,0.19950668513774872
1000,5.0,1.0338953100711687,1e-05,edge_flip,15,0.2,0.02,0.2,0.19928544759750366,0.021522214636206627,0.19479969143867493
1000,5.0,1.0338953100711687,1e-05,sbm_dpsgd,16,0.2,0.02,0.2,0.20225951075553894,0.005583329126238823,0.20037177205085754
1000,5.0,1.0338953100711687,1e-05,gaussian,16,0.2,0.02,0.2,0.2000557780265808,0.019621549174189568,0.1988944709300995
1000,5.0,1.0338953100711687,1e-05,edge_flip,16,0.2,0.02,0.2,0.20171383023262024,0.018341338261961937,0.19827362895011902
1000,5.0,1.0338953100711687,1e-05,sbm_dpsgd,17,0.2,0.02,0.2,0.2009696513414383,0.005672427825629711,0.20374847948551178
1000,5.0,1.0338953100711687,1e-05,gaussian,17,0.2,0.02,0.2,0.2003396898508072,0.01974158175289631,0.20187820494174957
1000,5.0,1.0338953100711687,1e-05,edge_flip,17,0.2,0.02,0.2,0.19798694550991058,0.016843464225530624,0.2035013884305954
1000,5.0,1.0338953100711687,1e-05,sbm_dpsgd,18,0.2,0.02,0.2,0.20039553940296173,0.005540366750210524,0.20318637788295746
1000,5.0,1.0338953100711687,1e-05,gaussian,18,0.2,0.02,0.2,0.19710806012153625,0.019938858225941658,0.20181527733802795
1000,5.0,1.0338953100711687,1e-05,edge_flip,18,0.2,0.02,0.2,0.19734612107276917,0.020983653143048286,0.19945409893989563
1000,5.0,1.0338953100711687,1e-05,sbm_dpsgd,19,0.2,0.02,0.2,0.2015097290277481,0.005698010791093111,0.2030879408121109
1000,5.0,1.0338953100711687,1e-05,gaussian,19,0.2,0.02,0.2,0.20037229359149933,0.019535712897777557,0.20043262839317322
1000,5.0,1.0338953100711687,1e-05,edge_flip,19,0.2,0.02,0.2,0.19994314014911652,0.019468950107693672,0.20125851035118103
1000,10.0,0.5431122541136532,1e-05,sbm_dpsgd,0,0.2,0.02,0.2,0.20283205807209015,0.005441106855869293,0.2023206204175949
1000,10.0,0.5431122541136532,1e-05,gaussian,0,0.2,0.02,0.2,0.19919291138648987,0.020019937306642532,0.1993846595287323
1000,10.0,0.5431122541136532,1e-05,edge_flip,0,0.2,0.02,0.2,0.1920263022184372,0.024869108572602272,0.20279207825660706
1000,10.0,0.5431122541136532,1e-05,sbm_dpsgd,1,0.2,0.02,0.2,0.20338009297847748,0.005651054438203573,0.20264269411563873
1000,10.0,0.5431122541136532,1e-05,gaussian,1,0.2,0.02,0.2,0.20068691670894623,0.019756710156798363,0.19962234795093536
1000,10.0,0.5431122541136532,1e-05,edge_flip,1,0.2,0.02,0.2,0.20318521559238434,0.020764566957950592,0.20475773513317108
1000,10.0,0.5431122541136532,1e-05,sbm_dpsgd,2,0.2,0.02,0.2,0.20270904898643494,0.00547843286767602,0.20371273159980774
1000,10.0,0.5431122541136532,1e-05,gaussian,2,0.2,0.02,0.2,0.20075105130672455,0.020646408200263977,0.20186014473438263
1000,10.0,0.5431122541136532,1e-05,edge_flip,2,0.2,0.02,0.2,0.20022159814834595,0.016056416556239128,0.205423042178154
1000,10.0,0.5431122541136532,1e-05,sbm_dpsgd,3,0.2,0.02,0.2,0.2025631219148636,0.005634361878037453,0.20262610912322998
1000,10.0,0.5431122541136532,1e-05,gaussian,3,0.2,0.02,0.2,0.20091837644577026,0.020396262407302856,0.19943970441818237
1000,10.0,0.5431122541136532,1e-05,edge_flip,3,0.2,0.02,0.2,0.20007039606571198,0.023692071437835693,0.2039412409067154
1000,10.0,0.5431122541136532,1e-05,sbm_dpsgd,4,0.2,0.02,0.2,0.20250816643238068,0.005672648549079895,0.20149002969264984
1000,10.0,0.5431122541136532,1e-05,gaussian,4,0.2,0.02,0.2,0.19970369338989258,0.019798392429947853,0.2003202736377716
1000,10.0,0.5431122541136532,1e-05,edge_flip,4,0.2,0.02,0.2,0.20593713223934174,0.015754612162709236,0.19786280393600464
1000,10.0,0.5431122541136532,1e-05,sbm_dpsgd,5,0.2,0.02,0.2,0.20329108834266663,0.00563731649890542,0.20188623666763306
1000,10.0,0.5431122541136532,1e-05,gaussian,5,0.2,0.02,0.2,0.20169000327587128,0.02015809901058674,0.20145893096923828
1000,10.0,0.5431122541136532,1e-05,edge_flip,5,0.2,0.02,0.2,0.20385050773620605,0.017655979841947556,0.199919193983078
1000,10.0,0.5431122541136532,1e-05,sbm_dpsgd,6,0.2,0.02,0.2,0.19883957505226135,0.0056602866388857365,0.2034635841846466
1000,10.0,0.5431122541136532,1e-05,gaussian,6,0.2,0.02,0.2,0.19667081534862518,0.020067516714334488,0.2002222239971161
1000,10.0,0.5431122541136532,1e-05,edge_flip,6,0.2,0.02,0.2,0.19498991966247559,0.025020010769367218,0.21404170989990234
1000,10.0,0.5431122541136532,1e-05,sbm_dpsgd,7,0.2,0.02,0.2,0.20422352850437164,0.0054866657592356205,0.20173655450344086
1000,10.0,0.5431122541136532,1e-05,gaussian,7,0.2,0.02,0.2,0.2015894651412964,0.019507497549057007,0.19950710237026215
1000,10.0,0.5431122541136532,1e-05,edge_flip,7,0.2,0.02,0.2,0.21198531985282898,0.019270634278655052,0.19656245410442352
1000,10.0,0.5431122541136532,1e-05,sbm_dpsgd,8,0.2,0.02,0.2,0.20326918363571167,0.005716594867408276,0.19981296360492706
1000,10.0,0.5431122541136532,1e-05,gaussian,8,0.2,0.02,0.2,0.20003028213977814,0.01997574232518673,0.19844479858875275
1000,10.0,0.5431122541136532,1e-05,edge_flip,8,0.2,0.02,0.2,0.20569521188735962,0.021006010472774506,0.21316471695899963
1000,10.0,0.5431122541136532,1e-05,sbm_dpsgd,9,0.2,0.02,0.2,0.20249857008457184,0.005558602977544069,0.20138254761695862
1000,10.0,0.5431122541136532,1e-05,gaussian,9,0.2,0.02,0.2,0.19994361698627472,0.019979076460003853,0.19990967214107513
1000,10.0,0.5431122541136532,1e-05,edge_flip,9,0.2,0.02,0.2,0.20448556542396545,0.01863684505224228,0.19562497735023499
1000,10.0,0.5431122541136532,1e-05,sbm_dpsgd,10,0.2,0.02,0.2,0.20256951451301575,0.005681002512574196,0.20168614387512207
1000,10.0,0.5431122541136532,1e-05,gaussian,10,0.2,0.02,0.2,0.20199164748191833,0.02016054093837738,0.1997334063053131
1000,10.0,0.5431122541136532,1e-05,edge_flip,10,0.2,0.02,0.2,0.20911243557929993,0.024748386815190315,0.20233847200870514
1000,10.0,0.5431122541136532,1e-05,sbm_dpsgd,11,0.2,0.02,0.2,0.20451390743255615,0.005621717311441898,0.20072346925735474
1000,10.0,0.5431122541136532,1e-05,gaussian,11,0.2,0.02,0.2,0.201083242893219,0.019913405179977417,0.1995762437582016
1000,10.0,0.5431122541136532,1e-05,edge_flip,11,0.2,0.02,0.2,0.19976799190044403,0.01896882988512516,0.18322619795799255
1000,10.0,0.5431122541136532,1e-05,sbm_dpsgd,12,0.2,0.02,0.2,0.20222608745098114,0.0055871750228106976,0.20237533748149872
1000,10.0,0.5431122541136532,1e-05,gaussian,12,0.2,0.02,0.2,0.20038847625255585,0.019666258245706558,0.19852043688297272
1000,10.0,0.5431122541136532,1e-05,edge_flip,12,0.2,0.02,0.2,0.20406219363212585,0.019421536475419998,0.20158244669437408
1000,10.0,0.5431122541136532,1e-05,sbm_dpsgd,13,0.2,0.02,0.2,0.20178259909152985,0.005641612224280834,0.20351605117321014
1000,10.0,0.5431122541136532,1e-05,gaussian,13,0.2,0.02,0.2,0.1995815485715866,0.01986508257687092,0.2003822773694992
1000,10.0,0.5431122541136532,1e-05,edge_flip,13,0.2,0.02,0.2,0.19517137110233307,0.02124745398759842,0.195473775267601
1000,10.0,0.5431122541136532,1e-05,sbm_dpsgd,14,0.2,0.02,0.2,0.20497116446495056,0.005420445464551449,0.2024518847465515
1000,10.0,0.5431122541136532,1e-05,gaussian,14,0.2,0.02,0.2,0.20172934234142303,0.02062591351568699,0.19879308342933655
1000,10.0,0.5431122541136532,1e-05,edge_flip,14,0.2,0.02,0.2,0.21186436712741852,0.020538214594125748,0.19432461261749268
1000,10.0,0.5431122541136532,1e-05,sbm_dpsgd,15,0.2,0.02,0.2,0.20364674925804138,0.005617766175419092,0.20282143354415894
1000,10.0,0.5431122541136532,1e-05,gaussian,15,0.2,0.02,0.2,0.2009858936071396,0.019848352298140526,0.20019879937171936
1000,10.0,0.5431122541136532,1e-05,edge_flip,15,0.2,0.02,0.2,0.2037295550107956,0.017610710114240646,0.1960785984992981
1000,10.0,0.5431122541136532,1e-05,sbm_dpsgd,16,0.2,0.02,0.2,0.20149199664592743,0.005689685232937336,0.20212730765342712
1000,10.0,0.5431122541136532,1e-05,gaussian,16,0.2,0.02,0.2,0.20018038153648376,0.01983571983873844,0.19994141161441803
1000,10.0,0.5431122541136532,1e-05,edge_flip,16,0.2,0.02,0.2,0.20037280023097992,0.018410490825772285,0.19952605664730072
1000,10.0,0.5431122541136532,1e-05,sbm_dpsgd,17,0.2,0.02,0.2,0.20332124829292297,0.00561669422313571,0.2030481994152069
1000,10.0,0.5431122541136532,1e-05,gaussian,17,0.2,0.02,0.2,0.20128314197063446,0.019814524799585342,0.20037926733493805
1000,10.0,0.5431122541136532,1e-05,edge_flip,17,0.2,0.02,0.2,0.19783256947994232,0.01788233406841755,0.20058448612689972
1000,10.0,0.5431122541136532,1e-05,sbm_dpsgd,18,0.2,0.02,0.2,0.2064506858587265,0.005835821386426687,0.20172232389450073
1000,10.0,0.5431122541136532,1e-05,gaussian,18,0.2,0.02,0.2,0.2027905136346817,0.020287886261940002,0.1999211311340332
1000,10.0,0.5431122541136532,1e-05,edge_flip,18,0.2,0.02,0.2,0.20596738159656525,0.01675056666135788,0.2071165293455124
1000,10.0,0.5431122541136532,1e-05,sbm_dpsgd,19,0.2,0.02,0.2,0.20300716161727905,0.005404531490057707,0.2041538953781128
1000,10.0,0.5431122541136532,1e-05,gaussian,19,0.2,0.02,0.2,0.20078176259994507,0.01992386020720005,0.20138144493103027
1000,10.0,0.5431122541136532,1e-05,edge_flip,19,0.2,0.02,0.2,0.19595763087272644,0.02272629737854004,0.1994655728340149
1000,20.0,0.40561225411365304,1e-05,sbm_dpsgd,0,0.2,0.02,0.2,0.20319005846977234,0.005692598409950733,0.20273469388484955
1000,20.0,0.40561225411365304,1e-05,gaussian,0,0.2,0.02,0.2,0.19906815886497498,0.019985239952802658,0.1993684321641922
1000,20.0,0.40561225411365304,1e-05,edge_flip,0,0.2,0.02,0.2,0.20439296960830688,0.02112911082804203,0.1877255141735077
1000,20.0,0.40561225411365304,1e-05,sbm_dpsgd,1,0.2,0.02,0.2,0.20341911911964417,0.0057248882949352264,0.2026720941066742
1000,20.0,0.40561225411365304,1e-05,gaussian,1,0.2,0.02,0.2,0.20055194199085236,0.01996098831295967,0.1998411864042282
1000,20.0,0.40561225411365304,1e-05,edge_flip,1,0.2,0.02,0.2,0.19649995863437653,0.020769238471984863,0.18616293370723724
1000,20.0,0.40561225411365304,1e-05,sbm_dpsgd,2,0.2,0.02,0.2,0.2055106908082962,0.005669188220053911,0.20172223448753357
1000,20.0,0.40561225411365304,1e-05,gaussian,2,0.2,0.02,0.2,0.2026655673980713,0.02007213607430458,0.19984781742095947
1000,20.0,0.40561225411365304,1e-05,edge_flip,2,0.2,0.02,0.2,0.19998571276664734,0.017870262265205383,0.1964198350906372
1000,20.0,0.40561225411365304,1e-05,sbm_dpsgd,3,0.2,0.02,0.2,0.20167803764343262,0.005735006649047136,0.20183144509792328
1000,20.0,0.40561225411365304,1e-05,gaussian,3,0.2,0.02,0.2,0.19893187284469604,0.02051335945725441,0.19884462654590607
1000,20.0,0.40561225411365304,1e-05,edge_flip,3,0.2,0.02,0.2,0.19629964232444763,0.016250833868980408,0.20723766088485718
1000,20.0,0.40561225411365304,1e-05,sbm_dpsgd,4,0.2,0.02,0.2,0.20278017222881317,0.005711001344025135,0.20296506583690643
1000,20.0,0.40561225411365304,1e-05,gaussian,4,0.2,0.02,0.2,0.200713649392128,0.019956398755311966,0.19955916702747345
1000,20.0,0.40561225411365304,1e-05,edge_flip,4,0.2,0.02,0.2,0.19818273186683655,0.014951292425394058,0.19658009707927704
1000,20.0,0.40561225411365304,1e-05,sbm_dpsgd,5,0.2,0.02,0.2,0.20237676799297333,0.005657399073243141,0.20053982734680176
1000,20.0,0.40561225411365304,1e-05,gaussian,5,0.2,0.02,0.2,0.1993010938167572,0.020495127886533737,0.19866442680358887
1000,20.0,0.40561225411365304,1e-05,edge_flip,5,0.2,0.02,0.2,0.19333474338054657,0.017770297825336456,0.18528148531913757
1000,20.0,0.40561225411365304,1e-05,sbm_dpsgd,6,0.2,0.02,0.2,0.2032366544008255,0.00565298879519105,0.20466141402721405
1000,20.0,0.40561225411365304,1e-05,gaussian,6,0.2,0.02,0.2,0.20073965191841125,0.019754622131586075,0.1998339593410492
1000,20.0,0.40561225411365304,1e-05,edge_flip,6,0.2,0.02,0.2,0.21388861536979675,0.02182886376976967,0.1905701905488968
1000,20.0,0.40561225411365304,1e-05,sbm_dpsgd,7,0.2,0.02,0.2,0.20405781269073486,0.005676038097590208,0.2019062489271164
1000,20.0,0.40561225411365304,1e-05,gaussian,7,0.2,0.02,0.2,0.20127761363983154,0.02017555944621563,0.2002764791250229
1000,20.0,0.40561225411365304,1e-05,edge_flip,7,0.2,0.02,0.2,0.19934464991092682,0.021149104461073875,0.20359164476394653
1000,20.0,0.40561225411365304,1e-05,sbm_dpsgd,8,0.2,0.02,0.2,0.20299062132835388,0.005624788347631693,0.20287010073661804
1000,20.0,0.40561225411365304,1e-05,gaussian,8,0.2,0.02,0.2,0.20014284551143646,0.02034814842045307,0.20005057752132416
1000,20.0,0.40561225411365304,1e-05,edge_flip,8,0.2,0.02,0.2,0.19149170815944672,0.014431476593017578,0.2010674923658371
1000,20.0,0.40561225411365304,1e-05,sbm_dpsgd,9,0.2,0.02,0.2,0.20400147140026093,0.005775841418653727,0.20171722769737244
1000,20.0,0.40561225411365304,1e-05,gaussian,9,0.2,0.02,0.2,0.2000625729560852,0.019922805950045586,0.20070132613182068
1000,20.0,0.40561225411365304,1e-05,edge_flip,9,0.2,0.02,0.2,0.18920795619487762,0.016690678894519806,0.20142808556556702
1000,20.0,0.40561225411365304,1e-05,sbm_dpsgd,10,0.2,0.02,0.2,0.20267696678638458,0.0056610447354614735,0.20431724190711975
1000,20.0,0.40561225411365304,1e-05,gaussian,10,0.2,0.02,0.2,0.2000744491815567,0.019988419488072395,0.20142018795013428
1000,20.0,0.40561225411365304,1e-05,edge_flip,10,0.2,0.02,0.2,0.19145165383815765,0.016870614141225815,0.20575521886348724
1000,20.0,0.40561225411365304,1e-05,sbm_dpsgd,11,0.2,0.02,0.2,0.2022683024406433,0.005796079058200121,0.19885723292827606
1000,20.0,0.40561225411365304,1e-05,gaussian,11,0.2,0.02,0.2,0.19988848268985748,0.020236028358340263,0.19865481555461884
1000,20.0,0.40561225411365304,1e-05,edge_flip,11,0.2,0.02,0.2,0.20555488765239716,0.026307282969355583,0.19437646865844727
1000,20.0,0.40561225411365304,1e-05,sbm_dpsgd,12,0.2,0.02,0.2,0.20206987857818604,0.005444883368909359,0.20180906355381012
1000,20.0,0.40561225411365304,1e-05,gaussian,12,0.2,0.02,0.2,0.1989673674106598,0.01983778178691864,0.19967493414878845
1000,20.0,0.40561225411365304,1e-05,edge_flip,12,0.2,0.02,0.2,0.20819924771785736,0.01711053028702736,0.19810260832309723
1000,20.0,0.40561225411365304,1e-05,sbm_dpsgd,13,0.2,0.02,0.2,0.20200273394584656,0.005719359964132309,0.204559788107872
1000,20.0,0.40561225411365304,1e-05,gaussian,13,0.2,0.02,0.2,0.19963274896144867,0.020106133073568344,0.20116876065731049
1000,20.0,0.40561225411365304,1e-05,edge_flip,13,0.2,0.02,0.2,0.19097085297107697,0.018090184777975082,0.2029505968093872
1000,20.0,0.40561225411365304,1e-05,sbm_dpsgd,14,0.2,0.02,0.2,0.2004701793193817,0.005485062953084707,0.2007855474948883
1000,20.0,0.40561225411365304,1e-05,gaussian,14,0.2,0.02,0.2,0.19853928685188293,0.01974647492170334,0.20029591023921967
1000,20.0,0.40561225411365304,1e-05,edge_flip,14,0.2,0.02,0.2,0.1895284801721573,0.019649634137749672,0.19682049751281738
1000,20.0,0.40561225411365304,1e-05,sbm_dpsgd,15,0.2,0.02,0.2,0.20251606404781342,0.005772068165242672,0.20426373183727264
1000,20.0,0.40561225411365304,1e-05,gaussian,15,0.2,0.02,0.2,0.2004917711019516,0.02008509822189808,0.2006201148033142
1000,20.0,0.40561225411365304,1e-05,edge_flip,15,0.2,0.02,0.2,0.19814267754554749,0.014031616970896721,0.18512122333049774
1000,20.0,0.40561225411365304,1e-05,sbm_dpsgd,16,0.2,0.02,0.2,0.20308330655097961,0.005690285004675388,0.20378437638282776
1000,20.0,0.40561225411365304,1e-05,gaussian,16,0.2,0.02,0.2,0.20016834139823914,0.019863087683916092,0.2008325755596161
1000,20.0,0.40561225411365304,1e-05,edge_flip,16,0.2,0.02,0.2,0.20186881721019745,0.017170509323477745,0.18968874216079712
1000,20.0,0.40561225411365304,1e-05,sbm_dpsgd,17,0.2,0.02,0.2,0.20241151750087738,0.0056486306712031364,0.2039249986410141
1000,20.0,0.40561225411365304,1e-05,gaussian,17,0.2,0.02,0.2,0.19997058808803558,0.020211627706885338,0.19963674247264862
1000,20.0,0.40561225411365304,1e-05,edge_flip,17,0.2,0.02,0.2,0.19385561347007751,0.02198880724608898,0.19674035906791687
1000,20.0,0.40561225411365304,1e-05,sbm_dpsgd,18,0.2,0.02,0.2,0.20410273969173431,0.005568560212850571,0.20287953317165375
1000,20.0,0.40561225411365304,1e-05,gaussian,18,0.2,0.02,0.2,0.20061494410037994,0.020806241780519485,0.19994966685771942
1000,20.0,0.40561225411365304,1e-05,edge_flip,18,0.2,0.02,0.2,0.2005065679550171,0.025867437943816185,0.2005866914987564
1000,20.0,0.40561225411365304,1e-05,sbm_dpsgd,19,0.2,0.02,0.2,0.20078742504119873,0.005676708649843931,0.20327578485012054
1000,20.0,0.40561225411365304,1e-05,gaussian,19,0.2,0.02,0.2,0.1990811675786972,0.019968608394265175,0.2002912163734436
1000,20.0,0.40561225411365304,1e-05,edge_flip,19,0.2,0.02,0.2,0.19834300875663757,0.02182886376976967,0.20719759166240692
2000,1.0,5.635918426327381,1e-05,sbm_dpsgd,0,0.2,0.02,0.2,0.2025664746761322,0.008288244716823101,0.20314666628837585
2000,1.0,5.635918426327381,1e-05,gaussian,0,0.2,0.02,0.2,0.20081141591072083,0.019996417686343193,0.19950629770755768
2000,1.0,5.635918426327381,1e-05,edge_flip,0,0.2,0.02,0.2,0.20073123276233673,0.019949108362197876,0.19945891201496124
2000,1.0,5.635918426327381,1e-05,sbm_dpsgd,1,0.2,0.02,0.2,0.20280112326145172,0.008373916149139404,0.20195239782333374
2000,1.0,5.635918426327381,1e-05,gaussian,1,0.2,0.02,0.2,0.19973328709602356,0.01998755894601345,0.19933773577213287
2000,1.0,5.635918426327381,1e-05,edge_flip,1,0.2,0.02,0.2,0.19963030517101288,0.019849399104714394,0.19928954541683197
2000,1.0,5.635918426327381,1e-05,sbm_dpsgd,2,0.2,0.02,0.2,0.20323143899440765,0.008234563283622265,0.20260782539844513
2000,1.0,5.635918426327381,1e-05,gaussian,2,0.2,0.02,0.2,0.20013366639614105,0.019924508407711983,0.19958998262882233
2000,1.0,5.635918426327381,1e-05,edge_flip,2,0.2,0.02,0.2,0.20014648139476776,0.01993601582944393,0.19946496188640594
2000,1.0,5.635918426327381,1e-05,sbm_dpsgd,3,0.2,0.02,0.2,0.20285628736019135,0.008362465538084507,0.20165957510471344
2000,1.0,5.635918426327381,1e-05,gaussian,3,0.2,0.02,0.2,0.1996895670890808,0.020063456147909164,0.1991506963968277
2000,1.0,5.635918426327381,1e-05,edge_flip,3,0.2,0.02,0.2,0.19956377148628235,0.020040759816765785,0.19907379150390625
2000,1.0,5.635918426327381,1e-05,sbm_dpsgd,4,0.2,0.02,0.2,0.20298688113689423,0.008263062685728073,0.20250195264816284
2000,1.0,5.635918426327381,1e-05,gaussian,4,0.2,0.02,0.2,0.20079009234905243,0.02021358348429203,0.19923599064350128
2000,1.0,5.635918426327381,1e-05,edge_flip,4,0.2,0.02,0.2,0.2007453441619873,0.02032477967441082,0.19925527274608612
2000,1.0,5.635918426327381,1e-05,sbm_dpsgd,5,0.2,0.02,0.2,0.20128969848155975,0.008266947232186794,0.20182013511657715
2000,1.0,5.635918426327381,1e-05,gaussian,5,0.2,0.02,0.2,0.19925864040851593,0.020018067210912704,0.19949713349342346
2000,1.0,5.635918426327381,1e-05,edge_flip,5,0.2,0.02,0.2,0.19917260110378265,0.020028674975037575,0.19948512315750122
2000,1.0,5.635918426327381,1e-05,sbm_dpsgd,6,0.2,0.02,0.2,0.20281176269054413,0.008184436708688736,0.20294220745563507
2000,1.0,5.635918426327381,1e-05,gaussian,6,0.2,0.02,0.2,0.20088021457195282,0.020006973296403885,0.20028769969940186
2000,1.0,5.635918426327381,1e-05,edge_flip,6,0.2,0.02,0.2,0.20102158188819885,0.01997227407991886,0.20022310316562653
2000,1.0,5.635918426327381,1e-05,sbm_dpsgd,7,0.2,0.02,0.2,0.20215462148189545,0.008389009162783623,0.2016010582447052
2000,1.0,5.635918426327381,1e-05,gaussian,7,0.2,0.02,0.2,0.1998196393251419,0.01987806148827076,0.19951242208480835
2000,1.0,5.635918426327381,1e-05,edge_flip,7,0.2,0.02,0.2,0.19986823201179504,0.019819185137748718,0.1995536834001541
2000,1.0,5.635918426327381,1e-05,sbm_dpsgd,8,0.2,0.02,0.2,0.20296069979667664,0.008244761265814304,0.20129814743995667
2000,1.0,5.635918426327381,1e-05,gaussian,8,0.2,0.02,0.2,0.20037683844566345,0.019903166219592094,0.19939328730106354
2000,1.0,5.635918426327381,1e-05,edge_flip,8,0.2,0.02,0.2,0.20033198595046997,0.01986047811806202,0.19946496188640594
2000,1.0,5.635918426327381,1e-05,sbm_dpsgd,9,0.2,0.02,0.2,0.2019563466310501,0.00818650797009468,0.20296210050582886
2000,1.0,5.635918426327381,1e-05,gaussian,9,0.2,0.02,0.2,0.19873353838920593,0.02003169246017933,0.19996504485607147
2000,1.0,5.635918426327381,1e-05,edge_flip,9,0.2,0.02,0.2,0.1986604481935501,0.020006516948342323,0.1999267041683197
2000,1.0,5.635918426327381,1e-05,sbm_dpsgd,10,0.2,0.02,0.2,0.20209452509880066,0.008100132457911968,0.2018125057220459
2000,1.0,5.635918426327381,1e-05,gaussian,10,0.2,0.02,0.2,0.19995656609535217,0.0199506264179945,0.199384868144989
2000,1.0,5.635918426327381,1e-05,edge_flip,10,0.2,0.02,0.2,0.1997593492269516,0.019844364374876022,0.19936616718769073
2000,1.0,5.635918426327381,1e-05,sbm_dpsgd,11,0.2,0.02,0.2,0.20187361538410187,0.008251332677900791,0.20270246267318726
2000,1.0,5.635918426327381,1e-05,gaussian,11,0.2,0.02,0.2,0.19971433281898499,0.020078513771295547,0.19979597628116608
2000,1.0,5.635918426327381,1e-05,edge_flip,11,0.2,0.02,0.2,0.19987629354000092,0.02005888894200325,0.19998115301132202
2000,1.0,5.635918426327381,1e-05,sbm_dpsgd,12,0.2,0.02,0.2,0.2014777660369873,0.008295816369354725,0.2018878161907196
2000,1.0,5.635918426327381,1e-05,gaussian,12,0.2,0.02,0.2,0.19947177171707153,0.019719596952199936,0.19960634410381317
2000,1.0,5.635918426327381,1e-05,edge_flip,12,0.2,0.02,0.2,0.1993742287158966,0.019786955788731575,0.19953957200050354
2000,1.0,5.635918426327381,1e-05,sbm_dpsgd,13,0.2,0.02,0.2,0.20274685323238373,0.008186828345060349,0.20236749947071075
2000,1.0,5.635918426327381,1e-05,gaussian,13,0.2,0.02,0.2,0.20060782134532928,0.020079752430319786,0.20002229511737823
2000,1.0,5.635918426327381,1e-05,edge_flip,13,0.2,0.02,0.2,0.20063242316246033,0.020019609481096268,0.20012027025222778
2000,1.0,5.635918426327381,1e-05,sbm_dpsgd,14,0.2,0.02,0.2,0.20194900035858154,0.00822505820542574,0.20332884788513184
2000,1.0,5.635918426327381,1e-05,gaussian,14,0.2,0.02,0.2,0.20022600889205933,0.020084349438548088,0.20035235583782196
2000,1.0,5.635918426327381,1e-05,edge_flip,14,0.2,0.02,0.2,0.20027956366539001,0.020153561607003212,0.20020899176597595
2000,1.0,5.635918426327381,1e-05,sbm_dpsgd,15,0.2,0.02,0.2,0.20309510827064514,0.008295191451907158,0.20379257202148438
2000,1.0,5.635918426327381,1e-05,gaussian,15,0.2,0.02,0.2,0.20014847815036774,0.019871771335601807,0.20155678689479828
2000,1.0,5.635918426327381,1e-05,edge_flip,15,0.2,0.02,0.2,0.200007364153862,0.019813142716884613,0.20168696343898773
2000,1.0,5.635918426327381,1e-05,sbm_dpsgd,16,0.2,0.02,0.2,0.2028336375951767,0.008248354308307171,0.2025248408317566
2000,1.0,5.635918426327381,1e-05,gaussian,16,0.2,0.02,0.2,0.20028454065322876,0.02001512609422207,0.19996541738510132
2000,1.0,5.635918426327381,1e-05,edge_flip,16,0.2,0.02,0.2,0.2001626193523407,0.019987380132079124,0.20002348721027374
2000,1.0,5.635918426327381,1e-05,sbm_dpsgd,17,0.2,0.02,0.2,0.20173344016075134,0.008309455588459969,0.2011607438325882
2000,1.0,5.635918426327381,1e-05,gaussian,17,0.2,0.02,0.2,0.19982728362083435,0.01997511088848114,0.19884011149406433
2000,1.0,5.635918426327381,1e-05,edge_flip,17,0.2,0.02,0.2,0.199858158826828,0.01988263614475727,0.19867254793643951
2000,1.0,5.635918426327381,1e-05,sbm_dpsgd,18,0.2,0.02,0.2,0.2016596496105194,0.00820679496973753,0.20204372704029083
2000,1.0,5.635918426327381,1e-05,gaussian,18,0.2,0.02,0.2,0.19932743906974792,0.019823279231786728,0.20000842213630676
2000,1.0,5.635918426327381,1e-05,edge_flip,18,0.2,0.02,0.2,0.19940246641635895,0.01984335668385029,0.19989646971225739
2000,1.0,5.635918426327381,1e-05,sbm_dpsgd,19,0.2,0.02,0.2,0.20221011340618134,0.008170045912265778,0.20202293992042542
2000,1.0,5.635918426327381,1e-05,gaussian,19,0.2,0.02,0.2,0.1995621621608734,0.020259559154510498,0.20009763538837433
2000,1.0,5.635918426327381,1e-05,edge_flip,19,0.2,0.02,0.2,0.19965046644210815,0.020222049206495285,0.2001384198665619
2000,2.0,2.668102829441137,1e-05,sbm_dpsgd,0,0.2,0.02,0.2,0.20339210331439972,0.008286593481898308,0.2022559493780136
2000,2.0,2.668102829441137,1e-05,gaussian,0,0.2,0.02,0.2,0.2004917412996292,0.020220158621668816,0.19951827824115753
2000,2.0,2.668102829441137,1e-05,edge_flip,0,0.2,0.02,0.2,0.20007792115211487,0.020058948546648026,0.19918762147426605
2000,2.0,2.668102829441137,1e-05,sbm_dpsgd,1,0.2,0.02,0.2,0.20378327369689941,0.008278969675302505,0.2036023586988449
2000,2.0,2.668102829441137,1e-05,gaussian,1,0.2,0.02,0.2,0.2008967250585556,0.020029617473483086,0.20080068707466125
2000,2.0,2.668102829441137,1e-05,edge_flip,1,0.2,0.02,0.2,0.20068755745887756,0.0198038462549448,0.20037469267845154
2000,2.0,2.668102829441137,1e-05,sbm_dpsgd,2,0.2,0.02,0.2,0.20093880593776703,0.008223304525017738,0.20184031128883362
2000,2.0,2.668102829441137,1e-05,gaussian,2,0.2,0.02,0.2,0.19921617209911346,0.020114129409193993,0.1996234506368637
2000,2.0,2.668102829441137,1e-05,edge_flip,2,0.2,0.02,0.2,0.19881953299045563,0.020206036046147346,0.19941766560077667
2000,2.0,2.668102829441137,1e-05,sbm_dpsgd,3,0.2,0.02,0.2,0.2032284140586853,0.00814542081207037,0.20189766585826874
2000,2.0,2.668102829441137,1e-05,gaussian,3,0.2,0.02,0.2,0.20061823725700378,0.02016114816069603,0.1994083672761917
2000,2.0,2.668102829441137,1e-05,edge_flip,3,0.2,0.02,0.2,0.20037469267845154,0.02007044106721878,0.19938775897026062
2000,2.0,2.668102829441137,1e-05,sbm_dpsgd,4,0.2,0.02,0.2,0.2021878957748413,0.008141335099935532,0.20217058062553406
2000,2.0,2.668102829441137,1e-05,gaussian,4,0.2,0.02,0.2,0.1995880901813507,0.020114026963710785,0.19914193451404572
2000,2.0,2.668102829441137,1e-05,edge_flip,4,0.2,0.02,0.2,0.20019064843654633,0.020055502653121948,0.19890464842319489
2000,2.0,2.668102829441137,1e-05,sbm_dpsgd,5,0.2,0.02,0.2,0.203109011054039,0.008259202353656292,0.20272430777549744
2000,2.0,2.668102829441137,1e-05,gaussian,5,0.2,0.02,0.2,0.20091986656188965,0.02028282731771469,0.19976721704006195
2000,2.0,2.668102829441137,1e-05,edge_flip,5,0.2,0.02,0.2,0.201340913772583,0.020580647513270378,0.1999513953924179
2000,2.0,2.668102829441137,1e-05,sbm_dpsgd,6,0.2,0.02,0.2,0.20318864285945892,0.008373047225177288,0.20286400616168976
2000,2.0,2.668102829441137,1e-05,gaussian,6,0.2,0.02,0.2,0.20005713403224945,0.02010410837829113,0.19977346062660217
2000,2.0,2.668102829441137,1e-05,edge_flip,6,0.2,0.02,0.2,0.20014002919197083,0.019544146955013275,0.19971443712711334
2000,2.0,2.668102829441137,1e-05,sbm_dpsgd,7,0.2,0.02,0.2,0.20332279801368713,0.008212610147893429,0.20174536108970642
2000,2.0,2.668102829441137,1e-05,gaussian,7,0.2,0.02,0.2,0.20084699988365173,0.019891081377863884,0.1989784687757492
2000,2.0,2.668102829441137,1e-05,edge_flip,7,0.2,0.02,0.2,0.20139151811599731,0.02017386071383953,0.19861018657684326
2000,2.0,2.668102829441137,1e-05,sbm_dpsgd,8,0.2,0.02,0.2,0.2026197761297226,0.008211582899093628,0.20419220626354218
2000,2.0,2.668102829441137,1e-05,gaussian,8,0.2,0.02,0.2,0.20059841871261597,0.01973753608763218,0.2010558545589447
2000,2.0,2.668102829441137,1e-05,edge_flip,8,0.2,0.02,0.2,0.20060473680496216,0.019939441233873367,0.2010694444179535
2000,2.0,2.668102829441137,1e-05,sbm_dpsgd,9,0.2,0.02,0.2,0.20255061984062195,0.008225597441196442,0.20262084901332855
2000,2.0,2.668102829441137,1e-05,gaussian,9,0.2,0.02,0.2,0.20024681091308594,0.019812732934951782,0.20064648985862732
2000,2.0,2.668102829441137,1e-05,edge_flip,9,0.2,0.02,0.2,0.20075887441635132,0.019436130300164223,0.20073357224464417
2000,2.0,2.668102829441137,1e-05,sbm_dpsgd,10,0.2,0.02,0.2,0.202784463763237,0.008232876658439636,0.20231719315052032
2000,2.0,2.668102829441137,1e-05,gaussian,10,0.2,0.02,0.2,0.20016074180603027,0.02010820060968399,0.20044612884521484
2000,2.0,2.668102829441137,1e-05,edge_flip,10,0.2,0.02,0.2,0.2005886435508728,0.019661355763673782,0.20036087930202484
2000,2.0,2.668102829441137,1e-05,sbm_dpsgd,11,0.2,0.02,0.2,0.20217730104923248,0.008368109352886677,0.20254634320735931
2000,2.0,2.668102829441137,1e-05,gaussian,11,0.2,0.02,0.2,0.1992301195859909,0.020024461671710014,0.20051704347133636
2000,2.0,2.668102829441137,1e-05,edge_flip,11,0.2,0.02,0.2,0.1992129236459732,0.01992565207183361,0.19981105625629425
2000,2.0,2.668102829441137,1e-05,sbm_dpsgd,12,0.2,0.02,0.2,0.20289096236228943,0.008273321203887463,0.20155145227909088
2000,2.0,2.668102829441137,1e-05,gaussian,12,0.2,0.02,0.2,0.199871227145195,0.020391101017594337,0.19975876808166504
2000,2.0,2.668102829441137,1e-05,edge_flip,12,0.2,0.02,0.2,0.19903577864170074,0.0200083889067173,0.1997535526752472
2000,2.0,2.668102829441137,1e-05,sbm_dpsgd,13,0.2,0.02,0.2,0.20158995687961578,0.008223854936659336,0.20246489346027374
2000,2.0,2.668102829441137,1e-05,gaussian,13,0.2,0.02,0.2,0.1985839456319809,0.019917219877243042,0.19920745491981506
2000,2.0,2.668102829441137,1e-05,edge_flip,13,0.2,0.02,0.2,0.19869069755077362,0.020286474376916885,0.19886784255504608
2000,2.0,2.668102829441137,1e-05,sbm_dpsgd,14,0.2,0.02,0.2,0.2034636288881302,0.00821783859282732,0.20230643451213837
2000,2.0,2.668102829441137,1e-05,gaussian,14,0.2,0.02,0.2,0.20103853940963745,0.01985887810587883,0.1996701955795288
2000,2.0,2.668102829441137,1e-05,edge_flip,14,0.2,0.02,0.2,0.20056332647800446,0.019734898582100868,0.19922903180122375
2000,2.0,2.668102829441137,1e-05,sbm_dpsgd,15,0.2,0.02,0.2,0.20294348895549774,0.008285192772746086,0.2034476101398468
2000,2.0,2.668102829441137,1e-05,gaussian,15,0.2,0.02,0.2,0.19963641464710236,0.019900621846318245,0.20122379064559937
2000,2.0,2.668102829441137,1e-05,edge_flip,15,0.2,0.02,0.2,0.19911859929561615,0.01994173973798752,0.20091071724891663
2000,2.0,2.668102829441137,1e-05,sbm_dpsgd,16,0.2,0.02,0.2,0.20258253812789917,0.008243976160883904,0.2014056146144867
2000,2.0,2.668102829441137,1e-05,gaussian,16,0.2,0.02,0.2,0.2004813402891159,0.0200012419372797,0.20006908476352692
2000,2.0,2.668102829441137,1e-05,edge_flip,16,0.2,0.02,0.2,0.20076118409633636,0.020381851121783257,0.20013773441314697
2000,2.0,2.668102829441137,1e-05,sbm_dpsgd,17,0.2,0.02,0.2,0.2020215392112732,0.008216455578804016,0.2024373710155487
2000,2.0,2.668102829441137,1e-05,gaussian,17,0.2,0.02,0.2,0.19977757334709167,0.020018447190523148,0.19977235794067383
2000,2.0,2.668102829441137,1e-05,edge_flip,17,0.2,0.02,0.2,0.19954419136047363,0.020056651905179024,0.20016764104366302
2000,2.0,2.668102829441137,1e-05,sbm_dpsgd,18,0.2,0.02,0.2,0.20176592469215393,0.0082245497033,0.2023743987083435
2000,2.0,2.668102829441137,1e-05,gaussian,18,0.2,0.02,0.2,0.19967763125896454,0.020023923367261887,0.2001330852508545
2000,2.0,2.668102829441137,1e-05,edge_flip,18,0.2,0.02,0.2,0.19951428472995758,0.019911862909793854,0.20039309561252594
2000,2.0,2.668102829441137,1e-05,sbm_dpsgd,19,0.2,0.02,0.2,0.20241452753543854,0.008299394510686398,0.20293627679347992
2000,2.0,2.668102829441137,1e-05,gaussian,19,0.2,0.02,0.2,0.19979166984558105,0.019943436607718468,0.19965432584285736
2000,2.0,2.668102829441137,1e-05,edge_flip,19,0.2,0.02,0.2,0.1997811496257782,0.020083080977201462,0.20034478604793549
2000,5.0,1.0338953100711687,1e-05,sbm_dpsgd,0,0.2,0.02,0.2,0.2034294754266739,0.008395240642130375,0.2029896229505539
2000,5.0,1.0338953100711687,1e-05,gaussian,0,0.2,0.02,0.2,0.20060308277606964,0.019754866138100624,0.20040421187877655
2000,5.0,1.0338953100711687,1e-05,edge_flip,0,0.2,0.02,0.2,0.1997043937444687,0.01912393420934677,0.19941800832748413
2000,5.0,1.0338953100711687,1e-05,sbm_dpsgd,1,0.2,0.02,0.2,0.20294295251369476,0.008228161372244358,0.202901691198349
2000,5.0,1.0338953100711687,1e-05,gaussian,1,0.2,0.02,0.2,0.20072583854198456,0.01991226151585579,0.20080579817295074
2000,5.0,1.0338953100711687,1e-05,edge_flip,1,0.2,0.02,0.2,0.19900524616241455,0.021036246791481972,0.20546181499958038
2000,5.0,1.0338953100711687,1e-05,sbm_dpsgd,2,0.2,0.02,0.2,0.20243066549301147,0.0083523103967309,0.20288777351379395
2000,5.0,1.0338953100711687,1e-05,gaussian,2,0.2,0.02,0.2,0.1994876116514206,0.019744187593460083,0.1998508721590042
2000,5.0,1.0338953100711687,1e-05,edge_flip,2,0.2,0.02,0.2,0.1981460601091385,0.018505429849028587,0.19997815787792206
2000,5.0,1.0338953100711687,1e-05,sbm_dpsgd,3,0.2,0.02,0.2,0.2031583935022354,0.008161499164998531,0.2037544995546341
2000,5.0,1.0338953100711687,1e-05,gaussian,3,0.2,0.02,0.2,0.20019033551216125,0.019959744065999985,0.2002124935388565
2000,5.0,1.0338953100711687,1e-05,edge_flip,3,0.2,0.02,0.2,0.19903895258903503,0.02028731070458889,0.19845351576805115
2000,5.0,1.0338953100711687,1e-05,sbm_dpsgd,4,0.2,0.02,0.2,0.20283105969429016,0.008224578574299812,0.20268459618091583
2000,5.0,1.0338953100711687,1e-05,gaussian,4,0.2,0.02,0.2,0.20016556978225708,0.020130135118961334,0.20001617074012756
2000,5.0,1.0338953100711687,1e-05,edge_flip,4,0.2,0.02,0.2,0.19998657703399658,0.020670194178819656,0.2005888670682907
2000,5.0,1.0338953100711687,1e-05,sbm_dpsgd,5,0.2,0.02,0.2,0.20244109630584717,0.0083148879930377,0.20310649275779724
2000,5.0,1.0338953100711687,1e-05,gaussian,5,0.2,0.02,0.2,0.20069174468517303,0.019816702231764793,0.20012779533863068
2000,5.0,1.0338953100711687,1e-05,edge_flip,5,0.2,0.02,0.2,0.20355811715126038,0.01978030614554882,0.199076846241951
2000,5.0,1.0338953100711687,1e-05,sbm_dpsgd,6,0.2,0.02,0.2,0.20264488458633423,0.008358842693269253,0.20231518149375916
2000,5.0,1.0338953100711687,1e-05,gaussian,6,0.2,0.02,0.2,0.20006656646728516,0.020031806081533432,0.19950653612613678
2000,5.0,1.0338953100711687,1e-05,edge_flip,6,0.2,0.02,0.2,0.20006661117076874,0.019782409071922302,0.19836927950382233
2000,5.0,1.0338953100711687,1e-05,sbm_dpsgd,7,0.2,0.02,0.2,0.20193591713905334,0.008252179250121117,0.20232340693473816
2000,5.0,1.0338953100711687,1e-05,gaussian,7,0.2,0.02,0.2,0.19973336160182953,0.02004220522940159,0.19961708784103394
2000,5.0,1.0338953100711687,1e-05,edge_flip,7,0.2,0.02,0.2,0.19861777126789093,0.020428262650966644,0.19724054634571075
2000,5.0,1.0338953100711687,1e-05,sbm_dpsgd,8,0.2,0.02,0.2,0.20064598321914673,0.008341561071574688,0.20223230123519897
2000,5.0,1.0338953100711687,1e-05,gaussian,8,0.2,0.02,0.2,0.19902415573596954,0.01997082494199276,0.19997245073318481
2000,5.0,1.0338953100711687,1e-05,edge_flip,8,0.2,0.02,0.2,0.1993464082479477,0.020533449947834015,0.20138908922672272
2000,5.0,1.0338953100711687,1e-05,sbm_dpsgd,9,0.2,0.02,0.2,0.202483132481575,0.008309833705425262,0.20243953168392181
2000,5.0,1.0338953100711687,1e-05,gaussian,9,0.2,0.02,0.2,0.2008265107870102,0.019946997985243797,0.1999417543411255
2000,5.0,1.0338953100711687,1e-05,edge_flip,9,0.2,0.02,0.2,0.20318327844142914,0.018827304244041443,0.1997465193271637
2000,5.0,1.0338953100711687,1e-05,sbm_dpsgd,10,0.2,0.02,0.2,0.20236940681934357,0.008292920887470245,0.20225222408771515
2000,5.0,1.0338953100711687,1e-05,gaussian,10,0.2,0.02,0.2,0.1999896764755249,0.020065724849700928,0.19992442429065704
2000,5.0,1.0338953100711687,1e-05,edge_flip,10,0.2,0.02,0.2,0.19825135171413422,0.020230509340763092,0.20146068930625916
2000,5.0,1.0338953100711687,1e-05,sbm_dpsgd,11,0.2,0.02,0.2,0.20222148299217224,0.008453324437141418,0.2029750943183899
2000,5.0,1.0338953100711687,1e-05,gaussian,11,0.2,0.02,0.2,0.19995057582855225,0.01979600451886654,0.19998431205749512
2000,5.0,1.0338953100711687,1e-05,edge_flip,11,0.2,0.02,0.2,0.1975816935300827,0.01783854141831398,0.19993604719638824
2000,5.0,1.0338953100711687,1e-05,sbm_dpsgd,12,0.2,0.02,0.2,0.2031739205121994,0.008282329887151718,0.20216211676597595
2000,5.0,1.0338953100711687,1e-05,gaussian,12,0.2,0.02,0.2,0.20078082382678986,0.02012852393090725,0.20013989508152008
2000,5.0,1.0338953100711687,1e-05,edge_flip,12,0.2,0.02,0.2,0.19846615195274353,0.019269093871116638,0.19799865782260895
2000,5.0,1.0338953100711687,1e-05,sbm_dpsgd,13,0.2,0.02,0.2,0.20297665894031525,0.008193348534405231,0.2026376575231552
2000,5.0,1.0338953100711687,1e-05,gaussian,13,0.2,0.02,0.2,0.19938409328460693,0.020046314224600792,0.19967739284038544
2000,5.0,1.0338953100711687,1e-05,edge_flip,13,0.2,0.02,0.2,0.19798602163791656,0.018236150965094566,0.19895891845226288
2000,5.0,1.0338953100711687,1e-05,sbm_dpsgd,14,0.2,0.02,0.2,0.2027345895767212,0.008221345022320747,0.20365887880325317
2000,5.0,1.0338953100711687,1e-05,gaussian,14,0.2,0.02,0.2,0.20094723999500275,0.020130248740315437,0.20019866526126862
2000,5.0,1.0338953100711687,1e-05,edge_flip,14,0.2,0.02,0.2,0.20444679260253906,0.018936701118946075,0.2018144726753235
2000,5.0,1.0338953100711687,1e-05,sbm_dpsgd,15,0.2,0.02,0.2,0.20222525298595428,0.00828250776976347,0.20230624079704285
2000,5.0,1.0338953100711687,1e-05,gaussian,15,0.2,0.02,0.2,0.19912689924240112,0.0199514739215374,0.19982951879501343
2000,5.0,1.0338953100711687,1e-05,edge_flip,15,0.2,0.02,0.2,0.1962634176015854,0.01948157325387001,0.20162072777748108
2000,5.0,1.0338953100711687,1e-05,sbm_dpsgd,16,0.2,0.02,0.2,0.20274633169174194,0.008313704282045364,0.20263268053531647
2000,5.0,1.0338953100711687,1e-05,gaussian,16,0.2,0.02,0.2,0.2007066160440445,0.019726010039448738,0.20035101473331451
2000,5.0,1.0338953100711687,1e-05,edge_flip,16,0.2,0.02,0.2,0.19972966611385345,0.019126038998365402,0.20062676072120667
2000,5.0,1.0338953100711687,1e-05,sbm_dpsgd,17,0.2,0.02,0.2,0.20261183381080627,0.008166618645191193,0.20152413845062256
2000,5.0,1.0338953100711687,1e-05,gaussian,17,0.2,0.02,0.2,0.20057961344718933,0.02015209011733532,0.19844259321689606
2000,5.0,1.0338953100711687,1e-05,edge_flip,17,0.2,0.02,0.2,0.20164178311824799,0.02137705497443676,0.19774594902992249
2000,5.0,1.0338953100711687,1e-05,sbm_dpsgd,18,0.2,0.02,0.2,0.20299240946769714,0.008352984674274921,0.20162849128246307
2000,5.0,1.0338953100711687,1e-05,gaussian,18,0.2,0.02,0.2,0.2006424516439438,0.019913621246814728,0.19913703203201294
2000,5.0,1.0338953100711687,1e-05,edge_flip,18,0.2,0.02,0.2,0.20164178311824799,0.019441600888967514,0.19884099066257477
2000,5.0,1.0338953100711687,1e-05,sbm_dpsgd,19,0.2,0.02,0.2,0.20290255546569824,0.008423944935202599,0.2028694599866867
2000,5.0,1.0338953100711687,1e-05,gaussian,19,0.2,0.02,0.2,0.20090283453464508,0.01994500495493412,0.2006114423274994
2000,5.0,1.0338953100711687,1e-05,edge_flip,19,0.2,0.02,0.2,0.20130906999111176,0.017156925052404404,0.19998237490653992
2000,10.0,0.5431122541136532,1e-05,sbm_dpsgd,0,0.2,0.02,0.2,0.2012043297290802,0.008275892585515976,0.2023436576128006
2000,10.0,0.5431122541136532,1e-05,gaussian,0,0.2,0.02,0.2,0.19997209310531616,0.020075645297765732,0.20019403100013733
2000,10.0,0.5431122541136532,1e-05,edge_flip,0,0.2,0.02,0.2,0.20345211029052734,0.018802838400006294,0.20138268172740936
2000,10.0,0.5431122541136532,1e-05,sbm_dpsgd,1,0.2,0.02,0.2,0.2017788141965866,0.008189108222723007,0.20185978710651398
2000,10.0,0.5431122541136532,1e-05,gaussian,1,0.2,0.02,0.2,0.19911545515060425,0.020214911550283432,0.19940462708473206
2000,10.0,0.5431122541136532,1e-05,edge_flip,1,0.2,0.02,0.2,0.19617889821529388,0.02047785371541977,0.2003328651189804
2000,10.0,0.5431122541136532,1e-05,sbm_dpsgd,2,0.2,0.02,0.2,0.20279698073863983,0.008206337690353394,0.2033594250679016
2000,10.0,0.5431122541136532,1e-05,gaussian,2,0.2,0.02,0.2,0.20001116394996643,0.02001621201634407,0.2008681297302246
2000,10.0,0.5431122541136532,1e-05,edge_flip,2,0.2,0.02,0.2,0.20069539546966553,0.021654890850186348,0.2022285759449005
2000,10.0,0.5431122541136532,1e-05,sbm_dpsgd,3,0.2,0.02,0.2,0.20216740667819977,0.008313605561852455,0.20268134772777557
2000,10.0,0.5431122541136532,1e-05,gaussian,3,0.2,0.02,0.2,0.2000749409198761,0.020035158842802048,0.2007162719964981
2000,10.0,0.5431122541136532,1e-05,edge_flip,3,0.2,0.02,0.2,0.1982332170009613,0.016841107979416847,0.20331616699695587
2000,10.0,0.5431122541136532,1e-05,sbm_dpsgd,4,0.2,0.02,0.2,0.20283479988574982,0.00824839435517788,0.20316383242607117
2000,10.0,0.5431122541136532,1e-05,gaussian,4,0.2,0.02,0.2,0.19999654591083527,0.020025288686156273,0.19989053905010223
2000,10.0,0.5431122541136532,1e-05,edge_flip,4,0.2,0.02,0.2,0.20151862502098083,0.02126631699502468,0.20267419517040253
2000,10.0,0.5431122541136532,1e-05,sbm_dpsgd,5,0.2,0.02,0.2,0.20204277336597443,0.008312854915857315,0.202482670545578
2000,10.0,0.5431122541136532,1e-05,gaussian,5,0.2,0.02,0.2,0.199811652302742,0.020192738622426987,0.19959817826747894
2000,10.0,0.5431122541136532,1e-05,edge_flip,5,0.2,0.02,0.2,0.20100505650043488,0.01997610181570053,0.20179052650928497
2000,10.0,0.5431122541136532,1e-05,sbm_dpsgd,6,0.2,0.02,0.2,0.20261460542678833,0.008490354754030704,0.20275671780109406
2000,10.0,0.5431122541136532,1e-05,gaussian,6,0.2,0.02,0.2,0.19958917796611786,0.0201391763985157,0.20013588666915894
2000,10.0,0.5431122541136532,1e-05,edge_flip,6,0.2,0.02,0.2,0.20204731822013855,0.020534440875053406,0.20426024496555328
2000,10.0,0.5431122541136532,1e-05,sbm_dpsgd,7,0.2,0.02,0.2,0.20161418616771698,0.00836309976875782,0.20175912976264954
2000,10.0,0.5431122541136532,1e-05,gaussian,7,0.2,0.02,0.2,0.1995965987443924,0.019722361117601395,0.19934120774269104
2000,10.0,0.5431122541136532,1e-05,edge_flip,7,0.2,0.02,0.2,0.19362609088420868,0.02025527134537697,0.2021077424287796
2000,10.0,0.5431122541136532,1e-05,sbm_dpsgd,8,0.2,0.02,0.2,0.20236055552959442,0.008044815622270107,0.2028791755437851
2000,10.0,0.5431122541136532,1e-05,gaussian,8,0.2,0.02,0.2,0.19921761751174927,0.020133448764681816,0.200736403465271
2000,10.0,0.5431122541136532,1e-05,edge_flip,8,0.2,0.02,0.2,0.196541428565979,0.018161503598093987,0.1975308209657669
