N,sigma,epsilon,delta,method,rep,beta_true_00,beta_true_01,beta_true_11,beta_est_00,beta_est_01,beta_est_11
100,1.0,5.635918426327381,1e-05,sbm_dpsgd,0,0.2,0.02,0.2,0.2549669146537781,0.029166312888264656,0.23256440460681915
100,1.0,5.635918426327381,1e-05,gaussian,0,0.2,0.02,0.2,0.21027149260044098,0.014276501722633839,0.20076055824756622
100,1.0,5.635918426327381,1e-05,edge_flip,0,0.2,0.02,0.2,0.2101844698190689,0.014548715204000473,0.19785189628601074
100,1.0,5.635918426327381,1e-05,sbm_dpsgd,1,0.2,0.02,0.2,0.2490062415599823,0.02585439383983612,0.26175597310066223
100,1.0,5.635918426327381,1e-05,gaussian,1,0.2,0.02,0.2,0.21009306609630585,0.016904300078749657,0.2206447869539261
100,1.0,5.635918426327381,1e-05,edge_flip,1,0.2,0.02,0.2,0.20854012668132782,0.018980219960212708,0.2175840139389038
100,1.0,5.635918426327381,1e-05,sbm_dpsgd,2,0.2,0.02,0.2,0.21938084065914154,0.041196465492248535,0.2265736609697342
100,1.0,5.635918426327381,1e-05,gaussian,2,0.2,0.02,0.2,0.1760534793138504,0.022451046854257584,0.19801372289657593
100,1.0,5.635918426327381,1e-05,edge_flip,2,0.2,0.02,0.2,0.17729760706424713,0.019383084028959274,0.1970297247171402
100,1.0,5.635918426327381,1e-05,sbm_dpsgd,3,0.2,0.02,0.2,0.22323670983314514,0.024055659770965576,0.2613771855831146
100,1.0,5.635918426327381,1e-05,gaussian,3,0.2,0.02,0.2,0.19273263216018677,0.02017931453883648,0.20135706663131714
100,1.0,5.635918426327381,1e-05,edge_flip,3,0.2,0.02,0.2,0.1953853815793991,0.018174491822719574,0.19949623942375183
100,1.0,5.635918426327381,1e-05,sbm_dpsgd,4,0.2,0.02,0.2,0.20346371829509735,0.030691806226968765,0.23966678977012634
100,1.0,5.635918426327381,1e-05,gaussian,4,0.2,0.02,0.2,0.16481131315231323,0.01861567609012127,0.19653722643852234
100,1.0,5.635918426327381,1e-05,edge_flip,4,0.2,0.02,0.2,0.1674315482378006,0.020188812166452408,0.1986740678548813
100,1.0,5.635918426327381,1e-05,sbm_dpsgd,5,0.2,0.02,0.2,0.2317049652338028,0.04080362617969513,0.2297508865594864
100,1.0,5.635918426327381,1e-05,gaussian,5,0.2,0.02,0.2,0.2030976414680481,0.018494900315999985,0.18757516145706177
100,1.0,5.635918426327381,1e-05,edge_flip,5,0.2,0.02,0.2,0.20689578354358673,0.016965899616479874,0.1912745237350464
100,1.0,5.635918426327381,1e-05,sbm_dpsgd,6,0.2,0.02,0.2,0.2351842075586319,0.020069781690835953,0.2419426590204239
100,1.0,5.635918426327381,1e-05,gaussian,6,0.2,0.02,0.2,0.2034679651260376,0.019758133217692375,0.20189470052719116
100,1.0,5.635918426327381,1e-05,edge_flip,6,0.2,0.02,0.2,0.2060736119747162,0.019383084028959274,0.20525144040584564
100,1.0,5.635918426327381,1e-05,sbm_dpsgd,7,0.2,0.02,0.2,0.2516848146915436,0.04104160889983177,0.2623111605644226
100,1.0,5.635918426327381,1e-05,gaussian,7,0.2,0.02,0.2,0.21847182512283325,0.017327992245554924,0.22514499723911285
100,1.0,5.635918426327381,1e-05,edge_flip,7,0.2,0.02,0.2,0.21511749923229218,0.01736876368522644,0.22745007276535034
100,1.0,5.635918426327381,1e-05,sbm_dpsgd,8,0.2,0.02,0.2,0.22429080307483673,0.04350953921675682,0.2058325856924057
100,1.0,5.635918426327381,1e-05,gaussian,8,0.2,0.02,0.2,0.19357874989509583,0.018609043210744858,0.17258140444755554
100,1.0,5.635918426327381,1e-05,edge_flip,8,0.2,0.02,0.2,0.1986740678548813,0.019383084028959274,0.16989806294441223
100,1.0,5.635918426327381,1e-05,sbm_dpsgd,9,0.2,0.02,0.2,0.25002533197402954,0.03560296818614006,0.21642395853996277
100,1.0,5.635918426327381,1e-05,gaussian,9,0.2,0.02,0.2,0.2048925906419754,0.02459772489964962,0.191031351685524
100,1.0,5.635918426327381,1e-05,edge_flip,9,0.2,0.02,0.2,0.20936229825019836,0.02341172657907009,0.18634149432182312
100,1.0,5.635918426327381,1e-05,sbm_dpsgd,10,0.2,0.02,0.2,0.2332313507795334,0.03652153164148331,0.2309952974319458
100,1.0,5.635918426327381,1e-05,gaussian,10,0.2,0.02,0.2,0.18980145454406738,0.02244676649570465,0.1890954077243805
100,1.0,5.635918426327381,1e-05,edge_flip,10,0.2,0.02,0.2,0.18880800902843475,0.020188812166452408,0.19209669530391693
100,1.0,5.635918426327381,1e-05,sbm_dpsgd,11,0.2,0.02,0.2,0.24738863110542297,0.03432746231555939,0.23183681070804596
100,1.0,5.635918426327381,1e-05,gaussian,11,0.2,0.02,0.2,0.2069960981607437,0.020763929933309555,0.20206616818904877
100,1.0,5.635918426327381,1e-05,edge_flip,11,0.2,0.02,0.2,0.20360709726810455,0.024217454716563225,0.202784925699234
100,1.0,5.635918426327381,1e-05,sbm_dpsgd,12,0.2,0.02,0.2,0.2398834526538849,0.047995418310165405,0.24494671821594238
100,1.0,5.635918426327381,1e-05,gaussian,12,0.2,0.02,0.2,0.1990252435207367,0.01910092681646347,0.21543079614639282
100,1.0,5.635918426327381,1e-05,edge_flip,12,0.2,0.02,0.2,0.19456321001052856,0.01736876368522644,0.2134731560945511
100,1.0,5.635918426327381,1e-05,sbm_dpsgd,13,0.2,0.02,0.2,0.22145898640155792,0.03986993059515953,0.22501292824745178
100,1.0,5.635918426327381,1e-05,gaussian,13,0.2,0.02,0.2,0.18742957711219788,0.024998048320412636,0.20226716995239258
100,1.0,5.635918426327381,1e-05,edge_flip,13,0.2,0.02,0.2,0.18634149432182312,0.023814590647816658,0.19785189628601074
100,1.0,5.635918426327381,1e-05,sbm_dpsgd,14,0.2,0.02,0.2,0.25447165966033936,0.02106890082359314,0.22188079357147217
100,1.0,5.635918426327381,1e-05,gaussian,14,0.2,0.02,0.2,0.22159603238105774,0.015580959618091583,0.1936696469783783
100,1.0,5.635918426327381,1e-05,edge_flip,14,0.2,0.02,0.2,0.21676184237003326,0.015757307410240173,0.19291886687278748
100,1.0,5.635918426327381,1e-05,sbm_dpsgd,15,0.2,0.02,0.2,0.2333066463470459,0.033787090331315994,0.22915396094322205
100,1.0,5.635918426327381,1e-05,gaussian,15,0.2,0.02,0.2,0.2025623917579651,0.02016972377896309,0.1927233189344406
100,1.0,5.635918426327381,1e-05,edge_flip,15,0.2,0.02,0.2,0.20360709726810455,0.018980219960212708,0.19045235216617584
100,1.0,5.635918426327381,1e-05,sbm_dpsgd,16,0.2,0.02,0.2,0.2437778115272522,0.029038619250059128,0.2270168960094452
100,1.0,5.635918426327381,1e-05,gaussian,16,0.2,0.02,0.2,0.20426183938980103,0.018202537670731544,0.20279648900032043
100,1.0,5.635918426327381,1e-05,edge_flip,16,0.2,0.02,0.2,0.2060736119747162,0.018980219960212708,0.20196275413036346
100,1.0,5.635918426327381,1e-05,sbm_dpsgd,17,0.2,0.02,0.2,0.23955830931663513,0.04495876282453537,0.23113644123077393
100,1.0,5.635918426327381,1e-05,gaussian,17,0.2,0.02,0.2,0.20231276750564575,0.024023929610848427,0.20358023047447205
100,1.0,5.635918426327381,1e-05,edge_flip,17,0.2,0.02,0.2,0.20114058256149292,0.021800270304083824,0.20031841099262238
100,1.0,5.635918426327381,1e-05,sbm_dpsgd,18,0.2,0.02,0.2,0.2173856794834137,0.053009044378995895,0.23357559740543365
100,1.0,5.635918426327381,1e-05,gaussian,18,0.2,0.02,0.2,0.18850724399089813,0.023145541548728943,0.20046046376228333
100,1.0,5.635918426327381,1e-05,edge_flip,18,0.2,0.02,0.2,0.1879858374595642,0.020188812166452408,0.2044292688369751
100,1.0,5.635918426327381,1e-05,sbm_dpsgd,19,0.2,0.02,0.2,0.24152103066444397,0.01881122589111328,0.2035241276025772
100,1.0,5.635918426327381,1e-05,gaussian,19,0.2,0.02,0.2,0.20562587678432465,0.015110640786588192,0.19081896543502808
100,1.0,5.635918426327381,1e-05,edge_flip,19,0.2,0.02,0.2,0.20936229825019836,0.01857735589146614,0.18880800902843475
100,2.0,2.668102829441137,1e-05,sbm_dpsgd,0,0.2,0.02,0.2,0.2343061864376068,0.03200658783316612,0.20502789318561554
100,2.0,2.668102829441137,1e-05,gaussian,0,0.2,0.02,0.2,0.20386680960655212,0.02092326246201992,0.20858709514141083
100,2.0,2.668102829441137,1e-05,edge_flip,0,0.2,0.02,0.2,0.1927880197763443,0.013695158995687962,0.1834075003862381
100,2.0,2.668102829441137,1e-05,sbm_dpsgd,1,0.2,0.02,0.2,0.2218807190656662,0.050426580011844635,0.2573065757751465
100,2.0,2.668102829441137,1e-05,gaussian,1,0.2,0.02,0.2,0.17974674701690674,0.019621189683675766,0.21644948422908783
100,2.0,2.668102829441137,1e-05,edge_flip,1,0.2,0.02,0.2,0.1927880197763443,0.027024876326322556,0.2246817797422409
100,2.0,2.668102829441137,1e-05,sbm_dpsgd,2,0.2,0.02,0.2,0.2212672233581543,0.023434072732925415,0.24625997245311737
100,2.0,2.668102829441137,1e-05,gaussian,2,0.2,0.02,0.2,0.20179946720600128,0.01416550762951374,0.21504852175712585
100,2.0,2.668102829441137,1e-05,edge_flip,2,0.2,0.02,0.2,0.2002924382686615,0.017831968143582344,0.2209295779466629
100,2.0,2.668102829441137,1e-05,sbm_dpsgd,3,0.2,0.02,0.2,0.2422179877758026,0.043511584401130676,0.19858334958553314
100,2.0,2.668102829441137,1e-05,gaussian,3,0.2,0.02,0.2,0.1964440494775772,0.023143714293837547,0.173635333776474
100,2.0,2.668102829441137,1e-05,edge_flip,3,0.2,0.02,0.2,0.1880977600812912,0.03162132948637009,0.1730889230966568
100,2.0,2.668102829441137,1e-05,sbm_dpsgd,4,0.2,0.02,0.2,0.23198193311691284,0.032597415149211884,0.2354605346918106
100,2.0,2.668102829441137,1e-05,gaussian,4,0.2,0.02,0.2,0.19348874688148499,0.021260492503643036,0.19169272482395172
100,2.0,2.668102829441137,1e-05,edge_flip,4,0.2,0.02,0.2,0.2040446400642395,0.028403811156749725,0.2077968418598175
100,2.0,2.668102829441137,1e-05,sbm_dpsgd,5,0.2,0.02,0.2,0.27113649249076843,0.024639731273055077,0.21551011502742767
100,2.0,2.668102829441137,1e-05,gaussian,5,0.2,0.02,0.2,0.23241159319877625,0.01608658768236637,0.17342416942119598
100,2.0,2.668102829441137,1e-05,edge_flip,5,0.2,0.02,0.2,0.2321861982345581,0.024267002940177917,0.1740269809961319
100,2.0,2.668102829441137,1e-05,sbm_dpsgd,6,0.2,0.02,0.2,0.2683066725730896,0.03825167939066887,0.2338012158870697
100,2.0,2.668102829441137,1e-05,gaussian,6,0.2,0.02,0.2,0.2035679966211319,0.024586090818047523,0.2030700147151947
100,2.0,2.668102829441137,1e-05,edge_flip,6,0.2,0.02,0.2,0.2068587988615036,0.021968776360154152,0.2002924382686615
100,2.0,2.668102829441137,1e-05,sbm_dpsgd,7,0.2,0.02,0.2,0.2344919741153717,0.02646363154053688,0.24106360971927643
100,2.0,2.668102829441137,1e-05,gaussian,7,0.2,0.02,0.2,0.20482759177684784,0.014175314456224442,0.19415445625782013
100,2.0,2.668102829441137,1e-05,edge_flip,7,0.2,0.02,0.2,0.1993543803691864,0.02150913141667843,0.2162393182516098
100,2.0,2.668102829441137,1e-05,sbm_dpsgd,8,0.2,0.02,0.2,0.2258622944355011,0.022756611928343773,0.24528151750564575
100,2.0,2.668102829441137,1e-05,gaussian,8,0.2,0.02,0.2,0.19582703709602356,0.018067756667733192,0.2071487158536911
100,2.0,2.668102829441137,1e-05,edge_flip,8,0.2,0.02,0.2,0.2106110006570816,0.019210902974009514,0.2077968418598175
100,2.0,2.668102829441137,1e-05,sbm_dpsgd,9,0.2,0.02,0.2,0.22800301015377045,0.027201035991311073,0.2294577807188034
100,2.0,2.668102829441137,1e-05,gaussian,9,0.2,0.02,0.2,0.20245243608951569,0.021462436765432358,0.19832134246826172
100,2.0,2.668102829441137,1e-05,edge_flip,9,0.2,0.02,0.2,0.1974782794713974,0.02013019472360611,0.2162393182516098
100,2.0,2.668102829441137,1e-05,sbm_dpsgd,10,0.2,0.02,0.2,0.24820482730865479,0.03144414350390434,0.2378891110420227
100,2.0,2.668102829441137,1e-05,gaussian,10,0.2,0.02,0.2,0.2010301947593689,0.025325199589133263,0.21726343035697937
100,2.0,2.668102829441137,1e-05,edge_flip,10,0.2,0.02,0.2,0.2143632173538208,0.025645939633250237,0.2171773612499237
100,2.0,2.668102829441137,1e-05,sbm_dpsgd,11,0.2,0.02,0.2,0.21511922776699066,0.02770499512553215,0.22013770043849945
100,2.0,2.668102829441137,1e-05,gaussian,11,0.2,0.02,0.2,0.19954848289489746,0.021034251898527145,0.1880519688129425
100,2.0,2.668102829441137,1e-05,edge_flip,11,0.2,0.02,0.2,0.1899738609790802,0.025186294689774513,0.1871597021818161
100,2.0,2.668102829441137,1e-05,sbm_dpsgd,12,0.2,0.02,0.2,0.20858721435070038,0.04145891219377518,0.2302270382642746
100,2.0,2.668102829441137,1e-05,gaussian,12,0.2,0.02,0.2,0.18932130932807922,0.018719995394349098,0.201594278216362
100,2.0,2.668102829441137,1e-05,edge_flip,12,0.2,0.02,0.2,0.1862216591835022,0.021049484610557556,0.2077968418598175
100,2.0,2.668102829441137,1e-05,sbm_dpsgd,13,0.2,0.02,0.2,0.22939692437648773,0.03298437222838402,0.24182216823101044
100,2.0,2.668102829441137,1e-05,gaussian,13,0.2,0.02,0.2,0.21254481375217438,0.02195226028561592,0.20294925570487976
100,2.0,2.668102829441137,1e-05,edge_flip,13,0.2,0.02,0.2,0.2143632173538208,0.01691267639398575,0.2049826979637146
100,2.0,2.668102829441137,1e-05,sbm_dpsgd,14,0.2,0.02,0.2,0.2299291491508484,0.024333814159035683,0.22729402780532837
100,2.0,2.668102829441137,1e-05,gaussian,14,0.2,0.02,0.2,0.18596072494983673,0.012636033818125725,0.1961384117603302
100,2.0,2.668102829441137,1e-05,edge_flip,14,0.2,0.02,0.2,0.1946641206741333,0.0228880662471056,0.1974782794713974
100,2.0,2.668102829441137,1e-05,sbm_dpsgd,15,0.2,0.02,0.2,0.23315542936325073,0.0508391410112381,0.24205976724624634
100,2.0,2.668102829441137,1e-05,gaussian,15,0.2,0.02,0.2,0.20544296503067017,0.021847078576683998,0.20183399319648743
100,2.0,2.668102829441137,1e-05,edge_flip,15,0.2,0.02,0.2,0.2012304812669754,0.030242392793297768,0.2002924382686615
100,2.0,2.668102829441137,1e-05,sbm_dpsgd,16,0.2,0.02,0.2,0.23260243237018585,0.04462714120745659,0.2659691274166107
100,2.0,2.668102829441137,1e-05,gaussian,16,0.2,0.02,0.2,0.19564223289489746,0.025571798905730247,0.22034862637519836
100,2.0,2.668102829441137,1e-05,edge_flip,16,0.2,0.02,0.2,0.2077968418598175,0.033919557929039,0.2209295779466629
100,2.0,2.668102829441137,1e-05,sbm_dpsgd,17,0.2,0.02,0.2,0.23627662658691406,0.032754771411418915,0.20233085751533508
100,2.0,2.668102829441137,1e-05,gaussian,17,0.2,0.02,0.2,0.20570044219493866,0.024762287735939026,0.20666861534118652
100,2.0,2.668102829441137,1e-05,edge_flip,17,0.2,0.02,0.2,0.1890358179807663,0.02748452126979828,0.1918499618768692
100,2.0,2.668102829441137,1e-05,sbm_dpsgd,18,0.2,0.02,0.2,0.21422158181667328,0.025785742327570915,0.22782710194587708
100,2.0,2.668102829441137,1e-05,gaussian,18,0.2,0.02,0.2,0.18126186728477478,0.018252447247505188,0.1741783171892166
100,2.0,2.668102829441137,1e-05,edge_flip,18,0.2,0.02,0.2,0.1834075003862381,0.01875125803053379,0.1777791827917099
100,2.0,2.668102829441137,1e-05,sbm_dpsgd,19,0.2,0.02,0.2,0.24834801256656647,0.050697773694992065,0.21846109628677368
100,2.0,2.668102829441137,1e-05,gaussian,19,0.2,0.02,0.2,0.19587674736976624,0.023312127217650414,0.17353065311908722
100,2.0,2.668102829441137,1e-05,edge_flip,19,0.2,0.02,0.2,0.2021685391664505,0.0228880662471056,0.1796552985906601
100,5.0,1.0338953100711687,1e-05,sbm_dpsgd,0,0.2,0.02,0.2,0.2618845999240875,0.02627200447022915,0.2398533672094345
100,5.0,1.0338953100711687,1e-05,gaussian,0,0.2,0.02,0.2,0.1899779587984085,0.025113750249147415,0.20886465907096863
100,5.0,1.0338953100711687,1e-05,edge_flip,0,0.2,0.02,0.2,0.20547445118427277,0.008563090115785599,0.1917356550693512
100,5.0,1.0338953100711687,1e-05,sbm_dpsgd,1,0.2,0.02,0.2,0.21110031008720398,0.02597443386912346,0.2231120616197586
100,5.0,1.0338953100711687,1e-05,gaussian,1,0.2,0.02,0.2,0.2137918770313263,0.022520015016198158,0.19869393110275269
100,5.0,1.0338953100711687,1e-05,edge_flip,1,0.2,0.02,0.2,0.21921326220035553,0.03464963659644127,0.18658360838890076
100,5.0,1.0338953100711687,1e-05,sbm_dpsgd,2,0.2,0.02,0.2,0.19198843836784363,0.033476267009973526,0.21525150537490845
100,5.0,1.0338953100711687,1e-05,gaussian,2,0.2,0.02,0.2,0.21182218194007874,0.012829319573938847,0.19370463490486145
100,5.0,1.0338953100711687,1e-05,edge_flip,2,0.2,0.02,0.2,0.19001829624176025,0.020344112068414688,0.19001829624176025
100,5.0,1.0338953100711687,1e-05,sbm_dpsgd,3,0.2,0.02,0.2,0.30391180515289307,0.030131153762340546,0.24228933453559875
100,5.0,1.0338953100711687,1e-05,gaussian,3,0.2,0.02,0.2,0.19803105294704437,0.023451590910553932,0.18576616048812866
100,5.0,1.0338953100711687,1e-05,edge_flip,3,0.2,0.02,0.2,0.2071918100118637,0.02791762538254261,0.20890915393829346
100,5.0,1.0338953100711687,1e-05,sbm_dpsgd,4,0.2,0.02,0.2,0.27239423990249634,0.056215349584817886,0.2147335261106491
100,5.0,1.0338953100711687,1e-05,gaussian,4,0.2,0.02,0.2,0.19263698160648346,0.02517917938530445,0.18396301567554474
100,5.0,1.0338953100711687,1e-05,edge_flip,4,0.2,0.02,0.2,0.2484082132577896,0.04138164967298508,0.17112745344638824
100,5.0,1.0338953100711687,1e-05,sbm_dpsgd,5,0.2,0.02,0.2,0.2677735686302185,0.020778369158506393,0.2980424463748932
100,5.0,1.0338953100711687,1e-05,gaussian,5,0.2,0.02,0.2,0.1921667903661728,0.020490724593400955,0.2021418958902359
100,5.0,1.0338953100711687,1e-05,edge_flip,5,0.2,0.02,0.2,0.1883009523153305,0.03044212982058525,0.15395395457744598
100,5.0,1.0338953100711687,1e-05,sbm_dpsgd,6,0.2,0.02,0.2,0.22192594408988953,0.06208999827504158,0.2290870100259781
100,5.0,1.0338953100711687,1e-05,gaussian,6,0.2,0.02,0.2,0.18859149515628815,0.020504789426922798,0.18719875812530518
100,5.0,1.0338953100711687,1e-05,edge_flip,6,0.2,0.02,0.2,0.14880190789699554,0.03296663612127304,0.16082334518432617
100,5.0,1.0338953100711687,1e-05,sbm_dpsgd,7,0.2,0.02,0.2,0.24614691734313965,0.055782467126846313,0.2707692086696625
100,5.0,1.0338953100711687,1e-05,gaussian,7,0.2,0.02,0.2,0.18631497025489807,0.024395626038312912,0.21090160310268402
100,5.0,1.0338953100711687,1e-05,edge_flip,7,0.2,0.02,0.2,0.17456215620040894,0.055687177926301956,0.2071918100118637
100,5.0,1.0338953100711687,1e-05,sbm_dpsgd,8,0.2,0.02,0.2,0.23704110085964203,0.04469425976276398,0.22586531937122345
100,5.0,1.0338953100711687,1e-05,gaussian,8,0.2,0.02,0.2,0.20992052555084229,0.01055650319904089,0.22438688576221466
100,5.0,1.0338953100711687,1e-05,edge_flip,8,0.2,0.02,0.2,0.22264795005321503,0.0,0.1883009523153305
100,5.0,1.0338953100711687,1e-05,sbm_dpsgd,9,0.2,0.02,0.2,0.23270446062088013,0.03910500556230545,0.2526402175426483
100,5.0,1.0338953100711687,1e-05,gaussian,9,0.2,0.02,0.2,0.1972399353981018,0.02291313000023365,0.21710741519927979
100,5.0,1.0338953100711687,1e-05,edge_flip,9,0.2,0.02,0.2,0.17971420288085938,0.023710118606686592,0.24153880774974823
100,5.0,1.0338953100711687,1e-05,sbm_dpsgd,10,0.2,0.02,0.2,0.21014904975891113,0.028079044073820114,0.21186281740665436
100,5.0,1.0338953100711687,1e-05,gaussian,10,0.2,0.02,0.2,0.19326677918434143,0.013220207765698433,0.2094438225030899
100,5.0,1.0338953100711687,1e-05,edge_flip,10,0.2,0.02,0.2,0.13506309688091278,0.0,0.2140612006187439
100,5.0,1.0338953100711687,1e-05,sbm_dpsgd,11,0.2,0.02,0.2,0.2537957429885864,0.05604631453752518,0.24366696178913116
100,5.0,1.0338953100711687,1e-05,gaussian,11,0.2,0.02,0.2,0.18769101798534393,0.019709115847945213,0.18639257550239563
100,5.0,1.0338953100711687,1e-05,edge_flip,11,0.2,0.02,0.2,0.20203974843025208,0.0026725789066404104,0.1883009523153305
100,5.0,1.0338953100711687,1e-05,sbm_dpsgd,12,0.2,0.02,0.2,0.2936999201774597,0.015277990140020847,0.2308509349822998
100,5.0,1.0338953100711687,1e-05,gaussian,12,0.2,0.02,0.2,0.20207977294921875,0.01947527378797531,0.15450797975063324
100,5.0,1.0338953100711687,1e-05,edge_flip,12,0.2,0.02,0.2,0.17112745344638824,0.0,0.20547445118427277
100,5.0,1.0338953100711687,1e-05,sbm_dpsgd,13,0.2,0.02,0.2,0.2001667618751526,0.033862609416246414,0.28102007508277893
100,5.0,1.0338953100711687,1e-05,gaussian,13,0.2,0.02,0.2,0.19166739284992218,0.01666530966758728,0.20106934010982513
100,5.0,1.0338953100711687,1e-05,edge_flip,13,0.2,0.02,0.2,0.21577855944633484,0.03549113869667053,0.20375710725784302
100,5.0,1.0338953100711687,1e-05,sbm_dpsgd,14,0.2,0.02,0.2,0.24072785675525665,0.022176774218678474,0.2947870194911957
100,5.0,1.0338953100711687,1e-05,gaussian,14,0.2,0.02,0.2,0.21587662398815155,0.016256598755717278,0.21177959442138672
100,5.0,1.0338953100711687,1e-05,edge_flip,14,0.2,0.02,0.2,0.18486624956130981,0.023710118606686592,0.25012555718421936
100,5.0,1.0338953100711687,1e-05,sbm_dpsgd,15,0.2,0.02,0.2,0.194991335272789,0.029031828045845032,0.22281022369861603
100,5.0,1.0338953100711687,1e-05,gaussian,15,0.2,0.02,0.2,0.17929407954216003,0.024393979460000992,0.1945028156042099
100,5.0,1.0338953100711687,1e-05,edge_flip,15,0.2,0.02,0.2,0.2174959033727646,0.04222315177321434,0.1917356550693512
100,5.0,1.0338953100711687,1e-05,sbm_dpsgd,16,0.2,0.02,0.2,0.23767437040805817,0.04840705916285515,0.2537837624549866
100,5.0,1.0338953100711687,1e-05,gaussian,16,0.2,0.02,0.2,0.2088899165391922,0.01898755133152008,0.21706995368003845
100,5.0,1.0338953100711687,1e-05,edge_flip,16,0.2,0.02,0.2,0.172844797372818,0.031283631920814514,0.17456215620040894
100,5.0,1.0338953100711687,1e-05,sbm_dpsgd,17,0.2,0.02,0.2,0.26305657625198364,0.03066253662109375,0.2738219201564789
100,5.0,1.0338953100711687,1e-05,gaussian,17,0.2,0.02,0.2,0.21825791895389557,0.01997210830450058,0.21769700944423676
100,5.0,1.0338953100711687,1e-05,edge_flip,17,0.2,0.02,0.2,0.20032240450382233,0.03212513402104378,0.2106264978647232
100,5.0,1.0338953100711687,1e-05,sbm_dpsgd,18,0.2,0.02,0.2,0.25182580947875977,0.0637022852897644,0.25964096188545227
100,5.0,1.0338953100711687,1e-05,gaussian,18,0.2,0.02,0.2,0.20774146914482117,0.006264828611165285,0.20025400817394257
100,5.0,1.0338953100711687,1e-05,edge_flip,18,0.2,0.02,0.2,0.20203974843025208,0.043064653873443604,0.23810410499572754
100,5.0,1.0338953100711687,1e-05,sbm_dpsgd,19,0.2,0.02,0.2,0.28736385703086853,0.018719229847192764,0.2538968324661255
100,5.0,1.0338953100711687,1e-05,gaussian,19,0.2,0.02,0.2,0.20833967626094818,0.027051985263824463,0.21211884915828705
100,5.0,1.0338953100711687,1e-05,edge_flip,19,0.2,0.02,0.2,0.2140612006187439,0.01866110786795616,0.20032240450382233
100,10.0,0.5431122541136532,1e-05,sbm_dpsgd,0,0.2,0.02,0.2,0.2602107524871826,0.01186377927660942,0.2677214443683624
100,10.0,0.5431122541136532,1e-05,gaussian,0,0.2,0.02,0.2,0.19291606545448303,0.011997969821095467,0.25367724895477295
100,10.0,0.5431122541136532,1e-05,edge_flip,0,0.2,0.02,0.2,0.1566203385591507,0.0,0.2890447974205017
100,10.0,0.5431122541136532,1e-05,sbm_dpsgd,1,0.2,0.02,0.2,0.2241063117980957,0.02220497652888298,0.182061567902565
100,10.0,0.5431122541136532,1e-05,gaussian,1,0.2,0.02,0.2,0.1962714046239853,0.03348022326827049,0.2130691260099411
100,10.0,0.5431122541136532,1e-05,edge_flip,1,0.2,0.02,0.2,0.21513347327709198,0.0563473217189312,0.19973528385162354
100,10.0,0.5431122541136532,1e-05,sbm_dpsgd,2,0.2,0.02,0.2,0.2639401853084564,0.04904559627175331,0.24815894663333893
100,10.0,0.5431122541136532,1e-05,gaussian,2,0.2,0.02,0.2,0.18383479118347168,0.017227603122591972,0.23165006935596466
100,10.0,0.5431122541136532,1e-05,edge_flip,2,0.2,0.02,0.2,0.2613280415534973,0.01862175576388836,0.2921244204044342
100,10.0,0.5431122541136532,1e-05,sbm_dpsgd,3,0.2,0.02,0.2,0.22141993045806885,0.02777896821498871,0.19438263773918152
100,10.0,0.5431122541136532,1e-05,gaussian,3,0.2,0.02,0.2,0.23007476329803467,0.009152710437774658,0.2222522795200348
100,10.0,0.5431122541136532,1e-05,edge_flip,3,0.2,0.02,0.2,0.33215972781181335,0.0,0.2336113005876541
100,10.0,0.5431122541136532,1e-05,sbm_dpsgd,4,0.2,0.02,0.2,0.31887567043304443,0.038950830698013306,0.29503554105758667
100,10.0,0.5431122541136532,1e-05,gaussian,4,0.2,0.02,0.2,0.20222514867782593,0.028225651010870934,0.2003290355205536
100,10.0,0.5431122541136532,1e-05,edge_flip,4,0.2,0.02,0.2,0.1812574416399002,0.0,0.2890447974205017
100,10.0,0.5431122541136532,1e-05,sbm_dpsgd,5,0.2,0.02,0.2,0.2682577073574066,0.050864361226558685,0.3043007552623749
100,10.0,0.5431122541136532,1e-05,gaussian,5,0.2,0.02,0.2,0.2217196375131607,0.035949189215898514,0.1843893975019455
100,10.0,0.5431122541136532,1e-05,edge_flip,5,0.2,0.02,0.2,0.27980586886405945,0.0,0.25516876578330994
100,10.0,0.5431122541136532,1e-05,sbm_dpsgd,6,0.2,0.02,0.2,0.30817461013793945,0.062192074954509735,0.2997916340827942
100,10.0,0.5431122541136532,1e-05,gaussian,6,0.2,0.02,0.2,0.19092029333114624,0.023925714194774628,0.22455036640167236
100,10.0,0.5431122541136532,1e-05,edge_flip,6,0.2,0.02,0.2,0.19357599318027496,0.01711273193359375,0.15969997644424438
100,10.0,0.5431122541136532,1e-05,sbm_dpsgd,7,0.2,0.02,0.2,0.2425413876771927,0.014518797397613525,0.2830323576927185
100,10.0,0.5431122541136532,1e-05,gaussian,7,0.2,0.02,0.2,0.17401942610740662,0.02550816349685192,0.19611309468746185
100,10.0,0.5431122541136532,1e-05,edge_flip,7,0.2,0.02,0.2,0.15969997644424438,0.003531527705490589,0.1843370795249939
100,10.0,0.5431122541136532,1e-05,sbm_dpsgd,8,0.2,0.02,0.2,0.29297199845314026,0.010595439001917839,0.3299354612827301
100,10.0,0.5431122541136532,1e-05,gaussian,8,0.2,0.02,0.2,0.21830634772777557,0.01585724577307701,0.2445150464773178
100,10.0,0.5431122541136532,1e-05,edge_flip,8,0.2,0.02,0.2,0.21513347327709198,0.0,0.21513347327709198
100,10.0,0.5431122541136532,1e-05,sbm_dpsgd,9,0.2,0.02,0.2,0.30361586809158325,0.038303080946207047,0.2693794369697571
100,10.0,0.5431122541136532,1e-05,gaussian,9,0.2,0.02,0.2,0.1858738362789154,0.009584849700331688,0.2104739397764206
100,10.0,0.5431122541136532,1e-05,edge_flip,9,0.2,0.02,0.2,0.2613280415534973,0.0,0.2120538353919983
100,10.0,0.5431122541136532,1e-05,sbm_dpsgd,10,0.2,0.02,0.2,0.25979605317115784,0.03417442739009857,0.273781955242157
100,10.0,0.5431122541136532,1e-05,gaussian,10,0.2,0.02,0.2,0.1868060976266861,0.04098131135106087,0.2096235305070877
100,10.0,0.5431122541136532,1e-05,edge_flip,10,0.2,0.02,0.2,0.19973528385162354,0.05031123012304306,0.25516876578330994
100,10.0,0.5431122541136532,1e-05,sbm_dpsgd,11,0.2,0.02,0.2,0.22559739649295807,0.02159598469734192,0.16354332864284515
100,10.0,0.5431122541136532,1e-05,gaussian,11,0.2,0.02,0.2,0.17919199168682098,0.009699158370494843,0.20175954699516296
100,10.0,0.5431122541136532,1e-05,edge_flip,11,0.2,0.02,0.2,0.17509816586971283,0.0,0.13814251124858856
100,10.0,0.5431122541136532,1e-05,sbm_dpsgd,12,0.2,0.02,0.2,0.30136430263519287,0.04870333522558212,0.2537853419780731
100,10.0,0.5431122541136532,1e-05,gaussian,12,0.2,0.02,0.2,0.1568540334701538,0.0062332735396921635,0.21555015444755554
100,10.0,0.5431122541136532,1e-05,edge_flip,12,0.2,0.02,0.2,0.13506287336349487,0.027675891295075417,0.21513347327709198
100,10.0,0.5431122541136532,1e-05,sbm_dpsgd,13,0.2,0.02,0.2,0.2909964323043823,0.05430100858211517,0.26792922616004944
100,10.0,0.5431122541136532,1e-05,gaussian,13,0.2,0.02,0.2,0.20642104744911194,0.018842818215489388,0.23568585515022278
100,10.0,0.5431122541136532,1e-05,edge_flip,13,0.2,0.02,0.2,0.18741671741008759,0.027675891295075417,0.17817780375480652
100,10.0,0.5431122541136532,1e-05,sbm_dpsgd,14,0.2,0.02,0.2,0.26975104212760925,0.02490289695560932,0.27581703662872314
100,10.0,0.5431122541136532,1e-05,gaussian,14,0.2,0.02,0.2,0.20551413297653198,0.028007440268993378,0.20956946909427643
100,10.0,0.5431122541136532,1e-05,edge_flip,14,0.2,0.02,0.2,0.1566203385591507,0.026166869327425957,0.15969997644424438
100,10.0,0.5431122541136532,1e-05,sbm_dpsgd,15,0.2,0.02,0.2,0.2551044523715973,0.04129820689558983,0.17508848011493683
100,10.0,0.5431122541136532,1e-05,gaussian,15,0.2,0.02,0.2,0.17253997921943665,0.03701939061284065,0.17283061146736145
100,10.0,0.5431122541136532,1e-05,edge_flip,15,0.2,0.02,0.2,0.2366909384727478,0.07898266613483429,0.19049635529518127
100,10.0,0.5431122541136532,1e-05,sbm_dpsgd,16,0.2,0.02,0.2,0.27298983931541443,0.00916554220020771,0.21938414871692657
100,10.0,0.5431122541136532,1e-05,gaussian,16,0.2,0.02,0.2,0.23849289119243622,0.017676791176199913,0.23200735449790955
100,10.0,0.5431122541136532,1e-05,edge_flip,16,0.2,0.02,0.2,0.1812574416399002,0.04578416422009468,0.2921244204044342
100,10.0,0.5431122541136532,1e-05,sbm_dpsgd,17,0.2,0.02,0.2,0.1646161675453186,0.0418112613260746,0.17501504719257355
100,10.0,0.5431122541136532,1e-05,gaussian,17,0.2,0.02,0.2,0.18834704160690308,0.010332725010812283,0.2472846806049347
100,10.0,0.5431122541136532,1e-05,edge_flip,17,0.2,0.02,0.2,0.1289035975933075,0.03673002868890762,0.28288552165031433
100,10.0,0.5431122541136532,1e-05,sbm_dpsgd,18,0.2,0.02,0.2,0.21510526537895203,0.016201162710785866,0.2639341950416565
100,10.0,0.5431122541136532,1e-05,gaussian,18,0.2,0.02,0.2,0.21969029307365417,0.023902906104922295,0.21160469949245453
100,10.0,0.5431122541136532,1e-05,edge_flip,18,0.2,0.02,0.2,0.2613280415534973,0.0005134823150001466,0.21513347327709198
100,10.0,0.5431122541136532,1e-05,sbm_dpsgd,19,0.2,0.02,0.2,0.19430039823055267,0.037426676601171494,0.3012109696865082
100,10.0,0.5431122541136532,1e-05,gaussian,19,0.2,0.02,0.2,0.2113388180732727,0.042862504720687866,0.18686451017856598
100,10.0,0.5431122541136532,1e-05,edge_flip,19,0.2,0.02,0.2,0.2336113005876541,0.060874391347169876,0.16277961432933807
100,20.0,0.40561225411365304,1e-05,sbm_dpsgd,0,0.2,0.02,0.2,0.3315546214580536,0.004941459745168686,0.3465585708618164
100,20.0,0.40561225411365304,1e-05,gaussian,0,0.2,0.02,0.2,0.15823805332183838,0.017463332042098045,0.23931093513965607
100,20.0,0.40561225411365304,1e-05,edge_flip,0,0.2,0.02,0.2,0.10626149922609329,0.014171567745506763,0.19602571427822113
100,20.0,0.40561225411365304,1e-05,sbm_dpsgd,1,0.2,0.02,0.2,0.4016042649745941,0.028140399605035782,0.24886642396450043
100,20.0,0.40561225411365304,1e-05,gaussian,1,0.2,0.02,0.2,0.2304994761943817,0.026647957041859627,0.27233797311782837
100,20.0,0.40561225411365304,1e-05,edge_flip,1,0.2,0.02,0.2,0.22458705306053162,0.05415744706988335,0.16338418424129486
100,20.0,0.40561225411365304,1e-05,sbm_dpsgd,2,0.2,0.02,0.2,0.24920549988746643,0.024409588426351547,0.24777796864509583
100,20.0,0.40561225411365304,1e-05,gaussian,2,0.2,0.02,0.2,0.24943804740905762,0.0048579559661448,0.2301682084798813
100,20.0,0.40561225411365304,1e-05,edge_flip,2,0.2,0.02,0.2,0.26538896560668945,0.028166625648736954,0.2041860967874527
100,20.0,0.40561225411365304,1e-05,sbm_dpsgd,3,0.2,0.02,0.2,0.30406609177589417,0.09825341403484344,0.2792370021343231
100,20.0,0.40561225411365304,1e-05,gaussian,3,0.2,0.02,0.2,0.22628535330295563,0.012222349643707275,0.16884255409240723
100,20.0,0.40561225411365304,1e-05,edge_flip,3,0.2,0.02,0.2,0.1552238017320633,0.0,0.16746437549591064
100,20.0,0.40561225411365304,1e-05,sbm_dpsgd,4,0.2,0.02,0.2,0.2613540291786194,0.06706062704324722,0.16796241700649261
100,20.0,0.40561225411365304,1e-05,gaussian,4,0.2,0.02,0.2,0.2002009153366089,0.0,0.19267994165420532
100,20.0,0.40561225411365304,1e-05,edge_flip,4,0.2,0.02,0.2,0.26538896560668945,0.14212638139724731,0.2572285830974579
100,20.0,0.40561225411365304,1e-05,sbm_dpsgd,5,0.2,0.02,0.2,0.2355002462863922,0.019262190908193588,0.2467752993106842
100,20.0,0.40561225411365304,1e-05,gaussian,5,0.2,0.02,0.2,0.1947414129972458,0.01996009610593319,0.1298397034406662
100,20.0,0.40561225411365304,1e-05,edge_flip,5,0.2,0.02,0.2,0.19194552302360535,0.026167331263422966,0.3265918493270874
100,20.0,0.40561225411365304,1e-05,sbm_dpsgd,6,0.2,0.02,0.2,0.22465898096561432,0.07476784288883209,0.23220305144786835
100,20.0,0.40561225411365304,1e-05,gaussian,6,0.2,0.02,0.2,0.24233120679855347,0.012422102503478527,0.18989704549312592
100,20.0,0.40561225411365304,1e-05,edge_flip,6,0.2,0.02,0.2,0.19194552302360535,0.0,0.1266624480485916
100,20.0,0.40561225411365304,1e-05,sbm_dpsgd,7,0.2,0.02,0.2,0.2304786890745163,0.0582098662853241,0.3591771125793457
100,20.0,0.40561225411365304,1e-05,gaussian,7,0.2,0.02,0.2,0.1687978208065033,0.038637466728687286,0.1713595688343048
100,20.0,0.40561225411365304,1e-05,edge_flip,7,0.2,0.02,0.2,0.08994072675704956,0.0,0.19194552302360535
100,20.0,0.40561225411365304,1e-05,sbm_dpsgd,8,0.2,0.02,0.2,0.20955781638622284,0.04415430501103401,0.21640746295452118
100,20.0,0.40561225411365304,1e-05,gaussian,8,0.2,0.02,0.2,0.2170892208814621,0.019100092351436615,0.19250254333019257
100,20.0,0.40561225411365304,1e-05,edge_flip,8,0.2,0.02,0.2,0.15930399298667908,0.0,0.26130878925323486
100,20.0,0.40561225411365304,1e-05,sbm_dpsgd,9,0.2,0.02,0.2,0.2360863834619522,0.04048240929841995,0.2548580765724182
100,20.0,0.40561225411365304,1e-05,gaussian,9,0.2,0.02,0.2,0.21448367834091187,0.015466581098735332,0.18129819631576538
100,20.0,0.40561225411365304,1e-05,edge_flip,9,0.2,0.02,0.2,0.23682762682437897,0.11013767868280411,0.24906820058822632
100,20.0,0.40561225411365304,1e-05,sbm_dpsgd,10,0.2,0.02,0.2,0.33692413568496704,0.015865493565797806,0.29391050338745117
100,20.0,0.40561225411365304,1e-05,gaussian,10,0.2,0.02,0.2,0.23115667700767517,0.0,0.2740618586540222
100,20.0,0.40561225411365304,1e-05,edge_flip,10,0.2,0.02,0.2,0.23682762682437897,0.04216168448328972,0.277629554271698
100,20.0,0.40561225411365304,1e-05,sbm_dpsgd,11,0.2,0.02,0.2,0.25435006618499756,0.006842487957328558,0.2355714589357376
100,20.0,0.40561225411365304,1e-05,gaussian,11,0.2,0.02,0.2,0.199126735329628,0.023288896307349205,0.16933177411556244
100,20.0,0.40561225411365304,1e-05,edge_flip,11,0.2,0.02,0.2,0.05729919299483299,0.00817368645220995,0.3021107017993927
100,20.0,0.40561225411365304,1e-05,sbm_dpsgd,12,0.2,0.02,0.2,0.2458965927362442,0.049851194024086,0.23951329290866852
100,20.0,0.40561225411365304,1e-05,gaussian,12,0.2,0.02,0.2,0.21968071162700653,0.004248606041073799,0.23248305916786194
100,20.0,0.40561225411365304,1e-05,edge_flip,12,0.2,0.02,0.2,0.2286672443151474,0.0,0.1511436104774475
100,20.0,0.40561225411365304,1e-05,sbm_dpsgd,13,0.2,0.02,0.2,0.20681393146514893,0.12710018455982208,0.24513040482997894
100,20.0,0.40561225411365304,1e-05,gaussian,13,0.2,0.02,0.2,0.18877850472927094,0.008750628679990768,0.19482193887233734
100,20.0,0.40561225411365304,1e-05,edge_flip,13,0.2,0.02,0.2,0.2572285830974579,0.01217227429151535,0.1511436104774475
100,20.0,0.40561225411365304,1e-05,sbm_dpsgd,14,0.2,0.02,0.2,0.3461819291114807,0.009105212055146694,0.2525143623352051
100,20.0,0.40561225411365304,1e-05,gaussian,14,0.2,0.02,0.2,0.16371533274650574,0.020916055887937546,0.12633581459522247
100,20.0,0.40561225411365304,1e-05,edge_flip,14,0.2,0.02,0.2,0.16338418424129486,0.05815603584051132,0.10626149922609329
100,20.0,0.40561225411365304,1e-05,sbm_dpsgd,15,0.2,0.02,0.2,0.36301061511039734,0.1300249695777893,0.20056034624576569
100,20.0,0.40561225411365304,1e-05,gaussian,15,0.2,0.02,0.2,0.24377408623695374,0.03966032341122627,0.2441973090171814
100,20.0,0.40561225411365304,1e-05,edge_flip,15,0.2,0.02,0.2,0.26130878925323486,0.016170861199498177,0.2572285830974579
100,20.0,0.40561225411365304,1e-05,sbm_dpsgd,16,0.2,0.02,0.2,0.13567230105400085,0.019527174532413483,0.3216630816459656
100,20.0,0.40561225411365304,1e-05,gaussian,16,0.2,0.02,0.2,0.21740753948688507,0.020672615617513657,0.2020065039396286
100,20.0,0.40561225411365304,1e-05,edge_flip,16,0.2,0.02,0.2,0.26946917176246643,0.05015885829925537,0.1511436104774475
100,20.0,0.40561225411365304,1e-05,sbm_dpsgd,17,0.2,0.02,0.2,0.17540735006332397,0.04843727499246597,0.227544367313385
100,20.0,0.40561225411365304,1e-05,gaussian,17,0.2,0.02,0.2,0.17605219781398773,0.05261137709021568,0.17874087393283844
100,20.0,0.40561225411365304,1e-05,edge_flip,17,0.2,0.02,0.2,0.12258226424455643,0.020169449970126152,0.1511436104774475
100,20.0,0.40561225411365304,1e-05,sbm_dpsgd,18,0.2,0.02,0.2,0.22910483181476593,0.1865389198064804,0.1850358545780182
100,20.0,0.40561225411365304,1e-05,gaussian,18,0.2,0.02,0.2,0.19011972844600677,0.038559690117836,0.25079476833343506
100,20.0,0.40561225411365304,1e-05,edge_flip,18,0.2,0.02,0.2,0.1307426393032074,0.0,0.26538896560668945
100,20.0,0.40561225411365304,1e-05,sbm_dpsgd,19,0.2,0.02,0.2,0.1848883330821991,0.05732906982302666,0.28519418835639954
100,20.0,0.40561225411365304,1e-05,gaussian,19,0.2,0.02,0.2,0.24285678565502167,0.0089345034211874,0.16481852531433105
100,20.0,0.40561225411365304,1e-05,edge_flip,19,0.2,0.02,0.2,0.13482284545898438,0.036163803189992905,0.21642667055130005
200,1.0,5.635918426327381,1e-05,sbm_dpsgd,0,0.2,0.02,0.2,0.21580977737903595,0.03868887573480606,0.21315442025661469
200,1.0,5.635918426327381,1e-05,gaussian,0,0.2,0.02,0.2,0.19858010113239288,0.022565610706806183,0.21276956796646118
200,1.0,5.635918426327381,1e-05,edge_flip,0,0.2,0.02,0.2,0.1986657679080963,0.02310957759618759,0.21311190724372864
200,1.0,5.635918426327381,1e-05,sbm_dpsgd,1,0.2,0.02,0.2,0.21245864033699036,0.02950717695057392,0.22265610098838806
200,1.0,5.635918426327381,1e-05,gaussian,1,0.2,0.02,0.2,0.2011197954416275,0.0194991622120142,0.2116975486278534
200,1.0,5.635918426327381,1e-05,edge_flip,1,0.2,0.02,0.2,0.202328160405159,0.019886665046215057,0.2143326997756958
200,1.0,5.635918426327381,1e-05,sbm_dpsgd,2,0.2,0.02,0.2,0.2319987714290619,0.03691074252128601,0.22564586997032166
200,1.0,5.635918426327381,1e-05,gaussian,2,0.2,0.02,0.2,0.21236900985240936,0.022269967943429947,0.2047911435365677
200,1.0,5.635918426327381,1e-05,edge_flip,2,0.2,0.02,0.2,0.21250149607658386,0.022001702338457108,0.2049732357263565
200,1.0,5.635918426327381,1e-05,sbm_dpsgd,3,0.2,0.02,0.2,0.19791562855243683,0.029387982562184334,0.21033811569213867
200,1.0,5.635918426327381,1e-05,gaussian,3,0.2,0.02,0.2,0.1946924477815628,0.01990537904202938,0.20409247279167175
200,1.0,5.635918426327381,1e-05,edge_flip,3,0.2,0.02,0.2,0.19418948888778687,0.019886665046215057,0.20293857157230377
200,1.0,5.635918426327381,1e-05,sbm_dpsgd,4,0.2,0.02,0.2,0.21112604439258575,0.034449122846126556,0.2091679722070694
200,1.0,5.635918426327381,1e-05,gaussian,4,0.2,0.02,0.2,0.1984742134809494,0.02068859152495861,0.1910734921693802
200,1.0,5.635918426327381,1e-05,edge_flip,4,0.2,0.02,0.2,0.1986657679080963,0.02008809708058834,0.18950976431369781
200,1.0,5.635918426327381,1e-05,sbm_dpsgd,5,0.2,0.02,0.2,0.21185174584388733,0.03344867378473282,0.21203449368476868
200,1.0,5.635918426327381,1e-05,gaussian,5,0.2,0.02,0.2,0.2092369794845581,0.020697304978966713,0.20178963243961334
200,1.0,5.635918426327381,1e-05,edge_flip,5,0.2,0.02,0.2,0.2114841639995575,0.01978594809770584,0.20110736787319183
200,1.0,5.635918426327381,1e-05,sbm_dpsgd,6,0.2,0.02,0.2,0.2106185108423233,0.02688637562096119,0.19793042540550232
200,1.0,5.635918426327381,1e-05,gaussian,6,0.2,0.02,0.2,0.20591992139816284,0.01657668501138687,0.19110965728759766
200,1.0,5.635918426327381,1e-05,edge_flip,6,0.2,0.02,0.2,0.20619402825832367,0.017872344702482224,0.19052709639072418
200,1.0,5.635918426327381,1e-05,sbm_dpsgd,7,0.2,0.02,0.2,0.21006746590137482,0.028673885390162468,0.20278261601924896
200,1.0,5.635918426327381,1e-05,gaussian,7,0.2,0.02,0.2,0.20690354704856873,0.020398691296577454,0.19607743620872498
200,1.0,5.635918426327381,1e-05,edge_flip,7,0.2,0.02,0.2,0.20578710734844208,0.020289529114961624,0.1931721568107605
200,1.0,5.635918426327381,1e-05,sbm_dpsgd,8,0.2,0.02,0.2,0.21037647128105164,0.031553685665130615,0.21368655562400818
200,1.0,5.635918426327381,1e-05,gaussian,8,0.2,0.02,0.2,0.19877149164676666,0.01941126212477684,0.20381982624530792
200,1.0,5.635918426327381,1e-05,edge_flip,8,0.2,0.02,0.2,0.19846229255199432,0.019282368943095207,0.20436283946037292
200,1.0,5.635918426327381,1e-05,sbm_dpsgd,9,0.2,0.02,0.2,0.2160109132528305,0.033320989459753036,0.20489537715911865
200,1.0,5.635918426327381,1e-05,gaussian,9,0.2,0.02,0.2,0.2012857049703598,0.01902768760919571,0.19389379024505615
200,1.0,5.635918426327381,1e-05,edge_flip,9,0.2,0.02,0.2,0.1990727037191391,0.02008809708058834,0.19439296424388885
200,1.0,5.635918426327381,1e-05,sbm_dpsgd,10,0.2,0.02,0.2,0.2170834243297577,0.03195759654045105,0.2050255686044693
200,1.0,5.635918426327381,1e-05,gaussian,10,0.2,0.02,0.2,0.203948512673378,0.018758561462163925,0.19055058062076569
200,1.0,5.635918426327381,1e-05,edge_flip,10,0.2,0.02,0.2,0.20476976037025452,0.01887950487434864,0.19093403220176697
200,1.0,5.635918426327381,1e-05,sbm_dpsgd,11,0.2,0.02,0.2,0.2143295556306839,0.0379289835691452,0.20961666107177734
200,1.0,5.635918426327381,1e-05,gaussian,11,0.2,0.02,0.2,0.20810264348983765,0.0224131029099226,0.19701844453811646
200,1.0,5.635918426327381,1e-05,edge_flip,11,0.2,0.02,0.2,0.2082287073135376,0.022102417424321175,0.19663110375404358
200,1.0,5.635918426327381,1e-05,sbm_dpsgd,12,0.2,0.02,0.2,0.217447891831398,0.03335316479206085,0.2054550051689148
200,1.0,5.635918426327381,1e-05,gaussian,12,0.2,0.02,0.2,0.206093430519104,0.017969729378819466,0.1971932053565979
200,1.0,5.635918426327381,1e-05,edge_flip,12,0.2,0.02,0.2,0.20639750361442566,0.019080936908721924,0.19541029632091522
200,1.0,5.635918426327381,1e-05,sbm_dpsgd,13,0.2,0.02,0.2,0.22230441868305206,0.03585830703377724,0.2145358771085739
200,1.0,5.635918426327381,1e-05,gaussian,13,0.2,0.02,0.2,0.21490629017353058,0.019665151834487915,0.19726985692977905
200,1.0,5.635918426327381,1e-05,edge_flip,13,0.2,0.02,0.2,0.2143326997756958,0.019584516063332558,0.19744496047496796
200,1.0,5.635918426327381,1e-05,sbm_dpsgd,14,0.2,0.02,0.2,0.20592427253723145,0.033055804669857025,0.21258583664894104
200,1.0,5.635918426327381,1e-05,gaussian,14,0.2,0.02,0.2,0.1970979869365692,0.018343385308980942,0.20024268329143524
200,1.0,5.635918426327381,1e-05,edge_flip,14,0.2,0.02,0.2,0.19724150002002716,0.017268048599362373,0.20009003579616547
200,1.0,5.635918426327381,1e-05,sbm_dpsgd,15,0.2,0.02,0.2,0.2108415961265564,0.03053276613354683,0.21655398607254028
200,1.0,5.635918426327381,1e-05,gaussian,15,0.2,0.02,0.2,0.20620819926261902,0.01824510656297207,0.20258453488349915
200,1.0,5.635918426327381,1e-05,edge_flip,15,0.2,0.02,0.2,0.20456629991531372,0.018980219960212708,0.20151430368423462
200,1.0,5.635918426327381,1e-05,sbm_dpsgd,16,0.2,0.02,0.2,0.21191120147705078,0.03141653910279274,0.21047048270702362
200,1.0,5.635918426327381,1e-05,gaussian,16,0.2,0.02,0.2,0.2045872062444687,0.01852560043334961,0.19641147553920746
200,1.0,5.635918426327381,1e-05,edge_flip,16,0.2,0.02,0.2,0.2049732357263565,0.018678072839975357,0.19703802466392517
200,1.0,5.635918426327381,1e-05,sbm_dpsgd,17,0.2,0.02,0.2,0.21370519697666168,0.030479146167635918,0.21406607329845428
200,1.0,5.635918426327381,1e-05,gaussian,17,0.2,0.02,0.2,0.20406517386436462,0.021161681041121483,0.1944696009159088
200,1.0,5.635918426327381,1e-05,edge_flip,17,0.2,0.02,0.2,0.20599056780338287,0.02129668928682804,0.19439296424388885
200,1.0,5.635918426327381,1e-05,sbm_dpsgd,18,0.2,0.02,0.2,0.218539297580719,0.03271878883242607,0.2074287086725235
200,1.0,5.635918426327381,1e-05,gaussian,18,0.2,0.02,0.2,0.20623499155044556,0.0237235389649868,0.20378705859184265
200,1.0,5.635918426327381,1e-05,edge_flip,18,0.2,0.02,0.2,0.20456629991531372,0.022908145561814308,0.20293857157230377
200,1.0,5.635918426327381,1e-05,sbm_dpsgd,19,0.2,0.02,0.2,0.2063896209001541,0.030629359185695648,0.21769969165325165
200,1.0,5.635918426327381,1e-05,gaussian,19,0.2,0.02,0.2,0.19374024868011475,0.019149018451571465,0.20284312963485718
200,1.0,5.635918426327381,1e-05,edge_flip,19,0.2,0.02,0.2,0.1933756321668625,0.019584516063332558,0.20151430368423462
200,2.0,2.668102829441137,1e-05,sbm_dpsgd,0,0.2,0.02,0.2,0.2078516036272049,0.04004507511854172,0.20416657626628876
200,2.0,2.668102829441137,1e-05,gaussian,0,0.2,0.02,0.2,0.204191192984581,0.02035459503531456,0.19685791432857513
200,2.0,2.668102829441137,1e-05,edge_flip,0,0.2,0.02,0.2,0.19914118945598602,0.020245105028152466,0.19171257317066193
200,2.0,2.668102829441137,1e-05,sbm_dpsgd,1,0.2,0.02,0.2,0.2008044421672821,0.033788688480854034,0.21022801101207733
200,2.0,2.668102829441137,1e-05,gaussian,1,0.2,0.02,0.2,0.19527177512645721,0.020252441987395287,0.19994482398033142
200,2.0,2.668102829441137,1e-05,edge_flip,1,0.2,0.02,0.2,0.2042483538389206,0.02369244582951069,0.2051769345998764
200,2.0,2.668102829441137,1e-05,sbm_dpsgd,2,0.2,0.02,0.2,0.205109640955925,0.029275931417942047,0.20966021716594696
200,2.0,2.668102829441137,1e-05,gaussian,2,0.2,0.02,0.2,0.1971154659986496,0.020261265337467194,0.20081304013729095
200,2.0,2.668102829441137,1e-05,edge_flip,2,0.2,0.02,0.2,0.19356973469257355,0.025416117161512375,0.20448049902915955
200,2.0,2.668102829441137,1e-05,sbm_dpsgd,3,0.2,0.02,0.2,0.20547866821289062,0.02773565612733364,0.2156652808189392
200,2.0,2.668102829441137,1e-05,gaussian,3,0.2,0.02,0.2,0.19359822571277618,0.02064518630504608,0.20175200700759888
200,2.0,2.668102829441137,1e-05,edge_flip,3,0.2,0.02,0.2,0.1859089732170105,0.023577535524964333,0.20099833607673645
200,2.0,2.668102829441137,1e-05,sbm_dpsgd,4,0.2,0.02,0.2,0.19489450752735138,0.03147285431623459,0.21544873714447021
200,2.0,2.668102829441137,1e-05,gaussian,4,0.2,0.02,0.2,0.18642498552799225,0.018328653648495674,0.1997465342283249
200,2.0,2.668102829441137,1e-05,edge_flip,4,0.2,0.02,0.2,0.18706969916820526,0.01875125803053379,0.19983762502670288
200,2.0,2.668102829441137,1e-05,sbm_dpsgd,5,0.2,0.02,0.2,0.21572814881801605,0.03680238872766495,0.20414437353610992
200,2.0,2.668102829441137,1e-05,gaussian,5,0.2,0.02,0.2,0.20773404836654663,0.020315295085310936,0.19347424805164337
200,2.0,2.668102829441137,1e-05,edge_flip,5,0.2,0.02,0.2,0.20749837160110474,0.020245105028152466,0.19496259093284607
200,2.0,2.668102829441137,1e-05,sbm_dpsgd,6,0.2,0.02,0.2,0.2205897867679596,0.03806193545460701,0.2156057059764862
200,2.0,2.668102829441137,1e-05,gaussian,6,0.2,0.02,0.2,0.2082136571407318,0.019814705476164818,0.1979566067457199
200,2.0,2.668102829441137,1e-05,edge_flip,6,0.2,0.02,0.2,0.2021590620279312,0.01875125803053379,0.20448049902915955
200,2.0,2.668102829441137,1e-05,sbm_dpsgd,7,0.2,0.02,0.2,0.20650523900985718,0.033145468682050705,0.19485431909561157
200,2.0,2.668102829441137,1e-05,gaussian,7,0.2,0.02,0.2,0.19871453940868378,0.021700439974665642,0.1982344388961792
200,2.0,2.668102829441137,1e-05,edge_flip,7,0.2,0.02,0.2,0.19867689907550812,0.019095992669463158,0.19542688131332397
200,2.0,2.668102829441137,1e-05,sbm_dpsgd,8,0.2,0.02,0.2,0.22244226932525635,0.02166036143898964,0.21269775927066803
200,2.0,2.668102829441137,1e-05,gaussian,8,0.2,0.02,0.2,0.20395059883594513,0.021448642015457153,0.2012353390455246
200,2.0,2.668102829441137,1e-05,edge_flip,8,0.2,0.02,0.2,0.2007661908864975,0.014614449813961983,0.20355193316936493
200,2.0,2.668102829441137,1e-05,sbm_dpsgd,9,0.2,0.02,0.2,0.20526233315467834,0.027659336104989052,0.22453857958316803
200,2.0,2.668102829441137,1e-05,gaussian,9,0.2,0.02,0.2,0.20639440417289734,0.018574854359030724,0.20136858522891998
200,2.0,2.668102829441137,1e-05,edge_flip,9,0.2,0.02,0.2,0.2042483538389206,0.021624041721224785,0.20633766055107117
200,2.0,2.668102829441137,1e-05,sbm_dpsgd,10,0.2,0.02,0.2,0.22215935587882996,0.03189079463481903,0.1930137425661087
200,2.0,2.668102829441137,1e-05,gaussian,10,0.2,0.02,0.2,0.20387224853038788,0.021923940628767014,0.20011350512504578
200,2.0,2.668102829441137,1e-05,edge_flip,10,0.2,0.02,0.2,0.2056412249803543,0.020245105028152466,0.20262335240840912
200,2.0,2.668102829441137,1e-05,sbm_dpsgd,11,0.2,0.02,0.2,0.20316025614738464,0.03174086660146713,0.22567082941532135
200,2.0,2.668102829441137,1e-05,gaussian,11,0.2,0.02,0.2,0.20314709842205048,0.019300326704978943,0.2121671587228775
200,2.0,2.668102829441137,1e-05,edge_flip,11,0.2,0.02,0.2,0.2047126442193985,0.024037180468440056,0.21376626193523407
200,2.0,2.668102829441137,1e-05,sbm_dpsgd,12,0.2,0.02,0.2,0.21362584829330444,0.029087141156196594,0.20205281674861908
200,2.0,2.668102829441137,1e-05,gaussian,12,0.2,0.02,0.2,0.2049877792596817,0.020860832184553146,0.1960078924894333
200,2.0,2.668102829441137,1e-05,edge_flip,12,0.2,0.02,0.2,0.19705189764499664,0.020819662138819695,0.19635546207427979
200,2.0,2.668102829441137,1e-05,sbm_dpsgd,13,0.2,0.02,0.2,0.1967901885509491,0.037550169974565506,0.209416463971138
200,2.0,2.668102829441137,1e-05,gaussian,13,0.2,0.02,0.2,0.1884983479976654,0.020029297098517418,0.20117095112800598
200,2.0,2.668102829441137,1e-05,edge_flip,13,0.2,0.02,0.2,0.1863732635974884,0.018866170197725296,0.19983762502670288
200,2.0,2.668102829441137,1e-05,sbm_dpsgd,14,0.2,0.02,0.2,0.2244914174079895,0.03402382880449295,0.2237185835838318
200,2.0,2.668102829441137,1e-05,gaussian,14,0.2,0.02,0.2,0.21108920872211456,0.024455232545733452,0.21309930086135864
200,2.0,2.668102829441137,1e-05,edge_flip,14,0.2,0.02,0.2,0.2047126442193985,0.02231350913643837,0.2130698412656784
200,2.0,2.668102829441137,1e-05,sbm_dpsgd,15,0.2,0.02,0.2,0.19167585670948029,0.033756691962480545,0.20199090242385864
200,2.0,2.668102829441137,1e-05,gaussian,15,0.2,0.02,0.2,0.19111034274101257,0.017509402707219124,0.19155435264110565
200,2.0,2.668102829441137,1e-05,edge_flip,15,0.2,0.02,0.2,0.19148042798042297,0.02231350913643837,0.19124828279018402
200,2.0,2.668102829441137,1e-05,sbm_dpsgd,16,0.2,0.02,0.2,0.21333706378936768,0.027628934010863304,0.2102448046207428
200,2.0,2.668102829441137,1e-05,gaussian,16,0.2,0.02,0.2,0.2033976912498474,0.020602906122803688,0.20225790143013
200,2.0,2.668102829441137,1e-05,edge_flip,16,0.2,0.02,0.2,0.20308764278888702,0.022083686664700508,0.19171257317066193
200,2.0,2.668102829441137,1e-05,sbm_dpsgd,17,0.2,0.02,0.2,0.2114855945110321,0.03013850376009941,0.21392390131950378
200,2.0,2.668102829441137,1e-05,gaussian,17,0.2,0.02,0.2,0.19870294630527496,0.01941106840968132,0.20391616225242615
200,2.0,2.668102829441137,1e-05,edge_flip,17,0.2,0.02,0.2,0.20610551536083221,0.012086399830877781,0.20355193316936493
200,2.0,2.668102829441137,1e-05,sbm_dpsgd,18,0.2,0.02,0.2,0.21011491119861603,0.029567915946245193,0.20201832056045532
200,2.0,2.668102829441137,1e-05,gaussian,18,0.2,0.02,0.2,0.2076522260904312,0.02018202841281891,0.18849512934684753
200,2.0,2.668102829441137,1e-05,edge_flip,18,0.2,0.02,0.2,0.2081948071718216,0.022658243775367737,0.1938018649816513
200,2.0,2.668102829441137,1e-05,sbm_dpsgd,19,0.2,0.02,0.2,0.20210130512714386,0.036741241812705994,0.20412598550319672
200,2.0,2.668102829441137,1e-05,gaussian,19,0.2,0.02,0.2,0.19733434915542603,0.01971021667122841,0.19493424892425537
200,2.0,2.668102829441137,1e-05,edge_flip,19,0.2,0.02,0.2,0.1968197524547577,0.02231350913643837,0.18846255540847778
200,5.0,1.0338953100711687,1e-05,sbm_dpsgd,0,0.2,0.02,0.2,0.2081914246082306,0.032340504229068756,0.21299728751182556
200,5.0,1.0338953100711687,1e-05,gaussian,0,0.2,0.02,0.2,0.20015986263751984,0.018707972019910812,0.20494413375854492
200,5.0,1.0338953100711687,1e-05,edge_flip,0,0.2,0.02,0.2,0.18167440593242645,0.027076123282313347,0.20802445709705353
200,5.0,1.0338953100711687,1e-05,sbm_dpsgd,1,0.2,0.02,0.2,0.20603616535663605,0.02266101911664009,0.21944768726825714
200,5.0,1.0338953100711687,1e-05,gaussian,1,0.2,0.02,0.2,0.20681150257587433,0.018597543239593506,0.2102423459291458
200,5.0,1.0338953100711687,1e-05,edge_flip,1,0.2,0.02,0.2,0.21142446994781494,0.01571585237979889,0.21652448177337646
200,5.0,1.0338953100711687,1e-05,sbm_dpsgd,2,0.2,0.02,0.2,0.22380751371383667,0.04415132850408554,0.2109493613243103
200,5.0,1.0338953100711687,1e-05,gaussian,2,0.2,0.02,0.2,0.20563261210918427,0.01871989667415619,0.20158837735652924
200,5.0,1.0338953100711687,1e-05,edge_flip,2,0.2,0.02,0.2,0.1965494453907013,0.021185612305998802,0.18209941685199738
200,5.0,1.0338953100711687,1e-05,sbm_dpsgd,3,0.2,0.02,0.2,0.21078959107398987,0.03488396108150482,0.2097417265176773
200,5.0,1.0338953100711687,1e-05,gaussian,3,0.2,0.02,0.2,0.2030513733625412,0.019031371921300888,0.1894456446170807
200,5.0,1.0338953100711687,1e-05,edge_flip,3,0.2,0.02,0.2,0.20504945516586304,0.019292235374450684,0.20079945027828217
200,5.0,1.0338953100711687,1e-05,sbm_dpsgd,4,0.2,0.02,0.2,0.20578213036060333,0.029912084341049194,0.1995338648557663
200,5.0,1.0338953100711687,1e-05,gaussian,4,0.2,0.02,0.2,0.19380708038806915,0.021875115111470222,0.1942652016878128
200,5.0,1.0338953100711687,1e-05,edge_flip,4,0.2,0.02,0.2,0.20164944231510162,0.015505477786064148,0.19059942662715912
200,5.0,1.0338953100711687,1e-05,sbm_dpsgd,5,0.2,0.02,0.2,0.21288765966892242,0.03674155846238136,0.21839159727096558
200,5.0,1.0338953100711687,1e-05,gaussian,5,0.2,0.02,0.2,0.19536179304122925,0.0232145544141531,0.21001048386096954
200,5.0,1.0338953100711687,1e-05,edge_flip,5,0.2,0.02,0.2,0.1918744295835495,0.02076486311852932,0.22672449052333832
200,5.0,1.0338953100711687,1e-05,sbm_dpsgd,6,0.2,0.02,0.2,0.20410600304603577,0.024602048099040985,0.21281427145004272
200,5.0,1.0338953100711687,1e-05,gaussian,6,0.2,0.02,0.2,0.20037226378917694,0.017725994810461998,0.1997695118188858
200,5.0,1.0338953100711687,1e-05,edge_flip,6,0.2,0.02,0.2,0.19782443344593048,0.019292235374450684,0.19229942560195923
200,5.0,1.0338953100711687,1e-05,sbm_dpsgd,7,0.2,0.02,0.2,0.2066771388053894,0.04372406005859375,0.19235500693321228
200,5.0,1.0338953100711687,1e-05,gaussian,7,0.2,0.02,0.2,0.19902920722961426,0.022096477448940277,0.18890924751758575
200,5.0,1.0338953100711687,1e-05,edge_flip,7,0.2,0.02,0.2,0.21652448177337646,0.020344112068414688,0.1761493980884552
200,5.0,1.0338953100711687,1e-05,sbm_dpsgd,8,0.2,0.02,0.2,0.21610015630722046,0.03784652054309845,0.2085394561290741
200,5.0,1.0338953100711687,1e-05,gaussian,8,0.2,0.02,0.2,0.2009807527065277,0.02003336139023304,0.20024821162223816
200,5.0,1.0338953100711687,1e-05,edge_flip,8,0.2,0.02,0.2,0.21737447381019592,0.036753393709659576,0.2012244462966919
200,5.0,1.0338953100711687,1e-05,sbm_dpsgd,9,0.2,0.02,0.2,0.23869620263576508,0.034901440143585205,0.23587027192115784
200,5.0,1.0338953100711687,1e-05,gaussian,9,0.2,0.02,0.2,0.20908692479133606,0.021557293832302094,0.2106914222240448
200,5.0,1.0338953100711687,1e-05,edge_flip,9,0.2,0.02,0.2,0.20717446506023407,0.01234984677284956,0.21184946596622467
200,5.0,1.0338953100711687,1e-05,sbm_dpsgd,10,0.2,0.02,0.2,0.19686879217624664,0.0418706014752388,0.21389363706111908
200,5.0,1.0338953100711687,1e-05,gaussian,10,0.2,0.02,0.2,0.1898893266916275,0.020400965586304665,0.19617751240730286
200,5.0,1.0338953100711687,1e-05,edge_flip,10,0.2,0.02,0.2,0.18762442469596863,0.0028829541988670826,0.2122744619846344
200,5.0,1.0338953100711687,1e-05,sbm_dpsgd,11,0.2,0.02,0.2,0.21285474300384521,0.04769003391265869,0.2079269289970398
200,5.0,1.0338953100711687,1e-05,gaussian,11,0.2,0.02,0.2,0.19633029401302338,0.02302819862961769,0.19105075299739838
200,5.0,1.0338953100711687,1e-05,edge_flip,11,0.2,0.02,0.2,0.17487439513206482,0.012980973348021507,0.2058994621038437
200,5.0,1.0338953100711687,1e-05,sbm_dpsgd,12,0.2,0.02,0.2,0.20654670894145966,0.030450083315372467,0.1945028454065323
200,5.0,1.0338953100711687,1e-05,gaussian,12,0.2,0.02,0.2,0.19364801049232483,0.020134471356868744,0.20415960252285004
200,5.0,1.0338953100711687,1e-05,edge_flip,12,0.2,0.02,0.2,0.1999494433403015,0.02560349553823471,0.19059942662715912
200,5.0,1.0338953100711687,1e-05,sbm_dpsgd,13,0.2,0.02,0.2,0.21846893429756165,0.03508568927645683,0.24856267869472504
200,5.0,1.0338953100711687,1e-05,gaussian,13,0.2,0.02,0.2,0.2030484825372696,0.018275095149874687,0.21410293877124786
200,5.0,1.0338953100711687,1e-05,edge_flip,13,0.2,0.02,0.2,0.20037443935871124,0.02749687433242798,0.21184946596622467
200,5.0,1.0338953100711687,1e-05,sbm_dpsgd,14,0.2,0.02,0.2,0.2229388952255249,0.04194478690624237,0.21286922693252563
200,5.0,1.0338953100711687,1e-05,gaussian,14,0.2,0.02,0.2,0.20799832046031952,0.020031699910759926,0.19793285429477692
200,5.0,1.0338953100711687,1e-05,edge_flip,14,0.2,0.02,0.2,0.1952744424343109,0.023710118606686592,0.202924445271492
200,5.0,1.0338953100711687,1e-05,sbm_dpsgd,15,0.2,0.02,0.2,0.20942702889442444,0.024269789457321167,0.21607649326324463
200,5.0,1.0338953100711687,1e-05,gaussian,15,0.2,0.02,0.2,0.19948706030845642,0.023127395659685135,0.1980820745229721
200,5.0,1.0338953100711687,1e-05,edge_flip,15,0.2,0.02,0.2,0.2343745082616806,0.016978105530142784,0.21269947290420532
200,5.0,1.0338953100711687,1e-05,sbm_dpsgd,16,0.2,0.02,0.2,0.2268231213092804,0.030340394005179405,0.19781316816806793
200,5.0,1.0338953100711687,1e-05,gaussian,16,0.2,0.02,0.2,0.2001934051513672,0.019319066777825356,0.18745703995227814
200,5.0,1.0338953100711687,1e-05,edge_flip,16,0.2,0.02,0.2,0.19229942560195923,0.015084726735949516,0.180824413895607
200,5.0,1.0338953100711687,1e-05,sbm_dpsgd,17,0.2,0.02,0.2,0.2217046022415161,0.038312386721372604,0.20843146741390228
200,5.0,1.0338953100711687,1e-05,gaussian,17,0.2,0.02,0.2,0.20850588381290436,0.02018090896308422,0.19809043407440186
200,5.0,1.0338953100711687,1e-05,edge_flip,17,0.2,0.02,0.2,0.1935744285583496,0.027286499738693237,0.22884950041770935
200,5.0,1.0338953100711687,1e-05,sbm_dpsgd,18,0.2,0.02,0.2,0.21054576337337494,0.03376977518200874,0.2141902893781662
200,5.0,1.0338953100711687,1e-05,gaussian,18,0.2,0.02,0.2,0.20116062462329865,0.020204409956932068,0.2034597545862198
200,5.0,1.0338953100711687,1e-05,edge_flip,18,0.2,0.02,0.2,0.1901744306087494,0.027076123282313347,0.2046244591474533
200,5.0,1.0338953100711687,1e-05,sbm_dpsgd,19,0.2,0.02,0.2,0.22909189760684967,0.03125853091478348,0.211810901761055
200,5.0,1.0338953100711687,1e-05,gaussian,19,0.2,0.02,0.2,0.2058992087841034,0.021712081506848335,0.19763517379760742
200,5.0,1.0338953100711687,1e-05,edge_flip,19,0.2,0.02,0.2,0.2186494767665863,0.026234623044729233,0.18932442367076874
200,10.0,0.5431122541136532,1e-05,sbm_dpsgd,0,0.2,0.02,0.2,0.2009837031364441,0.040220510214567184,0.21320785582065582
200,10.0,0.5431122541136532,1e-05,gaussian,0,0.2,0.02,0.2,0.20556829869747162,0.02450987510383129,0.1894298493862152
200,10.0,0.5431122541136532,1e-05,edge_flip,0,0.2,0.02,0.2,0.1821906715631485,0.02163979969918728,0.19286052882671356
200,10.0,0.5431122541136532,1e-05,sbm_dpsgd,1,0.2,0.02,0.2,0.20007851719856262,0.018667051568627357,0.19978336989879608
200,10.0,0.5431122541136532,1e-05,gaussian,1,0.2,0.02,0.2,0.18764060735702515,0.01853652112185955,0.19400227069854736
200,10.0,0.5431122541136532,1e-05,edge_flip,1,0.2,0.02,0.2,0.21801090240478516,0.01786724291741848,0.19286052882671356
200,10.0,0.5431122541136532,1e-05,sbm_dpsgd,2,0.2,0.02,0.2,0.2012326568365097,0.026305662468075752,0.21375608444213867
200,10.0,0.5431122541136532,1e-05,gaussian,2,0.2,0.02,0.2,0.21038544178009033,0.023948131129145622,0.20354865491390228
200,10.0,0.5431122541136532,1e-05,edge_flip,2,0.2,0.02,0.2,0.21648664772510529,0.014849198050796986,0.16694802045822144
200,10.0,0.5431122541136532,1e-05,sbm_dpsgd,3,0.2,0.02,0.2,0.2066756784915924,0.04309247434139252,0.20436784625053406
200,10.0,0.5431122541136532,1e-05,gaussian,3,0.2,0.02,0.2,0.1937783807516098,0.014733630232512951,0.20164549350738525
200,10.0,0.5431122541136532,1e-05,edge_flip,3,0.2,0.02,0.2,0.15856455266475677,0.014094687066972256,0.21267597377300262
200,10.0,0.5431122541136532,1e-05,sbm_dpsgd,4,0.2,0.02,0.2,0.1838323324918747,0.03847154974937439,0.20453640818595886
200,10.0,0.5431122541136532,1e-05,gaussian,4,0.2,0.02,0.2,0.19526326656341553,0.021358877420425415,0.19550774991512299
200,10.0,0.5431122541136532,1e-05,edge_flip,4,0.2,0.02,0.2,0.2233458310365677,0.0,0.21724876761436462
200,10.0,0.5431122541136532,1e-05,sbm_dpsgd,5,0.2,0.02,0.2,0.1832973062992096,0.03818633779883385,0.20786143839359283
200,10.0,0.5431122541136532,1e-05,gaussian,5,0.2,0.02,0.2,0.1833907663822174,0.022890964522957802,0.21145673096179962
200,10.0,0.5431122541136532,1e-05,edge_flip,5,0.2,0.02,0.2,0.18600133061408997,0.02163979969918728,0.2553554177284241
200,10.0,0.5431122541136532,1e-05,sbm_dpsgd,6,0.2,0.02,0.2,0.20240896940231323,0.03334793075919151,0.2186473309993744
200,10.0,0.5431122541136532,1e-05,gaussian,6,0.2,0.02,0.2,0.20696280896663666,0.01939413510262966,0.20910872519016266
200,10.0,0.5431122541136532,1e-05,edge_flip,6,0.2,0.02,0.2,0.2423991560935974,0.04729318618774414,0.2469719499349594
200,10.0,0.5431122541136532,1e-05,sbm_dpsgd,7,0.2,0.02,0.2,0.2054446041584015,0.029874300584197044,0.21059849858283997
200,10.0,0.5431122541136532,1e-05,gaussian,7,0.2,0.02,0.2,0.19315318763256073,0.015866728499531746,0.2007320672273636
200,10.0,0.5431122541136532,1e-05,edge_flip,7,0.2,0.02,0.2,0.2050546556711197,0.0,0.22563223540782928
200,10.0,0.5431122541136532,1e-05,sbm_dpsgd,8,0.2,0.02,0.2,0.23607021570205688,0.037598542869091034,0.19853132963180542
200,10.0,0.5431122541136532,1e-05,gaussian,8,0.2,0.02,0.2,0.2078782618045807,0.024527758359909058,0.20828962326049805
200,10.0,0.5431122541136532,1e-05,edge_flip,8,0.2,0.02,0.2,0.2119138389825821,0.0,0.18828773498535156
200,10.0,0.5431122541136532,1e-05,sbm_dpsgd,9,0.2,0.02,0.2,0.22432154417037964,0.04566729813814163,0.21097451448440552
200,10.0,0.5431122541136532,1e-05,gaussian,9,0.2,0.02,0.2,0.200956329703331,0.01834087446331978,0.19841265678405762
200,10.0,0.5431122541136532,1e-05,edge_flip,9,0.2,0.02,0.2,0.2332535684108734,0.027675891295075417,0.17152081429958344
200,10.0,0.5431122541136532,1e-05,sbm_dpsgd,10,0.2,0.02,0.2,0.21847817301750183,0.04652557149529457,0.20783038437366486
200,10.0,0.5431122541136532,1e-05,gaussian,10,0.2,0.02,0.2,0.19955949485301971,0.021066652610898018,0.18074828386306763
200,10.0,0.5431122541136532,1e-05,edge_flip,10,0.2,0.02,0.2,0.1936226636171341,0.029562169685959816,0.17380721867084503
200,10.0,0.5431122541136532,1e-05,sbm_dpsgd,11,0.2,0.02,0.2,0.20542384684085846,0.02803211845457554,0.19111397862434387
200,10.0,0.5431122541136532,1e-05,gaussian,11,0.2,0.02,0.2,0.1982087343931198,0.01725703291594982,0.18282411992549896
200,10.0,0.5431122541136532,1e-05,edge_flip,11,0.2,0.02,0.2,0.23172929883003235,0.028430402278900146,0.18600133061408997
200,10.0,0.5431122541136532,1e-05,sbm_dpsgd,12,0.2,0.02,0.2,0.21748845279216766,0.03430800884962082,0.22764341533184052
200,10.0,0.5431122541136532,1e-05,gaussian,12,0.2,0.02,0.2,0.19347289204597473,0.02455565519630909,0.2055538296699524
200,10.0,0.5431122541136532,1e-05,edge_flip,12,0.2,0.02,0.2,0.21648664772510529,0.015603709034621716,0.21496237814426422
200,10.0,0.5431122541136532,1e-05,sbm_dpsgd,13,0.2,0.02,0.2,0.24175536632537842,0.035896383225917816,0.2232365757226944
200,10.0,0.5431122541136532,1e-05,gaussian,13,0.2,0.02,0.2,0.20571109652519226,0.017370618879795074,0.2041417360305786
200,10.0,0.5431122541136532,1e-05,edge_flip,13,0.2,0.02,0.2,0.1913362592458725,0.038993559777736664,0.15627816319465637
200,10.0,0.5431122541136532,1e-05,sbm_dpsgd,14,0.2,0.02,0.2,0.22175374627113342,0.03096463717520237,0.23587384819984436
200,10.0,0.5431122541136532,1e-05,gaussian,14,0.2,0.02,0.2,0.21723699569702148,0.020804721862077713,0.20508338510990143
200,10.0,0.5431122541136532,1e-05,edge_flip,14,0.2,0.02,0.2,0.272122323513031,0.0,0.24468554556369781
200,10.0,0.5431122541136532,1e-05,sbm_dpsgd,15,0.2,0.02,0.2,0.2099180668592453,0.034427326172590256,0.19800831377506256
200,10.0,0.5431122541136532,1e-05,gaussian,15,0.2,0.02,0.2,0.21195033192634583,0.010546142235398293,0.2049488127231598
200,10.0,0.5431122541136532,1e-05,edge_flip,15,0.2,0.02,0.2,0.2096274495124817,0.04050258547067642,0.1959090530872345
200,10.0,0.5431122541136532,1e-05,sbm_dpsgd,16,0.2,0.02,0.2,0.18522264063358307,0.05259149894118309,0.21257919073104858
200,10.0,0.5431122541136532,1e-05,gaussian,16,0.2,0.02,0.2,0.19411927461624146,0.020470501855015755,0.20484349131584167
200,10.0,0.5431122541136532,1e-05,edge_flip,16,0.2,0.02,0.2,0.1616130918264389,0.030693937093019485,0.23935061693191528
200,10.0,0.5431122541136532,1e-05,sbm_dpsgd,17,0.2,0.02,0.2,0.23824277520179749,0.024334261193871498,0.19147352874279022
200,10.0,0.5431122541136532,1e-05,gaussian,17,0.2,0.02,0.2,0.21593569219112396,0.025108829140663147,0.20324201881885529
200,10.0,0.5431122541136532,1e-05,edge_flip,17,0.2,0.02,0.2,0.23401568830013275,0.031448446214199066,0.1936226636171341
200,10.0,0.5431122541136532,1e-05,sbm_dpsgd,18,0.2,0.02,0.2,0.2240021824836731,0.03236225247383118,0.2196560502052307
200,10.0,0.5431122541136532,1e-05,gaussian,18,0.2,0.02,0.2,0.2066744863986969,0.02220620959997177,0.1972183883190155
200,10.0,0.5431122541136532,1e-05,edge_flip,18,0.2,0.02,0.2,0.21038958430290222,0.013340175151824951,0.22029730677604675
200,10.0,0.5431122541136532,1e-05,sbm_dpsgd,19,0.2,0.02,0.2,0.21065011620521545,0.03124876879155636,0.236749529838562
200,10.0,0.5431122541136532,1e-05,gaussian,19,0.2,0.02,0.2,0.20377816259860992,0.021886123344302177,0.2095431685447693
200,10.0,0.5431122541136532,1e-05,edge_flip,19,0.2,0.02,0.2,0.16694802045822144,0.0,0.21648664772510529
200,20.0,0.40561225411365304,1e-05,sbm_dpsgd,0,0.2,0.02,0.2,0.2342536449432373,0.04032651707530022,0.23481477797031403
200,20.0,0.40561225411365304,1e-05,gaussian,0,0.2,0.02,0.2,0.20294153690338135,0.020764850080013275,0.20394285023212433
200,20.0,0.40561225411365304,1e-05,edge_flip,0,0.2,0.02,0.2,0.2425151765346527,0.0,0.1809207648038864
200,20.0,0.40561225411365304,1e-05,sbm_dpsgd,1,0.2,0.02,0.2,0.21353815495967865,0.009052729234099388,0.2019210159778595
200,20.0,0.40561225411365304,1e-05,gaussian,1,0.2,0.02,0.2,0.196131631731987,0.019476795569062233,0.21489448845386505
200,20.0,0.40561225411365304,1e-05,edge_flip,1,0.2,0.02,0.2,0.2425151765346527,0.01217227429151535,0.19303768873214722
200,20.0,0.40561225411365304,1e-05,sbm_dpsgd,2,0.2,0.02,0.2,0.21173104643821716,0.008949611335992813,0.1956433653831482
200,20.0,0.40561225411365304,1e-05,gaussian,2,0.2,0.02,0.2,0.1999530792236328,0.013684176839888096,0.18588709831237793
200,20.0,0.40561225411365304,1e-05,edge_flip,2,0.2,0.02,0.2,0.10115095227956772,0.046160269528627396,0.2071741223335266
200,20.0,0.40561225411365304,1e-05,sbm_dpsgd,3,0.2,0.02,0.2,0.21578262746334076,0.0379851832985878,0.2130199819803238
200,20.0,0.40561225411365304,1e-05,gaussian,3,0.2,0.02,0.2,0.19983670115470886,0.018808331340551376,0.20557790994644165
200,20.0,0.40561225411365304,1e-05,edge_flip,3,0.2,0.02,0.2,0.2263592630624771,0.022668566554784775,0.17890127003192902
200,20.0,0.40561225411365304,1e-05,sbm_dpsgd,4,0.2,0.02,0.2,0.23192229866981506,0.026466520503163338,0.2284070998430252
200,20.0,0.40561225411365304,1e-05,gaussian,4,0.2,0.02,0.2,0.20666587352752686,0.024466436356306076,0.2044890969991684
200,20.0,0.40561225411365304,1e-05,edge_flip,4,0.2,0.02,0.2,0.2172715663909912,0.061654798686504364,0.18495973944664001
200,20.0,0.40561225411365304,1e-05,sbm_dpsgd,5,0.2,0.02,0.2,0.2347489297389984,0.020513201132416725,0.24862216413021088
200,20.0,0.40561225411365304,1e-05,gaussian,5,0.2,0.02,0.2,0.20107926428318024,0.017978837713599205,0.1941164880990982
200,20.0,0.40561225411365304,1e-05,edge_flip,5,0.2,0.02,0.2,0.2112130969762802,0.0,0.197076678276062
200,20.0,0.40561225411365304,1e-05,sbm_dpsgd,6,0.2,0.02,0.2,0.208584725856781,0.03264189511537552,0.1841326206922531
200,20.0,0.40561225411365304,1e-05,gaussian,6,0.2,0.02,0.2,0.19149872660636902,0.01951153576374054,0.2022712528705597
200,20.0,0.40561225411365304,1e-05,edge_flip,6,0.2,0.02,0.2,0.2172715663909912,0.007174039259552956,0.18798896670341492
200,20.0,0.40561225411365304,1e-05,sbm_dpsgd,7,0.2,0.02,0.2,0.23085680603981018,0.03295160457491875,0.17917731404304504
200,20.0,0.40561225411365304,1e-05,gaussian,7,0.2,0.02,0.2,0.21255381405353546,0.022580672055482864,0.21240021288394928
200,20.0,0.40561225411365304,1e-05,edge_flip,7,0.2,0.02,0.2,0.1516381800174713,0.03216521441936493,0.1859694868326187
200,20.0,0.40561225411365304,1e-05,sbm_dpsgd,8,0.2,0.02,0.2,0.18812239170074463,0.023083094507455826,0.22709451615810394
200,20.0,0.40561225411365304,1e-05,gaussian,8,0.2,0.02,0.2,0.20846065878868103,0.025313977152109146,0.1861826628446579
200,20.0,0.40561225411365304,1e-05,edge_flip,8,0.2,0.02,0.2,0.2374664545059204,0.015171214938163757,0.16476485133171082
200,20.0,0.40561225411365304,1e-05,sbm_dpsgd,9,0.2,0.02,0.2,0.199625164270401,0.029958020895719528,0.24236652255058289
200,20.0,0.40561225411365304,1e-05,gaussian,9,0.2,0.02,0.2,0.1969456523656845,0.017360543832182884,0.20233595371246338
200,20.0,0.40561225411365304,1e-05,edge_flip,9,0.2,0.02,0.2,0.21424232423305511,0.03416450694203377,0.1516381800174713
200,20.0,0.40561225411365304,1e-05,sbm_dpsgd,10,0.2,0.02,0.2,0.19751016795635223,0.008669900707900524,0.20957189798355103
200,20.0,0.40561225411365304,1e-05,gaussian,10,0.2,0.02,0.2,0.20893536508083344,0.014602141454815865,0.21546413004398346
200,20.0,0.40561225411365304,1e-05,edge_flip,10,0.2,0.02,0.2,0.2213105410337448,0.013671744614839554,0.2606905698776245
200,20.0,0.40561225411365304,1e-05,sbm_dpsgd,11,0.2,0.02,0.2,0.1959865242242813,0.05554686486721039,0.2343427538871765
200,20.0,0.40561225411365304,1e-05,gaussian,11,0.2,0.02,0.2,0.19826902449131012,0.013668561354279518,0.21448297798633575
200,20.0,0.40561225411365304,1e-05,edge_flip,11,0.2,0.02,0.2,0.191018208861351,0.004674921743571758,0.2818951904773712
200,20.0,0.40561225411365304,1e-05,sbm_dpsgd,12,0.2,0.02,0.2,0.19267883896827698,0.01795271597802639,0.2028999775648117
200,20.0,0.40561225411365304,1e-05,gaussian,12,0.2,0.02,0.2,0.20311473309993744,0.013421330600976944,0.20437414944171906
200,20.0,0.40561225411365304,1e-05,edge_flip,12,0.2,0.02,0.2,0.2536223530769348,0.005674568470567465,0.14255046844482422
200,20.0,0.40561225411365304,1e-05,sbm_dpsgd,13,0.2,0.02,0.2,0.1878269761800766,0.04653829708695412,0.20815832912921906
200,20.0,0.40561225411365304,1e-05,gaussian,13,0.2,0.02,0.2,0.20388749241828918,0.0211642999202013,0.2046889066696167
200,20.0,0.40561225411365304,1e-05,edge_flip,13,0.2,0.02,0.2,0.2687685191631317,0.020169449970126152,0.2051546275615692
200,20.0,0.40561225411365304,1e-05,sbm_dpsgd,14,0.2,0.02,0.2,0.20440734922885895,0.013702617026865482,0.22965407371520996
200,20.0,0.40561225411365304,1e-05,gaussian,14,0.2,0.02,0.2,0.18463590741157532,0.018006544560194016,0.21727235615253448
200,20.0,0.40561225411365304,1e-05,edge_flip,14,0.2,0.02,0.2,0.19000846147537231,0.027166979387402534,0.20414488017559052
200,20.0,0.40561225411365304,1e-05,sbm_dpsgd,15,0.2,0.02,0.2,0.1977556198835373,0.03538966923952103,0.23819145560264587
200,20.0,0.40561225411365304,1e-05,gaussian,15,0.2,0.02,0.2,0.21398858726024628,0.01639763079583645,0.20162224769592285
200,20.0,0.40561225411365304,1e-05,edge_flip,15,0.2,0.02,0.2,0.2172715663909912,0.009173332713544369,0.1809207648038864
200,20.0,0.40561225411365304,1e-05,sbm_dpsgd,16,0.2,0.02,0.2,0.22776761651039124,0.025168711319565773,0.22078002989292145
200,20.0,0.40561225411365304,1e-05,gaussian,16,0.2,0.02,0.2,0.1958293914794922,0.014209898188710213,0.19040419161319733
200,20.0,0.40561225411365304,1e-05,edge_flip,16,0.2,0.02,0.2,0.14053098857402802,0.019169803708791733,0.24352490901947021
200,20.0,0.40561225411365304,1e-05,sbm_dpsgd,17,0.2,0.02,0.2,0.21968324482440948,0.05929245054721832,0.25700902938842773
200,20.0,0.40561225411365304,1e-05,gaussian,17,0.2,0.02,0.2,0.20116852223873138,0.02153504453599453,0.21163113415241241
200,20.0,0.40561225411365304,1e-05,edge_flip,17,0.2,0.02,0.2,0.1617356240749359,0.028666449710726738,0.17890127003192902
200,20.0,0.40561225411365304,1e-05,sbm_dpsgd,18,0.2,0.02,0.2,0.23471401631832123,0.03560477867722511,0.24583841860294342
200,20.0,0.40561225411365304,1e-05,gaussian,18,0.2,0.02,0.2,0.1998181790113449,0.019973646849393845,0.18652212619781494
200,20.0,0.40561225411365304,1e-05,edge_flip,18,0.2,0.02,0.2,0.2051546275615692,0.002675627823919058,0.2314079850912094
200,20.0,0.40561225411365304,1e-05,sbm_dpsgd,19,0.2,0.02,0.2,0.21258045732975006,0.05118798092007637,0.19713138043880463
200,20.0,0.40561225411365304,1e-05,gaussian,19,0.2,0.02,0.2,0.20684954524040222,0.02406654693186283,0.20803217589855194
200,20.0,0.40561225411365304,1e-05,edge_flip,19,0.2,0.02,0.2,0.18294024467468262,0.06915215402841568,0.1960669308900833
500,1.0,5.635918426327381,1e-05,sbm_dpsgd,0,0.2,0.02,0.2,0.20339471101760864,0.030184509232640266,0.20224252343177795
500,1.0,5.635918426327381,1e-05,gaussian,0,0.2,0.02,0.2,0.19616886973381042,0.020000692456960678,0.1978980153799057
500,1.0,5.635918426327381,1e-05,edge_flip,0,0.2,0.02,0.2,0.19629868865013123,0.019914865493774414,0.19736652076244354
500,1.0,5.635918426327381,1e-05,sbm_dpsgd,1,0.2,0.02,0.2,0.19800077378749847,0.03196015954017639,0.20669063925743103
500,1.0,5.635918426327381,1e-05,gaussian,1,0.2,0.02,0.2,0.1934622973203659,0.020003363490104675,0.20134417712688446
500,1.0,5.635918426327381,1e-05,edge_flip,1,0.2,0.02,0.2,0.1933540552854538,0.01968926191329956,0.20144370198249817
500,1.0,5.635918426327381,1e-05,sbm_dpsgd,2,0.2,0.02,0.2,0.2011033594608307,0.03134485334157944,0.20439159870147705
500,1.0,5.635918426327381,1e-05,gaussian,2,0.2,0.02,0.2,0.19915837049484253,0.020031867548823357,0.20168668031692505
500,1.0,5.635918426327381,1e-05,edge_flip,2,0.2,0.02,0.2,0.19953453540802002,0.019914865493774414,0.20167021453380585
500,1.0,5.635918426327381,1e-05,sbm_dpsgd,3,0.2,0.02,0.2,0.20651276409626007,0.03364738076925278,0.21142102777957916
500,1.0,5.635918426327381,1e-05,gaussian,3,0.2,0.02,0.2,0.20135727524757385,0.020378168672323227,0.20288753509521484
500,1.0,5.635918426327381,1e-05,edge_flip,3,0.2,0.02,0.2,0.2013789862394333,0.020575562492012978,0.20289982855319977
500,1.0,5.635918426327381,1e-05,sbm_dpsgd,4,0.2,0.02,0.2,0.20010225474834442,0.030523497611284256,0.2093217372894287
500,1.0,5.635918426327381,1e-05,gaussian,4,0.2,0.02,0.2,0.19689689576625824,0.019377658143639565,0.2042800337076187
500,1.0,5.635918426327381,1e-05,edge_flip,4,0.2,0.02,0.2,0.19714000821113586,0.0197376050055027,0.20445305109024048
500,1.0,5.635918426327381,1e-05,sbm_dpsgd,5,0.2,0.02,0.2,0.20447993278503418,0.02926710806787014,0.20044821500778198
500,1.0,5.635918426327381,1e-05,gaussian,5,0.2,0.02,0.2,0.19981074333190918,0.01983456127345562,0.19523027539253235
500,1.0,5.635918426327381,1e-05,edge_flip,5,0.2,0.02,0.2,0.2005053013563156,0.019705375656485558,0.19536028802394867
500,1.0,5.635918426327381,1e-05,sbm_dpsgd,6,0.2,0.02,0.2,0.20972129702568054,0.029436977580189705,0.2011941373348236
500,1.0,5.635918426327381,1e-05,gaussian,6,0.2,0.02,0.2,0.19977128505706787,0.019517583772540092,0.1952173113822937
500,1.0,5.635918426327381,1e-05,edge_flip,6,0.2,0.02,0.2,0.1997610479593277,0.019366970285773277,0.195133775472641
500,1.0,5.635918426327381,1e-05,sbm_dpsgd,7,0.2,0.02,0.2,0.20414729416370392,0.03207756578922272,0.20335973799228668
500,1.0,5.635918426327381,1e-05,gaussian,7,0.2,0.02,0.2,0.19699659943580627,0.020034881308674812,0.19739371538162231
500,1.0,5.635918426327381,1e-05,edge_flip,7,0.2,0.02,0.2,0.1970105767250061,0.019753718748688698,0.19678406417369843
500,1.0,5.635918426327381,1e-05,sbm_dpsgd,8,0.2,0.02,0.2,0.20360104739665985,0.032429445534944534,0.2045382559299469
500,1.0,5.635918426327381,1e-05,gaussian,8,0.2,0.02,0.2,0.1985512226819992,0.019735103473067284,0.19902651011943817
500,1.0,5.635918426327381,1e-05,edge_flip,8,0.2,0.02,0.2,0.1987902969121933,0.01978594809770584,0.1989520937204361
500,1.0,5.635918426327381,1e-05,sbm_dpsgd,9,0.2,0.02,0.2,0.20322878658771515,0.029987819492816925,0.20416992902755737
500,1.0,5.635918426327381,1e-05,gaussian,9,0.2,0.02,0.2,0.19766627252101898,0.020002128556370735,0.199850395321846
500,1.0,5.635918426327381,1e-05,edge_flip,9,0.2,0.02,0.2,0.1979813277721405,0.019850406795740128,0.20027878880500793
500,1.0,5.635918426327381,1e-05,sbm_dpsgd,10,0.2,0.02,0.2,0.20570054650306702,0.03456682339310646,0.2083936482667923
500,1.0,5.635918426327381,1e-05,gaussian,10,0.2,0.02,0.2,0.19940999150276184,0.020584147423505783,0.20182618498802185
500,1.0,5.635918426327381,1e-05,edge_flip,10,0.2,0.02,0.2,0.19953453540802002,0.020623905584216118,0.20160548388957977
500,1.0,5.635918426327381,1e-05,sbm_dpsgd,11,0.2,0.02,0.2,0.20282073318958282,0.029145032167434692,0.20575140416622162
500,1.0,5.635918426327381,1e-05,gaussian,11,0.2,0.02,0.2,0.19775618612766266,0.01927727833390236,0.20079925656318665
500,1.0,5.635918426327381,1e-05,edge_flip,11,0.2,0.02,0.2,0.19791661202907562,0.019189709797501564,0.20069944858551025
500,1.0,5.635918426327381,1e-05,sbm_dpsgd,12,0.2,0.02,0.2,0.20346739888191223,0.030896836891770363,0.20604528486728668
500,1.0,5.635918426327381,1e-05,gaussian,12,0.2,0.02,0.2,0.1991063356399536,0.020346300676465034,0.19592909514904022
500,1.0,5.635918426327381,1e-05,edge_flip,12,0.2,0.02,0.2,0.19953453540802002,0.020108239725232124,0.1963634043931961
500,1.0,5.635918426327381,1e-05,sbm_dpsgd,13,0.2,0.02,0.2,0.21026776731014252,0.0298155564814806,0.20830073952674866
500,1.0,5.635918426327381,1e-05,gaussian,13,0.2,0.02,0.2,0.20313706994056702,0.019561322405934334,0.2044602334499359
500,1.0,5.635918426327381,1e-05,edge_flip,13,0.2,0.02,0.2,0.20267333090305328,0.019818177446722984,0.20448540151119232
500,1.0,5.635918426327381,1e-05,sbm_dpsgd,14,0.2,0.02,0.2,0.20823708176612854,0.029065193608403206,0.20003214478492737
500,1.0,5.635918426327381,1e-05,gaussian,14,0.2,0.02,0.2,0.20163433253765106,0.019584285095334053,0.19687031209468842
500,1.0,5.635918426327381,1e-05,edge_flip,14,0.2,0.02,0.2,0.2009906768798828,0.020011553540825844,0.19697821140289307
500,1.0,5.635918426327381,1e-05,sbm_dpsgd,15,0.2,0.02,0.2,0.20626278221607208,0.03137129172682762,0.20160414278507233
500,1.0,5.635918426327381,1e-05,gaussian,15,0.2,0.02,0.2,0.20172154903411865,0.01985589973628521,0.19628764688968658
500,1.0,5.635918426327381,1e-05,edge_flip,15,0.2,0.02,0.2,0.2015407681465149,0.019995437934994698,0.1963634043931961
500,1.0,5.635918426327381,1e-05,sbm_dpsgd,16,0.2,0.02,0.2,0.20893481373786926,0.03010472096502781,0.20634888112545013
500,1.0,5.635918426327381,1e-05,gaussian,16,0.2,0.02,0.2,0.20332841575145721,0.020590275526046753,0.19910535216331482
500,1.0,5.635918426327381,1e-05,edge_flip,16,0.2,0.02,0.2,0.20322342216968536,0.020688364282250404,0.19904915988445282
500,1.0,5.635918426327381,1e-05,sbm_dpsgd,17,0.2,0.02,0.2,0.20485854148864746,0.02999262325465679,0.20614968240261078
500,1.0,5.635918426327381,1e-05,gaussian,17,0.2,0.02,0.2,0.20042559504508972,0.019469205290079117,0.19876736402511597
500,1.0,5.635918426327381,1e-05,edge_flip,17,0.2,0.02,0.2,0.20005227625370026,0.01954423077404499,0.19891972839832306
500,1.0,5.635918426327381,1e-05,sbm_dpsgd,18,0.2,0.02,0.2,0.20734621584415436,0.03348692134022713,0.20525677502155304
500,1.0,5.635918426327381,1e-05,gaussian,18,0.2,0.02,0.2,0.19986598193645477,0.021086866036057472,0.19916033744812012
500,1.0,5.635918426327381,1e-05,edge_flip,18,0.2,0.02,0.2,0.2005700170993805,0.021075114607810974,0.19917859137058258
500,1.0,5.635918426327381,1e-05,sbm_dpsgd,19,0.2,0.02,0.2,0.20131632685661316,0.030684692785143852,0.20519107580184937
500,1.0,5.635918426327381,1e-05,gaussian,19,0.2,0.02,0.2,0.19902418553829193,0.019888510927557945,0.19962473213672638
500,1.0,5.635918426327381,1e-05,edge_flip,19,0.2,0.02,0.2,0.19924332201480865,0.020204927772283554,0.19998756051063538
500,2.0,2.668102829441137,1e-05,sbm_dpsgd,0,0.2,0.02,0.2,0.20612983405590057,0.03124368190765381,0.20353102684020996
500,2.0,2.668102829441137,1e-05,gaussian,0,0.2,0.02,0.2,0.20146656036376953,0.019781170412898064,0.19684948027133942
500,2.0,2.668102829441137,1e-05,edge_flip,0,0.2,0.02,0.2,0.1998644769191742,0.019854407757520676,0.19809234142303467
500,2.0,2.668102829441137,1e-05,sbm_dpsgd,1,0.2,0.02,0.2,0.20549428462982178,0.034411512315273285,0.20608820021152496
500,2.0,2.668102829441137,1e-05,gaussian,1,0.2,0.02,0.2,0.19846507906913757,0.020761458203196526,0.1987585425376892
500,2.0,2.668102829441137,1e-05,edge_flip,1,0.2,0.02,0.2,0.20204271376132965,0.021233342587947845,0.201562762260437
500,2.0,2.668102829441137,1e-05,sbm_dpsgd,2,0.2,0.02,0.2,0.20829422771930695,0.029246201738715172,0.2061581164598465
500,2.0,2.668102829441137,1e-05,gaussian,2,0.2,0.02,0.2,0.20072710514068604,0.01941552758216858,0.19906096160411835
500,2.0,2.668102829441137,1e-05,edge_flip,2,0.2,0.02,0.2,0.20167352259159088,0.01928444765508175,0.2014150768518448
500,2.0,2.668102829441137,1e-05,sbm_dpsgd,3,0.2,0.02,0.2,0.19972530007362366,0.030891308560967445,0.20879420638084412
500,2.0,2.668102829441137,1e-05,gaussian,3,0.2,0.02,0.2,0.19701802730560303,0.019663017243146896,0.20144590735435486
500,2.0,2.668102829441137,1e-05,edge_flip,3,0.2,0.02,0.2,0.19890457391738892,0.020258894190192223,0.20134124159812927
500,2.0,2.668102829441137,1e-05,sbm_dpsgd,4,0.2,0.02,0.2,0.2047671526670456,0.03048793412744999,0.20715542137622833
500,2.0,2.668102829441137,1e-05,gaussian,4,0.2,0.02,0.2,0.19962655007839203,0.01996849663555622,0.2021627128124237
500,2.0,2.668102829441137,1e-05,edge_flip,4,0.2,0.02,0.2,0.20004907250404358,0.02079208381474018,0.20329797267913818
500,2.0,2.668102829441137,1e-05,sbm_dpsgd,5,0.2,0.02,0.2,0.2018091082572937,0.03235691413283348,0.20693154633045197
500,2.0,2.668102829441137,1e-05,gaussian,5,0.2,0.02,0.2,0.1974312663078308,0.020226838067173958,0.2006419152021408
500,2.0,2.668102829441137,1e-05,edge_flip,5,0.2,0.02,0.2,0.19790774583816528,0.020718540996313095,0.200898215174675
500,2.0,2.668102829441137,1e-05,sbm_dpsgd,6,0.2,0.02,0.2,0.20559071004390717,0.03724076598882675,0.20678800344467163
500,2.0,2.668102829441137,1e-05,gaussian,6,0.2,0.02,0.2,0.19702813029289246,0.020231643691658974,0.19882993400096893
500,2.0,2.668102829441137,1e-05,edge_flip,6,0.2,0.02,0.2,0.1996798813343048,0.02117818593978882,0.1977231502532959
500,2.0,2.668102829441137,1e-05,sbm_dpsgd,7,0.2,0.02,0.2,0.20902371406555176,0.02761639840900898,0.20789079368114471
500,2.0,2.668102829441137,1e-05,gaussian,7,0.2,0.02,0.2,0.1983204483985901,0.01925555430352688,0.2041056603193283
500,2.0,2.668102829441137,1e-05,edge_flip,7,0.2,0.02,0.2,0.19979062676429749,0.018788030371069908,0.20111972093582153
500,2.0,2.668102829441137,1e-05,sbm_dpsgd,8,0.2,0.02,0.2,0.20896096527576447,0.032963838428258896,0.20873820781707764
500,2.0,2.668102829441137,1e-05,gaussian,8,0.2,0.02,0.2,0.20372623205184937,0.020694749429821968,0.20114725828170776
500,2.0,2.668102829441137,1e-05,edge_flip,8,0.2,0.02,0.2,0.2055131196975708,0.02253873646259308,0.1972062736749649
500,2.0,2.668102829441137,1e-05,sbm_dpsgd,9,0.2,0.02,0.2,0.20336157083511353,0.029514100402593613,0.20818805694580078
500,2.0,2.668102829441137,1e-05,gaussian,9,0.2,0.02,0.2,0.20233219861984253,0.019714869558811188,0.201455757021904
500,2.0,2.668102829441137,1e-05,edge_flip,9,0.2,0.02,0.2,0.20041826367378235,0.019854407757520676,0.19938452541828156
500,2.0,2.668102829441137,1e-05,sbm_dpsgd,10,0.2,0.02,0.2,0.206637442111969,0.026986481621861458,0.20374520123004913
500,2.0,2.668102829441137,1e-05,gaussian,10,0.2,0.02,0.2,0.199409618973732,0.01839367300271988,0.1986248642206192
500,2.0,2.668102829441137,1e-05,edge_flip,10,0.2,0.02,0.2,0.20075052976608276,0.016802361235022545,0.19620946049690247
500,2.0,2.668102829441137,1e-05,sbm_dpsgd,11,0.2,0.02,0.2,0.21079204976558685,0.030811181291937828,0.20565272867679596
500,2.0,2.668102829441137,1e-05,gaussian,11,0.2,0.02,0.2,0.20221273601055145,0.020695418119430542,0.20223046839237213
500,2.0,2.668102829441137,1e-05,edge_flip,11,0.2,0.02,0.2,0.20008598268032074,0.01895350217819214,0.20152583718299866
500,2.0,2.668102829441137,1e-05,sbm_dpsgd,12,0.2,0.02,0.2,0.2052854746580124,0.030754102393984795,0.20447999238967896
500,2.0,2.668102829441137,1e-05,gaussian,12,0.2,0.02,0.2,0.19971638917922974,0.021025510504841805,0.19970490038394928
500,2.0,2.668102829441137,1e-05,edge_flip,12,0.2,0.02,0.2,0.20023366808891296,0.021619444712996483,0.2022642195224762
500,2.0,2.668102829441137,1e-05,sbm_dpsgd,13,0.2,0.02,0.2,0.20750707387924194,0.03252448886632919,0.2108844816684723
500,2.0,2.668102829441137,1e-05,gaussian,13,0.2,0.02,0.2,0.19891372323036194,0.01976931467652321,0.20291118323802948
500,2.0,2.668102829441137,1e-05,edge_flip,13,0.2,0.02,0.2,0.19919992983341217,0.018732871860265732,0.2037040740251541
500,2.0,2.668102829441137,1e-05,sbm_dpsgd,14,0.2,0.02,0.2,0.20610664784908295,0.029638199135661125,0.20432230830192566
500,2.0,2.668102829441137,1e-05,gaussian,14,0.2,0.02,0.2,0.19784727692604065,0.019991407170891762,0.19825883209705353
500,2.0,2.668102829441137,1e-05,edge_flip,14,0.2,0.02,0.2,0.19912607967853546,0.019174132496118546,0.19776007533073425
500,2.0,2.668102829441137,1e-05,sbm_dpsgd,15,0.2,0.02,0.2,0.2062768042087555,0.03244786337018013,0.21028156578540802
500,2.0,2.668102829441137,1e-05,gaussian,15,0.2,0.02,0.2,0.20043766498565674,0.020498981699347496,0.20172040164470673
500,2.0,2.668102829441137,1e-05,edge_flip,15,0.2,0.02,0.2,0.20082437992095947,0.019376376643776894,0.19945836067199707
500,2.0,2.668102829441137,1e-05,sbm_dpsgd,16,0.2,0.02,0.2,0.20943625271320343,0.02876564860343933,0.2034074068069458
500,2.0,2.668102829441137,1e-05,gaussian,16,0.2,0.02,0.2,0.20058073103427887,0.020120713859796524,0.1979091465473175
500,2.0,2.668102829441137,1e-05,edge_flip,16,0.2,0.02,0.2,0.19942143559455872,0.02079208381474018,0.1990891695022583
500,2.0,2.668102829441137,1e-05,sbm_dpsgd,17,0.2,0.02,0.2,0.20433789491653442,0.030252210795879364,0.21200555562973022
500,2.0,2.668102829441137,1e-05,gaussian,17,0.2,0.02,0.2,0.1981496959924698,0.020256826654076576,0.20591504871845245
500,2.0,2.668102829441137,1e-05,edge_flip,17,0.2,0.02,0.2,0.1972062736749649,0.021288501098752022,0.20780211687088013
500,2.0,2.668102829441137,1e-05,sbm_dpsgd,18,0.2,0.02,0.2,0.2073986828327179,0.03536813706159592,0.20940667390823364
500,2.0,2.668102829441137,1e-05,gaussian,18,0.2,0.02,0.2,0.20037539303302765,0.021437639370560646,0.20306135714054108
500,2.0,2.668102829441137,1e-05,edge_flip,18,0.2,0.02,0.2,0.2020796239376068,0.020001493394374847,0.20359331369400024
500,2.0,2.668102829441137,1e-05,sbm_dpsgd,19,0.2,0.02,0.2,0.20647481083869934,0.03822584077715874,0.20725160837173462
500,2.0,2.668102829441137,1e-05,gaussian,19,0.2,0.02,0.2,0.19955071806907654,0.020975833758711815,0.2019188106060028
500,2.0,2.668102829441137,1e-05,edge_flip,19,0.2,0.02,0.2,0.19923684000968933,0.02130688726902008,0.1990153193473816
500,5.0,1.0338953100711687,1e-05,sbm_dpsgd,0,0.2,0.02,0.2,0.2050938755273819,0.029364626854658127,0.20095714926719666
500,5.0,1.0338953100711687,1e-05,gaussian,0,0.2,0.02,0.2,0.1985565721988678,0.019992036744952202,0.1963629126548767
500,5.0,1.0338953100711687,1e-05,edge_flip,0,0.2,0.02,0.2,0.1999320387840271,0.020983653143048286,0.1968904584646225
500,5.0,1.0338953100711687,1e-05,sbm_dpsgd,1,0.2,0.02,0.2,0.20565666258335114,0.028705906122922897,0.20370259881019592
500,5.0,1.0338953100711687,1e-05,gaussian,1,0.2,0.02,0.2,0.198224276304245,0.01973085105419159,0.19931095838546753
500,5.0,1.0338953100711687,1e-05,edge_flip,1,0.2,0.02,0.2,0.19749878346920013,0.017752286046743393,0.18817129731178284
500,5.0,1.0338953100711687,1e-05,sbm_dpsgd,2,0.2,0.02,0.2,0.21194317936897278,0.03108973056077957,0.2055259793996811
500,5.0,1.0338953100711687,1e-05,gaussian,2,0.2,0.02,0.2,0.2024564892053604,0.019427301362156868,0.19577740132808685
500,5.0,1.0338953100711687,1e-05,edge_flip,2,0.2,0.02,0.2,0.20439299941062927,0.02367645688354969,0.19398407638072968
500,5.0,1.0338953100711687,1e-05,sbm_dpsgd,3,0.2,0.02,0.2,0.2081751972436905,0.031312182545661926,0.20499248802661896
500,5.0,1.0338953100711687,1e-05,gaussian,3,0.2,0.02,0.2,0.20222949981689453,0.019788499921560287,0.1982996016740799
500,5.0,1.0338953100711687,1e-05,edge_flip,3,0.2,0.02,0.2,0.1989857703447342,0.020983653143048286,0.20162180066108704
500,5.0,1.0338953100711687,1e-05,sbm_dpsgd,4,0.2,0.02,0.2,0.2062617838382721,0.0279232207685709,0.20639362931251526
500,5.0,1.0338953100711687,1e-05,gaussian,4,0.2,0.02,0.2,0.20036740601062775,0.019782857969403267,0.20088139176368713
500,5.0,1.0338953100711687,1e-05,edge_flip,4,0.2,0.02,0.2,0.19851262867450714,0.019132349640130997,0.2102733850479126
500,5.0,1.0338953100711687,1e-05,sbm_dpsgd,5,0.2,0.02,0.2,0.2081936150789261,0.03271552547812462,0.20349079370498657
500,5.0,1.0338953100711687,1e-05,gaussian,5,0.2,0.02,0.2,0.19832433760166168,0.020152244716882706,0.197368323802948
500,5.0,1.0338953100711687,1e-05,edge_flip,5,0.2,0.02,0.2,0.19614696502685547,0.02020947076380253,0.19864781200885773
500,5.0,1.0338953100711687,1e-05,sbm_dpsgd,6,0.2,0.02,0.2,0.19731542468070984,0.03179566562175751,0.2052639126777649
500,5.0,1.0338953100711687,1e-05,gaussian,6,0.2,0.02,0.2,0.192083939909935,0.020279090851545334,0.20095963776111603
500,5.0,1.0338953100711687,1e-05,edge_flip,6,0.2,0.02,0.2,0.1937137097120285,0.019502609968185425,0.19662010669708252
500,5.0,1.0338953100711687,1e-05,sbm_dpsgd,7,0.2,0.02,0.2,0.2088523507118225,0.028631029650568962,0.2075207531452179
500,5.0,1.0338953100711687,1e-05,gaussian,7,0.2,0.02,0.2,0.1998928189277649,0.01867941953241825,0.2037304788827896
500,5.0,1.0338953100711687,1e-05,edge_flip,7,0.2,0.02,0.2,0.19256466627120972,0.022431034594774246,0.1946599781513214
500,5.0,1.0338953100711687,1e-05,sbm_dpsgd,8,0.2,0.02,0.2,0.2036406546831131,0.030372299253940582,0.20635323226451874
500,5.0,1.0338953100711687,1e-05,gaussian,8,0.2,0.02,0.2,0.196603924036026,0.01994907483458519,0.19879049062728882
500,5.0,1.0338953100711687,1e-05,edge_flip,8,0.2,0.02,0.2,0.1956738382577896,0.018728429451584816,0.1948627531528473
500,5.0,1.0338953100711687,1e-05,sbm_dpsgd,9,0.2,0.02,0.2,0.20503610372543335,0.03292687237262726,0.20700187981128693
500,5.0,1.0338953100711687,1e-05,gaussian,9,0.2,0.02,0.2,0.19782370328903198,0.02117942087352276,0.19942861795425415
500,5.0,1.0338953100711687,1e-05,edge_flip,9,0.2,0.02,0.2,0.20358191430568695,0.01839182712137699,0.19405166804790497
500,5.0,1.0338953100711687,1e-05,sbm_dpsgd,10,0.2,0.02,0.2,0.203337624669075,0.02652350813150406,0.20633363723754883
500,5.0,1.0338953100711687,1e-05,gaussian,10,0.2,0.02,0.2,0.19791439175605774,0.019679535180330276,0.19663813710212708
500,5.0,1.0338953100711687,1e-05,edge_flip,10,0.2,0.02,0.2,0.197971910238266,0.024517958983778954,0.19459238648414612
500,5.0,1.0338953100711687,1e-05,sbm_dpsgd,11,0.2,0.02,0.2,0.20768263936042786,0.036241188645362854,0.2069455087184906
500,5.0,1.0338953100711687,1e-05,gaussian,11,0.2,0.02,0.2,0.20130819082260132,0.020220017060637474,0.2004697620868683
500,5.0,1.0338953100711687,1e-05,edge_flip,11,0.2,0.02,0.2,0.20270323753356934,0.025191159918904305,0.20033757388591766
500,5.0,1.0338953100711687,1e-05,sbm_dpsgd,12,0.2,0.02,0.2,0.20832426846027374,0.03137217089533806,0.2053469717502594
500,5.0,1.0338953100711687,1e-05,gaussian,12,0.2,0.02,0.2,0.2000616043806076,0.019965162500739098,0.19885507225990295
500,5.0,1.0338953100711687,1e-05,edge_flip,12,0.2,0.02,0.2,0.20121625065803528,0.0264702420681715,0.2019597440958023
500,5.0,1.0338953100711687,1e-05,sbm_dpsgd,13,0.2,0.02,0.2,0.20721298456192017,0.03310992568731308,0.2041763812303543
500,5.0,1.0338953100711687,1e-05,gaussian,13,0.2,0.02,0.2,0.20155835151672363,0.020540889352560043,0.19633398950099945
500,5.0,1.0338953100711687,1e-05,edge_flip,13,0.2,0.02,0.2,0.20277082920074463,0.017684966325759888,0.19972926378250122
500,5.0,1.0338953100711687,1e-05,sbm_dpsgd,14,0.2,0.02,0.2,0.21367760002613068,0.03125326707959175,0.20408418774604797
500,5.0,1.0338953100711687,1e-05,gaussian,14,0.2,0.02,0.2,0.20747962594032288,0.01931847631931305,0.19941723346710205
500,5.0,1.0338953100711687,1e-05,edge_flip,14,0.2,0.02,0.2,0.20087830722332,0.015564383007586002,0.1977691352367401
500,5.0,1.0338953100711687,1e-05,sbm_dpsgd,15,0.2,0.02,0.2,0.2058292031288147,0.029720040038228035,0.20641325414180756
500,5.0,1.0338953100711687,1e-05,gaussian,15,0.2,0.02,0.2,0.1997012197971344,0.01984899863600731,0.2014765739440918
500,5.0,1.0338953100711687,1e-05,edge_flip,15,0.2,0.02,0.2,0.20858362317085266,0.021656854078173637,0.2071642130613327
500,5.0,1.0338953100711687,1e-05,sbm_dpsgd,16,0.2,0.02,0.2,0.20343519747257233,0.033093638718128204,0.20810577273368835
500,5.0,1.0338953100711687,1e-05,gaussian,16,0.2,0.02,0.2,0.20060831308364868,0.020608123391866684,0.20329803228378296
500,5.0,1.0338953100711687,1e-05,edge_flip,16,0.2,0.02,0.2,0.19743119180202484,0.020007511600852013,0.20121625065803528
500,5.0,1.0338953100711687,1e-05,sbm_dpsgd,17,0.2,0.02,0.2,0.20808136463165283,0.030318597331643105,0.2044868916273117
500,5.0,1.0338953100711687,1e-05,gaussian,17,0.2,0.02,0.2,0.2010333389043808,0.019474275410175323,0.20033365488052368
500,5.0,1.0338953100711687,1e-05,edge_flip,17,0.2,0.02,0.2,0.2029736042022705,0.017079085111618042,0.20074312388896942
500,5.0,1.0338953100711687,1e-05,sbm_dpsgd,18,0.2,0.02,0.2,0.2047935128211975,0.03267218917608261,0.20392440259456635
500,5.0,1.0338953100711687,1e-05,gaussian,18,0.2,0.02,0.2,0.19920435547828674,0.020046861842274666,0.19988282024860382
500,5.0,1.0338953100711687,1e-05,edge_flip,18,0.2,0.02,0.2,0.20236529409885406,0.01825718767940998,0.1958090215921402
500,5.0,1.0338953100711687,1e-05,sbm_dpsgd,19,0.2,0.02,0.2,0.20700407028198242,0.02906058169901371,0.20980069041252136
500,5.0,1.0338953100711687,1e-05,gaussian,19,0.2,0.02,0.2,0.2027028650045395,0.01949898898601532,0.20562335848808289
500,5.0,1.0338953100711687,1e-05,edge_flip,19,0.2,0.02,0.2,0.20263566076755524,0.017752286046743393,0.19932371377944946
500,10.0,0.5431122541136532,1e-05,sbm_dpsgd,0,0.2,0.02,0.2,0.2098350077867508,0.030065016821026802,0.21197426319122314
500,10.0,0.5431122541136532,1e-05,gaussian,0,0.2,0.02,0.2,0.20108334720134735,0.021411621943116188,0.2030741423368454
500,10.0,0.5431122541136532,1e-05,edge_flip,0,0.2,0.02,0.2,0.21207362413406372,0.0,0.19752882421016693
500,10.0,0.5431122541136532,1e-05,sbm_dpsgd,1,0.2,0.02,0.2,0.19809021055698395,0.03108656033873558,0.20735251903533936
500,10.0,0.5431122541136532,1e-05,gaussian,1,0.2,0.02,0.2,0.19256354868412018,0.019428690895438194,0.2016056329011917
500,10.0,0.5431122541136532,1e-05,edge_flip,1,0.2,0.02,0.2,0.1940138339996338,0.020191138610243797,0.179469034075737
500,10.0,0.5431122541136532,1e-05,sbm_dpsgd,2,0.2,0.02,0.2,0.20608200132846832,0.03352152928709984,0.20288965106010437
500,10.0,0.5431122541136532,1e-05,gaussian,2,0.2,0.02,0.2,0.20158255100250244,0.019583402201533318,0.1993059664964676
500,10.0,0.5431122541136532,1e-05,edge_flip,2,0.2,0.02,0.2,0.18916556239128113,0.018501032143831253,0.18989279866218567
500,10.0,0.5431122541136532,1e-05,sbm_dpsgd,3,0.2,0.02,0.2,0.19993217289447784,0.023252448067069054,0.20654602348804474
500,10.0,0.5431122541136532,1e-05,gaussian,3,0.2,0.02,0.2,0.19831719994544983,0.019122077152132988,0.20312820374965668
500,10.0,0.5431122541136532,1e-05,edge_flip,3,0.2,0.02,0.2,0.2015286386013031,0.013792881742119789,0.19655916094779968
500,10.0,0.5431122541136532,1e-05,sbm_dpsgd,4,0.2,0.02,0.2,0.2062620371580124,0.02962256222963333,0.20176875591278076
500,10.0,0.5431122541136532,1e-05,gaussian,4,0.2,0.02,0.2,0.20102383196353912,0.020166300237178802,0.1969248652458191
500,10.0,0.5431122541136532,1e-05,edge_flip,4,0.2,0.02,0.2,0.1934077888727188,0.014456852339208126,0.19074125587940216
500,10.0,0.5431122541136532,1e-05,sbm_dpsgd,5,0.2,0.02,0.2,0.20053540170192719,0.03317117318511009,0.2006388157606125
500,10.0,0.5431122541136532,1e-05,gaussian,5,0.2,0.02,0.2,0.20131149888038635,0.02045511268079281,0.19817644357681274
500,10.0,0.5431122541136532,1e-05,edge_flip,5,0.2,0.02,0.2,0.20225587487220764,0.021398356184363365,0.198983296751976
500,10.0,0.5431122541136532,1e-05,sbm_dpsgd,6,0.2,0.02,0.2,0.20967887341976166,0.03259754180908203,0.2079051285982132
500,10.0,0.5431122541136532,1e-05,gaussian,6,0.2,0.02,0.2,0.2027602195739746,0.020183540880680084,0.20168617367744446
500,10.0,0.5431122541136532,1e-05,edge_flip,6,0.2,0.02,0.2,0.20480121672153473,0.028400221839547157,0.18080230057239532
500,10.0,0.5431122541136532,1e-05,sbm_dpsgd,7,0.2,0.02,0.2,0.20400433242321014,0.02916845865547657,0.2050498127937317
500,10.0,0.5431122541136532,1e-05,gaussian,7,0.2,0.02,0.2,0.1981162428855896,0.020098349079489708,0.1983257532119751
500,10.0,0.5431122541136532,1e-05,edge_flip,7,0.2,0.02,0.2,0.19740761816501617,0.014819017611443996,0.20589208602905273
500,10.0,0.5431122541136532,1e-05,sbm_dpsgd,8,0.2,0.02,0.2,0.2072133719921112,0.030079210177063942,0.20319131016731262
500,10.0,0.5431122541136532,1e-05,gaussian,8,0.2,0.02,0.2,0.19924041628837585,0.020105749368667603,0.19878457486629486
500,10.0,0.5431122541136532,1e-05,edge_flip,8,0.2,0.02,0.2,0.19352899491786957,0.01602623611688614,0.20383156836032867
500,10.0,0.5431122541136532,1e-05,sbm_dpsgd,9,0.2,0.02,0.2,0.20425797998905182,0.03203601762652397,0.20547091960906982
500,10.0,0.5431122541136532,1e-05,gaussian,9,0.2,0.02,0.2,0.20014333724975586,0.01901777647435665,0.19871722161769867
500,10.0,0.5431122541136532,1e-05,edge_flip,9,0.2,0.02,0.2,0.20225587487220764,0.020251499488949776,0.19583192467689514
500,10.0,0.5431122541136532,1e-05,sbm_dpsgd,10,0.2,0.02,0.2,0.20970113575458527,0.03679367154836655,0.206266850233078
500,10.0,0.5431122541136532,1e-05,gaussian,10,0.2,0.02,0.2,0.20145545899868011,0.020076744258403778,0.19797386229038239
500,10.0,0.5431122541136532,1e-05,edge_flip,10,0.2,0.02,0.2,0.19716520607471466,0.013491077348589897,0.19643795490264893
500,10.0,0.5431122541136532,1e-05,sbm_dpsgd,11,0.2,0.02,0.2,0.2076217532157898,0.03044438734650612,0.2045719176530838
500,10.0,0.5431122541136532,1e-05,gaussian,11,0.2,0.02,0.2,0.20067626237869263,0.01892912946641445,0.19618593156337738
500,10.0,0.5431122541136532,1e-05,edge_flip,11,0.2,0.02,0.2,0.19377142190933228,0.03341017663478851,0.20492242276668549
500,10.0,0.5431122541136532,1e-05,sbm_dpsgd,12,0.2,0.02,0.2,0.21009407937526703,0.032955724745988846,0.20866481959819794
500,10.0,0.5431122541136532,1e-05,gaussian,12,0.2,0.02,0.2,0.2026616781949997,0.02050858549773693,0.20175161957740784
500,10.0,0.5431122541136532,1e-05,edge_flip,12,0.2,0.02,0.2,0.17401473224163055,0.02604614570736885,0.20661932229995728
500,10.0,0.5431122541136532,1e-05,sbm_dpsgd,13,0.2,0.02,0.2,0.2073953002691269,0.03021780587732792,0.2179548293352127
500,10.0,0.5431122541136532,1e-05,gaussian,13,0.2,0.02,0.2,0.20547282695770264,0.019396362826228142,0.2038934975862503
500,10.0,0.5431122541136532,1e-05,edge_flip,13,0.2,0.02,0.2,0.1948622763156891,0.0076964301988482475,0.2071041464805603
500,10.0,0.5431122541136532,1e-05,sbm_dpsgd,14,0.2,0.02,0.2,0.20177899301052094,0.02649693377315998,0.20324699580669403
500,10.0,0.5431122541136532,1e-05,gaussian,14,0.2,0.02,0.2,0.19998890161514282,0.01935070939362049,0.1994306892156601
500,10.0,0.5431122541136532,1e-05,edge_flip,14,0.2,0.02,0.2,0.20286191999912262,0.028581304475665092,0.1995893269777298
500,10.0,0.5431122541136532,1e-05,sbm_dpsgd,15,0.2,0.02,0.2,0.20692884922027588,0.02873947285115719,0.21341681480407715
500,10.0,0.5431122541136532,1e-05,gaussian,15,0.2,0.02,0.2,0.20006589591503143,0.019434386864304543,0.20327375829219818
500,10.0,0.5431122541136532,1e-05,edge_flip,15,0.2,0.02,0.2,0.21098275482654572,0.00516127236187458,0.19813485443592072
500,10.0,0.5431122541136532,1e-05,sbm_dpsgd,16,0.2,0.02,0.2,0.21262626349925995,0.031562689691782,0.20310407876968384
500,10.0,0.5431122541136532,1e-05,gaussian,16,0.2,0.02,0.2,0.20293116569519043,0.02051689103245735,0.20164991915225983
500,10.0,0.5431122541136532,1e-05,edge_flip,16,0.2,0.02,0.2,0.20371036231517792,0.013853243552148342,0.20080140233039856
500,10.0,0.5431122541136532,1e-05,sbm_dpsgd,17,0.2,0.02,0.2,0.20953477919101715,0.02843371592462063,0.2049829363822937
500,10.0,0.5431122541136532,1e-05,gaussian,17,0.2,0.02,0.2,0.20017269253730774,0.0202791728079319,0.19727149605751038
500,10.0,0.5431122541136532,1e-05,edge_flip,17,0.2,0.02,0.2,0.19219572842121124,0.027434447780251503,0.1912260800600052
500,10.0,0.5431122541136532,1e-05,sbm_dpsgd,18,0.2,0.02,0.2,0.2033466100692749,0.02925037406384945,0.2095385491847992
500,10.0,0.5431122541136532,1e-05,gaussian,18,0.2,0.02,0.2,0.2010224312543869,0.02179156057536602,0.20096562802791595
500,10.0,0.5431122541136532,1e-05,edge_flip,18,0.2,0.02,0.2,0.2154674082994461,0.023692071437835693,0.20952828228473663
500,10.0,0.5431122541136532,1e-05,sbm_dpsgd,19,0.2,0.02,0.2,0.20559406280517578,0.035082463175058365,0.20987394452095032
500,10.0,0.5431122541136532,1e-05,gaussian,19,0.2,0.02,0.2,0.1982148438692093,0.0204628836363554,0.20014998316764832
500,10.0,0.5431122541136532,1e-05,edge_flip,19,0.2,0.02,0.2,0.19886209070682526,0.016509123146533966,0.1822567880153656
500,20.0,0.40561225411365304,1e-05,sbm_dpsgd,0,0.2,0.02,0.2,0.20998111367225647,0.02648814581334591,0.21326087415218353
500,20.0,0.40561225411365304,1e-05,gaussian,0,0.2,0.02,0.2,0.19987273216247559,0.020267535001039505,0.2021910846233368
500,20.0,0.40561225411365304,1e-05,edge_flip,0,0.2,0.02,0.2,0.18276263773441315,0.0357639417052269,0.22226674854755402
500,20.0,0.40561225411365304,1e-05,sbm_dpsgd,1,0.2,0.02,0.2,0.20881377160549164,0.03664562851190567,0.20390687882900238
500,20.0,0.40561225411365304,1e-05,gaussian,1,0.2,0.02,0.2,0.19769735634326935,0.01989852637052536,0.19761021435260773
500,20.0,0.40561225411365304,1e-05,edge_flip,1,0.2,0.02,0.2,0.22499671578407288,0.0036152959801256657,0.19031016528606415
500,20.0,0.40561225411365304,1e-05,sbm_dpsgd,2,0.2,0.02,0.2,0.20496918261051178,0.029881246387958527,0.21272781491279602
500,20.0,0.40561225411365304,1e-05,gaussian,2,0.2,0.02,0.2,0.2020317167043686,0.018471188843250275,0.20263032615184784
500,20.0,0.40561225411365304,1e-05,edge_flip,2,0.2,0.02,0.2,0.20604757964611053,0.024487925693392754,0.22772666811943054
500,20.0,0.40561225411365304,1e-05,sbm_dpsgd,3,0.2,0.02,0.2,0.20710675418376923,0.027841679751873016,0.19640088081359863
500,20.0,0.40561225411365304,1e-05,gaussian,3,0.2,0.02,0.2,0.19885091483592987,0.019629046320915222,0.19440682232379913
500,20.0,0.40561225411365304,1e-05,edge_flip,3,0.2,0.02,0.2,0.21118633449077606,0.012732076458632946,0.19175544381141663
500,20.0,0.40561225411365304,1e-05,sbm_dpsgd,4,0.2,0.02,0.2,0.204604834318161,0.028307074680924416,0.20421716570854187
500,20.0,0.40561225411365304,1e-05,gaussian,4,0.2,0.02,0.2,0.2016172856092453,0.02002495527267456,0.1997310072183609
500,20.0,0.40561225411365304,1e-05,edge_flip,4,0.2,0.02,0.2,0.20235410332679749,0.02160894125699997,0.18035385012626648
500,20.0,0.40561225411365304,1e-05,sbm_dpsgd,5,0.2,0.02,0.2,0.20571793615818024,0.03232351318001747,0.20457105338573456
500,20.0,0.40561225411365304,1e-05,gaussian,5,0.2,0.02,0.2,0.20007562637329102,0.019833121448755264,0.19852177798748016
500,20.0,0.40561225411365304,1e-05,edge_flip,5,0.2,0.02,0.2,0.19689418375492096,0.04024236276745796,0.2087775468826294
500,20.0,0.40561225411365304,1e-05,sbm_dpsgd,6,0.2,0.02,0.2,0.21052853763103485,0.032186269760131836,0.20453885197639465
500,20.0,0.40561225411365304,1e-05,gaussian,6,0.2,0.02,0.2,0.19698961079120636,0.01938914880156517,0.20052193105220795
500,20.0,0.40561225411365304,1e-05,edge_flip,6,0.2,0.02,0.2,0.19978474080562592,0.008573545143008232,0.19207660853862762
500,20.0,0.40561225411365304,1e-05,sbm_dpsgd,7,0.2,0.02,0.2,0.20082665979862213,0.024149414151906967,0.21259470283985138
500,20.0,0.40561225411365304,1e-05,gaussian,7,0.2,0.02,0.2,0.2009199559688568,0.019495807588100433,0.20004086196422577
500,20.0,0.40561225411365304,1e-05,edge_flip,7,0.2,0.02,0.2,0.1936824768781662,0.013851680792868137,0.18163853883743286
500,20.0,0.40561225411365304,1e-05,sbm_dpsgd,8,0.2,0.02,0.2,0.19649848341941833,0.026194659993052483,0.21382944285869598
500,20.0,0.40561225411365304,1e-05,gaussian,8,0.2,0.02,0.2,0.1981469690799713,0.01886490173637867,0.20520368218421936
500,20.0,0.40561225411365304,1e-05,edge_flip,8,0.2,0.02,0.2,0.2076534479856491,0.028726428747177124,0.19593067467212677
500,20.0,0.40561225411365304,1e-05,sbm_dpsgd,9,0.2,0.02,0.2,0.21124359965324402,0.020187439396977425,0.2104438692331314
500,20.0,0.40561225411365304,1e-05,gaussian,9,0.2,0.02,0.2,0.1973564624786377,0.019548628479242325,0.19883009791374207
500,20.0,0.40561225411365304,1e-05,edge_flip,9,0.2,0.02,0.2,0.22451496124267578,0.017690325155854225,0.21086515486240387
500,20.0,0.40561225411365304,1e-05,sbm_dpsgd,10,0.2,0.02,0.2,0.20849844813346863,0.024736545979976654,0.20649117231369019
500,20.0,0.40561225411365304,1e-05,gaussian,10,0.2,0.02,0.2,0.19664254784584045,0.01903291419148445,0.2018260806798935
500,20.0,0.40561225411365304,1e-05,edge_flip,10,0.2,0.02,0.2,0.2168068289756775,0.012971991673111916,0.20460231602191925
500,20.0,0.40561225411365304,1e-05,sbm_dpsgd,11,0.2,0.02,0.2,0.2101832926273346,0.025725236162543297,0.21003705263137817
500,20.0,0.40561225411365304,1e-05,gaussian,11,0.2,0.02,0.2,0.20245975255966187,0.01892760954797268,0.19818158447742462
500,20.0,0.40561225411365304,1e-05,edge_flip,11,0.2,0.02,0.2,0.21279218792915344,0.00953320600092411,0.19946356117725372
500,20.0,0.40561225411365304,1e-05,sbm_dpsgd,12,0.2,0.02,0.2,0.19896695017814636,0.034179892390966415,0.20866365730762482
500,20.0,0.40561225411365304,1e-05,gaussian,12,0.2,0.02,0.2,0.2000759243965149,0.020604178309440613,0.199343740940094
500,20.0,0.40561225411365304,1e-05,edge_flip,12,0.2,0.02,0.2,0.19753652811050415,0.03432445228099823,0.1944853961467743
500,20.0,0.40561225411365304,1e-05,sbm_dpsgd,13,0.2,0.02,0.2,0.2084735780954361,0.040724676102399826,0.20117837190628052
500,20.0,0.40561225411365304,1e-05,gaussian,13,0.2,0.02,0.2,0.19996672868728638,0.020791104063391685,0.20007139444351196
500,20.0,0.40561225411365304,1e-05,edge_flip,13,0.2,0.02,0.2,0.20235410332679749,0.01857001520693302,0.21343453228473663
500,20.0,0.40561225411365304,1e-05,sbm_dpsgd,14,0.2,0.02,0.2,0.20671194791793823,0.027706891298294067,0.20902982354164124
500,20.0,0.40561225411365304,1e-05,gaussian,14,0.2,0.02,0.2,0.19355127215385437,0.01924239471554756,0.20326931774616241
500,20.0,0.40561225411365304,1e-05,edge_flip,14,0.2,0.02,0.2,0.18131735920906067,0.0275268517434597,0.193361297249794
500,20.0,0.40561225411365304,1e-05,sbm_dpsgd,15,0.2,0.02,0.2,0.19794626533985138,0.033681824803352356,0.20657673478126526
500,20.0,0.40561225411365304,1e-05,gaussian,15,0.2,0.02,0.2,0.1936793178319931,0.02016427367925644,0.19904029369354248
500,20.0,0.40561225411365304,1e-05,edge_flip,15,0.2,0.02,0.2,0.17698153853416443,0.014891313388943672,0.21712800860404968
500,20.0,0.40561225411365304,1e-05,sbm_dpsgd,16,0.2,0.02,0.2,0.21031807363033295,0.030352910980582237,0.20102570950984955
500,20.0,0.40561225411365304,1e-05,gaussian,16,0.2,0.02,0.2,0.20590735971927643,0.020326413214206696,0.1974979192018509
500,20.0,0.40561225411365304,1e-05,edge_flip,16,0.2,0.02,0.2,0.18404732644557953,0.030405834317207336,0.19143426418304443
500,20.0,0.40561225411365304,1e-05,sbm_dpsgd,17,0.2,0.02,0.2,0.20635594427585602,0.02440825290977955,0.2110217958688736
500,20.0,0.40561225411365304,1e-05,gaussian,17,0.2,0.02,0.2,0.1988661140203476,0.01917199417948723,0.20280930399894714
500,20.0,0.40561225411365304,1e-05,edge_flip,17,0.2,0.02,0.2,0.19063134491443634,0.011852387338876724,0.18292321264743805
500,20.0,0.40561225411365304,1e-05,sbm_dpsgd,18,0.2,0.02,0.2,0.19967733323574066,0.03553466498851776,0.1938912719488144
500,20.0,0.40561225411365304,1e-05,gaussian,18,0.2,0.02,0.2,0.20105905830860138,0.02059594914317131,0.19881701469421387
500,20.0,0.40561225411365304,1e-05,edge_flip,18,0.2,0.02,0.2,0.2081352025270462,0.013211906887590885,0.2372012436389923
500,20.0,0.40561225411365304,1e-05,sbm_dpsgd,19,0.2,0.02,0.2,0.20462989807128906,0.025842325761914253,0.2090323269367218
500,20.0,0.40561225411365304,1e-05,gaussian,19,0.2,0.02,0.2,0.197793647646904,0.01982957124710083,0.20065659284591675
500,20.0,0.40561225411365304,1e-05,edge_flip,19,0.2,0.02,0.2,0.18918606638908386,0.031365495175123215,0.20701110363006592
1000,1.0,5.635918426327381,1e-05,sbm_dpsgd,0,0.2,0.02,0.2,0.20446272194385529,0.03032846748828888,0.2022310346364975
1000,1.0,5.635918426327381,1e-05,gaussian,0,0.2,0.02,0.2,0.19967685639858246,0.020185863599181175,0.1980653554201126
1000,1.0,5.635918426327381,1e-05,edge_flip,0,0.2,0.02,0.2,0.1997249275445938,0.020108239725232124,0.19815868139266968
1000,1.0,5.635918426327381,1e-05,sbm_dpsgd,1,0.2,0.02,0.2,0.2055654525756836,0.031189795583486557,0.2045043557882309
1000,1.0,5.635918426327381,1e-05,gaussian,1,0.2,0.02,0.2,0.1999639868736267,0.020030036568641663,0.19909557700157166
1000,1.0,5.635918426327381,1e-05,edge_flip,1,0.2,0.02,0.2,0.20004786550998688,0.01995515078306198,0.19895794987678528
1000,1.0,5.635918426327381,1e-05,sbm_dpsgd,2,0.2,0.02,0.2,0.20466838777065277,0.030330277979373932,0.20357441902160645
1000,1.0,5.635918426327381,1e-05,gaussian,2,0.2,0.02,0.2,0.2002273052930832,0.020093372091650963,0.19834110140800476
1000,1.0,5.635918426327381,1e-05,edge_flip,2,0.2,0.02,0.2,0.20021741092205048,0.020192841067910194,0.19862695038318634
1000,1.0,5.635918426327381,1e-05,sbm_dpsgd,3,0.2,0.02,0.2,0.20750339329242706,0.031166918575763702,0.20040245354175568
1000,1.0,5.635918426327381,1e-05,gaussian,3,0.2,0.02,0.2,0.20086656510829926,0.020324142649769783,0.19609799981117249
1000,1.0,5.635918426327381,1e-05,edge_flip,3,0.2,0.02,0.2,0.2011297047138214,0.020217012614011765,0.19589005410671234
1000,1.0,5.635918426327381,1e-05,sbm_dpsgd,4,0.2,0.02,0.2,0.20638863742351532,0.030217528343200684,0.2052508294582367
1000,1.0,5.635918426327381,1e-05,gaussian,4,0.2,0.02,0.2,0.20102867484092712,0.019929803907871246,0.19991254806518555
1000,1.0,5.635918426327381,1e-05,edge_flip,4,0.2,0.02,0.2,0.201275035738945,0.019777892157435417,0.1999429166316986
1000,1.0,5.635918426327381,1e-05,sbm_dpsgd,5,0.2,0.02,0.2,0.20263615250587463,0.029840966686606407,0.20602670311927795
1000,1.0,5.635918426327381,1e-05,gaussian,5,0.2,0.02,0.2,0.19905291497707367,0.020100802183151245,0.20051290094852448
1000,1.0,5.635918426327381,1e-05,edge_flip,5,0.2,0.02,0.2,0.19913557171821594,0.020043781027197838,0.20049190521240234
1000,1.0,5.635918426327381,1e-05,sbm_dpsgd,6,0.2,0.02,0.2,0.20501933991909027,0.031547028571367264,0.20696277916431427
1000,1.0,5.635918426327381,1e-05,gaussian,6,0.2,0.02,0.2,0.19930744171142578,0.020314516499638557,0.20107080042362213
1000,1.0,5.635918426327381,1e-05,edge_flip,6,0.2,0.02,0.2,0.19915172457695007,0.02026938647031784,0.20101667940616608
1000,1.0,5.635918426327381,1e-05,sbm_dpsgd,7,0.2,0.02,0.2,0.20486243069171906,0.032306283712387085,0.2067919820547104
1000,1.0,5.635918426327381,1e-05,gaussian,7,0.2,0.02,0.2,0.19945617020130157,0.020364902913570404,0.2018040269613266
1000,1.0,5.635918426327381,1e-05,edge_flip,7,0.2,0.02,0.2,0.19940198957920074,0.020362043753266335,0.20167063176631927
1000,1.0,5.635918426327381,1e-05,sbm_dpsgd,8,0.2,0.02,0.2,0.20275026559829712,0.030159257352352142,0.20426656305789948
1000,1.0,5.635918426327381,1e-05,gaussian,8,0.2,0.02,0.2,0.19903582334518433,0.020017603412270546,0.19905200600624084
1000,1.0,5.635918426327381,1e-05,edge_flip,8,0.2,0.02,0.2,0.19900639355182648,0.020104210823774338,0.1990467607975006
1000,1.0,5.635918426327381,1e-05,sbm_dpsgd,9,0.2,0.02,0.2,0.2048080712556839,0.030752135440707207,0.20414215326309204
1000,1.0,5.635918426327381,1e-05,gaussian,9,0.2,0.02,0.2,0.19949570298194885,0.020080283284187317,0.19786185026168823
1000,1.0,5.635918426327381,1e-05,edge_flip,9,0.2,0.02,0.2,0.19949887692928314,0.020225070416927338,0.19777116179466248
1000,1.0,5.635918426327381,1e-05,sbm_dpsgd,10,0.2,0.02,0.2,0.20319704711437225,0.03011958859860897,0.20609703660011292
1000,1.0,5.635918426327381,1e-05,gaussian,10,0.2,0.02,0.2,0.19963891804218292,0.019635433331131935,0.2010609358549118
1000,1.0,5.635918426327381,1e-05,edge_flip,10,0.2,0.02,0.2,0.19957153499126434,0.01972551830112934,0.20101667940616608
1000,1.0,5.635918426327381,1e-05,sbm_dpsgd,11,0.2,0.02,0.2,0.2056603878736496,0.031869154423475266,0.20564693212509155
1000,1.0,5.635918426327381,1e-05,gaussian,11,0.2,0.02,0.2,0.1992938369512558,0.020605217665433884,0.1995752453804016
1000,1.0,5.635918426327381,1e-05,edge_flip,11,0.2,0.02,0.2,0.19949887692928314,0.02058362029492855,0.19963613152503967
1000,1.0,5.635918426327381,1e-05,sbm_dpsgd,12,0.2,0.02,0.2,0.20542611181735992,0.031073976308107376,0.20523764193058014
1000,1.0,5.635918426327381,1e-05,gaussian,12,0.2,0.02,0.2,0.1993969827890396,0.020075013861060143,0.2005605250597
1000,1.0,5.635918426327381,1e-05,edge_flip,12,0.2,0.02,0.2,0.19918401539325714,0.019842348992824554,0.20065337419509888
1000,1.0,5.635918426327381,1e-05,sbm_dpsgd,13,0.2,0.02,0.2,0.2040182650089264,0.028307411819696426,0.20495831966400146
1000,1.0,5.635918426327381,1e-05,gaussian,13,0.2,0.02,0.2,0.2000359445810318,0.019566046074032784,0.19994473457336426
1000,1.0,5.635918426327381,1e-05,edge_flip,13,0.2,0.02,0.2,0.19991062581539154,0.019564373418688774,0.19993484020233154
1000,1.0,5.635918426327381,1e-05,sbm_dpsgd,14,0.2,0.02,0.2,0.20608440041542053,0.02967972680926323,0.2028397172689438
1000,1.0,5.635918426327381,1e-05,gaussian,14,0.2,0.02,0.2,0.20082305371761322,0.019688667729496956,0.19860534369945526
1000,1.0,5.635918426327381,1e-05,edge_flip,14,0.2,0.02,0.2,0.200960174202919,0.019733576104044914,0.1987561285495758
1000,1.0,5.635918426327381,1e-05,sbm_dpsgd,15,0.2,0.02,0.2,0.20549647510051727,0.02862958237528801,0.20588421821594238
1000,1.0,5.635918426327381,1e-05,gaussian,15,0.2,0.02,0.2,0.20017008483409882,0.019778946414589882,0.19977439939975739
1000,1.0,5.635918426327381,1e-05,edge_flip,15,0.2,0.02,0.2,0.20010438561439514,0.019830264151096344,0.19937777519226074
1000,1.0,5.635918426327381,1e-05,sbm_dpsgd,16,0.2,0.02,0.2,0.20426364243030548,0.029643353074789047,0.20540235936641693
1000,1.0,5.635918426327381,1e-05,gaussian,16,0.2,0.02,0.2,0.19990086555480957,0.019828157499432564,0.20051851868629456
1000,1.0,5.635918426327381,1e-05,edge_flip,16,0.2,0.02,0.2,0.1999187022447586,0.019741633906960487,0.20058071613311768
1000,1.0,5.635918426327381,1e-05,sbm_dpsgd,17,0.2,0.02,0.2,0.2061762809753418,0.02999226190149784,0.20520201325416565
1000,1.0,5.635918426327381,1e-05,gaussian,17,0.2,0.02,0.2,0.20082274079322815,0.020020266994833946,0.19974003732204437
1000,1.0,5.635918426327381,1e-05,edge_flip,17,0.2,0.02,0.2,0.2008390724658966,0.019850406795740128,0.199749156832695
1000,1.0,5.635918426327381,1e-05,sbm_dpsgd,18,0.2,0.02,0.2,0.2044689655303955,0.029422730207443237,0.20782509446144104
1000,1.0,5.635918426327381,1e-05,gaussian,18,0.2,0.02,0.2,0.19928108155727386,0.019800174981355667,0.20213249325752258
1000,1.0,5.635918426327381,1e-05,edge_flip,18,0.2,0.02,0.2,0.19891758263111115,0.019806092604994774,0.20208238065242767
1000,1.0,5.635918426327381,1e-05,sbm_dpsgd,19,0.2,0.02,0.2,0.20398861169815063,0.03137617185711861,0.20519858598709106
1000,1.0,5.635918426327381,1e-05,gaussian,19,0.2,0.02,0.2,0.20044589042663574,0.020508605986833572,0.19985555112361908
1000,1.0,5.635918426327381,1e-05,edge_flip,19,0.2,0.02,0.2,0.20055650174617767,0.02052319049835205,0.19983796775341034
1000,2.0,2.668102829441137,1e-05,sbm_dpsgd,0,0.2,0.02,0.2,0.20496045053005219,0.030708113685250282,0.20447935163974762
1000,2.0,2.668102829441137,1e-05,gaussian,0,0.2,0.02,0.2,0.2007843255996704,0.019849762320518494,0.20047269761562347
1000,2.0,2.668102829441137,1e-05,edge_flip,0,0.2,0.02,0.2,0.20048436522483826,0.019872792065143585,0.20071464776992798
1000,2.0,2.668102829441137,1e-05,sbm_dpsgd,1,0.2,0.02,0.2,0.2030940055847168,0.028788505122065544,0.20388832688331604
1000,2.0,2.668102829441137,1e-05,gaussian,1,0.2,0.02,0.2,0.19863025844097137,0.01997683010995388,0.19845695793628693
1000,2.0,2.668102829441137,1e-05,edge_flip,1,0.2,0.02,0.2,0.2003646194934845,0.018843187019228935,0.19807100296020508
1000,2.0,2.668102829441137,1e-05,sbm_dpsgd,2,0.2,0.02,0.2,0.20382969081401825,0.029395099729299545,0.20610590279102325
1000,2.0,2.668102829441137,1e-05,gaussian,2,0.2,0.02,0.2,0.19891375303268433,0.01972617767751217,0.20158018171787262
1000,2.0,2.668102829441137,1e-05,edge_flip,2,0.2,0.02,0.2,0.1986144632101059,0.019992301240563393,0.20205029845237732
1000,2.0,2.668102829441137,1e-05,sbm_dpsgd,3,0.2,0.02,0.2,0.20658744871616364,0.030816232785582542,0.2040703445672989
1000,2.0,2.668102829441137,1e-05,gaussian,3,0.2,0.02,0.2,0.20101915299892426,0.02011328935623169,0.199024498462677
1000,2.0,2.668102829441137,1e-05,edge_flip,3,0.2,0.02,0.2,0.1994987577199936,0.02037840336561203,0.19910266995429993
1000,2.0,2.668102829441137,1e-05,sbm_dpsgd,4,0.2,0.02,0.2,0.20386360585689545,0.03192158788442612,0.20607465505599976
1000,2.0,2.668102829441137,1e-05,gaussian,4,0.2,0.02,0.2,0.197953999042511,0.020490597933530807,0.20193219184875488
1000,2.0,2.668102829441137,1e-05,edge_flip,4,0.2,0.02,0.2,0.19704854488372803,0.02126551792025566,0.20252928137779236
1000,2.0,2.668102829441137,1e-05,sbm_dpsgd,5,0.2,0.02,0.2,0.20646965503692627,0.030267704278230667,0.20619817078113556
1000,2.0,2.668102829441137,1e-05,gaussian,5,0.2,0.02,0.2,0.20051346719264984,0.01991085149347782,0.20082062482833862
1000,2.0,2.668102829441137,1e-05,edge_flip,5,0.2,0.02,0.2,0.19992247223854065,0.019187921658158302,0.20112915337085724
1000,2.0,2.668102829441137,1e-05,sbm_dpsgd,6,0.2,0.02,0.2,0.20547348260879517,0.028055289760231972,0.20716454088687897
1000,2.0,2.668102829441137,1e-05,gaussian,6,0.2,0.02,0.2,0.20148731768131256,0.019610591232776642,0.20222671329975128
1000,2.0,2.668102829441137,1e-05,edge_flip,6,0.2,0.02,0.2,0.20039226114749908,0.01819508709013462,0.20131339132785797
1000,2.0,2.668102829441137,1e-05,sbm_dpsgd,7,0.2,0.02,0.2,0.20442190766334534,0.029706889763474464,0.2060401886701584
1000,2.0,2.668102829441137,1e-05,gaussian,7,0.2,0.02,0.2,0.19867545366287231,0.019804509356617928,0.201316699385643
1000,2.0,2.668102829441137,1e-05,edge_flip,7,0.2,0.02,0.2,0.1991579383611679,0.019495883956551552,0.20023566484451294
1000,2.0,2.668102829441137,1e-05,sbm_dpsgd,8,0.2,0.02,0.2,0.20424260199069977,0.029772622510790825,0.20278139412403107
1000,2.0,2.668102829441137,1e-05,gaussian,8,0.2,0.02,0.2,0.20022200047969818,0.01973702572286129,0.19836518168449402
1000,2.0,2.668102829441137,1e-05,edge_flip,8,0.2,0.02,0.2,0.20046594738960266,0.01895809918642044,0.1968458890914917
1000,2.0,2.668102829441137,1e-05,sbm_dpsgd,9,0.2,0.02,0.2,0.20475409924983978,0.03120562620460987,0.20649905502796173
1000,2.0,2.668102829441137,1e-05,gaussian,9,0.2,0.02,0.2,0.19894371926784515,0.020062286406755447,0.20142599940299988
1000,2.0,2.668102829441137,1e-05,edge_flip,9,0.2,0.02,0.2,0.2003462016582489,0.019045431166887283,0.20341357588768005
1000,2.0,2.668102829441137,1e-05,sbm_dpsgd,10,0.2,0.02,0.2,0.20724038779735565,0.028751283884048462,0.20604294538497925
1000,2.0,2.668102829441137,1e-05,gaussian,10,0.2,0.02,0.2,0.20146678388118744,0.019531816244125366,0.20163069665431976
1000,2.0,2.668102829441137,1e-05,edge_flip,10,0.2,0.02,0.2,0.2009449303150177,0.01967514492571354,0.20108310878276825
1000,2.0,2.668102829441137,1e-05,sbm_dpsgd,11,0.2,0.02,0.2,0.20605149865150452,0.030735762789845467,0.2029242068529129
1000,2.0,2.668102829441137,1e-05,gaussian,11,0.2,0.02,0.2,0.20072363317012787,0.02006162703037262,0.19759097695350647
1000,2.0,2.668102829441137,1e-05,edge_flip,11,0.2,0.02,0.2,0.2009541392326355,0.019413147121667862,0.1977117508649826
1000,2.0,2.668102829441137,1e-05,sbm_dpsgd,12,0.2,0.02,0.2,0.2037399411201477,0.02903132326900959,0.2034682184457779
1000,2.0,2.668102829441137,1e-05,gaussian,12,0.2,0.02,0.2,0.20078307390213013,0.019892677664756775,0.19942013919353485
1000,2.0,2.668102829441137,1e-05,edge_flip,12,0.2,0.02,0.2,0.20031856000423431,0.019587812945246696,0.19935137033462524
1000,2.0,2.668102829441137,1e-05,sbm_dpsgd,13,0.2,0.02,0.2,0.2051471769809723,0.030856724828481674,0.20474928617477417
1000,2.0,2.668102829441137,1e-05,gaussian,13,0.2,0.02,0.2,0.19983045756816864,0.020033281296491623,0.20046816766262054
1000,2.0,2.668102829441137,1e-05,edge_flip,13,0.2,0.02,0.2,0.20041067898273468,0.019335007295012474,0.2000422179698944
1000,2.0,2.668102829441137,1e-05,sbm_dpsgd,14,0.2,0.02,0.2,0.2054365575313568,0.030549069866538048,0.2060781866312027
1000,2.0,2.668102829441137,1e-05,gaussian,14,0.2,0.02,0.2,0.200696662068367,0.02000518888235092,0.19945888221263885
1000,2.0,2.668102829441137,1e-05,edge_flip,14,0.2,0.02,0.2,0.20073308050632477,0.019403954967856407,0.2006409615278244
1000,2.0,2.668102829441137,1e-05,sbm_dpsgd,15,0.2,0.02,0.2,0.20378395915031433,0.030868634581565857,0.20453409850597382
1000,2.0,2.668102829441137,1e-05,gaussian,15,0.2,0.02,0.2,0.1996336132287979,0.02014140971004963,0.19898933172225952
1000,2.0,2.668102829441137,1e-05,edge_flip,15,0.2,0.02,0.2,0.19903819262981415,0.020281877368688583,0.198282852768898
1000,2.0,2.668102829441137,1e-05,sbm_dpsgd,16,0.2,0.02,0.2,0.20240230858325958,0.028801338747143745,0.20535722374916077
1000,2.0,2.668102829441137,1e-05,gaussian,16,0.2,0.02,0.2,0.19882012903690338,0.019768772646784782,0.19952116906642914
1000,2.0,2.668102829441137,1e-05,edge_flip,16,0.2,0.02,0.2,0.19839338958263397,0.019836021587252617,0.20049357414245605
1000,2.0,2.668102829441137,1e-05,sbm_dpsgd,17,0.2,0.02,0.2,0.2044178694486618,0.030240925028920174,0.20550134778022766
1000,2.0,2.668102829441137,1e-05,gaussian,17,0.2,0.02,0.2,0.19883906841278076,0.020199045538902283,0.19944453239440918
1000,2.0,2.668102829441137,1e-05,edge_flip,17,0.2,0.02,0.2,0.19867894053459167,0.01881560869514942,0.19987641274929047
1000,2.0,2.668102829441137,1e-05,sbm_dpsgd,18,0.2,0.02,0.2,0.2044006586074829,0.02918253093957901,0.20425234735012054
1000,2.0,2.668102829441137,1e-05,gaussian,18,0.2,0.02,0.2,0.20050911605358124,0.019622715190052986,0.19934073090553284
1000,2.0,2.668102829441137,1e-05,edge_flip,18,0.2,0.02,0.2,0.2012304812669754,0.02013479173183441,0.19879868626594543
1000,2.0,2.668102829441137,1e-05,sbm_dpsgd,19,0.2,0.02,0.2,0.20707890391349792,0.030966145917773247,0.20407457649707794
1000,2.0,2.668102829441137,1e-05,gaussian,19,0.2,0.02,0.2,0.20198221504688263,0.020190302282571793,0.1993439644575119
1000,2.0,2.668102829441137,1e-05,edge_flip,19,0.2,0.02,0.2,0.20343199372291565,0.02006584405899048,0.19961850345134735
1000,5.0,1.0338953100711687,1e-05,sbm_dpsgd,0,0.2,0.02,0.2,0.20401620864868164,0.03193244710564613,0.20185962319374084
1000,5.0,1.0338953100711687,1e-05,gaussian,0,0.2,0.02,0.2,0.1995963156223297,0.020129356533288956,0.19830204546451569
1000,5.0,1.0338953100711687,1e-05,edge_flip,0,0.2,0.02,0.2,0.20286057889461517,0.021732589229941368,0.19390591979026794
1000,5.0,1.0338953100711687,1e-05,sbm_dpsgd,1,0.2,0.02,0.2,0.20596793293952942,0.03053944557905197,0.20330855250358582
1000,5.0,1.0338953100711687,1e-05,gaussian,1,0.2,0.02,0.2,0.20090724527835846,0.019755490124225616,0.19931629300117493
1000,5.0,1.0338953100711687,1e-05,edge_flip,1,0.2,0.02,0.2,0.20287743210792542,0.018501223996281624,0.19886386394500732
1000,5.0,1.0338953100711687,1e-05,sbm_dpsgd,2,0.2,0.02,0.2,0.20575977861881256,0.030128780752420425,0.20765885710716248
1000,5.0,1.0338953100711687,1e-05,gaussian,2,0.2,0.02,0.2,0.19995109736919403,0.020148469135165215,0.2007848173379898
1000,5.0,1.0338953100711687,1e-05,edge_flip,2,0.2,0.02,0.2,0.201612651348114,0.021328669041395187,0.19737985730171204
1000,5.0,1.0338953100711687,1e-05,sbm_dpsgd,3,0.2,0.02,0.2,0.20592100918293,0.03153040260076523,0.20635093748569489
1000,5.0,1.0338953100711687,1e-05,gaussian,3,0.2,0.02,0.2,0.201095312833786,0.020202569663524628,0.20066314935684204
1000,5.0,1.0338953100711687,1e-05,edge_flip,3,0.2,0.02,0.2,0.19368669390678406,0.017356781288981438,0.19985882937908173
1000,5.0,1.0338953100711687,1e-05,sbm_dpsgd,4,0.2,0.02,0.2,0.2042844593524933,0.03266116604208946,0.20589086413383484
1000,5.0,1.0338953100711687,1e-05,gaussian,4,0.2,0.02,0.2,0.19910365343093872,0.019955210387706757,0.20067724585533142
1000,5.0,1.0338953100711687,1e-05,edge_flip,4,0.2,0.02,0.2,0.20135970413684845,0.02240579016506672,0.19761593639850616
1000,5.0,1.0338953100711687,1e-05,sbm_dpsgd,5,0.2,0.02,0.2,0.20418760180473328,0.02948630228638649,0.20590686798095703
1000,5.0,1.0338953100711687,1e-05,gaussian,5,0.2,0.02,0.2,0.19935768842697144,0.01988830603659153,0.20018640160560608
1000,5.0,1.0338953100711687,1e-05,edge_flip,5,0.2,0.02,0.2,0.19478283822536469,0.01997385174036026,0.19883012771606445
1000,5.0,1.0338953100711687,1e-05,sbm_dpsgd,6,0.2,0.02,0.2,0.20797118544578552,0.029504813253879547,0.20301088690757751
1000,5.0,1.0338953100711687,1e-05,gaussian,6,0.2,0.02,0.2,0.20265257358551025,0.020067904144525528,0.19998735189437866
1000,5.0,1.0338953100711687,1e-05,edge_flip,6,0.2,0.02,0.2,0.1991674154996872,0.018080472946166992,0.2022871971130371
1000,5.0,1.0338953100711687,1e-05,sbm_dpsgd,7,0.2,0.02,0.2,0.20250503718852997,0.03085562400519848,0.20560310781002045
1000,5.0,1.0338953100711687,1e-05,gaussian,7,0.2,0.02,0.2,0.19827055931091309,0.020111963152885437,0.20018528401851654
1000,5.0,1.0338953100711687,1e-05,edge_flip,7,0.2,0.02,0.2,0.1936192363500595,0.020024340599775314,0.2020173817873001
1000,5.0,1.0338953100711687,1e-05,sbm_dpsgd,8,0.2,0.02,0.2,0.20707570016384125,0.031156837940216064,0.20460732281208038
1000,5.0,1.0338953100711687,1e-05,gaussian,8,0.2,0.02,0.2,0.20236530900001526,0.020169934257864952,0.20047158002853394
1000,5.0,1.0338953100711687,1e-05,edge_flip,8,0.2,0.02,0.2,0.20579487085342407,0.02068912796676159,0.2001623660326004
1000,5.0,1.0338953100711687,1e-05,sbm_dpsgd,9,0.2,0.02,0.2,0.20485904812812805,0.029162392020225525,0.20611470937728882
1000,5.0,1.0338953100711687,1e-05,gaussian,9,0.2,0.02,0.2,0.20032022893428802,0.01985194906592369,0.20028984546661377
1000,5.0,1.0338953100711687,1e-05,edge_flip,9,0.2,0.02,0.2,0.20179815590381622,0.02161477878689766,0.198357954621315
1000,5.0,1.0338953100711687,1e-05,sbm_dpsgd,10,0.2,0.02,0.2,0.20413711667060852,0.031858254224061966,0.20514163374900818
1000,5.0,1.0338953100711687,1e-05,gaussian,10,0.2,0.02,0.2,0.19981279969215393,0.020476577803492546,0.20019756257534027
1000,5.0,1.0338953100711687,1e-05,edge_flip,10,0.2,0.02,0.2,0.1992180049419403,0.017339950427412987,0.20232093334197998
1000,5.0,1.0338953100711687,1e-05,sbm_dpsgd,11,0.2,0.02,0.2,0.20624572038650513,0.03150121122598648,0.20587752759456635
1000,5.0,1.0338953100711687,1e-05,gaussian,11,0.2,0.02,0.2,0.20165464282035828,0.020118094980716705,0.19996455311775208
1000,5.0,1.0338953100711687,1e-05,edge_flip,11,0.2,0.02,0.2,0.1973629891872406,0.018442317843437195,0.19985882937908173
1000,5.0,1.0338953100711687,1e-05,sbm_dpsgd,12,0.2,0.02,0.2,0.20666034519672394,0.03005896881222725,0.20281317830085754
1000,5.0,1.0338953100711687,1e-05,gaussian,12,0.2,0.02,0.2,0.20080754160881042,0.019472835585474968,0.19799774885177612
1000,5.0,1.0338953100711687,1e-05,edge_flip,12,0.2,0.02,0.2,0.20478303730487823,0.023163141682744026,0.19689080119132996
1000,5.0,1.0338953100711687,1e-05,sbm_dpsgd,13,0.2,0.02,0.2,0.20527863502502441,0.03203526511788368,0.2061588317155838
1000,5.0,1.0338953100711687,1e-05,gaussian,13,0.2,0.02,0.2,0.20162327587604523,0.02034016326069832,0.19998887181282043
1000,5.0,1.0338953100711687,1e-05,edge_flip,13,0.2,0.02,0.2,0.20351825654506683,0.01825718767940998,0.1973123997449875
1000,5.0,1.0338953100711687,1e-05,sbm_dpsgd,14,0.2,0.02,0.2,0.20591463148593903,0.03211601823568344,0.2026958018541336
1000,5.0,1.0338953100711687,1e-05,gaussian,14,0.2,0.02,0.2,0.20041191577911377,0.020404480397701263,0.19988355040550232
1000,5.0,1.0338953100711687,1e-05,edge_flip,14,0.2,0.02,0.2,0.19829049706459045,0.019696155562996864,0.2015620619058609
1000,5.0,1.0338953100711687,1e-05,sbm_dpsgd,15,0.2,0.02,0.2,0.20625874400138855,0.030153552070260048,0.20289665460586548
1000,5.0,1.0338953100711687,1e-05,gaussian,15,0.2,0.02,0.2,0.20058958232402802,0.019911136478185654,0.19957539439201355
1000,5.0,1.0338953100711687,1e-05,edge_flip,15,0.2,0.02,0.2,0.19783517718315125,0.021126708015799522,0.1973629891872406
1000,5.0,1.0338953100711687,1e-05,sbm_dpsgd,16,0.2,0.02,0.2,0.20622465014457703,0.030541127547621727,0.20311419665813446
1000,5.0,1.0338953100711687,1e-05,gaussian,16,0.2,0.02,0.2,0.2002033293247223,0.01970907673239708,0.19870544970035553
1000,5.0,1.0338953100711687,1e-05,edge_flip,16,0.2,0.02,0.2,0.2017475664615631,0.020344112068414688,0.19940349459648132
1000,5.0,1.0338953100711687,1e-05,sbm_dpsgd,17,0.2,0.02,0.2,0.20519794523715973,0.028285128995776176,0.2076307088136673
1000,5.0,1.0338953100711687,1e-05,gaussian,17,0.2,0.02,0.2,0.2005763053894043,0.019762616604566574,0.20199602842330933
1000,5.0,1.0338953100711687,1e-05,edge_flip,17,0.2,0.02,0.2,0.19867835938930511,0.021328669041395187,0.20218601822853088
1000,5.0,1.0338953100711687,1e-05,sbm_dpsgd,18,0.2,0.02,0.2,0.20432865619659424,0.029819896444678307,0.2076360434293747
1000,5.0,1.0338953100711687,1e-05,gaussian,18,0.2,0.02,0.2,0.1973148137331009,0.019933070987462997,0.201745867729187
1000,5.0,1.0338953100711687,1e-05,edge_flip,18,0.2,0.02,0.2,0.19850972294807434,0.02167368493974209,0.20053337514400482
1000,5.0,1.0338953100711687,1e-05,sbm_dpsgd,19,0.2,0.02,0.2,0.2053319215774536,0.029154449701309204,0.20524123311042786
1000,5.0,1.0338953100711687,1e-05,gaussian,19,0.2,0.02,0.2,0.20060472190380096,0.019483063369989395,0.20030370354652405
1000,5.0,1.0338953100711687,1e-05,edge_flip,19,0.2,0.02,0.2,0.1998925507068634,0.019679324701428413,0.20375435054302216
1000,10.0,0.5431122541136532,1e-05,sbm_dpsgd,0,0.2,0.02,0.2,0.20379909873008728,0.03004067949950695,0.20451198518276215
1000,10.0,0.5431122541136532,1e-05,gaussian,0,0.2,0.02,0.2,0.19858968257904053,0.019870605319738388,0.19909988343715668
1000,10.0,0.5431122541136532,1e-05,edge_flip,0,0.2,0.02,0.2,0.19749991595745087,0.0215794388204813,0.19877003133296967
1000,10.0,0.5431122541136532,1e-05,sbm_dpsgd,1,0.2,0.02,0.2,0.2084912359714508,0.02896382287144661,0.20609554648399353
1000,10.0,0.5431122541136532,1e-05,gaussian,1,0.2,0.02,0.2,0.19997522234916687,0.019789861515164375,0.19957083463668823
1000,10.0,0.5431122541136532,1e-05,edge_flip,1,0.2,0.02,0.2,0.20369930565357208,0.011499167419970036,0.1864922195672989
1000,10.0,0.5431122541136532,1e-05,sbm_dpsgd,2,0.2,0.02,0.2,0.20354531705379486,0.031591951847076416,0.20662708580493927
1000,10.0,0.5431122541136532,1e-05,gaussian,2,0.2,0.02,0.2,0.20105811953544617,0.020996345207095146,0.2020689696073532
1000,10.0,0.5431122541136532,1e-05,edge_flip,2,0.2,0.02,0.2,0.1988305151462555,0.01899901032447815,0.2090822011232376
1000,10.0,0.5431122541136532,1e-05,sbm_dpsgd,3,0.2,0.02,0.2,0.20670634508132935,0.03158305212855339,0.2061002105474472
1000,10.0,0.5431122541136532,1e-05,gaussian,3,0.2,0.02,0.2,0.20089653134346008,0.02025972120463848,0.1998063623905182
1000,10.0,0.5431122541136532,1e-05,edge_flip,3,0.2,0.02,0.2,0.20642098784446716,0.02722318470478058,0.203094482421875
1000,10.0,0.5431122541136532,1e-05,sbm_dpsgd,4,0.2,0.02,0.2,0.20510002970695496,0.031218603253364563,0.20527128875255585
1000,10.0,0.5431122541136532,1e-05,gaussian,4,0.2,0.02,0.2,0.19988024234771729,0.02011222019791603,0.20014998316764832
1000,10.0,0.5431122541136532,1e-05,edge_flip,4,0.2,0.02,0.2,0.2022477388381958,0.02153416909277439,0.20560449361801147
1000,10.0,0.5431122541136532,1e-05,sbm_dpsgd,5,0.2,0.02,0.2,0.20755286514759064,0.030123811215162277,0.20581433176994324
1000,10.0,0.5431122541136532,1e-05,gaussian,5,0.2,0.02,0.2,0.20083938539028168,0.02016758732497692,0.20153960585594177
1000,10.0,0.5431122541136532,1e-05,edge_flip,5,0.2,0.02,0.2,0.19765111804008484,0.018470851704478264,0.20297352969646454
1000,10.0,0.5431122541136532,1e-05,sbm_dpsgd,6,0.2,0.02,0.2,0.20097582042217255,0.0316946804523468,0.20476402342319489
1000,10.0,0.5431122541136532,1e-05,gaussian,6,0.2,0.02,0.2,0.19670923054218292,0.01997644081711769,0.20019029080867767
1000,10.0,0.5431122541136532,1e-05,edge_flip,6,0.2,0.02,0.2,0.19722774624824524,0.017942694947123528,0.20445533096790314
1000,10.0,0.5431122541136532,1e-05,sbm_dpsgd,7,0.2,0.02,0.2,0.2061384916305542,0.028693441301584244,0.20354309678077698
1000,10.0,0.5431122541136532,1e-05,gaussian,7,0.2,0.02,0.2,0.20166964828968048,0.019475702196359634,0.19925302267074585
1000,10.0,0.5431122541136532,1e-05,edge_flip,7,0.2,0.02,0.2,0.19846762716770172,0.01928572542965412,0.19622980058193207
1000,10.0,0.5431122541136532,1e-05,sbm_dpsgd,8,0.2,0.02,0.2,0.2057296186685562,0.028359340503811836,0.20333372056484222
1000,10.0,0.5431122541136532,1e-05,gaussian,8,0.2,0.02,0.2,0.19983279705047607,0.019726252183318138,0.1990441083908081
1000,10.0,0.5431122541136532,1e-05,edge_flip,8,0.2,0.02,0.2,0.19943533837795258,0.019466808065772057,0.2046065330505371
1000,10.0,0.5431122541136532,1e-05,sbm_dpsgd,9,0.2,0.02,0.2,0.2060094177722931,0.031030088663101196,0.20463600754737854
1000,10.0,0.5431122541136532,1e-05,gaussian,9,0.2,0.02,0.2,0.19999569654464722,0.02014065720140934,0.19977544248104095
1000,10.0,0.5431122541136532,1e-05,edge_flip,9,0.2,0.02,0.2,0.19368955492973328,0.01931590586900711,0.19680437445640564
1000,10.0,0.5431122541136532,1e-05,sbm_dpsgd,10,0.2,0.02,0.2,0.20706510543823242,0.03112010657787323,0.20524080097675323
1000,10.0,0.5431122541136532,1e-05,gaussian,10,0.2,0.02,0.2,0.20183533430099487,0.02023003064095974,0.19890275597572327
1000,10.0,0.5431122541136532,1e-05,edge_flip,10,0.2,0.02,0.2,0.2020663022994995,0.023148823529481888,0.1958669126033783
1000,10.0,0.5431122541136532,1e-05,sbm_dpsgd,11,0.2,0.02,0.2,0.2062208205461502,0.028595395386219025,0.20664547383785248
1000,10.0,0.5431122541136532,1e-05,gaussian,11,0.2,0.02,0.2,0.20109182596206665,0.019755681976675987,0.19983233511447906
1000,10.0,0.5431122541136532,1e-05,edge_flip,11,0.2,0.02,0.2,0.2071467787027359,0.02052312344312668,0.19275209307670593
1000,10.0,0.5431122541136532,1e-05,sbm_dpsgd,12,0.2,0.02,0.2,0.206800639629364,0.027320874854922295,0.2039879858493805
1000,10.0,0.5431122541136532,1e-05,gaussian,12,0.2,0.02,0.2,0.20025654137134552,0.01983053982257843,0.1986970603466034
1000,10.0,0.5431122541136532,1e-05,edge_flip,12,0.2,0.02,0.2,0.2037295550107956,0.015075551345944405,0.18791353702545166
1000,10.0,0.5431122541136532,1e-05,sbm_dpsgd,13,0.2,0.02,0.2,0.20305131375789642,0.028206704184412956,0.2061072140932083
1000,10.0,0.5431122541136532,1e-05,gaussian,13,0.2,0.02,0.2,0.1996132880449295,0.01987817883491516,0.20029568672180176
1000,10.0,0.5431122541136532,1e-05,edge_flip,13,0.2,0.02,0.2,0.19792328774929047,0.02462766505777836,0.19656245410442352
1000,10.0,0.5431122541136532,1e-05,sbm_dpsgd,14,0.2,0.02,0.2,0.20715974271297455,0.03189687430858612,0.204420804977417
1000,10.0,0.5431122541136532,1e-05,gaussian,14,0.2,0.02,0.2,0.20158393681049347,0.020811595022678375,0.19850049912929535
1000,10.0,0.5431122541136532,1e-05,edge_flip,14,0.2,0.02,0.2,0.2028827965259552,0.024084417149424553,0.2145860493183136
1000,10.0,0.5431122541136532,1e-05,sbm_dpsgd,15,0.2,0.02,0.2,0.20443716645240784,0.029467768967151642,0.20381265878677368
1000,10.0,0.5431122541136532,1e-05,gaussian,15,0.2,0.02,0.2,0.20037992298603058,0.01961260661482811,0.1995716392993927
1000,10.0,0.5431122541136532,1e-05,edge_flip,15,0.2,0.02,0.2,0.20636050403118134,0.02419004775583744,0.19783256947994232
1000,10.0,0.5431122541136532,1e-05,sbm_dpsgd,16,0.2,0.02,0.2,0.20734499394893646,0.031178845092654228,0.20538440346717834
1000,10.0,0.5431122541136532,1e-05,gaussian,16,0.2,0.02,0.2,0.2005022019147873,0.0195661261677742,0.2001418024301529
1000,10.0,0.5431122541136532,1e-05,edge_flip,16,0.2,0.02,0.2,0.2060580998659134,0.018078505992889404,0.20236870646476746
1000,10.0,0.5431122541136532,1e-05,sbm_dpsgd,17,0.2,0.02,0.2,0.20471784472465515,0.030606145039200783,0.20661579072475433
1000,10.0,0.5431122541136532,1e-05,gaussian,17,0.2,0.02,0.2,0.20108716189861298,0.020100684836506844,0.20042085647583008
1000,10.0,0.5431122541136532,1e-05,edge_flip,17,0.2,0.02,0.2,0.20258039236068726,0.019074462354183197,0.19030258059501648
1000,10.0,0.5431122541136532,1e-05,sbm_dpsgd,18,0.2,0.02,0.2,0.20628328621387482,0.0312688946723938,0.20373843610286713
1000,10.0,0.5431122541136532,1e-05,gaussian,18,0.2,0.02,0.2,0.2032843381166458,0.020364373922348022,0.19968988001346588
1000,10.0,0.5431122541136532,1e-05,edge_flip,18,0.2,0.02,0.2,0.1990422010421753,0.01640349067747593,0.19964702427387238
1000,10.0,0.5431122541136532,1e-05,sbm_dpsgd,19,0.2,0.02,0.2,0.2062767744064331,0.02840215153992176,0.20618535578250885
1000,10.0,0.5431122541136532,1e-05,gaussian,19,0.2,0.02,0.2,0.20052719116210938,0.019702434539794922,0.20138019323349
1000,10.0,0.5431122541136532,1e-05,edge_flip,19,0.2,0.02,0.2,0.19825594127178192,0.013687250204384327,0.2003123164176941
1000,20.0,0.40561225411365304,1e-05,sbm_dpsgd,0,0.2,0.02,0.2,0.20388701558113098,0.03063393384218216,0.2052471935749054
1000,20.0,0.40561225411365304,1e-05,gaussian,0,0.2,0.02,0.2,0.19861215353012085,0.019811855629086494,0.1994219869375229
1000,20.0,0.40561225411365304,1e-05,edge_flip,0,0.2,0.02,0.2,0.2049538940191269,0.023048432543873787,0.20651647448539734
1000,20.0,0.40561225411365304,1e-05,sbm_dpsgd,1,0.2,0.02,0.2,0.20892995595932007,0.029212376102805138,0.2047416865825653
1000,20.0,0.40561225411365304,1e-05,gaussian,1,0.2,0.02,0.2,0.20082254707813263,0.019933074712753296,0.19968737661838531
1000,20.0,0.40561225411365304,1e-05,edge_flip,1,0.2,0.02,0.2,0.19802246987819672,0.018110176548361778,0.1977420151233673
1000,20.0,0.40561225411365304,1e-05,sbm_dpsgd,2,0.2,0.02,0.2,0.2070896476507187,0.031535837799310684,0.20277012884616852
1000,20.0,0.40561225411365304,1e-05,gaussian,2,0.2,0.02,0.2,0.20260949432849884,0.01973404362797737,0.20081298053264618
1000,20.0,0.40561225411365304,1e-05,edge_flip,2,0.2,0.02,0.2,0.2034313827753067,0.01711053028702736,0.20142808556556702
1000,20.0,0.40561225411365304,1e-05,sbm_dpsgd,3,0.2,0.02,0.2,0.20402593910694122,0.031621478497982025,0.20380769670009613
1000,20.0,0.40561225411365304,1e-05,gaussian,3,0.2,0.02,0.2,0.1996382623910904,0.020381567999720573,0.1989382803440094
1000,20.0,0.40561225411365304,1e-05,edge_flip,3,0.2,0.02,0.2,0.20603567361831665,0.022008800879120827,0.20351152122020721
1000,20.0,0.40561225411365304,1e-05,sbm_dpsgd,4,0.2,0.02,0.2,0.20581427216529846,0.029465151950716972,0.20474626123905182
1000,20.0,0.40561225411365304,1e-05,gaussian,4,0.2,0.02,0.2,0.2008342444896698,0.019844425842165947,0.19916820526123047
1000,20.0,0.40561225411365304,1e-05,edge_flip,4,0.2,0.02,0.2,0.19365528225898743,0.02060929499566555,0.21388861536979675
1000,20.0,0.40561225411365304,1e-05,sbm_dpsgd,5,0.2,0.02,0.2,0.20478440821170807,0.03180612996220589,0.20435720682144165
1000,20.0,0.40561225411365304,1e-05,gaussian,5,0.2,0.02,0.2,0.19944199919700623,0.0202388446778059,0.1989012211561203
1000,20.0,0.40561225411365304,1e-05,edge_flip,5,0.2,0.02,0.2,0.1945367306470871,0.017170509323477745,0.20307078957557678
1000,20.0,0.40561225411365304,1e-05,sbm_dpsgd,6,0.2,0.02,0.2,0.20558364689350128,0.03163858503103256,0.2075568288564682
1000,20.0,0.40561225411365304,1e-05,gaussian,6,0.2,0.02,0.2,0.20075145363807678,0.019688239321112633,0.19955258071422577
1000,20.0,0.40561225411365304,1e-05,edge_flip,6,0.2,0.02,0.2,0.19730128347873688,0.02502773329615593,0.19309435784816742
1000,20.0,0.40561225411365304,1e-05,sbm_dpsgd,7,0.2,0.02,0.2,0.2085406482219696,0.031796883791685104,0.2063429206609726
1000,20.0,0.40561225411365304,1e-05,gaussian,7,0.2,0.02,0.2,0.20130810141563416,0.020027270540595055,0.1997898817062378
1000,20.0,0.40561225411365304,1e-05,edge_flip,7,0.2,0.02,0.2,0.1989840567111969,0.022368673235177994,0.20539462566375732
1000,20.0,0.40561225411365304,1e-05,sbm_dpsgd,8,0.2,0.02,0.2,0.20526732504367828,0.029681434854865074,0.20609286427497864
1000,20.0,0.40561225411365304,1e-05,gaussian,8,0.2,0.02,0.2,0.20011168718338013,0.020405428484082222,0.199700266122818
1000,20.0,0.40561225411365304,1e-05,edge_flip,8,0.2,0.02,0.2,0.19569864869117737,0.026427239179611206,0.200306236743927
1000,20.0,0.40561225411365304,1e-05,sbm_dpsgd,9,0.2,0.02,0.2,0.2054450511932373,0.03062703087925911,0.203807532787323
1000,20.0,0.40561225411365304,1e-05,gaussian,9,0.2,0.02,0.2,0.2003280222415924,0.0202792901545763,0.20035281777381897
1000,20.0,0.40561225411365304,1e-05,edge_flip,9,0.2,0.02,0.2,0.19233310222625732,0.03056577779352665,0.19938471913337708
1000,20.0,0.40561225411365304,1e-05,sbm_dpsgd,10,0.2,0.02,0.2,0.20423106849193573,0.030797190964221954,0.20512787997722626
1000,20.0,0.40561225411365304,1e-05,gaussian,10,0.2,0.02,0.2,0.20071788132190704,0.019816139712929726,0.2011020928621292
1000,20.0,0.40561225411365304,1e-05,edge_flip,10,0.2,0.02,0.2,0.1987837255001068,0.022288700565695763,0.2162124365568161
1000,20.0,0.40561225411365304,1e-05,sbm_dpsgd,11,0.2,0.02,0.2,0.20401662588119507,0.029917502775788307,0.20275810360908508
1000,20.0,0.40561225411365304,1e-05,gaussian,11,0.2,0.02,0.2,0.2002820074558258,0.020120108500123024,0.19897502660751343
1000,20.0,0.40561225411365304,1e-05,edge_flip,11,0.2,0.02,0.2,0.19149170815944672,0.020229429006576538,0.19882379472255707
1000,20.0,0.40561225411365304,1e-05,sbm_dpsgd,12,0.2,0.02,0.2,0.20461983978748322,0.030107028782367706,0.20407268404960632
1000,20.0,0.40561225411365304,1e-05,gaussian,12,0.2,0.02,0.2,0.19893060624599457,0.019982077181339264,0.19977641105651855
1000,20.0,0.40561225411365304,1e-05,edge_flip,12,0.2,0.02,0.2,0.2102426141500473,0.020149456337094307,0.1971009522676468
1000,20.0,0.40561225411365304,1e-05,sbm_dpsgd,13,0.2,0.02,0.2,0.2051636427640915,0.029791178181767464,0.20612312853336334
1000,20.0,0.40561225411365304,1e-05,gaussian,13,0.2,0.02,0.2,0.19964782893657684,0.01975836604833603,0.2008369266986847
1000,20.0,0.40561225411365304,1e-05,edge_flip,13,0.2,0.02,0.2,0.2021092027425766,0.018390078097581863,0.20062676072120667
1000,20.0,0.40561225411365304,1e-05,sbm_dpsgd,14,0.2,0.02,0.2,0.2025713473558426,0.02826009690761566,0.20572933554649353
1000,20.0,0.40561225411365304,1e-05,gaussian,14,0.2,0.02,0.2,0.1993015557527542,0.019383516162633896,0.20020431280136108
1000,20.0,0.40561225411365304,1e-05,edge_flip,14,0.2,0.02,0.2,0.19742147624492645,0.016750657930970192,0.1966201663017273
1000,20.0,0.40561225411365304,1e-05,sbm_dpsgd,15,0.2,0.02,0.2,0.20462165772914886,0.03259282931685448,0.2078796923160553
1000,20.0,0.40561225411365304,1e-05,gaussian,15,0.2,0.02,0.2,0.20030264556407928,0.019604695960879326,0.20061121881008148
1000,20.0,0.40561225411365304,1e-05,edge_flip,15,0.2,0.02,0.2,0.2019088715314865,0.012951998971402645,0.19181224703788757
1000,20.0,0.40561225411365304,1e-05,sbm_dpsgd,16,0.2,0.02,0.2,0.20307759940624237,0.03071216121315956,0.20479899644851685
1000,20.0,0.40561225411365304,1e-05,gaussian,16,0.2,0.02,0.2,0.200139582157135,0.019986392930150032,0.20091085135936737
1000,20.0,0.40561225411365304,1e-05,edge_flip,16,0.2,0.02,0.2,0.19730128347873688,0.01581098884344101,0.21092373132705688
1000,20.0,0.40561225411365304,1e-05,sbm_dpsgd,17,0.2,0.02,0.2,0.20660167932510376,0.030620481818914413,0.2087070792913437
1000,20.0,0.40561225411365304,1e-05,gaussian,17,0.2,0.02,0.2,0.20013588666915894,0.01993558183312416,0.19963438808918
1000,20.0,0.40561225411365304,1e-05,edge_flip,17,0.2,0.02,0.2,0.21268662810325623,0.018290113657712936,0.20956148207187653
1000,20.0,0.40561225411365304,1e-05,sbm_dpsgd,18,0.2,0.02,0.2,0.20635545253753662,0.03167867660522461,0.20385636389255524
1000,20.0,0.40561225411365304,1e-05,gaussian,18,0.2,0.02,0.2,0.20070277154445648,0.020661307498812675,0.20030400156974792
1000,20.0,0.40561225411365304,1e-05,edge_flip,18,0.2,0.02,0.2,0.19473706185817719,0.021069131791591644,0.2094012200832367
1000,20.0,0.40561225411365304,1e-05,sbm_dpsgd,19,0.2,0.02,0.2,0.2055310308933258,0.03031107783317566,0.20639723539352417
1000,20.0,0.40561225411365304,1e-05,gaussian,19,0.2,0.02,0.2,0.1988077163696289,0.020099665969610214,0.20036062598228455
1000,20.0,0.40561225411365304,1e-05,edge_flip,19,0.2,0.02,0.2,0.20547474920749664,0.013911659829318523,0.21853627264499664
