N,sigma,epsilon,delta,method,rep,beta_true_00,beta_true_01,beta_true_11,beta_est_00,beta_est_01,beta_est_11
100,1.0,5.635918426327381,1e-05,sbm_dpsgd,0,0.2,0.02,0.2,0.00021328013099264354,0.9997634887695312,0.00020991108613088727
100,1.0,5.635918426327381,1e-05,gaussian,0,0.2,0.02,0.2,0.2082878053188324,0.01580379530787468,0.20085027813911438
100,1.0,5.635918426327381,1e-05,edge_flip,0,0.2,0.02,0.2,0.20771795511245728,0.012534393928945065,0.19620755314826965
100,1.0,5.635918426327381,1e-05,sbm_dpsgd,1,0.2,0.02,0.2,0.0001950781443156302,0.999747097492218,0.00019736734975595027
100,1.0,5.635918426327381,1e-05,gaussian,1,0.2,0.02,0.2,0.20524562895298004,0.017426976934075356,0.2199614942073822
100,1.0,5.635918426327381,1e-05,edge_flip,1,0.2,0.02,0.2,0.20689578354358673,0.016965899616479874,0.220872700214386
100,1.0,5.635918426327381,1e-05,sbm_dpsgd,2,0.2,0.02,0.2,0.00021339331578928977,0.9997590184211731,0.00021300640946719795
100,1.0,5.635918426327381,1e-05,gaussian,2,0.2,0.02,0.2,0.17613092064857483,0.02214493229985237,0.2007444053888321
100,1.0,5.635918426327381,1e-05,edge_flip,2,0.2,0.02,0.2,0.17400892078876495,0.02220313437283039,0.20031841099262238
100,1.0,5.635918426327381,1e-05,sbm_dpsgd,3,0.2,0.02,0.2,0.00020210733055137098,0.9997531175613403,0.00020464244880713522
100,1.0,5.635918426327381,1e-05,gaussian,3,0.2,0.02,0.2,0.19454969465732574,0.019145306199789047,0.20338989794254303
100,1.0,5.635918426327381,1e-05,edge_flip,3,0.2,0.02,0.2,0.19456321001052856,0.019383084028959274,0.20360709726810455
100,1.0,5.635918426327381,1e-05,sbm_dpsgd,4,0.2,0.02,0.2,0.00023073497868608683,0.9997523427009583,0.0002272629353683442
100,1.0,5.635918426327381,1e-05,gaussian,4,0.2,0.02,0.2,0.17037343978881836,0.01871972531080246,0.19994418323040009
100,1.0,5.635918426327381,1e-05,edge_flip,4,0.2,0.02,0.2,0.16989806294441223,0.018174491822719574,0.20031841099262238
100,1.0,5.635918426327381,1e-05,sbm_dpsgd,5,0.2,0.02,0.2,0.00020770968694705516,0.9997591972351074,0.0002061614504782483
100,1.0,5.635918426327381,1e-05,gaussian,5,0.2,0.02,0.2,0.20606514811515808,0.018848035484552383,0.1855376809835434
100,1.0,5.635918426327381,1e-05,edge_flip,5,0.2,0.02,0.2,0.2044292688369751,0.01616017147898674,0.1879858374595642
100,1.0,5.635918426327381,1e-05,sbm_dpsgd,6,0.2,0.02,0.2,0.00019830655946861953,0.9997570514678955,0.00020102233975194395
100,1.0,5.635918426327381,1e-05,gaussian,6,0.2,0.02,0.2,0.20447516441345215,0.017734570428729057,0.2012922763824463
100,1.0,5.635918426327381,1e-05,edge_flip,6,0.2,0.02,0.2,0.20031841099262238,0.018174491822719574,0.20114058256149292
100,1.0,5.635918426327381,1e-05,sbm_dpsgd,7,0.2,0.02,0.2,0.00019649698515422642,0.9997532367706299,0.0001958567154360935
100,1.0,5.635918426327381,1e-05,gaussian,7,0.2,0.02,0.2,0.2176157683134079,0.01615532487630844,0.22863523662090302
100,1.0,5.635918426327381,1e-05,edge_flip,7,0.2,0.02,0.2,0.22005052864551544,0.016965899616479874,0.2266279011964798
100,1.0,5.635918426327381,1e-05,sbm_dpsgd,8,0.2,0.02,0.2,0.00021629589900840074,0.9997603297233582,0.00021393998758867383
100,1.0,5.635918426327381,1e-05,gaussian,8,0.2,0.02,0.2,0.20285801589488983,0.019450677558779716,0.1733519583940506
100,1.0,5.635918426327381,1e-05,edge_flip,8,0.2,0.02,0.2,0.19949623942375183,0.017771627753973007,0.17811977863311768
100,1.0,5.635918426327381,1e-05,sbm_dpsgd,9,0.2,0.02,0.2,0.00022058318427298218,0.9997694492340088,0.00021764084522146732
100,1.0,5.635918426327381,1e-05,gaussian,9,0.2,0.02,0.2,0.20886608958244324,0.023796895518898964,0.18631777167320251
100,1.0,5.635918426327381,1e-05,edge_flip,9,0.2,0.02,0.2,0.20936229825019836,0.02341172657907009,0.18634149432182312
100,1.0,5.635918426327381,1e-05,sbm_dpsgd,10,0.2,0.02,0.2,0.00021507310157176107,0.9997574090957642,0.00021550964447669685
100,1.0,5.635918426327381,1e-05,gaussian,10,0.2,0.02,0.2,0.18988510966300964,0.021489014849066734,0.18706926703453064
100,1.0,5.635918426327381,1e-05,edge_flip,10,0.2,0.02,0.2,0.18880800902843475,0.020591676235198975,0.1879858374595642
100,1.0,5.635918426327381,1e-05,sbm_dpsgd,11,0.2,0.02,0.2,0.0002149593346985057,0.9997663497924805,0.00021657580509781837
100,1.0,5.635918426327381,1e-05,gaussian,11,0.2,0.02,0.2,0.20029360055923462,0.01987791247665882,0.1999412626028061
100,1.0,5.635918426327381,1e-05,edge_flip,11,0.2,0.02,0.2,0.20360709726810455,0.021397404372692108,0.2044292688369751
100,1.0,5.635918426327381,1e-05,sbm_dpsgd,12,0.2,0.02,0.2,0.00020112708443775773,0.9997525811195374,0.00020352660794742405
100,1.0,5.635918426327381,1e-05,gaussian,12,0.2,0.02,0.2,0.19505013525485992,0.0179740060120821,0.21713680028915405
100,1.0,5.635918426327381,1e-05,edge_flip,12,0.2,0.02,0.2,0.19785189628601074,0.018980219960212708,0.21429532766342163
100,1.0,5.635918426327381,1e-05,sbm_dpsgd,13,0.2,0.02,0.2,0.0002106603787979111,0.9997583627700806,0.00021527439821511507
100,1.0,5.635918426327381,1e-05,gaussian,13,0.2,0.02,0.2,0.19017048180103302,0.02401251718401909,0.1948048621416092
100,1.0,5.635918426327381,1e-05,edge_flip,13,0.2,0.02,0.2,0.18634149432182312,0.023814590647816658,0.20031841099262238
100,1.0,5.635918426327381,1e-05,sbm_dpsgd,14,0.2,0.02,0.2,0.00021598723833449185,0.9997568726539612,0.00021007527539040893
100,1.0,5.635918426327381,1e-05,gaussian,14,0.2,0.02,0.2,0.2205463945865631,0.016023987904191017,0.19124974310398102
100,1.0,5.635918426327381,1e-05,edge_flip,14,0.2,0.02,0.2,0.2175840139389038,0.017771627753973007,0.19291886687278748
100,1.0,5.635918426327381,1e-05,sbm_dpsgd,15,0.2,0.02,0.2,0.00020512113405857235,0.9997571706771851,0.00020428348216228187
100,1.0,5.635918426327381,1e-05,gaussian,15,0.2,0.02,0.2,0.20186232030391693,0.019429972395300865,0.18995700776576996
100,1.0,5.635918426327381,1e-05,edge_flip,15,0.2,0.02,0.2,0.202784925699234,0.01978594809770584,0.19291886687278748
100,1.0,5.635918426327381,1e-05,sbm_dpsgd,16,0.2,0.02,0.2,0.00021760693925898522,0.9997643828392029,0.00021665806707460433
100,1.0,5.635918426327381,1e-05,gaussian,16,0.2,0.02,0.2,0.20461012423038483,0.01765129528939724,0.2013741433620453
100,1.0,5.635918426327381,1e-05,edge_flip,16,0.2,0.02,0.2,0.2060736119747162,0.01736876368522644,0.20114058256149292
100,1.0,5.635918426327381,1e-05,sbm_dpsgd,17,0.2,0.02,0.2,0.0002222944749519229,0.9997584819793701,0.0002228154771728441
100,1.0,5.635918426327381,1e-05,gaussian,17,0.2,0.02,0.2,0.19967792928218842,0.024670246988534927,0.20058555901050568
100,1.0,5.635918426327381,1e-05,edge_flip,17,0.2,0.02,0.2,0.19785189628601074,0.02099454030394554,0.20360709726810455
100,1.0,5.635918426327381,1e-05,sbm_dpsgd,18,0.2,0.02,0.2,0.00021864133304916322,0.999756932258606,0.00022397162683773786
100,1.0,5.635918426327381,1e-05,gaussian,18,0.2,0.02,0.2,0.18564434349536896,0.019474880769848824,0.19894848763942719
100,1.0,5.635918426327381,1e-05,edge_flip,18,0.2,0.02,0.2,0.18880800902843475,0.02099454030394554,0.20196275413036346
100,1.0,5.635918426327381,1e-05,sbm_dpsgd,19,0.2,0.02,0.2,0.00019597575010266155,0.9997447729110718,0.00019423013145569712
100,1.0,5.635918426327381,1e-05,gaussian,19,0.2,0.02,0.2,0.20828969776630402,0.016350790858268738,0.1905962973833084
100,1.0,5.635918426327381,1e-05,edge_flip,19,0.2,0.02,0.2,0.20854012668132782,0.016563035547733307,0.18880800902843475
100,2.0,2.668102829441137,1e-05,sbm_dpsgd,0,0.2,0.02,0.2,0.00021111707610543817,0.9997523427009583,0.0002099812845699489
100,2.0,2.668102829441137,1e-05,gaussian,0,0.2,0.02,0.2,0.2024984061717987,0.022250192239880562,0.2059398889541626
100,2.0,2.668102829441137,1e-05,edge_flip,0,0.2,0.02,0.2,0.1880977600812912,0.01737232133746147,0.1862216591835022
100,2.0,2.668102829441137,1e-05,sbm_dpsgd,1,0.2,0.02,0.2,0.00021229559206403792,0.9997572898864746,0.00021159405878279358
100,2.0,2.668102829441137,1e-05,gaussian,1,0.2,0.02,0.2,0.18768125772476196,0.019148504361510277,0.2240971475839615
100,2.0,2.668102829441137,1e-05,edge_flip,1,0.2,0.02,0.2,0.1815313994884491,0.01875125803053379,0.2171773612499237
100,2.0,2.668102829441137,1e-05,sbm_dpsgd,2,0.2,0.02,0.2,0.00020481164392549545,0.999752938747406,0.00020877859788015485
100,2.0,2.668102829441137,1e-05,gaussian,2,0.2,0.02,0.2,0.21038959920406342,0.01823311112821102,0.20902472734451294
100,2.0,2.668102829441137,1e-05,edge_flip,2,0.2,0.02,0.2,0.2031065821647644,0.010937286540865898,0.223743736743927
100,2.0,2.668102829441137,1e-05,sbm_dpsgd,3,0.2,0.02,0.2,0.00021550190285779536,0.9997555613517761,0.00021110904344823211
100,2.0,2.668102829441137,1e-05,gaussian,3,0.2,0.02,0.2,0.1970890611410141,0.021280772984027863,0.16281571984291077
100,2.0,2.668102829441137,1e-05,edge_flip,3,0.2,0.02,0.2,0.1890358179807663,0.018291613087058067,0.1777791827917099
100,2.0,2.668102829441137,1e-05,sbm_dpsgd,4,0.2,0.02,0.2,0.00019805105694103986,0.9997482895851135,0.00020029630104545504
100,2.0,2.668102829441137,1e-05,gaussian,4,0.2,0.02,0.2,0.2016933411359787,0.020422643050551414,0.1992519199848175
100,2.0,2.668102829441137,1e-05,edge_flip,4,0.2,0.02,0.2,0.1965402215719223,0.012316222302615643,0.1927880197763443
100,2.0,2.668102829441137,1e-05,sbm_dpsgd,5,0.2,0.02,0.2,0.0002093543589580804,0.99976646900177,0.0002098163968184963
100,2.0,2.668102829441137,1e-05,gaussian,5,0.2,0.02,0.2,0.23028159141540527,0.01727110892534256,0.18360769748687744
100,2.0,2.668102829441137,1e-05,edge_flip,5,0.2,0.02,0.2,0.2453189194202423,0.021049484610557556,0.1909119188785553
100,2.0,2.668102829441137,1e-05,sbm_dpsgd,6,0.2,0.02,0.2,0.00019774740212596953,0.9997535347938538,0.00019293632067274302
100,2.0,2.668102829441137,1e-05,gaussian,6,0.2,0.02,0.2,0.21513229608535767,0.023008164018392563,0.20625238120555878
100,2.0,2.668102829441137,1e-05,edge_flip,6,0.2,0.02,0.2,0.2040446400642395,0.018291613087058067,0.2040446400642395
100,2.0,2.668102829441137,1e-05,sbm_dpsgd,7,0.2,0.02,0.2,0.00021022262808401138,0.9997631311416626,0.0002103686856571585
100,2.0,2.668102829441137,1e-05,gaussian,7,0.2,0.02,0.2,0.20759131014347076,0.01937059685587883,0.19923952221870422
100,2.0,2.668102829441137,1e-05,edge_flip,7,0.2,0.02,0.2,0.1871597021818161,0.019670549780130386,0.2059207409620285
100,2.0,2.668102829441137,1e-05,sbm_dpsgd,8,0.2,0.02,0.2,0.0002168136852560565,0.9997571706771851,0.00021842194837518036
100,2.0,2.668102829441137,1e-05,gaussian,8,0.2,0.02,0.2,0.1988462656736374,0.01575492136180401,0.19988727569580078
100,2.0,2.668102829441137,1e-05,edge_flip,8,0.2,0.02,0.2,0.2077968418598175,0.02150913141667843,0.2199915200471878
100,2.0,2.668102829441137,1e-05,sbm_dpsgd,9,0.2,0.02,0.2,0.00020260980818420649,0.9997559785842896,0.00020175233657937497
100,2.0,2.668102829441137,1e-05,gaussian,9,0.2,0.02,0.2,0.20411433279514313,0.02296648733317852,0.206047922372818
100,2.0,2.668102829441137,1e-05,edge_flip,9,0.2,0.02,0.2,0.2134251594543457,0.023807357996702194,0.1984163224697113
100,2.0,2.668102829441137,1e-05,sbm_dpsgd,10,0.2,0.02,0.2,0.00020880700321868062,0.9997606873512268,0.00021040016144979745
100,2.0,2.668102829441137,1e-05,gaussian,10,0.2,0.02,0.2,0.21161386370658875,0.026662517338991165,0.2047615945339203
100,2.0,2.668102829441137,1e-05,edge_flip,10,0.2,0.02,0.2,0.2106110006570816,0.028863457962870598,0.2162393182516098
100,2.0,2.668102829441137,1e-05,sbm_dpsgd,11,0.2,0.02,0.2,0.00021355380886234343,0.9997639656066895,0.0002144758909707889
100,2.0,2.668102829441137,1e-05,gaussian,11,0.2,0.02,0.2,0.20222239196300507,0.02361150085926056,0.20248261094093323
100,2.0,2.668102829441137,1e-05,edge_flip,11,0.2,0.02,0.2,0.1880977600812912,0.024267002940177917,0.1899738609790802
100,2.0,2.668102829441137,1e-05,sbm_dpsgd,12,0.2,0.02,0.2,0.00021244949311949313,0.9997578263282776,0.00021777147776447237
100,2.0,2.668102829441137,1e-05,gaussian,12,0.2,0.02,0.2,0.1951403170824051,0.014930043369531631,0.21095217764377594
100,2.0,2.668102829441137,1e-05,edge_flip,12,0.2,0.02,0.2,0.1843455582857132,0.015533740632236004,0.1974782794713974
100,2.0,2.668102829441137,1e-05,sbm_dpsgd,13,0.2,0.02,0.2,0.00021372316405177116,0.9997631311416626,0.00021910294890403748
100,2.0,2.668102829441137,1e-05,gaussian,13,0.2,0.02,0.2,0.20328138768672943,0.020880602300167084,0.20311886072158813
100,2.0,2.668102829441137,1e-05,edge_flip,13,0.2,0.02,0.2,0.2096729576587677,0.018291613087058067,0.2087348997592926
100,2.0,2.668102829441137,1e-05,sbm_dpsgd,14,0.2,0.02,0.2,0.00022901261399965733,0.9997642040252686,0.000226916978135705
100,2.0,2.668102829441137,1e-05,gaussian,14,0.2,0.02,0.2,0.18674178421497345,0.013124123215675354,0.18154795467853546
100,2.0,2.668102829441137,1e-05,edge_flip,14,0.2,0.02,0.2,0.1946641206741333,0.031161684542894363,0.1815313994884491
100,2.0,2.668102829441137,1e-05,sbm_dpsgd,15,0.2,0.02,0.2,0.00021074796677567065,0.9997624158859253,0.00020981380657758564
100,2.0,2.668102829441137,1e-05,gaussian,15,0.2,0.02,0.2,0.2095635086297989,0.02585662715137005,0.20815503597259521
100,2.0,2.668102829441137,1e-05,edge_flip,15,0.2,0.02,0.2,0.1993543803691864,0.029782747849822044,0.2115490585565567
100,2.0,2.668102829441137,1e-05,sbm_dpsgd,16,0.2,0.02,0.2,0.00019155589689034969,0.9997480511665344,0.0001938192144734785
100,2.0,2.668102829441137,1e-05,gaussian,16,0.2,0.02,0.2,0.20446012914180756,0.028207803145051003,0.22111742198467255
100,2.0,2.668102829441137,1e-05,edge_flip,16,0.2,0.02,0.2,0.1871597021818161,0.030242392793297768,0.2284339815378189
100,2.0,2.668102829441137,1e-05,sbm_dpsgd,17,0.2,0.02,0.2,0.0002178138238377869,0.999770998954773,0.0002209462400060147
100,2.0,2.668102829441137,1e-05,gaussian,17,0.2,0.02,0.2,0.20600561797618866,0.024456558749079704,0.20341506600379944
100,2.0,2.668102829441137,1e-05,edge_flip,17,0.2,0.02,0.2,0.1965402215719223,0.028403811156749725,0.2077968418598175
100,2.0,2.668102829441137,1e-05,sbm_dpsgd,18,0.2,0.02,0.2,0.0002228535886388272,0.999765157699585,0.00022603070829063654
100,2.0,2.668102829441137,1e-05,gaussian,18,0.2,0.02,0.2,0.1800563484430313,0.01763443648815155,0.17595553398132324
100,2.0,2.668102829441137,1e-05,edge_flip,18,0.2,0.02,0.2,0.180593341588974,0.020589839667081833,0.1599562019109726
100,2.0,2.668102829441137,1e-05,sbm_dpsgd,19,0.2,0.02,0.2,0.0002230711397714913,0.9997611045837402,0.00022520226775668561
100,2.0,2.668102829441137,1e-05,gaussian,19,0.2,0.02,0.2,0.18743163347244263,0.024027351289987564,0.18563655018806458
100,2.0,2.668102829441137,1e-05,edge_flip,19,0.2,0.02,0.2,0.180593341588974,0.021968776360154152,0.1946641206741333
100,5.0,1.0338953100711687,1e-05,sbm_dpsgd,0,0.2,0.02,0.2,0.00021605365327559412,0.9997738599777222,0.00021848102915100753
100,5.0,1.0338953100711687,1e-05,gaussian,0,0.2,0.02,0.2,0.18928273022174835,0.023050101473927498,0.17407818138599396
100,5.0,1.0338953100711687,1e-05,edge_flip,0,0.2,0.02,0.2,0.2140612006187439,0.03717414289712906,0.1951703578233719
100,5.0,1.0338953100711687,1e-05,sbm_dpsgd,1,0.2,0.02,0.2,0.00022882358462084085,0.9997621774673462,0.0002270234836032614
100,5.0,1.0338953100711687,1e-05,gaussian,1,0.2,0.02,0.2,0.21315275132656097,0.016864949837327003,0.18657930195331573
100,5.0,1.0338953100711687,1e-05,edge_flip,1,0.2,0.02,0.2,0.2484082132577896,0.03801564499735832,0.17112745344638824
100,5.0,1.0338953100711687,1e-05,sbm_dpsgd,2,0.2,0.02,0.2,0.00022252170310821384,0.9997683167457581,0.000222816554014571
100,5.0,1.0338953100711687,1e-05,gaussian,2,0.2,0.02,0.2,0.20852278172969818,0.0237002931535244,0.19017888605594635
100,5.0,1.0338953100711687,1e-05,edge_flip,2,0.2,0.02,0.2,0.1917356550693512,0.0,0.1470845490694046
100,5.0,1.0338953100711687,1e-05,sbm_dpsgd,3,0.2,0.02,0.2,0.00020456832135096192,0.9997546076774597,0.00020259195298422128
100,5.0,1.0338953100711687,1e-05,gaussian,3,0.2,0.02,0.2,0.20806550979614258,0.02947562374174595,0.2101479023694992
100,5.0,1.0338953100711687,1e-05,edge_flip,3,0.2,0.02,0.2,0.19688770174980164,0.03212513402104378,0.2071918100118637
100,5.0,1.0338953100711687,1e-05,sbm_dpsgd,4,0.2,0.02,0.2,0.00021277541236486286,0.999756395816803,0.0002103512524627149
100,5.0,1.0338953100711687,1e-05,gaussian,4,0.2,0.02,0.2,0.21408826112747192,0.01891694962978363,0.18385347723960876
100,5.0,1.0338953100711687,1e-05,edge_flip,4,0.2,0.02,0.2,0.22264795005321503,0.0,0.24325615167617798
100,5.0,1.0338953100711687,1e-05,sbm_dpsgd,5,0.2,0.02,0.2,0.00021791040489915758,0.9997553825378418,0.00021898916747886688
100,5.0,1.0338953100711687,1e-05,gaussian,5,0.2,0.02,0.2,0.19875432550907135,0.020318811759352684,0.198441743850708
100,5.0,1.0338953100711687,1e-05,edge_flip,5,0.2,0.02,0.2,0.16769275069236755,0.023710118606686592,0.23810410499572754
100,5.0,1.0338953100711687,1e-05,sbm_dpsgd,6,0.2,0.02,0.2,0.00022069721308071166,0.9997650384902954,0.0002235205756733194
100,5.0,1.0338953100711687,1e-05,gaussian,6,0.2,0.02,0.2,0.18103931844234467,0.02159026823937893,0.18653535842895508
100,5.0,1.0338953100711687,1e-05,edge_flip,6,0.2,0.02,0.2,0.21921326220035553,0.0615776889026165,0.17971420288085938
100,5.0,1.0338953100711687,1e-05,sbm_dpsgd,7,0.2,0.02,0.2,0.00023120929836295545,0.9997720122337341,0.00022751218057237566
100,5.0,1.0338953100711687,1e-05,gaussian,7,0.2,0.02,0.2,0.18133021891117096,0.02179616130888462,0.20250093936920166
100,5.0,1.0338953100711687,1e-05,edge_flip,7,0.2,0.02,0.2,0.18658360838890076,0.010246092453598976,0.2518429160118103
100,5.0,1.0338953100711687,1e-05,sbm_dpsgd,8,0.2,0.02,0.2,0.00019852496916428208,0.9997495412826538,0.00019696155504789203
100,5.0,1.0338953100711687,1e-05,gaussian,8,0.2,0.02,0.2,0.20968428254127502,0.020706066861748695,0.2106655091047287
100,5.0,1.0338953100711687,1e-05,edge_flip,8,0.2,0.02,0.2,0.24153880774974823,0.01866110786795616,0.23123469948768616
100,5.0,1.0338953100711687,1e-05,sbm_dpsgd,9,0.2,0.02,0.2,0.00021771222236566246,0.999761700630188,0.000221294816583395
100,5.0,1.0338953100711687,1e-05,gaussian,9,0.2,0.02,0.2,0.19763021171092987,0.01979149878025055,0.21616849303245544
100,5.0,1.0338953100711687,1e-05,edge_flip,9,0.2,0.02,0.2,0.13678045570850372,0.0077215880155563354,0.2071918100118637
100,5.0,1.0338953100711687,1e-05,sbm_dpsgd,10,0.2,0.02,0.2,0.0002005321002798155,0.9997563362121582,0.0002011132164625451
100,5.0,1.0338953100711687,1e-05,gaussian,10,0.2,0.02,0.2,0.1774516999721527,0.0035155301447957754,0.1991039514541626
100,5.0,1.0338953100711687,1e-05,edge_flip,10,0.2,0.02,0.2,0.21577855944633484,0.009404591284692287,0.1951703578233719
100,5.0,1.0338953100711687,1e-05,sbm_dpsgd,11,0.2,0.02,0.2,0.00021801120601594448,0.9997679591178894,0.00022304545564111322
100,5.0,1.0338953100711687,1e-05,gaussian,11,0.2,0.02,0.2,0.17741478979587555,0.013436920940876007,0.20063047111034393
100,5.0,1.0338953100711687,1e-05,edge_flip,11,0.2,0.02,0.2,0.18658360838890076,0.020344112068414688,0.20890915393829346
100,5.0,1.0338953100711687,1e-05,sbm_dpsgd,12,0.2,0.02,0.2,0.00022462924243882298,0.9997686147689819,0.00022382885799743235
100,5.0,1.0338953100711687,1e-05,gaussian,12,0.2,0.02,0.2,0.2023324817419052,0.016089316457509995,0.17925499379634857
100,5.0,1.0338953100711687,1e-05,edge_flip,12,0.2,0.02,0.2,0.21234385669231415,0.0,0.19860506057739258
100,5.0,1.0338953100711687,1e-05,sbm_dpsgd,13,0.2,0.02,0.2,0.00021627139358315617,0.9997584223747253,0.00021859574189875275
100,5.0,1.0338953100711687,1e-05,gaussian,13,0.2,0.02,0.2,0.19694867730140686,0.01391961332410574,0.20218735933303833
100,5.0,1.0338953100711687,1e-05,edge_flip,13,0.2,0.02,0.2,0.17627950012683868,0.0,0.18486624956130981
100,5.0,1.0338953100711687,1e-05,sbm_dpsgd,14,0.2,0.02,0.2,0.00020609529747162014,0.9997572302818298,0.00020681283785961568
100,5.0,1.0338953100711687,1e-05,gaussian,14,0.2,0.02,0.2,0.22294889390468597,0.018830427899956703,0.22792550921440125
100,5.0,1.0338953100711687,1e-05,edge_flip,14,0.2,0.02,0.2,0.2174959033727646,0.0077215880155563354,0.22436530888080597
100,5.0,1.0338953100711687,1e-05,sbm_dpsgd,15,0.2,0.02,0.2,0.0002229967649327591,0.9997742772102356,0.00022129046556074172
100,5.0,1.0338953100711687,1e-05,gaussian,15,0.2,0.02,0.2,0.1812441200017929,0.01827123574912548,0.19318942725658417
100,5.0,1.0338953100711687,1e-05,edge_flip,15,0.2,0.02,0.2,0.1951703578233719,0.016978105530142784,0.1694100946187973
100,5.0,1.0338953100711687,1e-05,sbm_dpsgd,16,0.2,0.02,0.2,0.00021068369096610695,0.9997507929801941,0.00020147234317846596
100,5.0,1.0338953100711687,1e-05,gaussian,16,0.2,0.02,0.2,0.19313326478004456,0.0282340869307518,0.18780235946178436
100,5.0,1.0338953100711687,1e-05,edge_flip,16,0.2,0.02,0.2,0.20203974843025208,0.01361209899187088,0.22608265280723572
100,5.0,1.0338953100711687,1e-05,sbm_dpsgd,17,0.2,0.02,0.2,0.0002020938991336152,0.9997573494911194,0.00020839707576669753
100,5.0,1.0338953100711687,1e-05,gaussian,17,0.2,0.02,0.2,0.21939143538475037,0.020802125334739685,0.22462569177150726
100,5.0,1.0338953100711687,1e-05,edge_flip,17,0.2,0.02,0.2,0.2071918100118637,0.0,0.21577855944633484
100,5.0,1.0338953100711687,1e-05,sbm_dpsgd,18,0.2,0.02,0.2,0.00021525016927625984,0.9997709393501282,0.00021425056911539286
100,5.0,1.0338953100711687,1e-05,gaussian,18,0.2,0.02,0.2,0.1907903552055359,0.024196509271860123,0.20095793902873993
100,5.0,1.0338953100711687,1e-05,edge_flip,18,0.2,0.02,0.2,0.17112745344638824,0.0026725789066404104,0.22780001163482666
100,5.0,1.0338953100711687,1e-05,sbm_dpsgd,19,0.2,0.02,0.2,0.00019504381634760648,0.9997541904449463,0.00019378111755941063
100,5.0,1.0338953100711687,1e-05,gaussian,19,0.2,0.02,0.2,0.2007198929786682,0.019167089834809303,0.21786411106586456
100,5.0,1.0338953100711687,1e-05,edge_flip,19,0.2,0.02,0.2,0.18658360838890076,0.01361209899187088,0.23466940224170685
100,10.0,0.5431122541136532,1e-05,sbm_dpsgd,0,0.2,0.02,0.2,0.00020130383200012147,0.9997618198394775,0.00019762251758947968
100,10.0,0.5431122541136532,1e-05,gaussian,0,0.2,0.02,0.2,0.20553329586982727,0.009021835401654243,0.2311186045408249
100,10.0,0.5431122541136532,1e-05,edge_flip,0,0.2,0.02,0.2,0.19665563106536865,0.032202959060668945,0.27364659309387207
100,10.0,0.5431122541136532,1e-05,sbm_dpsgd,1,0.2,0.02,0.2,0.00020689914526883513,0.999762237071991,0.00019463787612039596
100,10.0,0.5431122541136532,1e-05,gaussian,1,0.2,0.02,0.2,0.1845460832118988,0.009348297491669655,0.23298071324825287
100,10.0,0.5431122541136532,1e-05,edge_flip,1,0.2,0.02,0.2,0.19357599318027496,0.060874391347169876,0.19049635529518127
100,10.0,0.5431122541136532,1e-05,sbm_dpsgd,2,0.2,0.02,0.2,0.00020879317889921367,0.9997530579566956,0.0002103351434925571
100,10.0,0.5431122541136532,1e-05,gaussian,2,0.2,0.02,0.2,0.20903949439525604,0.023929297924041748,0.2364538460969925
100,10.0,0.5431122541136532,1e-05,edge_flip,2,0.2,0.02,0.2,0.21513347327709198,0.026166869327425957,0.22745202481746674
100,10.0,0.5431122541136532,1e-05,sbm_dpsgd,3,0.2,0.02,0.2,0.00019541765504982322,0.9997645616531372,0.0002020795946009457
100,10.0,0.5431122541136532,1e-05,gaussian,3,0.2,0.02,0.2,0.19135375320911407,0.012537678703665733,0.2483670562505722
100,10.0,0.5431122541136532,1e-05,edge_flip,3,0.2,0.02,0.2,0.1566203385591507,0.0,0.19049635529518127
100,10.0,0.5431122541136532,1e-05,sbm_dpsgd,4,0.2,0.02,0.2,0.00022787056514061987,0.9997625350952148,0.0002257674204884097
100,10.0,0.5431122541136532,1e-05,gaussian,4,0.2,0.02,0.2,0.16606390476226807,0.021655075252056122,0.215749591588974
100,10.0,0.5431122541136532,1e-05,edge_flip,4,0.2,0.02,0.2,0.19665563106536865,0.06540145725011826,0.14122214913368225
100,10.0,0.5431122541136532,1e-05,sbm_dpsgd,5,0.2,0.02,0.2,0.00021050413488410413,0.9997649788856506,0.00020698462321888655
100,10.0,0.5431122541136532,1e-05,gaussian,5,0.2,0.02,0.2,0.21562662720680237,0.021258298307657242,0.24702762067317963
100,10.0,0.5431122541136532,1e-05,edge_flip,5,0.2,0.02,0.2,0.17817780375480652,0.0,0.12274432182312012
100,10.0,0.5431122541136532,1e-05,sbm_dpsgd,6,0.2,0.02,0.2,0.00020369119010865688,0.9997513890266418,0.00020874278561677784
100,10.0,0.5431122541136532,1e-05,gaussian,6,0.2,0.02,0.2,0.18584266304969788,0.01670859009027481,0.21733254194259644
100,10.0,0.5431122541136532,1e-05,edge_flip,6,0.2,0.02,0.2,0.21513347327709198,0.03673002868890762,0.19357599318027496
100,10.0,0.5431122541136532,1e-05,sbm_dpsgd,7,0.2,0.02,0.2,0.00019948111730627716,0.9997568726539612,0.00020189087081234902
100,10.0,0.5431122541136532,1e-05,gaussian,7,0.2,0.02,0.2,0.18310369551181793,0.02776278182864189,0.18028545379638672
100,10.0,0.5431122541136532,1e-05,edge_flip,7,0.2,0.02,0.2,0.19665563106536865,0.012585664168000221,0.21513347327709198
100,10.0,0.5431122541136532,1e-05,sbm_dpsgd,8,0.2,0.02,0.2,0.0002064284635707736,0.9997701644897461,0.00019395888375584036
100,10.0,0.5431122541136532,1e-05,gaussian,8,0.2,0.02,0.2,0.22181609272956848,0.022378824651241302,0.2100941240787506
100,10.0,0.5431122541136532,1e-05,edge_flip,8,0.2,0.02,0.2,0.1258239597082138,0.030693937093019485,0.22745202481746674
100,10.0,0.5431122541136532,1e-05,sbm_dpsgd,9,0.2,0.02,0.2,0.00017557639512233436,0.9997426271438599,0.00018774380441755056
100,10.0,0.5431122541136532,1e-05,gaussian,9,0.2,0.02,0.2,0.21014083921909332,0.010012008249759674,0.22202152013778687
100,10.0,0.5431122541136532,1e-05,edge_flip,9,0.2,0.02,0.2,0.18741671741008759,0.09859995543956757,0.2705669403076172
100,10.0,0.5431122541136532,1e-05,sbm_dpsgd,10,0.2,0.02,0.2,0.00020518335804808885,0.9997580051422119,0.00019026381778530777
100,10.0,0.5431122541136532,1e-05,gaussian,10,0.2,0.02,0.2,0.21802809834480286,0.020377816632390022,0.2112976610660553
100,10.0,0.5431122541136532,1e-05,edge_flip,10,0.2,0.02,0.2,0.19357599318027496,0.08501875400543213,0.2366909384727478
100,10.0,0.5431122541136532,1e-05,sbm_dpsgd,11,0.2,0.02,0.2,0.00022267700114753097,0.9997702240943909,0.00022178639483172446
100,10.0,0.5431122541136532,1e-05,gaussian,11,0.2,0.02,0.2,0.1413559466600418,0.018746139481663704,0.2205168455839157
100,10.0,0.5431122541136532,1e-05,edge_flip,11,0.2,0.02,0.2,0.17817780375480652,0.0,0.12274432182312012
100,10.0,0.5431122541136532,1e-05,sbm_dpsgd,12,0.2,0.02,0.2,0.00021934331743977964,0.9997642636299133,0.00021245777315925807
100,10.0,0.5431122541136532,1e-05,gaussian,12,0.2,0.02,0.2,0.17722675204277039,0.021371711045503616,0.20156660676002502
100,10.0,0.5431122541136532,1e-05,edge_flip,12,0.2,0.02,0.2,0.1843370795249939,0.07898266613483429,0.09502758085727692
100,10.0,0.5431122541136532,1e-05,sbm_dpsgd,13,0.2,0.02,0.2,0.00018393494246993214,0.999756932258606,0.00018310293671675026
100,10.0,0.5431122541136532,1e-05,gaussian,13,0.2,0.02,0.2,0.216892808675766,0.011589408852159977,0.20524704456329346
100,10.0,0.5431122541136532,1e-05,edge_flip,13,0.2,0.02,0.2,0.11350540816783905,0.01711273193359375,0.27672624588012695
100,10.0,0.5431122541136532,1e-05,sbm_dpsgd,14,0.2,0.02,0.2,0.00020731335098389536,0.9997588396072388,0.00020856708579231054
100,10.0,0.5431122541136532,1e-05,gaussian,14,0.2,0.02,0.2,0.18186524510383606,0.03434222936630249,0.2347688525915146
100,10.0,0.5431122541136532,1e-05,edge_flip,14,0.2,0.02,0.2,0.2058945596218109,0.01862175576388836,0.28288552165031433
100,10.0,0.5431122541136532,1e-05,sbm_dpsgd,15,0.2,0.02,0.2,0.0002133380330633372,0.9997655153274536,0.0002190325758419931
100,10.0,0.5431122541136532,1e-05,gaussian,15,0.2,0.02,0.2,0.1763296127319336,0.014755346812307835,0.22438548505306244
100,10.0,0.5431122541136532,1e-05,edge_flip,15,0.2,0.02,0.2,0.1289035975933075,0.0,0.16585925221443176
100,10.0,0.5431122541136532,1e-05,sbm_dpsgd,16,0.2,0.02,0.2,0.00020841074001509696,0.9997677206993103,0.00021826379816047847
100,10.0,0.5431122541136532,1e-05,gaussian,16,0.2,0.02,0.2,0.19222024083137512,0.011531545780599117,0.1862674355506897
100,10.0,0.5431122541136532,1e-05,edge_flip,16,0.2,0.02,0.2,0.14430178701877594,0.0,0.23053166270256042
100,10.0,0.5431122541136532,1e-05,sbm_dpsgd,17,0.2,0.02,0.2,0.00020300688629504293,0.9997624754905701,0.00020714137644972652
100,10.0,0.5431122541136532,1e-05,gaussian,17,0.2,0.02,0.2,0.16021613776683807,0.00452242000028491,0.20811539888381958
100,10.0,0.5431122541136532,1e-05,edge_flip,17,0.2,0.02,0.2,0.05807191878557205,0.0,0.153540700674057
100,10.0,0.5431122541136532,1e-05,sbm_dpsgd,18,0.2,0.02,0.2,0.00019249484466854483,0.9997425675392151,0.00018744134285952896
100,10.0,0.5431122541136532,1e-05,gaussian,18,0.2,0.02,0.2,0.1935385912656784,0.026652222499251366,0.19624529778957367
100,10.0,0.5431122541136532,1e-05,edge_flip,18,0.2,0.02,0.2,0.25516876578330994,0.0005134823150001466,0.2366909384727478
100,10.0,0.5431122541136532,1e-05,sbm_dpsgd,19,0.2,0.02,0.2,0.0001784146297723055,0.9997634887695312,0.0001902081276057288
100,10.0,0.5431122541136532,1e-05,gaussian,19,0.2,0.02,0.2,0.1755543202161789,0.04449600726366043,0.16585005819797516
100,10.0,0.5431122541136532,1e-05,edge_flip,19,0.2,0.02,0.2,0.24285021424293518,0.005040550604462624,0.15969997644424438
100,20.0,0.40561225411365304,1e-05,sbm_dpsgd,0,0.2,0.02,0.2,0.00017735511937644333,0.9997384548187256,0.00018670159624889493
100,20.0,0.40561225411365304,1e-05,gaussian,0,0.2,0.02,0.2,0.23675651848316193,0.019308971241116524,0.2199508398771286
100,20.0,0.40561225411365304,1e-05,edge_flip,0,0.2,0.02,0.2,0.24906820058822632,0.0,0.1552238017320633
100,20.0,0.40561225411365304,1e-05,sbm_dpsgd,1,0.2,0.02,0.2,0.0002292748831678182,0.9997792840003967,0.00022475476725958288
100,20.0,0.40561225411365304,1e-05,gaussian,1,0.2,0.02,0.2,0.20299981534481049,0.027598507702350616,0.1938260793685913
100,20.0,0.40561225411365304,1e-05,edge_flip,1,0.2,0.02,0.2,0.21642667055130005,0.0,0.20010590553283691
100,20.0,0.40561225411365304,1e-05,sbm_dpsgd,2,0.2,0.02,0.2,0.00021523889154195786,0.9997593760490417,0.00021454194211401045
100,20.0,0.40561225411365304,1e-05,gaussian,2,0.2,0.02,0.2,0.22991251945495605,0.019735800102353096,0.17299191653728485
100,20.0,0.40561225411365304,1e-05,edge_flip,2,0.2,0.02,0.2,0.23682762682437897,0.04016238823533058,0.13890303671360016
100,20.0,0.40561225411365304,1e-05,sbm_dpsgd,3,0.2,0.02,0.2,0.00022001845354679972,0.9997621178627014,0.00021258587366901338
100,20.0,0.40561225411365304,1e-05,gaussian,3,0.2,0.02,0.2,0.20594722032546997,0.00958069134503603,0.18299761414527893
100,20.0,0.40561225411365304,1e-05,edge_flip,3,0.2,0.02,0.2,0.17154456675052643,0.014171567745506763,0.061379387974739075
100,20.0,0.40561225411365304,1e-05,sbm_dpsgd,4,0.2,0.02,0.2,0.00019529882411006838,0.9997527599334717,0.00019176719069946557
100,20.0,0.40561225411365304,1e-05,gaussian,4,0.2,0.02,0.2,0.13821160793304443,0.031621627509593964,0.21236072480678558
100,20.0,0.40561225411365304,1e-05,edge_flip,4,0.2,0.02,0.2,0.26946917176246643,0.0,0.18378514051437378
100,20.0,0.40561225411365304,1e-05,sbm_dpsgd,5,0.2,0.02,0.2,0.0001916863111546263,0.9997714757919312,0.0001913426094688475
100,20.0,0.40561225411365304,1e-05,gaussian,5,0.2,0.02,0.2,0.2138817012310028,0.03141683712601662,0.17075644433498383
100,20.0,0.40561225411365304,1e-05,edge_flip,5,0.2,0.02,0.2,0.22050686180591583,0.0,0.28578993678092957
100,20.0,0.40561225411365304,1e-05,sbm_dpsgd,6,0.2,0.02,0.2,0.0002013392368098721,0.9997629523277283,0.00019103950762655586
100,20.0,0.40561225411365304,1e-05,gaussian,6,0.2,0.02,0.2,0.2651999294757843,0.0010609691962599754,0.21694782376289368
100,20.0,0.40561225411365304,1e-05,edge_flip,6,0.2,0.02,0.2,0.3306720554828644,0.036163803189992905,0.21642667055130005
100,20.0,0.40561225411365304,1e-05,sbm_dpsgd,7,0.2,0.02,0.2,0.00017677030700724572,0.9997467994689941,0.00017589439812581986
100,20.0,0.40561225411365304,1e-05,gaussian,7,0.2,0.02,0.2,0.1617412120103836,0.03000800497829914,0.16015103459358215
100,20.0,0.40561225411365304,1e-05,edge_flip,7,0.2,0.02,0.2,0.10626149922609329,0.05215815454721451,0.273549348115921
100,20.0,0.40561225411365304,1e-05,sbm_dpsgd,8,0.2,0.02,0.2,0.0001943939714692533,0.9997566938400269,0.0001897111942525953
100,20.0,0.40561225411365304,1e-05,gaussian,8,0.2,0.02,0.2,0.15132953226566315,0.0,0.17538891732692719
100,20.0,0.40561225411365304,1e-05,edge_flip,8,0.2,0.02,0.2,0.23274743556976318,0.010172979906201363,0.22458705306053162
100,20.0,0.40561225411365304,1e-05,sbm_dpsgd,9,0.2,0.02,0.2,0.00019740911375265568,0.9997552037239075,0.00018534300033934414
100,20.0,0.40561225411365304,1e-05,gaussian,9,0.2,0.02,0.2,0.26525112986564636,0.03196802735328674,0.15219905972480774
100,20.0,0.40561225411365304,1e-05,edge_flip,9,0.2,0.02,0.2,0.08586053550243378,0.02216874435544014,0.061379387974739075
100,20.0,0.40561225411365304,1e-05,sbm_dpsgd,10,0.2,0.02,0.2,0.00017167293117381632,0.9997239112854004,0.0001485826214775443
100,20.0,0.40561225411365304,1e-05,gaussian,10,0.2,0.02,0.2,0.21746721863746643,0.030983522534370422,0.18935199081897736
100,20.0,0.40561225411365304,1e-05,edge_flip,10,0.2,0.02,0.2,0.31435126066207886,0.09014473855495453,0.3061908781528473
100,20.0,0.40561225411365304,1e-05,sbm_dpsgd,11,0.2,0.02,0.2,0.00020847552514169365,0.9997625946998596,0.00020886072888970375
100,20.0,0.40561225411365304,1e-05,gaussian,11,0.2,0.02,0.2,0.21298018097877502,0.012916012667119503,0.20527508854866028
100,20.0,0.40561225411365304,1e-05,edge_flip,11,0.2,0.02,0.2,0.24090781807899475,0.0,0.11442188173532486
100,20.0,0.40561225411365304,1e-05,sbm_dpsgd,12,0.2,0.02,0.2,0.00020331924315541983,0.9997551441192627,0.00019775758846662939
100,20.0,0.40561225411365304,1e-05,gaussian,12,0.2,0.02,0.2,0.1856832057237625,0.019639337435364723,0.236796572804451
100,20.0,0.40561225411365304,1e-05,edge_flip,12,0.2,0.02,0.2,0.19194552302360535,0.0,0.26538896560668945
100,20.0,0.40561225411365304,1e-05,sbm_dpsgd,13,0.2,0.02,0.2,0.00022172843455336988,0.9997653961181641,0.00022845526109449565
100,20.0,0.40561225411365304,1e-05,gaussian,13,0.2,0.02,0.2,0.21543478965759277,0.02868313156068325,0.16026002168655396
100,20.0,0.40561225411365304,1e-05,edge_flip,13,0.2,0.02,0.2,0.1511436104774475,0.12213344126939774,0.19194552302360535
100,20.0,0.40561225411365304,1e-05,sbm_dpsgd,14,0.2,0.02,0.2,0.00018970617384184152,0.999777615070343,0.00019871338736265898
100,20.0,0.40561225411365304,1e-05,gaussian,14,0.2,0.02,0.2,0.18965885043144226,0.027985041961073875,0.18599474430084229
100,20.0,0.40561225411365304,1e-05,edge_flip,14,0.2,0.02,0.2,0.19602571427822113,0.06015532836318016,0.09402091801166534
100,20.0,0.40561225411365304,1e-05,sbm_dpsgd,15,0.2,0.02,0.2,0.00019122852245345712,0.999772310256958,0.00020241270249243826
100,20.0,0.40561225411365304,1e-05,gaussian,15,0.2,0.02,0.2,0.186173677444458,0.01257262658327818,0.24881595373153687
100,20.0,0.40561225411365304,1e-05,edge_flip,15,0.2,0.02,0.2,0.1307426393032074,0.014171567745506763,0.20010590553283691
100,20.0,0.40561225411365304,1e-05,sbm_dpsgd,16,0.2,0.02,0.2,0.00016292046348098665,0.999724268913269,0.00017064367420971394
100,20.0,0.40561225411365304,1e-05,gaussian,16,0.2,0.02,0.2,0.22399546205997467,0.03949539363384247,0.2250952273607254
100,20.0,0.40561225411365304,1e-05,edge_flip,16,0.2,0.02,0.2,0.081780344247818,0.010172979906201363,0.19602571427822113
100,20.0,0.40561225411365304,1e-05,sbm_dpsgd,17,0.2,0.02,0.2,0.00019181592506356537,0.99973464012146,0.00018564026686362922
100,20.0,0.40561225411365304,1e-05,gaussian,17,0.2,0.02,0.2,0.23978084325790405,0.01108856312930584,0.23043496906757355
100,20.0,0.40561225411365304,1e-05,edge_flip,17,0.2,0.02,0.2,0.05321900174021721,0.10613909363746643,0.19194552302360535
100,20.0,0.40561225411365304,1e-05,sbm_dpsgd,18,0.2,0.02,0.2,0.0002146590850315988,0.9997759461402893,0.00019002059707418084
100,20.0,0.40561225411365304,1e-05,gaussian,18,0.2,0.02,0.2,0.18198974430561066,0.046026766300201416,0.17509178817272186
100,20.0,0.40561225411365304,1e-05,edge_flip,18,0.2,0.02,0.2,0.08586053550243378,0.01217227429151535,0.26538896560668945
100,20.0,0.40561225411365304,1e-05,sbm_dpsgd,19,0.2,0.02,0.2,0.00018693343736231327,0.9997621178627014,0.00019516512111295015
100,20.0,0.40561225411365304,1e-05,gaussian,19,0.2,0.02,0.2,0.21885161101818085,0.01895783469080925,0.1763262003660202
100,20.0,0.40561225411365304,1e-05,edge_flip,19,0.2,0.02,0.2,0.11850207298994064,0.0,0.21234647929668427
200,1.0,5.635918426327381,1e-05,sbm_dpsgd,0,0.2,0.02,0.2,0.00018223776714876294,0.9995381832122803,0.00018576141155790538
200,1.0,5.635918426327381,1e-05,gaussian,0,0.2,0.02,0.2,0.19880247116088867,0.02178734727203846,0.2124486118555069
200,1.0,5.635918426327381,1e-05,edge_flip,0,0.2,0.02,0.2,0.1994796246290207,0.02190098538994789,0.21311190724372864
200,1.0,5.635918426327381,1e-05,sbm_dpsgd,1,0.2,0.02,0.2,0.00019056328164879233,0.999507486820221,0.00019093132868874818
200,1.0,5.635918426327381,1e-05,gaussian,1,0.2,0.02,0.2,0.20068657398223877,0.019702481105923653,0.21247081458568573
200,1.0,5.635918426327381,1e-05,edge_flip,1,0.2,0.02,0.2,0.20090389251708984,0.019383084028959274,0.21372230350971222
200,1.0,5.635918426327381,1e-05,sbm_dpsgd,2,0.2,0.02,0.2,0.00018972248653881252,0.9994990825653076,0.0001919677888508886
200,1.0,5.635918426327381,1e-05,gaussian,2,0.2,0.02,0.2,0.21193858981132507,0.022470856085419655,0.20475375652313232
200,1.0,5.635918426327381,1e-05,edge_flip,2,0.2,0.02,0.2,0.21270497143268585,0.023008862510323524,0.20578710734844208
200,1.0,5.635918426327381,1e-05,sbm_dpsgd,3,0.2,0.02,0.2,0.0001854875881690532,0.9995238184928894,0.00018740548694040626
200,1.0,5.635918426327381,1e-05,gaussian,3,0.2,0.02,0.2,0.19511888921260834,0.019646232947707176,0.2039114236831665
200,1.0,5.635918426327381,1e-05,edge_flip,3,0.2,0.02,0.2,0.1962241679430008,0.01948380097746849,0.20395590364933014
200,1.0,5.635918426327381,1e-05,sbm_dpsgd,4,0.2,0.02,0.2,0.00018372379417996854,0.9995200634002686,0.0001847532403189689
200,1.0,5.635918426327381,1e-05,gaussian,4,0.2,0.02,0.2,0.19927795231342316,0.02055826410651207,0.1924838423728943
200,1.0,5.635918426327381,1e-05,edge_flip,4,0.2,0.02,0.2,0.19846229255199432,0.020591676235198975,0.19113749265670776
200,1.0,5.635918426327381,1e-05,sbm_dpsgd,5,0.2,0.02,0.2,0.00018981673929374665,0.9995021820068359,0.0001857980532804504
200,1.0,5.635918426327381,1e-05,gaussian,5,0.2,0.02,0.2,0.20932704210281372,0.021154915913939476,0.20139355957508087
200,1.0,5.635918426327381,1e-05,edge_flip,5,0.2,0.02,0.2,0.21046683192253113,0.020893825218081474,0.20110736787319183
200,1.0,5.635918426327381,1e-05,sbm_dpsgd,6,0.2,0.02,0.2,0.00018958281725645065,0.9994983077049255,0.00018254853785037994
200,1.0,5.635918426327381,1e-05,gaussian,6,0.2,0.02,0.2,0.20526614785194397,0.016739126294851303,0.1902635544538498
200,1.0,5.635918426327381,1e-05,edge_flip,6,0.2,0.02,0.2,0.20660096406936646,0.01676446758210659,0.19113749265670776
200,1.0,5.635918426327381,1e-05,sbm_dpsgd,7,0.2,0.02,0.2,0.00018818788521457464,0.999500572681427,0.00018655772146303207
200,1.0,5.635918426327381,1e-05,gaussian,7,0.2,0.02,0.2,0.2067699283361435,0.020826151594519615,0.1933864802122116
200,1.0,5.635918426327381,1e-05,edge_flip,7,0.2,0.02,0.2,0.20599056780338287,0.020289529114961624,0.19459642469882965
200,1.0,5.635918426327381,1e-05,sbm_dpsgd,8,0.2,0.02,0.2,0.00018656255269888788,0.999530017375946,0.00018428947078064084
200,1.0,5.635918426327381,1e-05,gaussian,8,0.2,0.02,0.2,0.19907768070697784,0.019486527889966965,0.20539812743663788
200,1.0,5.635918426327381,1e-05,edge_flip,8,0.2,0.02,0.2,0.19724150002002716,0.018980219960212708,0.202328160405159
200,1.0,5.635918426327381,1e-05,sbm_dpsgd,9,0.2,0.02,0.2,0.00018365045252721757,0.9995245337486267,0.00018863548757508397
200,1.0,5.635918426327381,1e-05,gaussian,9,0.2,0.02,0.2,0.2002502679824829,0.019962836056947708,0.1951773315668106
200,1.0,5.635918426327381,1e-05,edge_flip,9,0.2,0.02,0.2,0.1994796246290207,0.01948380097746849,0.195817232131958
200,1.0,5.635918426327381,1e-05,sbm_dpsgd,10,0.2,0.02,0.2,0.0001897015463327989,0.9995342493057251,0.00018450732750352472
200,1.0,5.635918426327381,1e-05,gaussian,10,0.2,0.02,0.2,0.20451410114765167,0.01842416264116764,0.19142405688762665
200,1.0,5.635918426327381,1e-05,edge_flip,10,0.2,0.02,0.2,0.20395590364933014,0.01797305978834629,0.18910282850265503
200,1.0,5.635918426327381,1e-05,sbm_dpsgd,11,0.2,0.02,0.2,0.00018681935034692287,0.999528706073761,0.00018338239169679582
200,1.0,5.635918426327381,1e-05,gaussian,11,0.2,0.02,0.2,0.20791590213775635,0.02313077077269554,0.19749146699905396
200,1.0,5.635918426327381,1e-05,edge_flip,11,0.2,0.02,0.2,0.20721136033535004,0.02310957759618759,0.1964276283979416
200,1.0,5.635918426327381,1e-05,sbm_dpsgd,12,0.2,0.02,0.2,0.00018364275456406176,0.9995355010032654,0.00018445074965711683
200,1.0,5.635918426327381,1e-05,gaussian,12,0.2,0.02,0.2,0.20459572970867157,0.01821986213326454,0.19684626162052155
200,1.0,5.635918426327381,1e-05,edge_flip,12,0.2,0.02,0.2,0.2053801715373993,0.01797305978834629,0.19479990005493164
200,1.0,5.635918426327381,1e-05,sbm_dpsgd,13,0.2,0.02,0.2,0.00019092152069788426,0.9994802474975586,0.00018917603301815689
200,1.0,5.635918426327381,1e-05,gaussian,13,0.2,0.02,0.2,0.2144954353570938,0.01947718672454357,0.1973835676908493
200,1.0,5.635918426327381,1e-05,edge_flip,13,0.2,0.02,0.2,0.21494309604167938,0.019685233011841774,0.1964276283979416
200,1.0,5.635918426327381,1e-05,sbm_dpsgd,14,0.2,0.02,0.2,0.00018583594646770507,0.999524712562561,0.0001854338333941996
200,1.0,5.635918426327381,1e-05,gaussian,14,0.2,0.02,0.2,0.19664055109024048,0.01904398947954178,0.19898438453674316
200,1.0,5.635918426327381,1e-05,edge_flip,14,0.2,0.02,0.2,0.195817232131958,0.019383084028959274,0.1986657679080963
200,1.0,5.635918426327381,1e-05,sbm_dpsgd,15,0.2,0.02,0.2,0.000191812141565606,0.9995172619819641,0.00019005931972060353
200,1.0,5.635918426327381,1e-05,gaussian,15,0.2,0.02,0.2,0.20622600615024567,0.019081614911556244,0.2024465799331665
200,1.0,5.635918426327381,1e-05,edge_flip,15,0.2,0.02,0.2,0.20436283946037292,0.019080936908721924,0.20314203202724457
200,1.0,5.635918426327381,1e-05,sbm_dpsgd,16,0.2,0.02,0.2,0.00018902560987044126,0.9995093941688538,0.00018378406821284443
200,1.0,5.635918426327381,1e-05,gaussian,16,0.2,0.02,0.2,0.20615331828594208,0.018814077600836754,0.19682523608207703
200,1.0,5.635918426327381,1e-05,edge_flip,16,0.2,0.02,0.2,0.20375242829322815,0.017469480633735657,0.19683456420898438
200,1.0,5.635918426327381,1e-05,sbm_dpsgd,17,0.2,0.02,0.2,0.0001919636270031333,0.9995030164718628,0.00018450447532813996
200,1.0,5.635918426327381,1e-05,gaussian,17,0.2,0.02,0.2,0.20570391416549683,0.02121262438595295,0.19400346279144287
200,1.0,5.635918426327381,1e-05,edge_flip,17,0.2,0.02,0.2,0.20578710734844208,0.02129668928682804,0.1929686963558197
200,1.0,5.635918426327381,1e-05,sbm_dpsgd,18,0.2,0.02,0.2,0.00019283189612906426,0.9994975924491882,0.0001901465730043128
200,1.0,5.635918426327381,1e-05,gaussian,18,0.2,0.02,0.2,0.20579995214939117,0.023092597723007202,0.20244210958480835
200,1.0,5.635918426327381,1e-05,edge_flip,18,0.2,0.02,0.2,0.20619402825832367,0.024217454716563225,0.20171776413917542
200,1.0,5.635918426327381,1e-05,sbm_dpsgd,19,0.2,0.02,0.2,0.00018788038869388402,0.9995191693305969,0.00018804024148266762
200,1.0,5.635918426327381,1e-05,gaussian,19,0.2,0.02,0.2,0.19384588301181793,0.019166888669133186,0.20227232575416565
200,1.0,5.635918426327381,1e-05,edge_flip,19,0.2,0.02,0.2,0.19235830008983612,0.018678072839975357,0.20354896783828735
200,2.0,2.668102829441137,1e-05,sbm_dpsgd,0,0.2,0.02,0.2,0.00018940403242595494,0.9995188117027283,0.000188085061381571
200,2.0,2.668102829441137,1e-05,gaussian,0,0.2,0.02,0.2,0.20383313298225403,0.019393127411603928,0.19891028106212616
200,2.0,2.668102829441137,1e-05,edge_flip,0,0.2,0.02,0.2,0.2007661908864975,0.02150913141667843,0.19635546207427979
200,2.0,2.668102829441137,1e-05,sbm_dpsgd,1,0.2,0.02,0.2,0.00019082071958109736,0.999483585357666,0.00019291490025352687
200,2.0,2.668102829441137,1e-05,gaussian,1,0.2,0.02,0.2,0.19752958416938782,0.019941462203860283,0.20023177564144135
200,2.0,2.668102829441137,1e-05,edge_flip,1,0.2,0.02,0.2,0.19612331688404083,0.01852143555879593,0.1968197524547577
200,2.0,2.668102829441137,1e-05,sbm_dpsgd,2,0.2,0.02,0.2,0.00018101879686582834,0.9995484352111816,0.00018339237431064248
200,2.0,2.668102829441137,1e-05,gaussian,2,0.2,0.02,0.2,0.19610784947872162,0.020372608676552773,0.20246900618076324
200,2.0,2.668102829441137,1e-05,edge_flip,2,0.2,0.02,0.2,0.1903197169303894,0.012201311066746712,0.2016947716474533
200,2.0,2.668102829441137,1e-05,sbm_dpsgd,3,0.2,0.02,0.2,0.00018342056137043983,0.9994935393333435,0.0001855498121585697
200,2.0,2.668102829441137,1e-05,gaussian,3,0.2,0.02,0.2,0.19262084364891052,0.02003353275358677,0.20136304199695587
200,2.0,2.668102829441137,1e-05,edge_flip,3,0.2,0.02,0.2,0.19751617312431335,0.018636345863342285,0.21051624417304993
200,2.0,2.668102829441137,1e-05,sbm_dpsgd,4,0.2,0.02,0.2,0.00018543517217040062,0.9994893074035645,0.00018694579193834215
200,2.0,2.668102829441137,1e-05,gaussian,4,0.2,0.02,0.2,0.18522849678993225,0.01894194819033146,0.1985158622264862
200,2.0,2.668102829441137,1e-05,edge_flip,4,0.2,0.02,0.2,0.1824268102645874,0.023002978414297104,0.19496259093284607
200,2.0,2.668102829441137,1e-05,sbm_dpsgd,5,0.2,0.02,0.2,0.00018858206749428064,0.9994992613792419,0.0001885554811451584
200,2.0,2.668102829441137,1e-05,gaussian,5,0.2,0.02,0.2,0.20696380734443665,0.02104753442108631,0.19670370221138
200,2.0,2.668102829441137,1e-05,edge_flip,5,0.2,0.02,0.2,0.20842695236206055,0.014959183521568775,0.19055184721946716
200,2.0,2.668102829441137,1e-05,sbm_dpsgd,6,0.2,0.02,0.2,0.00018824642756953835,0.999512255191803,0.00018570352403912693
200,2.0,2.668102829441137,1e-05,gaussian,6,0.2,0.02,0.2,0.2055007368326187,0.019329454749822617,0.1980023980140686
200,2.0,2.668102829441137,1e-05,edge_flip,6,0.2,0.02,0.2,0.20703408122062683,0.01932581514120102,0.19844475388526917
200,2.0,2.668102829441137,1e-05,sbm_dpsgd,7,0.2,0.02,0.2,0.0001850241096690297,0.999531090259552,0.00018132102559320629
200,2.0,2.668102829441137,1e-05,gaussian,7,0.2,0.02,0.2,0.19799238443374634,0.02120988257229328,0.19667573273181915
200,2.0,2.668102829441137,1e-05,edge_flip,7,0.2,0.02,0.2,0.19635546207427979,0.023577535524964333,0.18706969916820526
200,2.0,2.668102829441137,1e-05,sbm_dpsgd,8,0.2,0.02,0.2,0.00018615074804984033,0.999502956867218,0.0001885923120426014
200,2.0,2.668102829441137,1e-05,gaussian,8,0.2,0.02,0.2,0.20426402986049652,0.021318702027201653,0.2032158523797989
200,2.0,2.668102829441137,1e-05,edge_flip,8,0.2,0.02,0.2,0.20262335240840912,0.023462623357772827,0.2056412249803543
200,2.0,2.668102829441137,1e-05,sbm_dpsgd,9,0.2,0.02,0.2,0.0001875686430139467,0.999513566493988,0.0001882369542727247
200,2.0,2.668102829441137,1e-05,gaussian,9,0.2,0.02,0.2,0.2070968747138977,0.019598210230469704,0.20379240810871124
200,2.0,2.668102829441137,1e-05,edge_flip,9,0.2,0.02,0.2,0.20355193316936493,0.018176700919866562,0.20749837160110474
200,2.0,2.668102829441137,1e-05,sbm_dpsgd,10,0.2,0.02,0.2,0.0001841196499299258,0.9995238780975342,0.0001835626899264753
200,2.0,2.668102829441137,1e-05,gaussian,10,0.2,0.02,0.2,0.20238058269023895,0.021478895097970963,0.2003421038389206
200,2.0,2.668102829441137,1e-05,edge_flip,10,0.2,0.02,0.2,0.20726622641086578,0.02231350913643837,0.20355193316936493
200,2.0,2.668102829441137,1e-05,sbm_dpsgd,11,0.2,0.02,0.2,0.00019031409465242177,0.9994748830795288,0.00019169801089446992
200,2.0,2.668102829441137,1e-05,gaussian,11,0.2,0.02,0.2,0.20018114149570465,0.019649192690849304,0.21249547600746155
200,2.0,2.668102829441137,1e-05,edge_flip,11,0.2,0.02,0.2,0.20587337017059326,0.018291613087058067,0.21237340569496155
200,2.0,2.668102829441137,1e-05,sbm_dpsgd,12,0.2,0.02,0.2,0.00018818295211531222,0.9995176792144775,0.00018685305258259177
200,2.0,2.668102829441137,1e-05,gaussian,12,0.2,0.02,0.2,0.20268651843070984,0.020729312673211098,0.19551962614059448
200,2.0,2.668102829441137,1e-05,edge_flip,12,0.2,0.02,0.2,0.21005196869373322,0.022658243775367737,0.2003019154071808
200,2.0,2.668102829441137,1e-05,sbm_dpsgd,13,0.2,0.02,0.2,0.00017936810036189854,0.9995511174201965,0.00018370748148299754
200,2.0,2.668102829441137,1e-05,gaussian,13,0.2,0.02,0.2,0.1860426515340805,0.01973278447985649,0.20005419850349426
200,2.0,2.668102829441137,1e-05,edge_flip,13,0.2,0.02,0.2,0.18776611983776093,0.021624041721224785,0.2007661908864975
200,2.0,2.668102829441137,1e-05,sbm_dpsgd,14,0.2,0.02,0.2,0.00019521699869073927,0.9994952082633972,0.00019285126472823322
200,2.0,2.668102829441137,1e-05,gaussian,14,0.2,0.02,0.2,0.20985417068004608,0.02354792319238186,0.21242427825927734
200,2.0,2.668102829441137,1e-05,edge_flip,14,0.2,0.02,0.2,0.2086590975522995,0.026795051991939545,0.2116769701242447
200,2.0,2.668102829441137,1e-05,sbm_dpsgd,15,0.2,0.02,0.2,0.00017998226394411176,0.9995700716972351,0.00017752325220499188
200,2.0,2.668102829441137,1e-05,gaussian,15,0.2,0.02,0.2,0.1930428445339203,0.01819433458149433,0.1912813037633896
200,2.0,2.668102829441137,1e-05,edge_flip,15,0.2,0.02,0.2,0.19101613759994507,0.01932581514120102,0.19449830055236816
200,2.0,2.668102829441137,1e-05,sbm_dpsgd,16,0.2,0.02,0.2,0.00018548978550825268,0.9995311498641968,0.0001830194378271699
200,2.0,2.668102829441137,1e-05,gaussian,16,0.2,0.02,0.2,0.20267599821090698,0.020403433591127396,0.20079782605171204
200,2.0,2.668102829441137,1e-05,edge_flip,16,0.2,0.02,0.2,0.20285549759864807,0.01852143555879593,0.2042483538389206
200,2.0,2.668102829441137,1e-05,sbm_dpsgd,17,0.2,0.02,0.2,0.00018515106057748199,0.9995155334472656,0.0001866043166955933
200,2.0,2.668102829441137,1e-05,gaussian,17,0.2,0.02,0.2,0.1984248012304306,0.0199253149330616,0.2060859054327011
200,2.0,2.668102829441137,1e-05,edge_flip,17,0.2,0.02,0.2,0.20006977021694183,0.023462623357772827,0.2021590620279312
200,2.0,2.668102829441137,1e-05,sbm_dpsgd,18,0.2,0.02,0.2,0.00018183232168667018,0.9995563626289368,0.0001801683974917978
200,2.0,2.668102829441137,1e-05,gaussian,18,0.2,0.02,0.2,0.20647425949573517,0.019926881417632103,0.18868903815746307
200,2.0,2.668102829441137,1e-05,edge_flip,18,0.2,0.02,0.2,0.21237340569496155,0.020245105028152466,0.18312324583530426
200,2.0,2.668102829441137,1e-05,sbm_dpsgd,19,0.2,0.02,0.2,0.00018480888684280217,0.9995494484901428,0.00018230795103590935
200,2.0,2.668102829441137,1e-05,gaussian,19,0.2,0.02,0.2,0.197982519865036,0.02014259248971939,0.19314755499362946
200,2.0,2.668102829441137,1e-05,edge_flip,19,0.2,0.02,0.2,0.18776611983776093,0.01771705597639084,0.20239120721817017
200,5.0,1.0338953100711687,1e-05,sbm_dpsgd,0,0.2,0.02,0.2,0.00018653168808668852,0.999534547328949,0.000188646896276623
200,5.0,1.0338953100711687,1e-05,gaussian,0,0.2,0.02,0.2,0.20063801109790802,0.01856265217065811,0.214666947722435
200,5.0,1.0338953100711687,1e-05,edge_flip,0,0.2,0.02,0.2,0.18847441673278809,0.006669711321592331,0.2203494757413864
200,5.0,1.0338953100711687,1e-05,sbm_dpsgd,1,0.2,0.02,0.2,0.00018803079728968441,0.9995251297950745,0.00018556840950623155
200,5.0,1.0338953100711687,1e-05,gaussian,1,0.2,0.02,0.2,0.20561359822750092,0.019115008413791656,0.20726969838142395
200,5.0,1.0338953100711687,1e-05,edge_flip,1,0.2,0.02,0.2,0.20419944822788239,0.01613660342991352,0.20037443935871124
200,5.0,1.0338953100711687,1e-05,sbm_dpsgd,2,0.2,0.02,0.2,0.00018008988990914077,0.9995406866073608,0.00018555199494585395
200,5.0,1.0338953100711687,1e-05,gaussian,2,0.2,0.02,0.2,0.20482918620109558,0.023358281701803207,0.19960132241249084
200,5.0,1.0338953100711687,1e-05,edge_flip,2,0.2,0.02,0.2,0.19272443652153015,0.02791762538254261,0.18762442469596863
200,5.0,1.0338953100711687,1e-05,sbm_dpsgd,3,0.2,0.02,0.2,0.0001843934296630323,0.9995415806770325,0.00018594422726891935
200,5.0,1.0338953100711687,1e-05,gaussian,3,0.2,0.02,0.2,0.20409411191940308,0.019733749330043793,0.20690619945526123
200,5.0,1.0338953100711687,1e-05,edge_flip,3,0.2,0.02,0.2,0.19569943845272064,0.021606363356113434,0.18209941685199738
200,5.0,1.0338953100711687,1e-05,sbm_dpsgd,4,0.2,0.02,0.2,0.0001830616529332474,0.9995431900024414,0.00018276434275321662
200,5.0,1.0338953100711687,1e-05,gaussian,4,0.2,0.02,0.2,0.200704425573349,0.020818132907152176,0.19708120822906494
200,5.0,1.0338953100711687,1e-05,edge_flip,4,0.2,0.02,0.2,0.20972445607185364,0.023920493200421333,0.18337441980838776
200,5.0,1.0338953100711687,1e-05,sbm_dpsgd,5,0.2,0.02,0.2,0.00018814587383531034,0.9995129108428955,0.00018857180839404464
200,5.0,1.0338953100711687,1e-05,gaussian,5,0.2,0.02,0.2,0.19165202975273132,0.02292976900935173,0.20477746427059174
200,5.0,1.0338953100711687,1e-05,edge_flip,5,0.2,0.02,0.2,0.22247448563575745,0.026655374094843864,0.20249944925308228
200,5.0,1.0338953100711687,1e-05,sbm_dpsgd,6,0.2,0.02,0.2,0.00018806615844368935,0.9994881749153137,0.0001885160309029743
200,5.0,1.0338953100711687,1e-05,gaussian,6,0.2,0.02,0.2,0.19965803623199463,0.01958318240940571,0.20221662521362305
200,5.0,1.0338953100711687,1e-05,edge_flip,6,0.2,0.02,0.2,0.2186494767665863,0.04180240258574486,0.19442443549633026
200,5.0,1.0338953100711687,1e-05,sbm_dpsgd,7,0.2,0.02,0.2,0.00018480385188013315,0.9995198845863342,0.00018295444897376
200,5.0,1.0338953100711687,1e-05,gaussian,7,0.2,0.02,0.2,0.19994717836380005,0.02090534381568432,0.18891344964504242
200,5.0,1.0338953100711687,1e-05,edge_flip,7,0.2,0.02,0.2,0.17359939217567444,0.02770725078880787,0.20164944231510162
200,5.0,1.0338953100711687,1e-05,sbm_dpsgd,8,0.2,0.02,0.2,0.0001897017500596121,0.9995246529579163,0.00019027938833460212
200,5.0,1.0338953100711687,1e-05,gaussian,8,0.2,0.02,0.2,0.2082245796918869,0.02440636418759823,0.2014893740415573
200,5.0,1.0338953100711687,1e-05,edge_flip,8,0.2,0.02,0.2,0.2075994610786438,0.006248960271477699,0.2058994621038437
200,5.0,1.0338953100711687,1e-05,sbm_dpsgd,9,0.2,0.02,0.2,0.00018984799680765718,0.9995207786560059,0.00018456840189173818
200,5.0,1.0338953100711687,1e-05,gaussian,9,0.2,0.02,0.2,0.2102651447057724,0.021820878610014915,0.20680400729179382
200,5.0,1.0338953100711687,1e-05,edge_flip,9,0.2,0.02,0.2,0.2105744630098343,0.028759127482771873,0.21354946494102478
200,5.0,1.0338953100711687,1e-05,sbm_dpsgd,10,0.2,0.02,0.2,0.00018507908680476248,0.9995337724685669,0.00018362900300417095
200,5.0,1.0338953100711687,1e-05,gaussian,10,0.2,0.02,0.2,0.19183197617530823,0.0200267992913723,0.20240558683872223
200,5.0,1.0338953100711687,1e-05,edge_flip,10,0.2,0.02,0.2,0.19059942662715912,0.01802998222410679,0.22417448461055756
200,5.0,1.0338953100711687,1e-05,sbm_dpsgd,11,0.2,0.02,0.2,0.00017732182459440082,0.9995678067207336,0.0001766615896485746
200,5.0,1.0338953100711687,1e-05,gaussian,11,0.2,0.02,0.2,0.1925615519285202,0.022897344082593918,0.19468644261360168
200,5.0,1.0338953100711687,1e-05,edge_flip,11,0.2,0.02,0.2,0.1901744306087494,0.015295102261006832,0.18337441980838776
200,5.0,1.0338953100711687,1e-05,sbm_dpsgd,12,0.2,0.02,0.2,0.00018362388073001057,0.999531090259552,0.00018345721764490008
200,5.0,1.0338953100711687,1e-05,gaussian,12,0.2,0.02,0.2,0.19089172780513763,0.0195454154163599,0.2058967798948288
200,5.0,1.0338953100711687,1e-05,edge_flip,12,0.2,0.02,0.2,0.1999494433403015,0.010035717859864235,0.1982494443655014
200,5.0,1.0338953100711687,1e-05,sbm_dpsgd,13,0.2,0.02,0.2,0.0001903611555462703,0.9995017647743225,0.00018885103054344654
200,5.0,1.0338953100711687,1e-05,gaussian,13,0.2,0.02,0.2,0.20298320055007935,0.021434087306261063,0.21233898401260376
200,5.0,1.0338953100711687,1e-05,edge_flip,13,0.2,0.02,0.2,0.2058994621038437,0.0,0.1901744306087494
200,5.0,1.0338953100711687,1e-05,sbm_dpsgd,14,0.2,0.02,0.2,0.00018851847562473267,0.999509334564209,0.00018734387413132936
200,5.0,1.0338953100711687,1e-05,gaussian,14,0.2,0.02,0.2,0.20769324898719788,0.01820950023829937,0.19139331579208374
200,5.0,1.0338953100711687,1e-05,edge_flip,14,0.2,0.02,0.2,0.20504945516586304,0.0028829541988670826,0.19867444038391113
200,5.0,1.0338953100711687,1e-05,sbm_dpsgd,15,0.2,0.02,0.2,0.00018955717678181827,0.9995002746582031,0.00019164795230608433
200,5.0,1.0338953100711687,1e-05,gaussian,15,0.2,0.02,0.2,0.20224164426326752,0.024382317438721657,0.2016175538301468
200,5.0,1.0338953100711687,1e-05,edge_flip,15,0.2,0.02,0.2,0.21609947085380554,0.024130867794156075,0.24159951508045197
200,5.0,1.0338953100711687,1e-05,sbm_dpsgd,16,0.2,0.02,0.2,0.0001856218441389501,0.999550998210907,0.00018094257393386215
200,5.0,1.0338953100711687,1e-05,gaussian,16,0.2,0.02,0.2,0.19338694214820862,0.02017970010638237,0.18933074176311493
200,5.0,1.0338953100711687,1e-05,edge_flip,16,0.2,0.02,0.2,0.1854994148015976,0.010666843503713608,0.19314943253993988
200,5.0,1.0338953100711687,1e-05,sbm_dpsgd,17,0.2,0.02,0.2,0.0001838972675614059,0.9995400309562683,0.00018326607823837548
200,5.0,1.0338953100711687,1e-05,gaussian,17,0.2,0.02,0.2,0.2025616616010666,0.016692398115992546,0.20105533301830292
200,5.0,1.0338953100711687,1e-05,edge_flip,17,0.2,0.02,0.2,0.20802445709705353,0.0148743512108922,0.20164944231510162
200,5.0,1.0338953100711687,1e-05,sbm_dpsgd,18,0.2,0.02,0.2,0.00018863398872781545,0.9995068907737732,0.00018700894725043327
200,5.0,1.0338953100711687,1e-05,gaussian,18,0.2,0.02,0.2,0.19991153478622437,0.02092813514173031,0.20503821969032288
200,5.0,1.0338953100711687,1e-05,edge_flip,18,0.2,0.02,0.2,0.2105744630098343,0.03507038950920105,0.18677441775798798
200,5.0,1.0338953100711687,1e-05,sbm_dpsgd,19,0.2,0.02,0.2,0.0001913334708660841,0.9995344281196594,0.0001849186373874545
200,5.0,1.0338953100711687,1e-05,gaussian,19,0.2,0.02,0.2,0.2135978639125824,0.02250138856470585,0.19438032805919647
200,5.0,1.0338953100711687,1e-05,edge_flip,19,0.2,0.02,0.2,0.1918744295835495,0.02286861650645733,0.19909943640232086
200,10.0,0.5431122541136532,1e-05,sbm_dpsgd,0,0.2,0.02,0.2,0.00018440622079651803,0.9995315670967102,0.00018421676941215992
200,10.0,0.5431122541136532,1e-05,gaussian,0,0.2,0.02,0.2,0.20038530230522156,0.022316640242934227,0.2003852277994156
200,10.0,0.5431122541136532,1e-05,edge_flip,0,0.2,0.02,0.2,0.19514693319797516,0.010699385777115822,0.21267597377300262
200,10.0,0.5431122541136532,1e-05,sbm_dpsgd,1,0.2,0.02,0.2,0.00018607602396514267,0.999535858631134,0.00018890501814894378
200,10.0,0.5431122541136532,1e-05,gaussian,1,0.2,0.02,0.2,0.19822555780410767,0.01801554299890995,0.20657308399677277
200,10.0,0.5431122541136532,1e-05,edge_flip,1,0.2,0.02,0.2,0.11969579011201859,0.01522645354270935,0.18066640198230743
200,10.0,0.5431122541136532,1e-05,sbm_dpsgd,2,0.2,0.02,0.2,0.00019161430827807635,0.9995332956314087,0.00018428709881845862
200,10.0,0.5431122541136532,1e-05,gaussian,2,0.2,0.02,0.2,0.21864959597587585,0.028695451095700264,0.21057012677192688
200,10.0,0.5431122541136532,1e-05,edge_flip,2,0.2,0.02,0.2,0.20200611650943756,0.012208408676087856,0.18600133061408997
200,10.0,0.5431122541136532,1e-05,sbm_dpsgd,3,0.2,0.02,0.2,0.00018407803145237267,0.9995164275169373,0.0001842555357143283
200,10.0,0.5431122541136532,1e-05,gaussian,3,0.2,0.02,0.2,0.18896718323230743,0.017222538590431213,0.20065107941627502
200,10.0,0.5431122541136532,1e-05,edge_flip,3,0.2,0.02,0.2,0.22868075966835022,0.0,0.22258369624614716
200,10.0,0.5431122541136532,1e-05,sbm_dpsgd,4,0.2,0.02,0.2,0.00018585300131235272,0.999523937702179,0.0001879813353298232
200,10.0,0.5431122541136532,1e-05,gaussian,4,0.2,0.02,0.2,0.19775612652301788,0.016524894163012505,0.20109352469444275
200,10.0,0.5431122541136532,1e-05,edge_flip,4,0.2,0.02,0.2,0.18828773498535156,0.011076641269028187,0.1913362592458725
200,10.0,0.5431122541136532,1e-05,sbm_dpsgd,5,0.2,0.02,0.2,0.00018423798610456288,0.9995614886283875,0.00018131097021978348
200,10.0,0.5431122541136532,1e-05,gaussian,5,0.2,0.02,0.2,0.2005065679550171,0.021381093189120293,0.20887227356433868
200,10.0,0.5431122541136532,1e-05,edge_flip,5,0.2,0.02,0.2,0.16923440992832184,0.01824449934065342,0.23401568830013275
200,10.0,0.5431122541136532,1e-05,sbm_dpsgd,6,0.2,0.02,0.2,0.00019053841242566705,0.9995039701461792,0.00019084400264546275
200,10.0,0.5431122541136532,1e-05,gaussian,6,0.2,0.02,0.2,0.21109792590141296,0.018007097765803337,0.19583430886268616
200,10.0,0.5431122541136532,1e-05,edge_flip,6,0.2,0.02,0.2,0.1890498697757721,0.037861794233322144,0.23020502924919128
200,10.0,0.5431122541136532,1e-05,sbm_dpsgd,7,0.2,0.02,0.2,0.00018487332272343338,0.9995225667953491,0.0001800086465664208
200,10.0,0.5431122541136532,1e-05,gaussian,7,0.2,0.02,0.2,0.1883879452943802,0.02081691287457943,0.19143520295619965
200,10.0,0.5431122541136532,1e-05,edge_flip,7,0.2,0.02,0.2,0.21267597377300262,0.01975352130830288,0.19209839403629303
200,10.0,0.5431122541136532,1e-05,sbm_dpsgd,8,0.2,0.02,0.2,0.00018252126756124198,0.9995373487472534,0.00018392533820588142
200,10.0,0.5431122541136532,1e-05,gaussian,8,0.2,0.02,0.2,0.2119501382112503,0.022448349744081497,0.20115351676940918
200,10.0,0.5431122541136532,1e-05,edge_flip,8,0.2,0.02,0.2,0.18600133061408997,0.01824449934065342,0.1456083059310913
200,10.0,0.5431122541136532,1e-05,sbm_dpsgd,9,0.2,0.02,0.2,0.00018813098722603172,0.9995227456092834,0.00018582449411042035
200,10.0,0.5431122541136532,1e-05,gaussian,9,0.2,0.02,0.2,0.20789997279644012,0.01860734261572361,0.19898036122322083
200,10.0,0.5431122541136532,1e-05,edge_flip,9,0.2,0.02,0.2,0.22868075966835022,0.031071191653609276,0.24392342567443848
200,10.0,0.5431122541136532,1e-05,sbm_dpsgd,10,0.2,0.02,0.2,0.00018066582561004907,0.9995521306991577,0.0001826871302910149
200,10.0,0.5431122541136532,1e-05,gaussian,10,0.2,0.02,0.2,0.20422957837581635,0.02315972000360489,0.18167120218276978
200,10.0,0.5431122541136532,1e-05,edge_flip,10,0.2,0.02,0.2,0.2050546556711197,0.0,0.1707586795091629
200,10.0,0.5431122541136532,1e-05,sbm_dpsgd,11,0.2,0.02,0.2,0.000191277198609896,0.9995210766792297,0.0001858666364569217
200,10.0,0.5431122541136532,1e-05,gaussian,11,0.2,0.02,0.2,0.2026492804288864,0.01745370402932167,0.19793324172496796
200,10.0,0.5431122541136532,1e-05,edge_flip,11,0.2,0.02,0.2,0.20353038609027863,0.012962919659912586,0.1593266874551773
200,10.0,0.5431122541136532,1e-05,sbm_dpsgd,12,0.2,0.02,0.2,0.00018368125893175602,0.9995121359825134,0.00018792931223288178
200,10.0,0.5431122541136532,1e-05,gaussian,12,0.2,0.02,0.2,0.19866372644901276,0.01646609604358673,0.1995372176170349
200,10.0,0.5431122541136532,1e-05,edge_flip,12,0.2,0.02,0.2,0.20353038609027863,0.01975352130830288,0.14865683019161224
200,10.0,0.5431122541136532,1e-05,sbm_dpsgd,13,0.2,0.02,0.2,0.00019407890795264393,0.9994871616363525,0.00019263967988081276
200,10.0,0.5431122541136532,1e-05,gaussian,13,0.2,0.02,0.2,0.21664677560329437,0.01628686673939228,0.1983187049627304
200,10.0,0.5431122541136532,1e-05,edge_flip,13,0.2,0.02,0.2,0.19286052882671356,0.005040550604462624,0.22029730677604675
200,10.0,0.5431122541136532,1e-05,sbm_dpsgd,14,0.2,0.02,0.2,0.00019124748359899968,0.9994861483573914,0.0001907691330416128
200,10.0,0.5431122541136532,1e-05,gaussian,14,0.2,0.02,0.2,0.20206193625926971,0.021397488191723824,0.20024549961090088
200,10.0,0.5431122541136532,1e-05,edge_flip,14,0.2,0.02,0.2,0.21343810856342316,0.037484537810087204,0.1890498697757721
200,10.0,0.5431122541136532,1e-05,sbm_dpsgd,15,0.2,0.02,0.2,0.0001826968655223027,0.9995357394218445,0.00018092988466378301
200,10.0,0.5431122541136532,1e-05,gaussian,15,0.2,0.02,0.2,0.19402654469013214,0.019352233037352562,0.18501585721969604
200,10.0,0.5431122541136532,1e-05,edge_flip,15,0.2,0.02,0.2,0.19514693319797516,0.022771567106246948,0.2073410451412201
200,10.0,0.5431122541136532,1e-05,sbm_dpsgd,16,0.2,0.02,0.2,0.00018319461378268898,0.9995394945144653,0.00018560397438704967
200,10.0,0.5431122541136532,1e-05,gaussian,16,0.2,0.02,0.2,0.19731773436069489,0.02360861748456955,0.2072446048259735
200,10.0,0.5431122541136532,1e-05,edge_flip,16,0.2,0.02,0.2,0.1776178777217865,0.008435851894319057,0.2050546556711197
200,10.0,0.5431122541136532,1e-05,sbm_dpsgd,17,0.2,0.02,0.2,0.00018854267545975745,0.9995144009590149,0.00018815819930750877
200,10.0,0.5431122541136532,1e-05,gaussian,17,0.2,0.02,0.2,0.2027982473373413,0.019339965656399727,0.1939019411802292
200,10.0,0.5431122541136532,1e-05,edge_flip,17,0.2,0.02,0.2,0.1867634654045105,0.023148823529481888,0.21953517198562622
200,10.0,0.5431122541136532,1e-05,sbm_dpsgd,18,0.2,0.02,0.2,0.00018279379582963884,0.9995476603507996,0.00018343780538998544
200,10.0,0.5431122541136532,1e-05,gaussian,18,0.2,0.02,0.2,0.20466959476470947,0.023102864623069763,0.19085486233234406
200,10.0,0.5431122541136532,1e-05,edge_flip,18,0.2,0.02,0.2,0.2530690133571625,0.028053147718310356,0.22258369624614716
200,10.0,0.5431122541136532,1e-05,sbm_dpsgd,19,0.2,0.02,0.2,0.00018820560944732279,0.9995226263999939,0.00019173475448042154
200,10.0,0.5431122541136532,1e-05,gaussian,19,0.2,0.02,0.2,0.1935274451971054,0.01613154076039791,0.20457781851291656
200,10.0,0.5431122541136532,1e-05,edge_flip,19,0.2,0.02,0.2,0.17609360814094543,0.025789612904191017,0.1936226636171341
200,20.0,0.40561225411365304,1e-05,sbm_dpsgd,0,0.2,0.02,0.2,0.0001903659722302109,0.9995112419128418,0.0001893554872367531
200,20.0,0.40561225411365304,1e-05,gaussian,0,0.2,0.02,0.2,0.20535676181316376,0.01933523640036583,0.20611947774887085
200,20.0,0.40561225411365304,1e-05,edge_flip,0,0.2,0.02,0.2,0.18798896670341492,0.02766680158674717,0.22938849031925201
200,20.0,0.40561225411365304,1e-05,sbm_dpsgd,1,0.2,0.02,0.2,0.00018590853142086416,0.999503493309021,0.00018237269250676036
200,20.0,0.40561225411365304,1e-05,gaussian,1,0.2,0.02,0.2,0.1994813084602356,0.017019886523485184,0.19508221745491028
200,20.0,0.40561225411365304,1e-05,edge_flip,1,0.2,0.02,0.2,0.17385254800319672,0.0,0.1869792342185974
200,20.0,0.40561225411365304,1e-05,sbm_dpsgd,2,0.2,0.02,0.2,0.00018380720575805753,0.9995508193969727,0.0001819492899812758
200,20.0,0.40561225411365304,1e-05,gaussian,2,0.2,0.02,0.2,0.21269629895687103,0.020518891513347626,0.18696382641792297
200,20.0,0.40561225411365304,1e-05,edge_flip,2,0.2,0.02,0.2,0.22938849031925201,0.00817368645220995,0.21323257684707642
200,20.0,0.40561225411365304,1e-05,sbm_dpsgd,3,0.2,0.02,0.2,0.0001871587592177093,0.999530017375946,0.00018886315228883177
200,20.0,0.40561225411365304,1e-05,gaussian,3,0.2,0.02,0.2,0.19486083090305328,0.02284170128405094,0.19738838076591492
200,20.0,0.40561225411365304,1e-05,edge_flip,3,0.2,0.02,0.2,0.14053098857402802,0.05115850642323494,0.23443721234798431
200,20.0,0.40561225411365304,1e-05,sbm_dpsgd,4,0.2,0.02,0.2,0.00019152839377056807,0.9994779825210571,0.00018789045861922204
200,20.0,0.40561225411365304,1e-05,gaussian,4,0.2,0.02,0.2,0.18481771647930145,0.017165368422865868,0.21026961505413055
200,20.0,0.40561225411365304,1e-05,edge_flip,4,0.2,0.02,0.2,0.2314079850912094,0.029166271910071373,0.19303768873214722
200,20.0,0.40561225411365304,1e-05,sbm_dpsgd,5,0.2,0.02,0.2,0.0001902663498185575,0.9994908571243286,0.00018720612570177764
200,20.0,0.40561225411365304,1e-05,gaussian,5,0.2,0.02,0.2,0.20497949421405792,0.01994640938937664,0.20565220713615417
200,20.0,0.40561225411365304,1e-05,edge_flip,5,0.2,0.02,0.2,0.2011156529188156,0.0,0.2495833784341812
200,20.0,0.40561225411365304,1e-05,sbm_dpsgd,6,0.2,0.02,0.2,0.00018610253755468875,0.9995049834251404,0.00018518013530410826
200,20.0,0.40561225411365304,1e-05,gaussian,6,0.2,0.02,0.2,0.21521127223968506,0.020349739119410515,0.18721674382686615
200,20.0,0.40561225411365304,1e-05,edge_flip,6,0.2,0.02,0.2,0.1617356240749359,0.0,0.11528737097978592
200,20.0,0.40561225411365304,1e-05,sbm_dpsgd,7,0.2,0.02,0.2,0.0001855364826042205,0.999560534954071,0.00017710847896523774
200,20.0,0.40561225411365304,1e-05,gaussian,7,0.2,0.02,0.2,0.20032964646816254,0.024881409481167793,0.20398765802383423
200,20.0,0.40561225411365304,1e-05,edge_flip,7,0.2,0.02,0.2,0.19909615814685822,0.005174745339900255,0.18495973944664001
200,20.0,0.40561225411365304,1e-05,sbm_dpsgd,8,0.2,0.02,0.2,0.00018491799710318446,0.9995256066322327,0.00018343048577662557
200,20.0,0.40561225411365304,1e-05,gaussian,8,0.2,0.02,0.2,0.20549489557743073,0.02141682244837284,0.19719429314136505
200,20.0,0.40561225411365304,1e-05,edge_flip,8,0.2,0.02,0.2,0.19909615814685822,0.03566397726535797,0.12437507510185242
200,20.0,0.40561225411365304,1e-05,sbm_dpsgd,9,0.2,0.02,0.2,0.00018688946147449315,0.9995134472846985,0.0001833008136600256
200,20.0,0.40561225411365304,1e-05,gaussian,9,0.2,0.02,0.2,0.18992574512958527,0.022204183042049408,0.20719783008098602
200,20.0,0.40561225411365304,1e-05,edge_flip,9,0.2,0.02,0.2,0.1617356240749359,0.0,0.16577459871768951
200,20.0,0.40561225411365304,1e-05,sbm_dpsgd,10,0.2,0.02,0.2,0.00019358936697244644,0.9994990825653076,0.00018735459889285266
200,20.0,0.40561225411365304,1e-05,gaussian,10,0.2,0.02,0.2,0.20944374799728394,0.01462093647569418,0.21539561450481415
200,20.0,0.40561225411365304,1e-05,edge_flip,10,0.2,0.02,0.2,0.2455444037914276,0.016170861199498177,0.2061643749475479
200,20.0,0.40561225411365304,1e-05,sbm_dpsgd,11,0.2,0.02,0.2,0.00018842073041014373,0.9995099902153015,0.00019477427122183144
200,20.0,0.40561225411365304,1e-05,gaussian,11,0.2,0.02,0.2,0.1931389421224594,0.017549054697155952,0.20548810064792633
200,20.0,0.40561225411365304,1e-05,edge_flip,11,0.2,0.02,0.2,0.17385254800319672,0.00817368645220995,0.19505718350410461
200,20.0,0.40561225411365304,1e-05,sbm_dpsgd,12,0.2,0.02,0.2,0.00018380212713964283,0.9995591044425964,0.00018485443433746696
200,20.0,0.40561225411365304,1e-05,gaussian,12,0.2,0.02,0.2,0.21067063510417938,0.014721166342496872,0.19947730004787445
200,20.0,0.40561225411365304,1e-05,edge_flip,12,0.2,0.02,0.2,0.15264791250228882,0.028666449710726738,0.2021254003047943
200,20.0,0.40561225411365304,1e-05,sbm_dpsgd,13,0.2,0.02,0.2,0.00019027166126761585,0.9995099306106567,0.00018852167704608291
200,20.0,0.40561225411365304,1e-05,gaussian,13,0.2,0.02,0.2,0.20394398272037506,0.022035988047719002,0.19555805623531342
200,20.0,0.40561225411365304,1e-05,edge_flip,13,0.2,0.02,0.2,0.22938849031925201,0.0,0.2970413565635681
200,20.0,0.40561225411365304,1e-05,sbm_dpsgd,14,0.2,0.02,0.2,0.00017502026457805187,0.9995622634887695,0.0001822670310502872
200,20.0,0.40561225411365304,1e-05,gaussian,14,0.2,0.02,0.2,0.1955312043428421,0.024271029978990555,0.19797538220882416
200,20.0,0.40561225411365304,1e-05,edge_flip,14,0.2,0.02,0.2,0.1960669308900833,0.028166625648736954,0.2172715663909912
200,20.0,0.40561225411365304,1e-05,sbm_dpsgd,15,0.2,0.02,0.2,0.00018694026221055537,0.9995177984237671,0.00018294298206456006
200,20.0,0.40561225411365304,1e-05,gaussian,15,0.2,0.02,0.2,0.22211463749408722,0.02267022430896759,0.2140953242778778
200,20.0,0.40561225411365304,1e-05,edge_flip,15,0.2,0.02,0.2,0.2637197971343994,0.07265091687440872,0.2263592630624771
200,20.0,0.40561225411365304,1e-05,sbm_dpsgd,16,0.2,0.02,0.2,0.0001820550678530708,0.9995269179344177,0.00018684078531805426
200,20.0,0.40561225411365304,1e-05,gaussian,16,0.2,0.02,0.2,0.19584336876869202,0.021100273355841637,0.19883421063423157
200,20.0,0.40561225411365304,1e-05,edge_flip,16,0.2,0.02,0.2,0.16375510394573212,0.007673862390220165,0.19404743611812592
200,20.0,0.40561225411365304,1e-05,sbm_dpsgd,17,0.2,0.02,0.2,0.00018099354929290712,0.9995461702346802,0.00018739455845206976
200,20.0,0.40561225411365304,1e-05,gaussian,17,0.2,0.02,0.2,0.19808043539524078,0.02435755915939808,0.20710645616054535
200,20.0,0.40561225411365304,1e-05,edge_flip,17,0.2,0.02,0.2,0.2162618190050125,0.03566397726535797,0.2102033495903015
200,20.0,0.40561225411365304,1e-05,sbm_dpsgd,18,0.2,0.02,0.2,0.00019129661086481065,0.9995030760765076,0.00018560620083007962
200,20.0,0.40561225411365304,1e-05,gaussian,18,0.2,0.02,0.2,0.19708678126335144,0.020283406600356102,0.19906656444072723
200,20.0,0.40561225411365304,1e-05,edge_flip,18,0.2,0.02,0.2,0.20010590553283691,0.005674568470567465,0.17385254800319672
200,20.0,0.40561225411365304,1e-05,sbm_dpsgd,19,0.2,0.02,0.2,0.0001866465900093317,0.9995338320732117,0.00018396392988506705
200,20.0,0.40561225411365304,1e-05,gaussian,19,0.2,0.02,0.2,0.19315023720264435,0.01675434596836567,0.20993363857269287
200,20.0,0.40561225411365304,1e-05,edge_flip,19,0.2,0.02,0.2,0.12942379713058472,0.00817368645220995,0.197076678276062
500,1.0,5.635918426327381,1e-05,sbm_dpsgd,0,0.2,0.02,0.2,0.0006138477474451065,0.998620331287384,0.000612787320278585
500,1.0,5.635918426327381,1e-05,gaussian,0,0.2,0.02,0.2,0.19627149403095245,0.020056601613759995,0.19791115820407867
500,1.0,5.635918426327381,1e-05,edge_flip,0,0.2,0.02,0.2,0.1962016075849533,0.01983429305255413,0.19794897735118866
500,1.0,5.635918426327381,1e-05,sbm_dpsgd,1,0.2,0.02,0.2,0.0006112563423812389,0.9986087083816528,0.0006185967940837145
500,1.0,5.635918426327381,1e-05,gaussian,1,0.2,0.02,0.2,0.1935257762670517,0.019944295287132263,0.2012561708688736
500,1.0,5.635918426327381,1e-05,edge_flip,1,0.2,0.02,0.2,0.19328933954238892,0.019802063703536987,0.2013142704963684
500,1.0,5.635918426327381,1e-05,sbm_dpsgd,2,0.2,0.02,0.2,0.0006245617987588048,0.9986152648925781,0.0006250783917494118
500,1.0,5.635918426327381,1e-05,gaussian,2,0.2,0.02,0.2,0.1989554762840271,0.019980931654572487,0.20175333321094513
500,1.0,5.635918426327381,1e-05,edge_flip,2,0.2,0.02,0.2,0.1992756724357605,0.01988263614475727,0.20189671218395233
500,1.0,5.635918426327381,1e-05,sbm_dpsgd,3,0.2,0.02,0.2,0.000622566556558013,0.9985963702201843,0.0006266494165174663
500,1.0,5.635918426327381,1e-05,gaussian,3,0.2,0.02,0.2,0.20141814649105072,0.020438380539417267,0.20281483232975006
500,1.0,5.635918426327381,1e-05,edge_flip,3,0.2,0.02,0.2,0.20069944858551025,0.020140469074249268,0.2030939906835556
500,1.0,5.635918426327381,1e-05,sbm_dpsgd,4,0.2,0.02,0.2,0.0006247211713343859,0.9985770583152771,0.0006292748730629683
500,1.0,5.635918426327381,1e-05,gaussian,4,0.2,0.02,0.2,0.1968206912279129,0.019396947696805,0.20423224568367004
500,1.0,5.635918426327381,1e-05,edge_flip,4,0.2,0.02,0.2,0.19697821140289307,0.019318627193570137,0.20383822917938232
500,1.0,5.635918426327381,1e-05,sbm_dpsgd,5,0.2,0.02,0.2,0.00062602199614048,0.9985836744308472,0.0006189612904563546
500,1.0,5.635918426327381,1e-05,gaussian,5,0.2,0.02,0.2,0.1998143196105957,0.019994065165519714,0.19519485533237457
500,1.0,5.635918426327381,1e-05,edge_flip,5,0.2,0.02,0.2,0.20027878880500793,0.019850406795740128,0.19542500376701355
500,1.0,5.635918426327381,1e-05,sbm_dpsgd,6,0.2,0.02,0.2,0.000614466262049973,0.9986313581466675,0.0006099917227402329
500,1.0,5.635918426327381,1e-05,gaussian,6,0.2,0.02,0.2,0.19985677301883698,0.019561082124710083,0.19524076581001282
500,1.0,5.635918426327381,1e-05,edge_flip,6,0.2,0.02,0.2,0.19956690073013306,0.01964091695845127,0.19526320695877075
500,1.0,5.635918426327381,1e-05,sbm_dpsgd,7,0.2,0.02,0.2,0.0006200327770784497,0.9985877275466919,0.0006173616275191307
500,1.0,5.635918426327381,1e-05,gaussian,7,0.2,0.02,0.2,0.19693467020988464,0.01988230273127556,0.19731706380844116
500,1.0,5.635918426327381,1e-05,edge_flip,7,0.2,0.02,0.2,0.1968487799167633,0.019866522401571274,0.19739887118339539
500,1.0,5.635918426327381,1e-05,sbm_dpsgd,8,0.2,0.02,0.2,0.000619709026068449,0.9986192584037781,0.0006225781398825347
500,1.0,5.635918426327381,1e-05,gaussian,8,0.2,0.02,0.2,0.19859591126441956,0.019686611369252205,0.1988746076822281
500,1.0,5.635918426327381,1e-05,edge_flip,8,0.2,0.02,0.2,0.19856378436088562,0.02002766728401184,0.19866086542606354
500,1.0,5.635918426327381,1e-05,sbm_dpsgd,9,0.2,0.02,0.2,0.0006123461062088609,0.9986196160316467,0.0006201289943419397
500,1.0,5.635918426327381,1e-05,gaussian,9,0.2,0.02,0.2,0.19759443402290344,0.01992098242044449,0.19972717761993408
500,1.0,5.635918426327381,1e-05,edge_flip,9,0.2,0.02,0.2,0.19769009947776794,0.020253270864486694,0.20014935731887817
500,1.0,5.635918426327381,1e-05,sbm_dpsgd,10,0.2,0.02,0.2,0.0006266267155297101,0.9985663890838623,0.0006264263647608459
500,1.0,5.635918426327381,1e-05,gaussian,10,0.2,0.02,0.2,0.19949029386043549,0.02057342603802681,0.2017832249403
500,1.0,5.635918426327381,1e-05,edge_flip,10,0.2,0.02,0.2,0.19937275350093842,0.02041441760957241,0.20124953985214233
500,1.0,5.635918426327381,1e-05,sbm_dpsgd,11,0.2,0.02,0.2,0.0006227699341252446,0.9986114501953125,0.0006238481728360057
500,1.0,5.635918426327381,1e-05,gaussian,11,0.2,0.02,0.2,0.19773784279823303,0.01919304020702839,0.20089951157569885
500,1.0,5.635918426327381,1e-05,edge_flip,11,0.2,0.02,0.2,0.19804604351520538,0.018899647518992424,0.20118482410907745
500,1.0,5.635918426327381,1e-05,sbm_dpsgd,12,0.2,0.02,0.2,0.0006235944456420839,0.9986137747764587,0.0006208331324160099
500,1.0,5.635918426327381,1e-05,gaussian,12,0.2,0.02,0.2,0.19919325411319733,0.020411886274814606,0.1958836019039154
500,1.0,5.635918426327381,1e-05,edge_flip,12,0.2,0.02,0.2,0.1991138756275177,0.020382188260555267,0.19584566354751587
500,1.0,5.635918426327381,1e-05,sbm_dpsgd,13,0.2,0.02,0.2,0.0006247099372558296,0.9985891580581665,0.0006320999236777425
500,1.0,5.635918426327381,1e-05,gaussian,13,0.2,0.02,0.2,0.20308220386505127,0.01961580663919449,0.2044665515422821
500,1.0,5.635918426327381,1e-05,edge_flip,13,0.2,0.02,0.2,0.2033204883337021,0.01910913735628128,0.20435597002506256
500,1.0,5.635918426327381,1e-05,sbm_dpsgd,14,0.2,0.02,0.2,0.0006130524561740458,0.9986370205879211,0.0006106523796916008
500,1.0,5.635918426327381,1e-05,gaussian,14,0.2,0.02,0.2,0.20166459679603577,0.01964469626545906,0.19701144099235535
500,1.0,5.635918426327381,1e-05,edge_flip,14,0.2,0.02,0.2,0.20173493027687073,0.019560344517230988,0.19759303331375122
500,1.0,5.635918426327381,1e-05,sbm_dpsgd,15,0.2,0.02,0.2,0.0006254860199987888,0.9986050724983215,0.0006227738340385258
500,1.0,5.635918426327381,1e-05,gaussian,15,0.2,0.02,0.2,0.20174454152584076,0.01972985826432705,0.19625045359134674
500,1.0,5.635918426327381,1e-05,edge_flip,15,0.2,0.02,0.2,0.2015407681465149,0.020059896633028984,0.19584566354751587
500,1.0,5.635918426327381,1e-05,sbm_dpsgd,16,0.2,0.02,0.2,0.0006282220711000264,0.9986004829406738,0.0006213520537130535
500,1.0,5.635918426327381,1e-05,gaussian,16,0.2,0.02,0.2,0.20356477797031403,0.02053830958902836,0.19921085238456726
500,1.0,5.635918426327381,1e-05,edge_flip,16,0.2,0.02,0.2,0.20393531024456024,0.020736707374453545,0.19904915988445282
500,1.0,5.635918426327381,1e-05,sbm_dpsgd,17,0.2,0.02,0.2,0.0006210692226886749,0.9985916018486023,0.000619378115516156
500,1.0,5.635918426327381,1e-05,gaussian,17,0.2,0.02,0.2,0.2003488391637802,0.019547253847122192,0.19889017939567566
500,1.0,5.635918426327381,1e-05,edge_flip,17,0.2,0.02,0.2,0.20076416432857513,0.019802063703536987,0.19885501265525818
500,1.0,5.635918426327381,1e-05,sbm_dpsgd,18,0.2,0.02,0.2,0.0006287937867455184,0.9986006021499634,0.0006211010040715337
500,1.0,5.635918426327381,1e-05,gaussian,18,0.2,0.02,0.2,0.1999703198671341,0.021072888746857643,0.19921709597110748
500,1.0,5.635918426327381,1e-05,edge_flip,18,0.2,0.02,0.2,0.1991138756275177,0.02099454030394554,0.1992756724357605
500,1.0,5.635918426327381,1e-05,sbm_dpsgd,19,0.2,0.02,0.2,0.0006189395789988339,0.9986101984977722,0.0006183193763718009
500,1.0,5.635918426327381,1e-05,gaussian,19,0.2,0.02,0.2,0.19921278953552246,0.019936082884669304,0.1996871829032898
500,1.0,5.635918426327381,1e-05,edge_flip,19,0.2,0.02,0.2,0.19924332201480865,0.020188812166452408,0.19950218498706818
500,2.0,2.668102829441137,1e-05,sbm_dpsgd,0,0.2,0.02,0.2,0.000628411362413317,0.9985880255699158,0.0006206659018062055
500,2.0,2.668102829441137,1e-05,gaussian,0,0.2,0.02,0.2,0.20162475109100342,0.01963665708899498,0.1965506225824356
500,2.0,2.668102829441137,1e-05,edge_flip,0,0.2,0.02,0.2,0.20211654901504517,0.019909564405679703,0.1955079883337021
500,2.0,2.668102829441137,1e-05,sbm_dpsgd,1,0.2,0.02,0.2,0.0006117737502790987,0.9986491799354553,0.000614635122474283
500,2.0,2.668102829441137,1e-05,gaussian,1,0.2,0.02,0.2,0.1985965222120285,0.02062078006565571,0.19860287010669708
500,2.0,2.668102829441137,1e-05,edge_flip,1,0.2,0.02,0.2,0.19705860316753387,0.020332438871264458,0.19971679151058197
500,2.0,2.668102829441137,1e-05,sbm_dpsgd,2,0.2,0.02,0.2,0.0006219032220542431,0.9985887408256531,0.0006211744621396065
500,2.0,2.668102829441137,1e-05,gaussian,2,0.2,0.02,0.2,0.20103801786899567,0.019334392622113228,0.19912691414356232
500,2.0,2.668102829441137,1e-05,edge_flip,2,0.2,0.02,0.2,0.200381338596344,0.01924767531454563,0.19912607967853546
500,2.0,2.668102829441137,1e-05,sbm_dpsgd,3,0.2,0.02,0.2,0.0006217816844582558,0.9985997080802917,0.0006263887044042349
500,2.0,2.668102829441137,1e-05,gaussian,3,0.2,0.02,0.2,0.19711552560329437,0.019345685839653015,0.20110724866390228
500,2.0,2.668102829441137,1e-05,edge_flip,3,0.2,0.02,0.2,0.1942896544933319,0.021196572110056877,0.20034442842006683
500,2.0,2.668102829441137,1e-05,sbm_dpsgd,4,0.2,0.02,0.2,0.0006260931841097772,0.9985827207565308,0.00062898441683501
500,2.0,2.668102829441137,1e-05,gaussian,4,0.2,0.02,0.2,0.19963809847831726,0.019881833344697952,0.201603963971138
500,2.0,2.668102829441137,1e-05,edge_flip,4,0.2,0.02,0.2,0.19945836067199707,0.020240509882569313,0.201562762260437
500,2.0,2.668102829441137,1e-05,sbm_dpsgd,5,0.2,0.02,0.2,0.0006148137617856264,0.9986265897750854,0.0006162253557704389
500,2.0,2.668102829441137,1e-05,gaussian,5,0.2,0.02,0.2,0.19709277153015137,0.02008553221821785,0.20094379782676697
500,2.0,2.668102829441137,1e-05,edge_flip,5,0.2,0.02,0.2,0.1963571310043335,0.020038265734910965,0.20111972093582153
500,2.0,2.668102829441137,1e-05,sbm_dpsgd,6,0.2,0.02,0.2,0.0006191790453158319,0.9986099004745483,0.0006193420849740505
500,2.0,2.668102829441137,1e-05,gaussian,6,0.2,0.02,0.2,0.19695940613746643,0.02025461383163929,0.19908078014850616
500,2.0,2.668102829441137,1e-05,edge_flip,6,0.2,0.02,0.2,0.1944742500782013,0.020240509882569313,0.19654172658920288
500,2.0,2.668102829441137,1e-05,sbm_dpsgd,7,0.2,0.02,0.2,0.0006309570162557065,0.9986196160316467,0.0006374774384312332
500,2.0,2.668102829441137,1e-05,gaussian,7,0.2,0.02,0.2,0.19844605028629303,0.019224492833018303,0.2042761594057083
500,2.0,2.668102829441137,1e-05,edge_flip,7,0.2,0.02,0.2,0.20034442842006683,0.020350825041532516,0.2020057886838913
500,2.0,2.668102829441137,1e-05,sbm_dpsgd,8,0.2,0.02,0.2,0.0006347713642753661,0.9985622763633728,0.0006364023429341614
500,2.0,2.668102829441137,1e-05,gaussian,8,0.2,0.02,0.2,0.20348519086837769,0.020571622997522354,0.20145070552825928
500,2.0,2.668102829441137,1e-05,edge_flip,8,0.2,0.02,0.2,0.20296569168567657,0.021417202427983284,0.20488549768924713
500,2.0,2.668102829441137,1e-05,sbm_dpsgd,9,0.2,0.02,0.2,0.0006375536904670298,0.9985837936401367,0.0006355441291816533
500,2.0,2.668102829441137,1e-05,gaussian,9,0.2,0.02,0.2,0.2025284469127655,0.019709760323166847,0.20137782394886017
500,2.0,2.668102829441137,1e-05,edge_flip,9,0.2,0.02,0.2,0.20104588568210602,0.019891178235411644,0.20348256826400757
500,2.0,2.668102829441137,1e-05,sbm_dpsgd,10,0.2,0.02,0.2,0.0006202157237567008,0.9985814690589905,0.0006131703266873956
500,2.0,2.668102829441137,1e-05,gaussian,10,0.2,0.02,0.2,0.19884708523750305,0.018480516970157623,0.1983526051044464
500,2.0,2.668102829441137,1e-05,edge_flip,10,0.2,0.02,0.2,0.19975371658802032,0.01788712479174137,0.19949527084827423
500,2.0,2.668102829441137,1e-05,sbm_dpsgd,11,0.2,0.02,0.2,0.000633431482128799,0.9985723495483398,0.0006330313626676798
500,2.0,2.668102829441137,1e-05,gaussian,11,0.2,0.02,0.2,0.20191743969917297,0.02055354043841362,0.20198670029640198
500,2.0,2.668102829441137,1e-05,edge_flip,11,0.2,0.02,0.2,0.20159967243671417,0.02285129576921463,0.2022642195224762
500,2.0,2.668102829441137,1e-05,sbm_dpsgd,12,0.2,0.02,0.2,0.0006159438053146005,0.998619556427002,0.0006181618082337081
500,2.0,2.668102829441137,1e-05,gaussian,12,0.2,0.02,0.2,0.19945868849754333,0.021229151636362076,0.19943976402282715
500,2.0,2.668102829441137,1e-05,edge_flip,12,0.2,0.02,0.2,0.20049209892749786,0.022759366780519485,0.19975371658802032
500,2.0,2.668102829441137,1e-05,sbm_dpsgd,13,0.2,0.02,0.2,0.0006331180920824409,0.9985795021057129,0.000633109244517982
500,2.0,2.668102829441137,1e-05,gaussian,13,0.2,0.02,0.2,0.19926466047763824,0.01970183663070202,0.2027345448732376
500,2.0,2.668102829441137,1e-05,edge_flip,13,0.2,0.02,0.2,0.19886764883995056,0.021251728758215904,0.20178426802158356
500,2.0,2.668102829441137,1e-05,sbm_dpsgd,14,0.2,0.02,0.2,0.0006233341991901398,0.9985952973365784,0.0006205514655448496
500,2.0,2.668102829441137,1e-05,gaussian,14,0.2,0.02,0.2,0.1981816589832306,0.019867314025759697,0.19826950132846832
500,2.0,2.668102829441137,1e-05,edge_flip,14,0.2,0.02,0.2,0.19890457391738892,0.018328383564949036,0.19665248692035675
500,2.0,2.668102829441137,1e-05,sbm_dpsgd,15,0.2,0.02,0.2,0.0006238162168301642,0.9986223578453064,0.0006233751191757619
500,2.0,2.668102829441137,1e-05,gaussian,15,0.2,0.02,0.2,0.20094475150108337,0.02028823271393776,0.2020646631717682
500,2.0,2.668102829441137,1e-05,edge_flip,15,0.2,0.02,0.2,0.19827693700790405,0.019045431166887283,0.20307645201683044
500,2.0,2.668102829441137,1e-05,sbm_dpsgd,16,0.2,0.02,0.2,0.0006212685257196426,0.9986217021942139,0.0006172501016408205
500,2.0,2.668102829441137,1e-05,gaussian,16,0.2,0.02,0.2,0.2007957100868225,0.01998854987323284,0.19795173406600952
500,2.0,2.668102829441137,1e-05,edge_flip,16,0.2,0.02,0.2,0.19927376508712769,0.018475471064448357,0.2009720504283905
500,2.0,2.668102829441137,1e-05,sbm_dpsgd,17,0.2,0.02,0.2,0.0006259732181206346,0.9985751509666443,0.0006310859462246299
500,2.0,2.668102829441137,1e-05,gaussian,17,0.2,0.02,0.2,0.1980789452791214,0.020562099292874336,0.20582140982151031
500,2.0,2.668102829441137,1e-05,edge_flip,17,0.2,0.02,0.2,0.19890457391738892,0.02014858089387417,0.20569771528244019
500,2.0,2.668102829441137,1e-05,sbm_dpsgd,18,0.2,0.02,0.2,0.0006214391905814409,0.9986070990562439,0.0006231617880985141
500,2.0,2.668102829441137,1e-05,gaussian,18,0.2,0.02,0.2,0.20004236698150635,0.02145254798233509,0.2034369707107544
500,2.0,2.668102829441137,1e-05,edge_flip,18,0.2,0.02,0.2,0.20034442842006683,0.021932004019618034,0.204996258020401
500,2.0,2.668102829441137,1e-05,sbm_dpsgd,19,0.2,0.02,0.2,0.0006256212946027517,0.9986083507537842,0.0006281663081608713
500,2.0,2.668102829441137,1e-05,gaussian,19,0.2,0.02,0.2,0.19940952956676483,0.021042590960860252,0.20188386738300323
500,2.0,2.668102829441137,1e-05,edge_flip,19,0.2,0.02,0.2,0.20211654901504517,0.021527515724301338,0.2037040740251541
500,5.0,1.0338953100711687,1e-05,sbm_dpsgd,0,0.2,0.02,0.2,0.000614882621448487,0.9986335635185242,0.0006068020011298358
500,5.0,1.0338953100711687,1e-05,gaussian,0,0.2,0.02,0.2,0.19885726273059845,0.020050833001732826,0.19647422432899475
500,5.0,1.0338953100711687,1e-05,edge_flip,0,0.2,0.02,0.2,0.19952648878097534,0.015126802027225494,0.19736360013484955
500,5.0,1.0338953100711687,1e-05,sbm_dpsgd,1,0.2,0.02,0.2,0.0006260452792048454,0.9985907673835754,0.0006265225820243359
500,5.0,1.0338953100711687,1e-05,gaussian,1,0.2,0.02,0.2,0.1988687664270401,0.019490372389554977,0.1986851543188095
500,5.0,1.0338953100711687,1e-05,edge_flip,1,0.2,0.02,0.2,0.19736360013484955,0.01341013889759779,0.19803950190544128
500,5.0,1.0338953100711687,1e-05,sbm_dpsgd,2,0.2,0.02,0.2,0.0006225183024071157,0.9986361265182495,0.0006113198469392955
500,5.0,1.0338953100711687,1e-05,gaussian,2,0.2,0.02,0.2,0.2018715888261795,0.01932629570364952,0.1968386322259903
500,5.0,1.0338953100711687,1e-05,edge_flip,2,0.2,0.02,0.2,0.20358191430568695,0.015665363520383835,0.19770154356956482
500,5.0,1.0338953100711687,1e-05,sbm_dpsgd,3,0.2,0.02,0.2,0.0006283298716880381,0.9986067414283752,0.000621671904809773
500,5.0,1.0338953100711687,1e-05,gaussian,3,0.2,0.02,0.2,0.20277221500873566,0.019942916929721832,0.19906319677829742
500,5.0,1.0338953100711687,1e-05,edge_flip,3,0.2,0.02,0.2,0.1989181786775589,0.02233005501329899,0.20277082920074463
500,5.0,1.0338953100711687,1e-05,sbm_dpsgd,4,0.2,0.02,0.2,0.0006229986320249736,0.9986318349838257,0.0006235362379811704
500,5.0,1.0338953100711687,1e-05,gaussian,4,0.2,0.02,0.2,0.2008138746023178,0.0197228342294693,0.2026972770690918
500,5.0,1.0338953100711687,1e-05,edge_flip,4,0.2,0.02,0.2,0.2039874643087387,0.020815351977944374,0.19499793648719788
500,5.0,1.0338953100711687,1e-05,sbm_dpsgd,5,0.2,0.02,0.2,0.0006096411379985511,0.9986280202865601,0.0006088763475418091
500,5.0,1.0338953100711687,1e-05,gaussian,5,0.2,0.02,0.2,0.1981474906206131,0.02024340070784092,0.19605830311775208
500,5.0,1.0338953100711687,1e-05,edge_flip,5,0.2,0.02,0.2,0.2052040994167328,0.023743778467178345,0.18519730865955353
500,5.0,1.0338953100711687,1e-05,sbm_dpsgd,6,0.2,0.02,0.2,0.0006119102472439408,0.9986172914505005,0.0006156209856271744
500,5.0,1.0338953100711687,1e-05,gaussian,6,0.2,0.02,0.2,0.19141225516796112,0.019932955503463745,0.20094671845436096
500,5.0,1.0338953100711687,1e-05,edge_flip,6,0.2,0.02,0.2,0.19317299127578735,0.017011765390634537,0.20425783097743988
500,5.0,1.0338953100711687,1e-05,sbm_dpsgd,7,0.2,0.02,0.2,0.0006397764664143324,0.9985684156417847,0.0006367286550812423
500,5.0,1.0338953100711687,1e-05,gaussian,7,0.2,0.02,0.2,0.20127777755260468,0.018940167501568794,0.2031223475933075
500,5.0,1.0338953100711687,1e-05,edge_flip,7,0.2,0.02,0.2,0.19621455669403076,0.019334308803081512,0.20250047743320465
500,5.0,1.0338953100711687,1e-05,sbm_dpsgd,8,0.2,0.02,0.2,0.0006072858232073486,0.9986061453819275,0.0006130973342806101
500,5.0,1.0338953100711687,1e-05,gaussian,8,0.2,0.02,0.2,0.1960659623146057,0.019821351394057274,0.19847175478935242
500,5.0,1.0338953100711687,1e-05,edge_flip,8,0.2,0.02,0.2,0.2041902393102646,0.0184928085654974,0.1997968554496765
500,5.0,1.0338953100711687,1e-05,sbm_dpsgd,9,0.2,0.02,0.2,0.0006126113003119826,0.9986255764961243,0.000612198025919497
500,5.0,1.0338953100711687,1e-05,gaussian,9,0.2,0.02,0.2,0.1988009214401245,0.021061867475509644,0.20021317899227142
500,5.0,1.0338953100711687,1e-05,edge_flip,9,0.2,0.02,0.2,0.19871540367603302,0.01839182712137699,0.20006722211837769
500,5.0,1.0338953100711687,1e-05,sbm_dpsgd,10,0.2,0.02,0.2,0.0006194122834131122,0.9986017346382141,0.0006178927142173052
500,5.0,1.0338953100711687,1e-05,gaussian,10,0.2,0.02,0.2,0.19839262962341309,0.019140062853693962,0.1961495280265808
500,5.0,1.0338953100711687,1e-05,edge_flip,10,0.2,0.02,0.2,0.20263566076755524,0.011592495255172253,0.20128384232521057
500,5.0,1.0338953100711687,1e-05,sbm_dpsgd,11,0.2,0.02,0.2,0.0006240025977604091,0.9985864162445068,0.0006203327211551368
500,5.0,1.0338953100711687,1e-05,gaussian,11,0.2,0.02,0.2,0.20185154676437378,0.02032315917313099,0.20133721828460693
500,5.0,1.0338953100711687,1e-05,edge_flip,11,0.2,0.02,0.2,0.1979043185710907,0.026032662019133568,0.1989857703447342
500,5.0,1.0338953100711687,1e-05,sbm_dpsgd,12,0.2,0.02,0.2,0.0006231938023120165,0.9986123442649841,0.0006228468846529722
500,5.0,1.0338953100711687,1e-05,gaussian,12,0.2,0.02,0.2,0.19983747601509094,0.02044728398323059,0.19965729117393494
500,5.0,1.0338953100711687,1e-05,edge_flip,12,0.2,0.02,0.2,0.20135143399238586,0.025561422109603882,0.20026998221874237
500,5.0,1.0338953100711687,1e-05,sbm_dpsgd,13,0.2,0.02,0.2,0.0006230975850485265,0.9986051917076111,0.0006220151553861797
500,5.0,1.0338953100711687,1e-05,gaussian,13,0.2,0.02,0.2,0.20128224790096283,0.021000804379582405,0.19618278741836548
500,5.0,1.0338953100711687,1e-05,edge_flip,13,0.2,0.02,0.2,0.1957414299249649,0.014621901325881481,0.18986105918884277
500,5.0,1.0338953100711687,1e-05,sbm_dpsgd,14,0.2,0.02,0.2,0.0006376761011779308,0.9985549449920654,0.0006340586696751416
500,5.0,1.0338953100711687,1e-05,gaussian,14,0.2,0.02,0.2,0.2052038609981537,0.0194828063249588,0.20008912682533264
500,5.0,1.0338953100711687,1e-05,edge_flip,14,0.2,0.02,0.2,0.2050689160823822,0.011525175534188747,0.20047275722026825
500,5.0,1.0338953100711687,1e-05,sbm_dpsgd,15,0.2,0.02,0.2,0.0006234222673811018,0.9985859990119934,0.0006313956691883504
500,5.0,1.0338953100711687,1e-05,gaussian,15,0.2,0.02,0.2,0.199759379029274,0.019442971795797348,0.20151254534721375
500,5.0,1.0338953100711687,1e-05,edge_flip,15,0.2,0.02,0.2,0.19452479481697083,0.019637249410152435,0.20283842086791992
500,5.0,1.0338953100711687,1e-05,sbm_dpsgd,16,0.2,0.02,0.2,0.0006208479171618819,0.9986007213592529,0.0006251174490898848
500,5.0,1.0338953100711687,1e-05,gaussian,16,0.2,0.02,0.2,0.20099222660064697,0.020603753626346588,0.2039807289838791
500,5.0,1.0338953100711687,1e-05,edge_flip,16,0.2,0.02,0.2,0.192632257938385,0.02408037893474102,0.2071642130613327
500,5.0,1.0338953100711687,1e-05,sbm_dpsgd,17,0.2,0.02,0.2,0.0006319113308563828,0.9985928535461426,0.000634517171420157
500,5.0,1.0338953100711687,1e-05,gaussian,17,0.2,0.02,0.2,0.20090067386627197,0.01966254599392414,0.200279101729393
500,5.0,1.0338953100711687,1e-05,edge_flip,17,0.2,0.02,0.2,0.1997968554496765,0.022027114406228065,0.19966167211532593
500,5.0,1.0338953100711687,1e-05,sbm_dpsgd,18,0.2,0.02,0.2,0.0006166742532514036,0.9986447691917419,0.0006072709802538157
500,5.0,1.0338953100711687,1e-05,gaussian,18,0.2,0.02,0.2,0.19879023730754852,0.02012588270008564,0.20011943578720093
500,5.0,1.0338953100711687,1e-05,edge_flip,18,0.2,0.02,0.2,0.19729600846767426,0.021589534357190132,0.20966506004333496
500,5.0,1.0338953100711687,1e-05,sbm_dpsgd,19,0.2,0.02,0.2,0.0006341656553559005,0.9985595941543579,0.0006365731824189425
500,5.0,1.0338953100711687,1e-05,gaussian,19,0.2,0.02,0.2,0.20187655091285706,0.01976465992629528,0.20551489293575287
500,5.0,1.0338953100711687,1e-05,edge_flip,19,0.2,0.02,0.2,0.20087830722332,0.018156208097934723,0.2144639939069748
500,10.0,0.5431122541136532,1e-05,sbm_dpsgd,0,0.2,0.02,0.2,0.0006419130368158221,0.9985631108283997,0.0006376123637892306
500,10.0,0.5431122541136532,1e-05,gaussian,0,0.2,0.02,0.2,0.20240633189678192,0.019873905926942825,0.20122279226779938
500,10.0,0.5431122541136532,1e-05,edge_flip,0,0.2,0.02,0.2,0.19437745213508606,0.02381279319524765,0.2043163925409317
500,10.0,0.5431122541136532,1e-05,sbm_dpsgd,1,0.2,0.02,0.2,0.0006184853264130652,0.9985755085945129,0.0006235713954083622
500,10.0,0.5431122541136532,1e-05,gaussian,1,0.2,0.02,0.2,0.19405482709407806,0.019367996603250504,0.20318488776683807
500,10.0,0.5431122541136532,1e-05,edge_flip,1,0.2,0.02,0.2,0.19086246192455292,0.027675891295075417,0.19643795490264893
500,10.0,0.5431122541136532,1e-05,sbm_dpsgd,2,0.2,0.02,0.2,0.0006283493130467832,0.9986180067062378,0.000621597922872752
500,10.0,0.5431122541136532,1e-05,gaussian,2,0.2,0.02,0.2,0.20155346393585205,0.019209861755371094,0.20051999390125275
500,10.0,0.5431122541136532,1e-05,edge_flip,2,0.2,0.02,0.2,0.19631674885749817,0.01783706247806549,0.19910450279712677
500,10.0,0.5431122541136532,1e-05,sbm_dpsgd,3,0.2,0.02,0.2,0.0006248782738111913,0.9986065030097961,0.0006212739972397685
500,10.0,0.5431122541136532,1e-05,gaussian,3,0.2,0.02,0.2,0.19724881649017334,0.018695255741477013,0.20036651194095612
500,10.0,0.5431122541136532,1e-05,edge_flip,3,0.2,0.02,0.2,0.198983296751976,0.024657845497131348,0.18346884846687317
500,10.0,0.5431122541136532,1e-05,sbm_dpsgd,4,0.2,0.02,0.2,0.0006249272264540195,0.9985994100570679,0.0006270952289924026
500,10.0,0.5431122541136532,1e-05,gaussian,4,0.2,0.02,0.2,0.20111246407032013,0.01988516002893448,0.19589470326900482
500,10.0,0.5431122541136532,1e-05,edge_flip,4,0.2,0.02,0.2,0.1998317539691925,0.02532181516289711,0.20164984464645386
500,10.0,0.5431122541136532,1e-05,sbm_dpsgd,5,0.2,0.02,0.2,0.0006268302095122635,0.9985924959182739,0.0006202770164236426
500,10.0,0.5431122541136532,1e-05,gaussian,5,0.2,0.02,0.2,0.20116327702999115,0.021745439618825912,0.19703982770442963
500,10.0,0.5431122541136532,1e-05,edge_flip,5,0.2,0.02,0.2,0.198983296751976,0.024114597588777542,0.19546830654144287
500,10.0,0.5431122541136532,1e-05,sbm_dpsgd,6,0.2,0.02,0.2,0.0006230880389921367,0.9986040592193604,0.0006276884814724326
500,10.0,0.5431122541136532,1e-05,gaussian,6,0.2,0.02,0.2,0.2030785232782364,0.019696112722158432,0.20277708768844604
500,10.0,0.5431122541136532,1e-05,edge_flip,6,0.2,0.02,0.2,0.22576996684074402,0.02115691266953945,0.21667946875095367
500,10.0,0.5431122541136532,1e-05,sbm_dpsgd,7,0.2,0.02,0.2,0.0006185923120938241,0.9986081123352051,0.0006182264187373221
500,10.0,0.5431122541136532,1e-05,gaussian,7,0.2,0.02,0.2,0.19925843179225922,0.019428173080086708,0.19834120571613312
500,10.0,0.5431122541136532,1e-05,edge_flip,7,0.2,0.02,0.2,0.20031657814979553,0.02272629737854004,0.19849847257137299
500,10.0,0.5431122541136532,1e-05,sbm_dpsgd,8,0.2,0.02,0.2,0.0006250819424167275,0.9985673427581787,0.0006269629811868072
500,10.0,0.5431122541136532,1e-05,gaussian,8,0.2,0.02,0.2,0.19805221259593964,0.020012566819787025,0.19882668554782867
500,10.0,0.5431122541136532,1e-05,edge_flip,8,0.2,0.02,0.2,0.19692279398441315,0.02115691266953945,0.19134728610515594
500,10.0,0.5431122541136532,1e-05,sbm_dpsgd,9,0.2,0.02,0.2,0.000627353903837502,0.9986056089401245,0.0006232208106666803
500,10.0,0.5431122541136532,1e-05,gaussian,9,0.2,0.02,0.2,0.1997329294681549,0.019726218655705452,0.19908027350902557
500,10.0,0.5431122541136532,1e-05,edge_flip,9,0.2,0.02,0.2,0.192316934466362,0.03057321533560753,0.20419518649578094
500,10.0,0.5431122541136532,1e-05,sbm_dpsgd,10,0.2,0.02,0.2,0.0006219798815436661,0.9985878467559814,0.0006158520700410008
500,10.0,0.5431122541136532,1e-05,gaussian,10,0.2,0.02,0.2,0.2007068246603012,0.020412998273968697,0.19935952126979828
500,10.0,0.5431122541136532,1e-05,edge_flip,10,0.2,0.02,0.2,0.21619464457035065,0.019949695095419884,0.21389171481132507
500,10.0,0.5431122541136532,1e-05,sbm_dpsgd,11,0.2,0.02,0.2,0.000615982455201447,0.9986303448677063,0.000609262497164309
500,10.0,0.5431122541136532,1e-05,gaussian,11,0.2,0.02,0.2,0.20048131048679352,0.019625013694167137,0.19890917837619781
500,10.0,0.5431122541136532,1e-05,edge_flip,11,0.2,0.02,0.2,0.20443759858608246,0.014577574096620083,0.18771108984947205
500,10.0,0.5431122541136532,1e-05,sbm_dpsgd,12,0.2,0.02,0.2,0.0006328487070277333,0.9985918402671814,0.0006289411103352904
500,10.0,0.5431122541136532,1e-05,gaussian,12,0.2,0.02,0.2,0.20236007869243622,0.021151365712285042,0.19972039759159088
500,10.0,0.5431122541136532,1e-05,edge_flip,12,0.2,0.02,0.2,0.2088010460138321,0.02749480865895748,0.18322643637657166
500,10.0,0.5431122541136532,1e-05,sbm_dpsgd,13,0.2,0.02,0.2,0.0006462957826443017,0.9985394477844238,0.0006435861578211188
500,10.0,0.5431122541136532,1e-05,gaussian,13,0.2,0.02,0.2,0.20405347645282745,0.020215464755892754,0.20400163531303406
500,10.0,0.5431122541136532,1e-05,edge_flip,13,0.2,0.02,0.2,0.20564965903759003,0.018018145114183426,0.19413504004478455
500,10.0,0.5431122541136532,1e-05,sbm_dpsgd,14,0.2,0.02,0.2,0.0006160677876323462,0.9986302852630615,0.0006217350019142032
500,10.0,0.5431122541136532,1e-05,gaussian,14,0.2,0.02,0.2,0.2002759575843811,0.01948411576449871,0.19948551058769226
500,10.0,0.5431122541136532,1e-05,edge_flip,14,0.2,0.02,0.2,0.19352899491786957,0.02948671765625477,0.19195331633090973
500,10.0,0.5431122541136532,1e-05,sbm_dpsgd,15,0.2,0.02,0.2,0.0006357113015837967,0.9985738396644592,0.0006406534812413156
500,10.0,0.5431122541136532,1e-05,gaussian,15,0.2,0.02,0.2,0.20155927538871765,0.019241943955421448,0.20461446046829224
500,10.0,0.5431122541136532,1e-05,edge_flip,15,0.2,0.02,0.2,0.19728641211986542,0.017655979841947556,0.20383156836032867
500,10.0,0.5431122541136532,1e-05,sbm_dpsgd,16,0.2,0.02,0.2,0.0006312938639894128,0.9986035823822021,0.000632425828371197
500,10.0,0.5431122541136532,1e-05,gaussian,16,0.2,0.02,0.2,0.20181457698345184,0.020878368988633156,0.20148935914039612
500,10.0,0.5431122541136532,1e-05,edge_flip,16,0.2,0.02,0.2,0.21680067479610443,0.011197363026440144,0.19728641211986542
500,10.0,0.5431122541136532,1e-05,sbm_dpsgd,17,0.2,0.02,0.2,0.0006302727269940078,0.9986041784286499,0.0006252014427445829
500,10.0,0.5431122541136532,1e-05,gaussian,17,0.2,0.02,0.2,0.19873039424419403,0.02041761949658394,0.19849422574043274
500,10.0,0.5431122541136532,1e-05,edge_flip,17,0.2,0.02,0.2,0.1978924423456192,0.01970825158059597,0.19207452237606049
500,10.0,0.5431122541136532,1e-05,sbm_dpsgd,18,0.2,0.02,0.2,0.0006200930220074952,0.9985982775688171,0.0006191477878019214
500,10.0,0.5431122541136532,1e-05,gaussian,18,0.2,0.02,0.2,0.202080637216568,0.020970279350876808,0.1984119862318039
500,10.0,0.5431122541136532,1e-05,edge_flip,18,0.2,0.02,0.2,0.19728641211986542,0.011197363026440144,0.1839536726474762
500,10.0,0.5431122541136532,1e-05,sbm_dpsgd,19,0.2,0.02,0.2,0.0006227354169823229,0.9985944628715515,0.0006260787486098707
500,10.0,0.5431122541136532,1e-05,gaussian,19,0.2,0.02,0.2,0.19768106937408447,0.019889699295163155,0.20174317061901093
500,10.0,0.5431122541136532,1e-05,edge_flip,19,0.2,0.02,0.2,0.2032255381345749,0.017354175448417664,0.21340689063072205
500,20.0,0.40561225411365304,1e-05,sbm_dpsgd,0,0.2,0.02,0.2,0.00062094273744151,0.9986241459846497,0.0006214514141902328
500,20.0,0.40561225411365304,1e-05,gaussian,0,0.2,0.02,0.2,0.19881801307201385,0.01899697445333004,0.20116056501865387
500,20.0,0.40561225411365304,1e-05,edge_flip,0,0.2,0.02,0.2,0.17489393055438995,0.011852387338876724,0.19978474080562592
500,20.0,0.40561225411365304,1e-05,sbm_dpsgd,1,0.2,0.02,0.2,0.0006208057166077197,0.9986197352409363,0.0006221026415005326
500,20.0,0.40561225411365304,1e-05,gaussian,1,0.2,0.02,0.2,0.1959821581840515,0.020594997331500053,0.20082621276378632
500,20.0,0.40561225411365304,1e-05,edge_flip,1,0.2,0.02,0.2,0.171361044049263,0.029366202652454376,0.18244145810604095
500,20.0,0.40561225411365304,1e-05,sbm_dpsgd,2,0.2,0.02,0.2,0.0006197869661264122,0.9986165761947632,0.0006257863133214414
500,20.0,0.40561225411365304,1e-05,gaussian,2,0.2,0.02,0.2,0.2009252905845642,0.01875798963010311,0.2041219174861908
500,20.0,0.40561225411365304,1e-05,edge_flip,2,0.2,0.02,0.2,0.2229090929031372,0.0,0.2076534479856491
500,20.0,0.40561225411365304,1e-05,sbm_dpsgd,3,0.2,0.02,0.2,0.0006229050923138857,0.998591959476471,0.0006133913993835449
500,20.0,0.40561225411365304,1e-05,gaussian,3,0.2,0.02,0.2,0.20037005841732025,0.020190587267279625,0.1925618201494217
500,20.0,0.40561225411365304,1e-05,edge_flip,3,0.2,0.02,0.2,0.21985796093940735,0.025447586551308632,0.20492348074913025
500,20.0,0.40561225411365304,1e-05,sbm_dpsgd,4,0.2,0.02,0.2,0.0006290669552981853,0.998595118522644,0.0006201203796081245
500,20.0,0.40561225411365304,1e-05,gaussian,4,0.2,0.02,0.2,0.20207588374614716,0.019810013473033905,0.19742262363433838
500,20.0,0.40561225411365304,1e-05,edge_flip,4,0.2,0.02,0.2,0.1862955242395401,0.01585097424685955,0.16782814264297485
500,20.0,0.40561225411365304,1e-05,sbm_dpsgd,5,0.2,0.02,0.2,0.0006305649876594543,0.9985690116882324,0.000626152555923909
500,20.0,0.40561225411365304,1e-05,gaussian,5,0.2,0.02,0.2,0.20155693590641022,0.02013322338461876,0.19772940874099731
500,20.0,0.40561225411365304,1e-05,edge_flip,5,0.2,0.02,0.2,0.2015511840581894,0.013371850363910198,0.1944853961467743
500,20.0,0.40561225411365304,1e-05,sbm_dpsgd,6,0.2,0.02,0.2,0.0006271907477639616,0.9986045360565186,0.0006317338556982577
500,20.0,0.40561225411365304,1e-05,gaussian,6,0.2,0.02,0.2,0.20132341980934143,0.019049471244215965,0.19989052414894104
500,20.0,0.40561225411365304,1e-05,edge_flip,6,0.2,0.02,0.2,0.1932007074356079,0.0022557759657502174,0.18838313221931458
500,20.0,0.40561225411365304,1e-05,sbm_dpsgd,7,0.2,0.02,0.2,0.0006318493979051709,0.9985668659210205,0.0006318729720078409
500,20.0,0.40561225411365304,1e-05,gaussian,7,0.2,0.02,0.2,0.20103678107261658,0.01920745149254799,0.20008887350559235
500,20.0,0.40561225411365304,1e-05,edge_flip,7,0.2,0.02,0.2,0.19271895289421082,0.023848149925470352,0.16622228920459747
500,20.0,0.40561225411365304,1e-05,sbm_dpsgd,8,0.2,0.02,0.2,0.000632664596196264,0.998588502407074,0.0006381620187312365
500,20.0,0.40561225411365304,1e-05,gaussian,8,0.2,0.02,0.2,0.20023687183856964,0.018522996455430984,0.20443376898765564
500,20.0,0.40561225411365304,1e-05,edge_flip,8,0.2,0.02,0.2,0.18854372203350067,0.0036152959801256657,0.19785770773887634
500,20.0,0.40561225411365304,1e-05,sbm_dpsgd,9,0.2,0.02,0.2,0.0006321084219962358,0.998582124710083,0.0006339289247989655
500,20.0,0.40561225411365304,1e-05,gaussian,9,0.2,0.02,0.2,0.19993947446346283,0.018743760883808136,0.19910146296024323
500,20.0,0.40561225411365304,1e-05,edge_flip,9,0.2,0.02,0.2,0.19641242921352386,0.03104560822248459,0.21873386204242706
500,20.0,0.40561225411365304,1e-05,sbm_dpsgd,10,0.2,0.02,0.2,0.0006172673311084509,0.9986004829406738,0.0006255232146941125
500,20.0,0.40561225411365304,1e-05,gaussian,10,0.2,0.02,0.2,0.19828136265277863,0.01855110377073288,0.2023707777261734
500,20.0,0.40561225411365304,1e-05,edge_flip,10,0.2,0.02,0.2,0.20363879203796387,0.011452528648078442,0.2013905942440033
500,20.0,0.40561225411365304,1e-05,sbm_dpsgd,11,0.2,0.02,0.2,0.0006288670701906085,0.9986007213592529,0.0006281337118707597
500,20.0,0.40561225411365304,1e-05,gaussian,11,0.2,0.02,0.2,0.19868104159832,0.01809021085500717,0.19838446378707886
500,20.0,0.40561225411365304,1e-05,edge_flip,11,0.2,0.02,0.2,0.1936824768781662,0.023128405213356018,0.19079191982746124
500,20.0,0.40561225411365304,1e-05,sbm_dpsgd,12,0.2,0.02,0.2,0.0006237850757315755,0.9985787272453308,0.0006240452639758587
500,20.0,0.40561225411365304,1e-05,gaussian,12,0.2,0.02,0.2,0.20123539865016937,0.020559392869472504,0.19898191094398499
500,20.0,0.40561225411365304,1e-05,edge_flip,12,0.2,0.02,0.2,0.2012300044298172,0.025207670405507088,0.22001855075359344
500,20.0,0.40561225411365304,1e-05,sbm_dpsgd,13,0.2,0.02,0.2,0.00062567088752985,0.9985728859901428,0.000626907916739583
500,20.0,0.40561225411365304,1e-05,gaussian,13,0.2,0.02,0.2,0.19925686717033386,0.019268568605184555,0.1998428851366043
500,20.0,0.40561225411365304,1e-05,edge_flip,13,0.2,0.02,0.2,0.2076534479856491,0.021289054304361343,0.21102574467658997
500,20.0,0.40561225411365304,1e-05,sbm_dpsgd,14,0.2,0.02,0.2,0.0006264435942284763,0.998593270778656,0.0006221809890121222
500,20.0,0.40561225411365304,1e-05,gaussian,14,0.2,0.02,0.2,0.19593693315982819,0.019438177347183228,0.20538751780986786
500,20.0,0.40561225411365304,1e-05,edge_flip,14,0.2,0.02,0.2,0.18468967080116272,0.02688707783818245,0.19946356117725372
500,20.0,0.40561225411365304,1e-05,sbm_dpsgd,15,0.2,0.02,0.2,0.0006006704061292112,0.9986479878425598,0.0006077041616663337
500,20.0,0.40561225411365304,1e-05,gaussian,15,0.2,0.02,0.2,0.1966656893491745,0.01978771574795246,0.20161645114421844
500,20.0,0.40561225411365304,1e-05,edge_flip,15,0.2,0.02,0.2,0.2087775468826294,0.01217227429151535,0.18741962313652039
500,20.0,0.40561225411365304,1e-05,sbm_dpsgd,16,0.2,0.02,0.2,0.0006280270754359663,0.9986099004745483,0.0006166284438222647
500,20.0,0.40561225411365304,1e-05,gaussian,16,0.2,0.02,0.2,0.2039353847503662,0.019359055906534195,0.1982172578573227
500,20.0,0.40561225411365304,1e-05,edge_flip,16,0.2,0.02,0.2,0.18388673663139343,0.028086654841899872,0.19625183939933777
500,20.0,0.40561225411365304,1e-05,sbm_dpsgd,17,0.2,0.02,0.2,0.0006109721725806594,0.9986184239387512,0.0006145149236544967
500,20.0,0.40561225411365304,1e-05,gaussian,17,0.2,0.02,0.2,0.19800765812397003,0.02049316093325615,0.20204927027225494
500,20.0,0.40561225411365304,1e-05,edge_flip,17,0.2,0.02,0.2,0.19609126448631287,0.01425153948366642,0.2092593014240265
500,20.0,0.40561225411365304,1e-05,sbm_dpsgd,18,0.2,0.02,0.2,0.000618313904851675,0.9985924363136292,0.0006214543245732784
500,20.0,0.40561225411365304,1e-05,gaussian,18,0.2,0.02,0.2,0.20039737224578857,0.019800126552581787,0.20292215049266815
500,20.0,0.40561225411365304,1e-05,edge_flip,18,0.2,0.02,0.2,0.200587660074234,0.014171567745506763,0.20492348074913025
500,20.0,0.40561225411365304,1e-05,sbm_dpsgd,19,0.2,0.02,0.2,0.0006164074293337762,0.9986235499382019,0.000612181203905493
500,20.0,0.40561225411365304,1e-05,gaussian,19,0.2,0.02,0.2,0.19512641429901123,0.019979014992713928,0.20028361678123474
500,20.0,0.40561225411365304,1e-05,edge_flip,19,0.2,0.02,0.2,0.18051442503929138,0.011852387338876724,0.21343453228473663
1000,1.0,5.635918426327381,1e-05,sbm_dpsgd,0,0.2,0.02,0.2,0.0020051372703164816,0.9962455630302429,0.0020077505614608526
1000,1.0,5.635918426327381,1e-05,gaussian,0,0.2,0.02,0.2,0.1996620148420334,0.020177703350782394,0.19803296029567719
1000,1.0,5.635918426327381,1e-05,edge_flip,0,0.2,0.02,0.2,0.1996764987707138,0.02013644017279148,0.1978357434272766
1000,1.0,5.635918426327381,1e-05,sbm_dpsgd,1,0.2,0.02,0.2,0.0020232009701430798,0.9962405562400818,0.0019953185692429543
1000,1.0,5.635918426327381,1e-05,gaussian,1,0.2,0.02,0.2,0.19993597269058228,0.020008129999041557,0.19908173382282257
1000,1.0,5.635918426327381,1e-05,edge_flip,1,0.2,0.02,0.2,0.1999913603067398,0.02013644017279148,0.1993616223335266
1000,1.0,5.635918426327381,1e-05,sbm_dpsgd,2,0.2,0.02,0.2,0.0020208123605698347,0.9962245225906372,0.001998979365453124
1000,1.0,5.635918426327381,1e-05,gaussian,2,0.2,0.02,0.2,0.2002457082271576,0.02010764181613922,0.19837899506092072
1000,1.0,5.635918426327381,1e-05,edge_flip,2,0.2,0.02,0.2,0.200403094291687,0.020059896633028984,0.19865116477012634
1000,1.0,5.635918426327381,1e-05,sbm_dpsgd,3,0.2,0.02,0.2,0.002026974456384778,0.9962465763092041,0.001972634345293045
1000,1.0,5.635918426327381,1e-05,gaussian,3,0.2,0.02,0.2,0.20087479054927826,0.02031809650361538,0.19609767198562622
1000,1.0,5.635918426327381,1e-05,edge_flip,3,0.2,0.02,0.2,0.2008875012397766,0.02020895667374134,0.19601115584373474
1000,1.0,5.635918426327381,1e-05,sbm_dpsgd,4,0.2,0.02,0.2,0.0020220072474330664,0.9962797164916992,0.0020200179424136877
1000,1.0,5.635918426327381,1e-05,gaussian,4,0.2,0.02,0.2,0.20097637176513672,0.019941050559282303,0.19992376863956451
1000,1.0,5.635918426327381,1e-05,edge_flip,4,0.2,0.02,0.2,0.2007663995027542,0.0199793241918087,0.20017704367637634
1000,1.0,5.635918426327381,1e-05,sbm_dpsgd,5,0.2,0.02,0.2,0.002013122895732522,0.9962566494941711,0.00202157162129879
1000,1.0,5.635918426327381,1e-05,gaussian,5,0.2,0.02,0.2,0.19906646013259888,0.020107712596654892,0.20049484074115753
1000,1.0,5.635918426327381,1e-05,edge_flip,5,0.2,0.02,0.2,0.1990225464105606,0.020140469074249268,0.20021741092205048
1000,1.0,5.635918426327381,1e-05,sbm_dpsgd,6,0.2,0.02,0.2,0.0020047046709805727,0.9962406158447266,0.002031618496403098
1000,1.0,5.635918426327381,1e-05,gaussian,6,0.2,0.02,0.2,0.19929061830043793,0.020318102091550827,0.2010829597711563
1000,1.0,5.635918426327381,1e-05,edge_flip,6,0.2,0.02,0.2,0.19915172457695007,0.02048693224787712,0.20077447593212128
1000,1.0,5.635918426327381,1e-05,sbm_dpsgd,7,0.2,0.02,0.2,0.0020201089791953564,0.9962483644485474,0.0020361514762043953
1000,1.0,5.635918426327381,1e-05,gaussian,7,0.2,0.02,0.2,0.19945576786994934,0.02035916969180107,0.20185236632823944
1000,1.0,5.635918426327381,1e-05,edge_flip,7,0.2,0.02,0.2,0.19944235682487488,0.02036607265472412,0.20176750421524048
1000,1.0,5.635918426327381,1e-05,sbm_dpsgd,8,0.2,0.02,0.2,0.0020082874689251184,0.9962726831436157,0.002011561533436179
1000,1.0,5.635918426327381,1e-05,gaussian,8,0.2,0.02,0.2,0.19897443056106567,0.02001112513244152,0.19908203184604645
1000,1.0,5.635918426327381,1e-05,edge_flip,8,0.2,0.02,0.2,0.19881263375282288,0.020059896633028984,0.19895794987678528
1000,1.0,5.635918426327381,1e-05,sbm_dpsgd,9,0.2,0.02,0.2,0.0020128453616052866,0.9962256550788879,0.0019976887851953506
1000,1.0,5.635918426327381,1e-05,gaussian,9,0.2,0.02,0.2,0.19949492812156677,0.02006910927593708,0.1978759914636612
1000,1.0,5.635918426327381,1e-05,edge_flip,9,0.2,0.02,0.2,0.19945043325424194,0.020168669521808624,0.1977630853652954
1000,1.0,5.635918426327381,1e-05,sbm_dpsgd,10,0.2,0.02,0.2,0.002016030717641115,0.9962576627731323,0.0020293344277888536
1000,1.0,5.635918426327381,1e-05,gaussian,10,0.2,0.02,0.2,0.19964712858200073,0.019615696743130684,0.2010345309972763
1000,1.0,5.635918426327381,1e-05,edge_flip,10,0.2,0.02,0.2,0.19944235682487488,0.019681204110383987,0.20124274492263794
1000,1.0,5.635918426327381,1e-05,sbm_dpsgd,11,0.2,0.02,0.2,0.0020053668413311243,0.9961956143379211,0.002003531903028488
1000,1.0,5.635918426327381,1e-05,gaussian,11,0.2,0.02,0.2,0.19933106005191803,0.020586661994457245,0.19954466819763184
1000,1.0,5.635918426327381,1e-05,edge_flip,11,0.2,0.02,0.2,0.19944235682487488,0.020615849643945694,0.19951502978801727
1000,1.0,5.635918426327381,1e-05,sbm_dpsgd,12,0.2,0.02,0.2,0.001991127384826541,0.9962542653083801,0.0020148148760199547
1000,1.0,5.635918426327381,1e-05,gaussian,12,0.2,0.02,0.2,0.19938169419765472,0.02008955553174019,0.2005167454481125
1000,1.0,5.635918426327381,1e-05,edge_flip,12,0.2,0.02,0.2,0.19963613152503967,0.020043781027197838,0.2004757672548294
1000,1.0,5.635918426327381,1e-05,sbm_dpsgd,13,0.2,0.02,0.2,0.002019634237512946,0.9962294101715088,0.002018362283706665
1000,1.0,5.635918426327381,1e-05,gaussian,13,0.2,0.02,0.2,0.20006206631660461,0.019579969346523285,0.20000775158405304
1000,1.0,5.635918426327381,1e-05,edge_flip,13,0.2,0.02,0.2,0.20029006898403168,0.019685233011841774,0.2001851201057434
1000,1.0,5.635918426327381,1e-05,sbm_dpsgd,14,0.2,0.02,0.2,0.0020377449691295624,0.9962425827980042,0.002013425575569272
1000,1.0,5.635918426327381,1e-05,gaussian,14,0.2,0.02,0.2,0.200837180018425,0.019700858741998672,0.1985991895198822
1000,1.0,5.635918426327381,1e-05,edge_flip,14,0.2,0.02,0.2,0.20068566501140594,0.01984637789428234,0.1987076848745346
1000,1.0,5.635918426327381,1e-05,sbm_dpsgd,15,0.2,0.02,0.2,0.002014838857576251,0.9962589740753174,0.002022232860326767
1000,1.0,5.635918426327381,1e-05,gaussian,15,0.2,0.02,0.2,0.20014835894107819,0.01977050118148327,0.19978564977645874
1000,1.0,5.635918426327381,1e-05,edge_flip,15,0.2,0.02,0.2,0.2002093344926834,0.019814148545265198,0.1999913603067398
1000,1.0,5.635918426327381,1e-05,sbm_dpsgd,16,0.2,0.02,0.2,0.002005142392590642,0.9962360262870789,0.0020234494004398584
1000,1.0,5.635918426327381,1e-05,gaussian,16,0.2,0.02,0.2,0.1999070644378662,0.019841909408569336,0.2004968672990799
1000,1.0,5.635918426327381,1e-05,edge_flip,16,0.2,0.02,0.2,0.1999187022447586,0.019757747650146484,0.20084713399410248
1000,1.0,5.635918426327381,1e-05,sbm_dpsgd,17,0.2,0.02,0.2,0.0020063500851392746,0.9962437152862549,0.0020088115707039833
1000,1.0,5.635918426327381,1e-05,gaussian,17,0.2,0.02,0.2,0.20085087418556213,0.02004806324839592,0.19973568618297577
1000,1.0,5.635918426327381,1e-05,edge_flip,17,0.2,0.02,0.2,0.20067760348320007,0.020152555778622627,0.19951502978801727
1000,1.0,5.635918426327381,1e-05,sbm_dpsgd,18,0.2,0.02,0.2,0.002014740137383342,0.9962713718414307,0.0020354981534183025
1000,1.0,5.635918426327381,1e-05,gaussian,18,0.2,0.02,0.2,0.19929133355617523,0.019822727888822556,0.20206773281097412
1000,1.0,5.635918426327381,1e-05,edge_flip,18,0.2,0.02,0.2,0.1992163062095642,0.019830264151096344,0.20242953300476074
1000,1.0,5.635918426327381,1e-05,sbm_dpsgd,19,0.2,0.02,0.2,0.002036744961515069,0.9962283968925476,0.002026906004175544
1000,1.0,5.635918426327381,1e-05,gaussian,19,0.2,0.02,0.2,0.2004333883523941,0.020519867539405823,0.1998482495546341
1000,1.0,5.635918426327381,1e-05,edge_flip,19,0.2,0.02,0.2,0.2004999816417694,0.020664192736148834,0.19997520744800568
1000,2.0,2.668102829441137,1e-05,sbm_dpsgd,0,0.2,0.02,0.2,0.00204107235185802,0.996246874332428,0.0020251122768968344
1000,2.0,2.668102829441137,1e-05,gaussian,0,0.2,0.02,0.2,0.20083829760551453,0.019871415570378304,0.2003542184829712
1000,2.0,2.668102829441137,1e-05,edge_flip,0,0.2,0.02,0.2,0.2009173035621643,0.02004745788872242,0.20023566484451294
1000,2.0,2.668102829441137,1e-05,sbm_dpsgd,1,0.2,0.02,0.2,0.002000100677832961,0.9962334036827087,0.001996739534661174
1000,2.0,2.668102829441137,1e-05,gaussian,1,0.2,0.02,0.2,0.1985519826412201,0.01997014880180359,0.19841435551643372
1000,2.0,2.668102829441137,1e-05,edge_flip,1,0.2,0.02,0.2,0.19780386984348297,0.019261464476585388,0.1983104944229126
1000,2.0,2.668102829441137,1e-05,sbm_dpsgd,2,0.2,0.02,0.2,0.0020078287925571203,0.996259868144989,0.002034938894212246
1000,2.0,2.668102829441137,1e-05,gaussian,2,0.2,0.02,0.2,0.19886024296283722,0.01969759725034237,0.20152992010116577
1000,2.0,2.668102829441137,1e-05,edge_flip,2,0.2,0.02,0.2,0.19811706244945526,0.019063817337155342,0.20106467604637146
1000,2.0,2.668102829441137,1e-05,sbm_dpsgd,3,0.2,0.02,0.2,0.0020215369295328856,0.9962446093559265,0.002008538693189621
1000,2.0,2.668102829441137,1e-05,gaussian,3,0.2,0.02,0.2,0.20107446610927582,0.020120980218052864,0.19907020032405853
1000,2.0,2.668102829441137,1e-05,edge_flip,3,0.2,0.02,0.2,0.201847642660141,0.02006584405899048,0.198282852768898
1000,2.0,2.668102829441137,1e-05,sbm_dpsgd,4,0.2,0.02,0.2,0.0019884672947227955,0.996243417263031,0.0020468656439334154
1000,2.0,2.668102829441137,1e-05,gaussian,4,0.2,0.02,0.2,0.19791167974472046,0.020480362698435783,0.20184779167175293
1000,2.0,2.668102829441137,1e-05,edge_flip,4,0.2,0.02,0.2,0.19678141176700592,0.020902398973703384,0.20071464776992798
1000,2.0,2.668102829441137,1e-05,sbm_dpsgd,5,0.2,0.02,0.2,0.0020236552227288485,0.9962236881256104,0.0020251735113561153
1000,2.0,2.668102829441137,1e-05,gaussian,5,0.2,0.02,0.2,0.20051324367523193,0.01993168145418167,0.20084325969219208
1000,2.0,2.668102829441137,1e-05,edge_flip,5,0.2,0.02,0.2,0.2000330090522766,0.019891178235411644,0.20201344788074493
1000,2.0,2.668102829441137,1e-05,sbm_dpsgd,6,0.2,0.02,0.2,0.0020370841957628727,0.9962710738182068,0.0020504151470959187
1000,2.0,2.668102829441137,1e-05,gaussian,6,0.2,0.02,0.2,0.20148563385009766,0.019702743738889694,0.2022794932126999
1000,2.0,2.668102829441137,1e-05,edge_flip,6,0.2,0.02,0.2,0.20110152661800385,0.019376376643776894,0.20247401297092438
1000,2.0,2.668102829441137,1e-05,sbm_dpsgd,7,0.2,0.02,0.2,0.001992815639823675,0.9962195754051208,0.0020340457558631897
1000,2.0,2.668102829441137,1e-05,gaussian,7,0.2,0.02,0.2,0.19876250624656677,0.01972927711904049,0.20129330456256866
1000,2.0,2.668102829441137,1e-05,edge_flip,7,0.2,0.02,0.2,0.1973893642425537,0.019826827570796013,0.2015436738729477
1000,2.0,2.668102829441137,1e-05,sbm_dpsgd,8,0.2,0.02,0.2,0.0020205199252814054,0.9962505102157593,0.0019913644064217806
1000,2.0,2.668102829441137,1e-05,gaussian,8,0.2,0.02,0.2,0.20018453896045685,0.019708557054400444,0.1982814371585846
1000,2.0,2.668102829441137,1e-05,edge_flip,8,0.2,0.02,0.2,0.19984878599643707,0.01910058781504631,0.19871579110622406
1000,2.0,2.668102829441137,1e-05,sbm_dpsgd,9,0.2,0.02,0.2,0.002009887248277664,0.9962317943572998,0.002030414529144764
1000,2.0,2.668102829441137,1e-05,gaussian,9,0.2,0.02,0.2,0.19898070394992828,0.020100384950637817,0.20144839584827423
1000,2.0,2.668102829441137,1e-05,edge_flip,9,0.2,0.02,0.2,0.19796967506408691,0.019973915070295334,0.20141470432281494
1000,2.0,2.668102829441137,1e-05,sbm_dpsgd,10,0.2,0.02,0.2,0.0020530601032078266,0.9962173700332642,0.0020463343244045973
1000,2.0,2.668102829441137,1e-05,gaussian,10,0.2,0.02,0.2,0.20154115557670593,0.01949545182287693,0.20162399113178253
1000,2.0,2.668102829441137,1e-05,edge_flip,10,0.2,0.02,0.2,0.20019881427288055,0.01922469213604927,0.2020871341228485
1000,2.0,2.668102829441137,1e-05,sbm_dpsgd,11,0.2,0.02,0.2,0.002027837559580803,0.9962651133537292,0.0019792993552982807
1000,2.0,2.668102829441137,1e-05,gaussian,11,0.2,0.02,0.2,0.20073434710502625,0.02011057734489441,0.19762898981571198
1000,2.0,2.668102829441137,1e-05,edge_flip,11,0.2,0.02,0.2,0.2009449303150177,0.019877389073371887,0.19633926451206207
1000,2.0,2.668102829441137,1e-05,sbm_dpsgd,12,0.2,0.02,0.2,0.002027680864557624,0.9962744116783142,0.002008596668019891
1000,2.0,2.668102829441137,1e-05,gaussian,12,0.2,0.02,0.2,0.20081572234630585,0.01984095387160778,0.1992844045162201
1000,2.0,2.668102829441137,1e-05,edge_flip,12,0.2,0.02,0.2,0.20056727528572083,0.019955528900027275,0.198292076587677
1000,2.0,2.668102829441137,1e-05,sbm_dpsgd,13,0.2,0.02,0.2,0.002020964864641428,0.9962334632873535,0.0020232873503118753
1000,2.0,2.668102829441137,1e-05,gaussian,13,0.2,0.02,0.2,0.19986142218112946,0.019971318542957306,0.2005072832107544
1000,2.0,2.668102829441137,1e-05,edge_flip,13,0.2,0.02,0.2,0.19934216141700745,0.02095296047627926,0.20020802319049835
1000,2.0,2.668102829441137,1e-05,sbm_dpsgd,14,0.2,0.02,0.2,0.0020287258084863424,0.9962574243545532,0.002015122212469578
1000,2.0,2.668102829441137,1e-05,gaussian,14,0.2,0.02,0.2,0.20071381330490112,0.020027143880724907,0.19944576919078827
1000,2.0,2.668102829441137,1e-05,edge_flip,14,0.2,0.02,0.2,0.20025408267974854,0.0203140527009964,0.1989092230796814
1000,2.0,2.668102829441137,1e-05,sbm_dpsgd,15,0.2,0.02,0.2,0.002005733083933592,0.9962292313575745,0.002019587205722928
1000,2.0,2.668102829441137,1e-05,gaussian,15,0.2,0.02,0.2,0.199654221534729,0.020162319764494896,0.19889847934246063
1000,2.0,2.668102829441137,1e-05,edge_flip,15,0.2,0.02,0.2,0.1997658908367157,0.019670549780130386,0.20017118752002716
1000,2.0,2.668102829441137,1e-05,sbm_dpsgd,16,0.2,0.02,0.2,0.002008435782045126,0.9962114095687866,0.0020223441533744335
1000,2.0,2.668102829441137,1e-05,gaussian,16,0.2,0.02,0.2,0.19881193339824677,0.019769877195358276,0.1994675248861313
1000,2.0,2.668102829441137,1e-05,edge_flip,16,0.2,0.02,0.2,0.19872500002384186,0.01963837444782257,0.19910266995429993
1000,2.0,2.668102829441137,1e-05,sbm_dpsgd,17,0.2,0.02,0.2,0.0020084227435290813,0.9962313175201416,0.002015255158767104
1000,2.0,2.668102829441137,1e-05,gaussian,17,0.2,0.02,0.2,0.1987563967704773,0.020215649157762527,0.19940800964832306
1000,2.0,2.668102829441137,1e-05,edge_flip,17,0.2,0.02,0.2,0.1991855651140213,0.02011180855333805,0.19903819262981415
1000,2.0,2.668102829441137,1e-05,sbm_dpsgd,18,0.2,0.02,0.2,0.0020313679706305265,0.9962319731712341,0.0020094660576432943
1000,2.0,2.668102829441137,1e-05,gaussian,18,0.2,0.02,0.2,0.2005956768989563,0.01965448446571827,0.19931988418102264
1000,2.0,2.668102829441137,1e-05,edge_flip,18,0.2,0.02,0.2,0.20127654075622559,0.019564829766750336,0.19934216141700745
1000,2.0,2.668102829441137,1e-05,sbm_dpsgd,19,0.2,0.02,0.2,0.002047877758741379,0.9962326884269714,0.002011709613725543
1000,2.0,2.668102829441137,1e-05,gaussian,19,0.2,0.02,0.2,0.20197223126888275,0.020237786695361137,0.19946065545082092
1000,2.0,2.668102829441137,1e-05,edge_flip,19,0.2,0.02,0.2,0.2030174881219864,0.02023591287434101,0.19953559339046478
1000,5.0,1.0338953100711687,1e-05,sbm_dpsgd,0,0.2,0.02,0.2,0.002021634019911289,0.9962695240974426,0.0019870370160788298
1000,5.0,1.0338953100711687,1e-05,gaussian,0,0.2,0.02,0.2,0.19977788627147675,0.020169375464320183,0.19823825359344482
1000,5.0,1.0338953100711687,1e-05,edge_flip,0,0.2,0.02,0.2,0.20166324079036713,0.020411431789398193,0.19879640638828278
1000,5.0,1.0338953100711687,1e-05,sbm_dpsgd,1,0.2,0.02,0.2,0.0020295430440455675,0.9962153434753418,0.002023103414103389
1000,5.0,1.0338953100711687,1e-05,gaussian,1,0.2,0.02,0.2,0.20082950592041016,0.019815945997834206,0.1995241641998291
1000,5.0,1.0338953100711687,1e-05,edge_flip,1,0.2,0.02,0.2,0.19562602043151855,0.020663881674408913,0.1990325003862381
1000,5.0,1.0338953100711687,1e-05,sbm_dpsgd,2,0.2,0.02,0.2,0.0020221909508109093,0.9962342977523804,0.002024679444730282
1000,5.0,1.0338953100711687,1e-05,gaussian,2,0.2,0.02,0.2,0.20003186166286469,0.020076077431440353,0.20097333192825317
1000,5.0,1.0338953100711687,1e-05,edge_flip,2,0.2,0.02,0.2,0.19463105499744415,0.01858537271618843,0.20316411554813385
1000,5.0,1.0338953100711687,1e-05,sbm_dpsgd,3,0.2,0.02,0.2,0.0020250966772437096,0.9962118268013,0.002014484256505966
1000,5.0,1.0338953100711687,1e-05,gaussian,3,0.2,0.02,0.2,0.20072829723358154,0.020268632099032402,0.20050117373466492
1000,5.0,1.0338953100711687,1e-05,edge_flip,3,0.2,0.02,0.2,0.201882466673851,0.021446479484438896,0.20152834057807922
1000,5.0,1.0338953100711687,1e-05,sbm_dpsgd,4,0.2,0.02,0.2,0.0020050075836479664,0.9962477684020996,0.0020256061106920242
1000,5.0,1.0338953100711687,1e-05,gaussian,4,0.2,0.02,0.2,0.19931070506572723,0.019900185987353325,0.20077964663505554
1000,5.0,1.0338953100711687,1e-05,edge_flip,4,0.2,0.02,0.2,0.19850972294807434,0.01876208931207657,0.1992180049419403
1000,5.0,1.0338953100711687,1e-05,sbm_dpsgd,5,0.2,0.02,0.2,0.002006843686103821,0.9962347149848938,0.00202474114485085
1000,5.0,1.0338953100711687,1e-05,gaussian,5,0.2,0.02,0.2,0.1992013156414032,0.019896788522601128,0.20021513104438782
1000,5.0,1.0338953100711687,1e-05,edge_flip,5,0.2,0.02,0.2,0.19476597011089325,0.022641411051154137,0.20272566378116608
1000,5.0,1.0338953100711687,1e-05,sbm_dpsgd,6,0.2,0.02,0.2,0.002053764881566167,0.9962435960769653,0.002013005316257477
1000,5.0,1.0338953100711687,1e-05,gaussian,6,0.2,0.02,0.2,0.20250703394412994,0.019956538453698158,0.1999359428882599
1000,5.0,1.0338953100711687,1e-05,edge_flip,6,0.2,0.02,0.2,0.20520463585853577,0.02068912796676159,0.19638489186763763
1000,5.0,1.0338953100711687,1e-05,sbm_dpsgd,7,0.2,0.02,0.2,0.0019956701435148716,0.9962239265441895,0.0020275842398405075
1000,5.0,1.0338953100711687,1e-05,gaussian,7,0.2,0.02,0.2,0.19825392961502075,0.020190592855215073,0.2001911699771881
1000,5.0,1.0338953100711687,1e-05,edge_flip,7,0.2,0.02,0.2,0.19847600162029266,0.02036094106733799,0.20039846003055573
1000,5.0,1.0338953100711687,1e-05,sbm_dpsgd,8,0.2,0.02,0.2,0.0020410988945513964,0.996229887008667,0.0020092895720154047
1000,5.0,1.0338953100711687,1e-05,gaussian,8,0.2,0.02,0.2,0.2021651268005371,0.020213721320033073,0.20031055808067322
1000,5.0,1.0338953100711687,1e-05,edge_flip,8,0.2,0.02,0.2,0.202236607670784,0.01924174465239048,0.1988469958305359
1000,5.0,1.0338953100711687,1e-05,sbm_dpsgd,9,0.2,0.02,0.2,0.002018358325585723,0.9962396621704102,0.0020374953746795654
1000,5.0,1.0338953100711687,1e-05,gaussian,9,0.2,0.02,0.2,0.20044632256031036,0.019959378987550735,0.20025169849395752
1000,5.0,1.0338953100711687,1e-05,edge_flip,9,0.2,0.02,0.2,0.20169697701931,0.02259933575987816,0.20184874534606934
1000,5.0,1.0338953100711687,1e-05,sbm_dpsgd,10,0.2,0.02,0.2,0.0020057710353285074,0.9962515830993652,0.0020232819952070713
1000,5.0,1.0338953100711687,1e-05,gaussian,10,0.2,0.02,0.2,0.19973646104335785,0.0205188300460577,0.20033124089241028
1000,5.0,1.0338953100711687,1e-05,edge_flip,10,0.2,0.02,0.2,0.20103928446769714,0.020184226334095,0.19756534695625305
1000,5.0,1.0338953100711687,1e-05,sbm_dpsgd,11,0.2,0.02,0.2,0.0020344997756183147,0.9962742328643799,0.0020127659663558006
1000,5.0,1.0338953100711687,1e-05,gaussian,11,0.2,0.02,0.2,0.20176370441913605,0.020120467990636826,0.1999572068452835
1000,5.0,1.0338953100711687,1e-05,edge_flip,11,0.2,0.02,0.2,0.19979137182235718,0.0168687105178833,0.19564288854599
1000,5.0,1.0338953100711687,1e-05,sbm_dpsgd,12,0.2,0.02,0.2,0.002014146652072668,0.9962683916091919,0.0019884028006345034
1000,5.0,1.0338953100711687,1e-05,gaussian,12,0.2,0.02,0.2,0.2004830539226532,0.019564185291528702,0.1981789916753769
1000,5.0,1.0338953100711687,1e-05,edge_flip,12,0.2,0.02,0.2,0.19764967262744904,0.019342724233865738,0.19481655955314636
1000,5.0,1.0338953100711687,1e-05,sbm_dpsgd,13,0.2,0.02,0.2,0.002035352401435375,0.9962749481201172,0.0020121934358030558
1000,5.0,1.0338953100711687,1e-05,gaussian,13,0.2,0.02,0.2,0.2017522007226944,0.020337866619229317,0.19987522065639496
1000,5.0,1.0338953100711687,1e-05,edge_flip,13,0.2,0.02,0.2,0.20292802155017853,0.01941845938563347,0.20082005858421326
1000,5.0,1.0338953100711687,1e-05,sbm_dpsgd,14,0.2,0.02,0.2,0.002017977647483349,0.9962288737297058,0.002008065115660429
1000,5.0,1.0338953100711687,1e-05,gaussian,14,0.2,0.02,0.2,0.20027793943881989,0.0203945841640234,0.19974783062934875
1000,5.0,1.0338953100711687,1e-05,edge_flip,14,0.2,0.02,0.2,0.20060083270072937,0.01833292283117771,0.19474910199642181
1000,5.0,1.0338953100711687,1e-05,sbm_dpsgd,15,0.2,0.02,0.2,0.0020344036165624857,0.9962210655212402,0.002002415247261524
1000,5.0,1.0338953100711687,1e-05,gaussian,15,0.2,0.02,0.2,0.20091669261455536,0.019791988655924797,0.19937020540237427
1000,5.0,1.0338953100711687,1e-05,edge_flip,15,0.2,0.02,0.2,0.19866149127483368,0.018753673881292343,0.1991674154996872
1000,5.0,1.0338953100711687,1e-05,sbm_dpsgd,16,0.2,0.02,0.2,0.002018784638494253,0.9962542653083801,0.001996966078877449
1000,5.0,1.0338953100711687,1e-05,gaussian,16,0.2,0.02,0.2,0.20025502145290375,0.019768740981817245,0.19887734949588776
1000,5.0,1.0338953100711687,1e-05,edge_flip,16,0.2,0.02,0.2,0.19985882937908173,0.018964048475027084,0.20139342546463013
1000,5.0,1.0338953100711687,1e-05,sbm_dpsgd,17,0.2,0.02,0.2,0.002036802005022764,0.9962508082389832,0.00203633401542902
1000,5.0,1.0338953100711687,1e-05,gaussian,17,0.2,0.02,0.2,0.20043696463108063,0.019708523526787758,0.2020312398672104
1000,5.0,1.0338953100711687,1e-05,edge_flip,17,0.2,0.02,0.2,0.19920113682746887,0.021042557433247566,0.1973123997449875
1000,5.0,1.0338953100711687,1e-05,sbm_dpsgd,18,0.2,0.02,0.2,0.0019822493195533752,0.9962440729141235,0.0020363882649689913
1000,5.0,1.0338953100711687,1e-05,gaussian,18,0.2,0.02,0.2,0.19726507365703583,0.019913261756300926,0.2017742544412613
1000,5.0,1.0338953100711687,1e-05,edge_flip,18,0.2,0.02,0.2,0.19827362895011902,0.019797135144472122,0.20247270166873932
1000,5.0,1.0338953100711687,1e-05,sbm_dpsgd,19,0.2,0.02,0.2,0.0020269444212317467,0.9962334632873535,0.0020214987453073263
1000,5.0,1.0338953100711687,1e-05,gaussian,19,0.2,0.02,0.2,0.20045717060565948,0.019512759521603584,0.20030932128429413
1000,5.0,1.0338953100711687,1e-05,edge_flip,19,0.2,0.02,0.2,0.20012864470481873,0.02041984722018242,0.2026919275522232
1000,10.0,0.5431122541136532,1e-05,sbm_dpsgd,0,0.2,0.02,0.2,0.0020156775135546923,0.9962619543075562,0.0020048320293426514
1000,10.0,0.5431122541136532,1e-05,gaussian,0,0.2,0.02,0.2,0.19890253245830536,0.019905462861061096,0.19884614646434784
1000,10.0,0.5431122541136532,1e-05,edge_flip,0,0.2,0.02,0.2,0.2109873741865158,0.0212323646992445,0.20279207825660706
1000,10.0,0.5431122541136532,1e-05,sbm_dpsgd,1,0.2,0.02,0.2,0.002031446900218725,0.9962489008903503,0.002021854044869542
1000,10.0,0.5431122541136532,1e-05,gaussian,1,0.2,0.02,0.2,0.20062561333179474,0.01952408067882061,0.19969655573368073
1000,10.0,0.5431122541136532,1e-05,edge_flip,1,0.2,0.02,0.2,0.19338715076446533,0.02085510827600956,0.19828617572784424
1000,10.0,0.5431122541136532,1e-05,sbm_dpsgd,2,0.2,0.02,0.2,0.002030682982876897,0.9962725639343262,0.002035033656284213
1000,10.0,0.5431122541136532,1e-05,gaussian,2,0.2,0.02,0.2,0.2007651925086975,0.020542986690998077,0.2017972618341446
1000,10.0,0.5431122541136532,1e-05,edge_flip,2,0.2,0.02,0.2,0.1997075080871582,0.02345062792301178,0.20258039236068726
1000,10.0,0.5431122541136532,1e-05,sbm_dpsgd,3,0.2,0.02,0.2,0.0020098795648664236,0.9962488412857056,0.0020278538577258587
1000,10.0,0.5431122541136532,1e-05,gaussian,3,0.2,0.02,0.2,0.20100532472133636,0.0201114434748888,0.1993890404701233
1000,10.0,0.5431122541136532,1e-05,edge_flip,3,0.2,0.02,0.2,0.19529232382774353,0.025548169389367104,0.1950504034757614
1000,10.0,0.5431122541136532,1e-05,sbm_dpsgd,4,0.2,0.02,0.2,0.0020144404843449593,0.996263861656189,0.0020292827393859625
1000,10.0,0.5431122541136532,1e-05,gaussian,4,0.2,0.02,0.2,0.19978965818881989,0.020099187269806862,0.20010866224765778
1000,10.0,0.5431122541136532,1e-05,edge_flip,4,0.2,0.02,0.2,0.1971672624349594,0.02087019942700863,0.1920565515756607
1000,10.0,0.5431122541136532,1e-05,sbm_dpsgd,5,0.2,0.02,0.2,0.0020269821397960186,0.9962270259857178,0.002043133368715644
1000,10.0,0.5431122541136532,1e-05,gaussian,5,0.2,0.02,0.2,0.2016095221042633,0.0200713649392128,0.2014840841293335
1000,10.0,0.5431122541136532,1e-05,edge_flip,5,0.2,0.02,0.2,0.18836715817451477,0.025578349828720093,0.2001006305217743
1000,10.0,0.5431122541136532,1e-05,sbm_dpsgd,6,0.2,0.02,0.2,0.001974304672330618,0.9962394833564758,0.0020242566242814064
1000,10.0,0.5431122541136532,1e-05,gaussian,6,0.2,0.02,0.2,0.1966206580400467,0.019903816282749176,0.20044153928756714
1000,10.0,0.5431122541136532,1e-05,edge_flip,6,0.2,0.02,0.2,0.1982256919145584,0.019512077793478966,0.20980797708034515
1000,10.0,0.5431122541136532,1e-05,sbm_dpsgd,7,0.2,0.02,0.2,0.0020505934953689575,0.996249794960022,0.002005266724154353
1000,10.0,0.5431122541136532,1e-05,gaussian,7,0.2,0.02,0.2,0.2016059309244156,0.019606351852416992,0.19902661442756653
1000,10.0,0.5431122541136532,1e-05,edge_flip,7,0.2,0.02,0.2,0.19574594497680664,0.017595618963241577,0.19680437445640564
1000,10.0,0.5431122541136532,1e-05,sbm_dpsgd,8,0.2,0.02,0.2,0.0020201473962515593,0.9962284564971924,0.001996527425944805
1000,10.0,0.5431122541136532,1e-05,gaussian,8,0.2,0.02,0.2,0.19990864396095276,0.02000202238559723,0.19910138845443726
1000,10.0,0.5431122541136532,1e-05,edge_flip,8,0.2,0.02,0.2,0.1990724503993988,0.016946740448474884,0.2024594247341156
1000,10.0,0.5431122541136532,1e-05,sbm_dpsgd,9,0.2,0.02,0.2,0.0020120085682719946,0.9962518811225891,0.0020148539915680885
1000,10.0,0.5431122541136532,1e-05,gaussian,9,0.2,0.02,0.2,0.19967365264892578,0.02007058635354042,0.19987420737743378
1000,10.0,0.5431122541136532,1e-05,edge_flip,9,0.2,0.02,0.2,0.1967136561870575,0.019406447187066078,0.19622980058193207
1000,10.0,0.5431122541136532,1e-05,sbm_dpsgd,10,0.2,0.02,0.2,0.002044226974248886,0.9962587356567383,0.002028317889198661
1000,10.0,0.5431122541136532,1e-05,gaussian,10,0.2,0.02,0.2,0.2015603631734848,0.020044298842549324,0.19928158819675446
1000,10.0,0.5431122541136532,1e-05,edge_flip,10,0.2,0.02,0.2,0.21624930202960968,0.026936469599604607,0.1978023201227188
1000,10.0,0.5431122541136532,1e-05,sbm_dpsgd,11,0.2,0.02,0.2,0.002042256062850356,0.99626225233078,0.0020196987316012383
1000,10.0,0.5431122541136532,1e-05,gaussian,11,0.2,0.02,0.2,0.20077137649059296,0.01991228200495243,0.20003758370876312
1000,10.0,0.5431122541136532,1e-05,edge_flip,11,0.2,0.02,0.2,0.19834665954113007,0.025578349828720093,0.20348761975765228
1000,10.0,0.5431122541136532,1e-05,sbm_dpsgd,12,0.2,0.02,0.2,0.002028297632932663,0.9962003231048584,0.0019991404842585325
1000,10.0,0.5431122541136532,1e-05,gaussian,12,0.2,0.02,0.2,0.2008102387189865,0.019797923043370247,0.19878751039505005
1000,10.0,0.5431122541136532,1e-05,edge_flip,12,0.2,0.02,0.2,0.19955630600452423,0.01975352130830288,0.20986846089363098
1000,10.0,0.5431122541136532,1e-05,sbm_dpsgd,13,0.2,0.02,0.2,0.002016158541664481,0.9962588548660278,0.002013074466958642
1000,10.0,0.5431122541136532,1e-05,gaussian,13,0.2,0.02,0.2,0.1998315453529358,0.019941821694374084,0.2004208117723465
1000,10.0,0.5431122541136532,1e-05,edge_flip,13,0.2,0.02,0.2,0.1965322047472,0.016810927540063858,0.19647172093391418
1000,10.0,0.5431122541136532,1e-05,sbm_dpsgd,14,0.2,0.02,0.2,0.002052317140623927,0.996272623538971,0.0019992520101368427
1000,10.0,0.5431122541136532,1e-05,gaussian,14,0.2,0.02,0.2,0.20140120387077332,0.020708471536636353,0.19883635640144348
1000,10.0,0.5431122541136532,1e-05,edge_flip,14,0.2,0.02,0.2,0.19263112545013428,0.025593439117074013,0.20348761975765228
1000,10.0,0.5431122541136532,1e-05,sbm_dpsgd,15,0.2,0.02,0.2,0.002037554048001766,0.9962447285652161,0.00202536559663713
1000,10.0,0.5431122541136532,1e-05,gaussian,15,0.2,0.02,0.2,0.20065616071224213,0.01982642151415348,0.20022360980510712
1000,10.0,0.5431122541136532,1e-05,edge_flip,15,0.2,0.02,0.2,0.1962902843952179,0.024431493133306503,0.2052113562822342
1000,10.0,0.5431122541136532,1e-05,sbm_dpsgd,16,0.2,0.02,0.2,0.0020145054440945387,0.9961866736412048,0.0020307330414652824
1000,10.0,0.5431122541136532,1e-05,gaussian,16,0.2,0.02,0.2,0.2006569355726242,0.01987628825008869,0.20049820840358734
1000,10.0,0.5431122541136532,1e-05,edge_flip,16,0.2,0.02,0.2,0.20575569570064545,0.02160961925983429,0.1903630495071411
1000,10.0,0.5431122541136532,1e-05,sbm_dpsgd,17,0.2,0.02,0.2,0.002040904713794589,0.996269941329956,0.0020409126300364733
1000,10.0,0.5431122541136532,1e-05,gaussian,17,0.2,0.02,0.2,0.20075690746307373,0.020179318264126778,0.20018361508846283
1000,10.0,0.5431122541136532,1e-05,edge_flip,17,0.2,0.02,0.2,0.19229847192764282,0.02233394980430603,0.20493918657302856
1000,10.0,0.5431122541136532,1e-05,sbm_dpsgd,18,0.2,0.02,0.2,0.002042009960860014,0.9962631464004517,0.002005490241572261
1000,10.0,0.5431122541136532,1e-05,gaussian,18,0.2,0.02,0.2,0.2031766176223755,0.020614121109247208,0.19979634881019592
1000,10.0,0.5431122541136532,1e-05,edge_flip,18,0.2,0.02,0.2,0.20551376044750214,0.01545280683785677,0.19982846081256866
1000,10.0,0.5431122541136532,1e-05,sbm_dpsgd,19,0.2,0.02,0.2,0.0020258056465536356,0.996237576007843,0.0020237364806234837
1000,10.0,0.5431122541136532,1e-05,gaussian,19,0.2,0.02,0.2,0.20085792243480682,0.019868621602654457,0.20148898661136627
1000,10.0,0.5431122541136532,1e-05,edge_flip,19,0.2,0.02,0.2,0.195473775267601,0.024763477966189384,0.2101406306028366
1000,20.0,0.40561225411365304,1e-05,sbm_dpsgd,0,0.2,0.02,0.2,0.0020077680237591267,0.9962718486785889,0.002001268556341529
1000,20.0,0.40561225411365304,1e-05,gaussian,0,0.2,0.02,0.2,0.19906063377857208,0.019963214173913002,0.19978897273540497
1000,20.0,0.40561225411365304,1e-05,edge_flip,0,0.2,0.02,0.2,0.19714102149009705,0.017570367082953453,0.19437646865844727
1000,20.0,0.40561225411365304,1e-05,sbm_dpsgd,1,0.2,0.02,0.2,0.0020315474830567837,0.9962448477745056,0.00202447222545743
1000,20.0,0.40561225411365304,1e-05,gaussian,1,0.2,0.02,0.2,0.2008037269115448,0.020467644557356834,0.19988352060317993
1000,20.0,0.40561225411365304,1e-05,edge_flip,1,0.2,0.02,0.2,0.19149170815944672,0.024787819012999535,0.21124425530433655
1000,20.0,0.40561225411365304,1e-05,sbm_dpsgd,2,0.2,0.02,0.2,0.002047121524810791,0.9962350130081177,0.0020208831410855055
1000,20.0,0.40561225411365304,1e-05,gaussian,2,0.2,0.02,0.2,0.20227853953838348,0.0199773907661438,0.20041637122631073
1000,20.0,0.40561225411365304,1e-05,edge_flip,2,0.2,0.02,0.2,0.20795884728431702,0.019409717991948128,0.20964162051677704
1000,20.0,0.40561225411365304,1e-05,sbm_dpsgd,3,0.2,0.02,0.2,0.0020224805921316147,0.9962462186813354,0.0020104313734918833
1000,20.0,0.40561225411365304,1e-05,gaussian,3,0.2,0.02,0.2,0.1997401863336563,0.02042456902563572,0.1991201639175415
1000,20.0,0.40561225411365304,1e-05,edge_flip,3,0.2,0.02,0.2,0.19485725462436676,0.032705023884773254,0.2021092027425766
1000,20.0,0.40561225411365304,1e-05,sbm_dpsgd,4,0.2,0.02,0.2,0.0020316923037171364,0.996258556842804,0.0020209886133670807
1000,20.0,0.40561225411365304,1e-05,gaussian,4,0.2,0.02,0.2,0.20105719566345215,0.019936103373765945,0.1993250995874405
1000,20.0,0.40561225411365304,1e-05,edge_flip,4,0.2,0.02,0.2,0.19742147624492645,0.028666449710726738,0.19778208434581757
1000,20.0,0.40561225411365304,1e-05,sbm_dpsgd,5,0.2,0.02,0.2,0.0020089996978640556,0.996254026889801,0.002004954032599926
1000,20.0,0.40561225411365304,1e-05,gaussian,5,0.2,0.02,0.2,0.19957034289836884,0.019931519404053688,0.19940824806690216
1000,20.0,0.40561225411365304,1e-05,edge_flip,5,0.2,0.02,0.2,0.20699726045131683,0.025307634845376015,0.20695719122886658
1000,20.0,0.40561225411365304,1e-05,sbm_dpsgd,6,0.2,0.02,0.2,0.002030935836955905,0.996216356754303,0.002013479359447956
1000,20.0,0.40561225411365304,1e-05,gaussian,6,0.2,0.02,0.2,0.20025916397571564,0.02026035636663437,0.20000016689300537
1000,20.0,0.40561225411365304,1e-05,edge_flip,6,0.2,0.02,0.2,0.1929340958595276,0.02116909623146057,0.19593903422355652
1000,20.0,0.40561225411365304,1e-05,sbm_dpsgd,7,0.2,0.02,0.2,0.002034028060734272,0.9962401986122131,0.0020258668810129166
1000,20.0,0.40561225411365304,1e-05,gaussian,7,0.2,0.02,0.2,0.20164793729782104,0.02027355320751667,0.20026832818984985
1000,20.0,0.40561225411365304,1e-05,edge_flip,7,0.2,0.02,0.2,0.20042642951011658,0.017730310559272766,0.19521784782409668
1000,20.0,0.40561225411365304,1e-05,sbm_dpsgd,8,0.2,0.02,0.2,0.0020180889405310154,0.9962554574012756,0.0020151976495981216
1000,20.0,0.40561225411365304,1e-05,gaussian,8,0.2,0.02,0.2,0.19985264539718628,0.020530246198177338,0.20060832798480988
1000,20.0,0.40561225411365304,1e-05,edge_flip,8,0.2,0.02,0.2,0.2013479471206665,0.024867789819836617,0.19409599900245667
1000,20.0,0.40561225411365304,1e-05,sbm_dpsgd,9,0.2,0.02,0.2,0.0020258137956261635,0.9962468147277832,0.0020270112436264753
1000,20.0,0.40561225411365304,1e-05,gaussian,9,0.2,0.02,0.2,0.20040366053581238,0.019821953028440475,0.20063723623752594
1000,20.0,0.40561225411365304,1e-05,edge_flip,9,0.2,0.02,0.2,0.20094729959964752,0.023568250238895416,0.19962511956691742
1000,20.0,0.40561225411365304,1e-05,sbm_dpsgd,10,0.2,0.02,0.2,0.002016534097492695,0.9962279796600342,0.0020392185542732477
1000,20.0,0.40561225411365304,1e-05,gaussian,10,0.2,0.02,0.2,0.1998373568058014,0.019777677953243256,0.20113921165466309
1000,20.0,0.40561225411365304,1e-05,edge_flip,10,0.2,0.02,0.2,0.20395223796367645,0.024387959390878677,0.20202907919883728
1000,20.0,0.40561225411365304,1e-05,sbm_dpsgd,11,0.2,0.02,0.2,0.0020157627295702696,0.9962770342826843,0.002006253693252802
1000,20.0,0.40561225411365304,1e-05,gaussian,11,0.2,0.02,0.2,0.20001493394374847,0.020009133964776993,0.1989731639623642
1000,20.0,0.40561225411365304,1e-05,edge_flip,11,0.2,0.02,0.2,0.19209270179271698,0.03242512047290802,0.19882379472255707
1000,20.0,0.40561225411365304,1e-05,sbm_dpsgd,12,0.2,0.02,0.2,0.001995453843846917,0.9962438344955444,0.0020043153781443834
1000,20.0,0.40561225411365304,1e-05,gaussian,12,0.2,0.02,0.2,0.19946986436843872,0.02010977268218994,0.19939394295215607
1000,20.0,0.40561225411365304,1e-05,edge_flip,12,0.2,0.02,0.2,0.19044999778270721,0.022068779915571213,0.20146815478801727
1000,20.0,0.40561225411365304,1e-05,sbm_dpsgd,13,0.2,0.02,0.2,0.002015520818531513,0.9962524771690369,0.0020157115068286657
1000,20.0,0.40561225411365304,1e-05,gaussian,13,0.2,0.02,0.2,0.19980375468730927,0.02014477737247944,0.20094892382621765
1000,20.0,0.40561225411365304,1e-05,edge_flip,13,0.2,0.02,0.2,0.20010590553283691,0.02082921750843525,0.20066682994365692
1000,20.0,0.40561225411365304,1e-05,sbm_dpsgd,14,0.2,0.02,0.2,0.0020058515947312117,0.9962862133979797,0.0020303598139435053
1000,20.0,0.40561225411365304,1e-05,gaussian,14,0.2,0.02,0.2,0.1990090012550354,0.01951197348535061,0.2000972330570221
1000,20.0,0.40561225411365304,1e-05,edge_flip,14,0.2,0.02,0.2,0.19381554424762726,0.015271179378032684,0.2044731080532074
1000,20.0,0.40561225411365304,1e-05,sbm_dpsgd,15,0.2,0.02,0.2,0.0020289153326302767,0.9962077736854553,0.002026165835559368
1000,20.0,0.40561225411365304,1e-05,gaussian,15,0.2,0.02,0.2,0.20030662417411804,0.019787564873695374,0.20053936541080475
1000,20.0,0.40561225411365304,1e-05,edge_flip,15,0.2,0.02,0.2,0.20855984091758728,0.012092302553355694,0.1895284801721573
1000,20.0,0.40561225411365304,1e-05,sbm_dpsgd,16,0.2,0.02,0.2,0.0020119312684983015,0.9962208867073059,0.002047811634838581
1000,20.0,0.40561225411365304,1e-05,gaussian,16,0.2,0.02,0.2,0.2005295604467392,0.019907768815755844,0.20101550221443176
1000,20.0,0.40561225411365304,1e-05,edge_flip,16,0.2,0.02,0.2,0.212806835770607,0.021748892962932587,0.20242974162101746
1000,20.0,0.40561225411365304,1e-05,sbm_dpsgd,17,0.2,0.02,0.2,0.0020271833054721355,0.9962546229362488,0.0020107135642319918
1000,20.0,0.40561225411365304,1e-05,gaussian,17,0.2,0.02,0.2,0.20014160871505737,0.020148983225226402,0.20001180469989777
1000,20.0,0.40561225411365304,1e-05,edge_flip,17,0.2,0.02,0.2,0.20319098234176636,0.019249774515628815,0.2138485461473465
1000,20.0,0.40561225411365304,1e-05,sbm_dpsgd,18,0.2,0.02,0.2,0.00202455697581172,0.9962174296379089,0.0020166777539998293
1000,20.0,0.40561225411365304,1e-05,gaussian,18,0.2,0.02,0.2,0.2017076015472412,0.020894303917884827,0.20011740922927856
1000,20.0,0.40561225411365304,1e-05,edge_flip,18,0.2,0.02,0.2,0.1963396966457367,0.028846384957432747,0.20723766088485718
1000,20.0,0.40561225411365304,1e-05,sbm_dpsgd,19,0.2,0.02,0.2,0.002003021538257599,0.996277391910553,0.002037256956100464
1000,20.0,0.40561225411365304,1e-05,gaussian,19,0.2,0.02,0.2,0.1993565559387207,0.020167091861367226,0.2004789263010025
1000,20.0,0.40561225411365304,1e-05,edge_flip,19,0.2,0.02,0.2,0.19417613744735718,0.010073015466332436,0.20319098234176636
