N,sigma,epsilon,delta,method,rep,beta_true_00,beta_true_01,beta_true_11,beta_est_00,beta_est_01,beta_est_11
100,1.0,5.635918426327381,1e-05,sbm_dpsgd,0,0.2,0.02,0.2,0.22136594355106354,0.02346084825694561,0.2244332879781723
100,1.0,5.635918426327381,1e-05,gaussian,0,0.2,0.02,0.2,0.20489658415317535,0.014513646252453327,0.19506244361400604
100,1.0,5.635918426327381,1e-05,edge_flip,0,0.2,0.02,0.2,0.20936229825019836,0.016965899616479874,0.1953853815793991
100,1.0,5.635918426327381,1e-05,sbm_dpsgd,1,0.2,0.02,0.2,0.22313185036182404,0.03806198388338089,0.235032856464386
100,1.0,5.635918426327381,1e-05,gaussian,1,0.2,0.02,0.2,0.20835649967193604,0.0194155965000391,0.22104832530021667
100,1.0,5.635918426327381,1e-05,edge_flip,1,0.2,0.02,0.2,0.20525144040584564,0.017771627753973007,0.22169487178325653
100,1.0,5.635918426327381,1e-05,sbm_dpsgd,2,0.2,0.02,0.2,0.18279588222503662,0.038140106946229935,0.21741877496242523
100,1.0,5.635918426327381,1e-05,gaussian,2,0.2,0.02,0.2,0.1762060970067978,0.02238299883902073,0.1952548772096634
100,1.0,5.635918426327381,1e-05,edge_flip,2,0.2,0.02,0.2,0.1748310923576355,0.020591676235198975,0.20031841099262238
100,1.0,5.635918426327381,1e-05,sbm_dpsgd,3,0.2,0.02,0.2,0.2026391476392746,0.029763951897621155,0.2215687334537506
100,1.0,5.635918426327381,1e-05,gaussian,3,0.2,0.02,0.2,0.19714732468128204,0.018081339076161385,0.2088562697172165
100,1.0,5.635918426327381,1e-05,edge_flip,3,0.2,0.02,0.2,0.19456321001052856,0.020188812166452408,0.20031841099262238
100,1.0,5.635918426327381,1e-05,sbm_dpsgd,4,0.2,0.02,0.2,0.19153623282909393,0.02851237542927265,0.20954003930091858
100,1.0,5.635918426327381,1e-05,gaussian,4,0.2,0.02,0.2,0.167470321059227,0.018543150275945663,0.20153117179870605
100,1.0,5.635918426327381,1e-05,edge_flip,4,0.2,0.02,0.2,0.1674315482378006,0.02099454030394554,0.1986740678548813
100,1.0,5.635918426327381,1e-05,sbm_dpsgd,5,0.2,0.02,0.2,0.19616052508354187,0.026690078899264336,0.20017178356647491
100,1.0,5.635918426327381,1e-05,gaussian,5,0.2,0.02,0.2,0.20325973629951477,0.01750289462506771,0.1873147040605545
100,1.0,5.635918426327381,1e-05,edge_flip,5,0.2,0.02,0.2,0.20525144040584564,0.01736876368522644,0.18880800902843475
100,1.0,5.635918426327381,1e-05,sbm_dpsgd,6,0.2,0.02,0.2,0.21581046283245087,0.026967916637659073,0.20036649703979492
100,1.0,5.635918426327381,1e-05,gaussian,6,0.2,0.02,0.2,0.20106589794158936,0.01886044256389141,0.20122207701206207
100,1.0,5.635918426327381,1e-05,edge_flip,6,0.2,0.02,0.2,0.20360709726810455,0.018980219960212708,0.20114058256149292
100,1.0,5.635918426327381,1e-05,sbm_dpsgd,7,0.2,0.02,0.2,0.22379934787750244,0.026533957570791245,0.2227257639169693
100,1.0,5.635918426327381,1e-05,gaussian,7,0.2,0.02,0.2,0.21462780237197876,0.0165769774466753,0.2272869050502777
100,1.0,5.635918426327381,1e-05,edge_flip,7,0.2,0.02,0.2,0.21676184237003326,0.01857735589146614,0.22580572962760925
100,1.0,5.635918426327381,1e-05,sbm_dpsgd,8,0.2,0.02,0.2,0.21533893048763275,0.03090369515120983,0.19523312151432037
100,1.0,5.635918426327381,1e-05,gaussian,8,0.2,0.02,0.2,0.19933432340621948,0.01611613668501377,0.1708463430404663
100,1.0,5.635918426327381,1e-05,edge_flip,8,0.2,0.02,0.2,0.1986740678548813,0.017771627753973007,0.17400892078876495
100,1.0,5.635918426327381,1e-05,sbm_dpsgd,9,0.2,0.02,0.2,0.22460389137268066,0.03958216682076454,0.2060583531856537
100,1.0,5.635918426327381,1e-05,gaussian,9,0.2,0.02,0.2,0.21067573130130768,0.02316896617412567,0.18680156767368317
100,1.0,5.635918426327381,1e-05,edge_flip,9,0.2,0.02,0.2,0.2101844698190689,0.02341172657907009,0.18716366589069366
100,1.0,5.635918426327381,1e-05,sbm_dpsgd,10,0.2,0.02,0.2,0.19783547520637512,0.04274387285113335,0.1895080953836441
100,1.0,5.635918426327381,1e-05,gaussian,10,0.2,0.02,0.2,0.18536746501922607,0.02195192687213421,0.18827375769615173
100,1.0,5.635918426327381,1e-05,edge_flip,10,0.2,0.02,0.2,0.18716366589069366,0.02502318285405636,0.19456321001052856
100,1.0,5.635918426327381,1e-05,sbm_dpsgd,11,0.2,0.02,0.2,0.21510159969329834,0.03489604592323303,0.20690427720546722
100,1.0,5.635918426327381,1e-05,gaussian,11,0.2,0.02,0.2,0.1987634301185608,0.020960628986358643,0.2044024020433426
100,1.0,5.635918426327381,1e-05,edge_flip,11,0.2,0.02,0.2,0.202784925699234,0.01857735589146614,0.20196275413036346
100,1.0,5.635918426327381,1e-05,sbm_dpsgd,12,0.2,0.02,0.2,0.20892181992530823,0.030934352427721024,0.21806608140468597
100,1.0,5.635918426327381,1e-05,gaussian,12,0.2,0.02,0.2,0.19640330970287323,0.018381955102086067,0.21821889281272888
100,1.0,5.635918426327381,1e-05,edge_flip,12,0.2,0.02,0.2,0.19456321001052856,0.020188812166452408,0.21511749923229218
100,1.0,5.635918426327381,1e-05,sbm_dpsgd,13,0.2,0.02,0.2,0.2046108990907669,0.03408750146627426,0.2121938019990921
100,1.0,5.635918426327381,1e-05,gaussian,13,0.2,0.02,0.2,0.1899118572473526,0.024811023846268654,0.19730979204177856
100,1.0,5.635918426327381,1e-05,edge_flip,13,0.2,0.02,0.2,0.18880800902843475,0.022605998441576958,0.19620755314826965
100,1.0,5.635918426327381,1e-05,sbm_dpsgd,14,0.2,0.02,0.2,0.229959174990654,0.028114859014749527,0.18519580364227295
100,1.0,5.635918426327381,1e-05,gaussian,14,0.2,0.02,0.2,0.21926526725292206,0.016721274703741074,0.1916200965642929
100,1.0,5.635918426327381,1e-05,edge_flip,14,0.2,0.02,0.2,0.220872700214386,0.016563035547733307,0.19456321001052856
100,1.0,5.635918426327381,1e-05,sbm_dpsgd,15,0.2,0.02,0.2,0.21908585727214813,0.03999689593911171,0.2049434334039688
100,1.0,5.635918426327381,1e-05,gaussian,15,0.2,0.02,0.2,0.20362882316112518,0.01723894104361534,0.193611279129982
100,1.0,5.635918426327381,1e-05,edge_flip,15,0.2,0.02,0.2,0.2060736119747162,0.021397404372692108,0.19291886687278748
100,1.0,5.635918426327381,1e-05,sbm_dpsgd,16,0.2,0.02,0.2,0.21597939729690552,0.04079606384038925,0.20041562616825104
100,1.0,5.635918426327381,1e-05,gaussian,16,0.2,0.02,0.2,0.2014850527048111,0.017358088865876198,0.20340682566165924
100,1.0,5.635918426327381,1e-05,edge_flip,16,0.2,0.02,0.2,0.20525144040584564,0.016965899616479874,0.19949623942375183
100,1.0,5.635918426327381,1e-05,sbm_dpsgd,17,0.2,0.02,0.2,0.20894373953342438,0.03616872802376747,0.21972551941871643
100,1.0,5.635918426327381,1e-05,gaussian,17,0.2,0.02,0.2,0.196602925658226,0.024419572204351425,0.2052258849143982
100,1.0,5.635918426327381,1e-05,edge_flip,17,0.2,0.02,0.2,0.1986740678548813,0.024217454716563225,0.202784925699234
100,1.0,5.635918426327381,1e-05,sbm_dpsgd,18,0.2,0.02,0.2,0.21507127583026886,0.035354942083358765,0.21192523837089539
100,1.0,5.635918426327381,1e-05,gaussian,18,0.2,0.02,0.2,0.18599632382392883,0.019822945818305016,0.19971033930778503
100,1.0,5.635918426327381,1e-05,edge_flip,18,0.2,0.02,0.2,0.1879858374595642,0.023008862510323524,0.20114058256149292
100,1.0,5.635918426327381,1e-05,sbm_dpsgd,19,0.2,0.02,0.2,0.21970701217651367,0.02292654477059841,0.20990529656410217
100,1.0,5.635918426327381,1e-05,gaussian,19,0.2,0.02,0.2,0.20729471743106842,0.016598565503954887,0.18797992169857025
100,1.0,5.635918426327381,1e-05,edge_flip,19,0.2,0.02,0.2,0.20689578354358673,0.01616017147898674,0.1879858374595642
100,2.0,2.668102829441137,1e-05,sbm_dpsgd,0,0.2,0.02,0.2,0.19545061886310577,0.04536599665880203,0.21345870196819305
100,2.0,2.668102829441137,1e-05,gaussian,0,0.2,0.02,0.2,0.19195178151130676,0.01928981952369213,0.1974143534898758
100,2.0,2.668102829441137,1e-05,edge_flip,0,0.2,0.02,0.2,0.1984163224697113,0.023807357996702194,0.1937260627746582
100,2.0,2.668102829441137,1e-05,sbm_dpsgd,1,0.2,0.02,0.2,0.18469029664993286,0.031033162027597427,0.20971369743347168
100,2.0,2.668102829441137,1e-05,gaussian,1,0.2,0.02,0.2,0.17881417274475098,0.019327010959386826,0.22240743041038513
100,2.0,2.668102829441137,1e-05,edge_flip,1,0.2,0.02,0.2,0.1777791827917099,0.009558349847793579,0.2134251594543457
100,2.0,2.668102829441137,1e-05,sbm_dpsgd,2,0.2,0.02,0.2,0.24236533045768738,0.028390388935804367,0.22804555296897888
100,2.0,2.668102829441137,1e-05,gaussian,2,0.2,0.02,0.2,0.21085770428180695,0.020802533254027367,0.21060720086097717
100,2.0,2.668102829441137,1e-05,edge_flip,2,0.2,0.02,0.2,0.1974782794713974,0.018291613087058067,0.2115490585565567
100,2.0,2.668102829441137,1e-05,sbm_dpsgd,3,0.2,0.02,0.2,0.21298393607139587,0.03059806488454342,0.18055090308189392
100,2.0,2.668102829441137,1e-05,gaussian,3,0.2,0.02,0.2,0.19408389925956726,0.023975679650902748,0.18082936108112335
100,2.0,2.668102829441137,1e-05,edge_flip,3,0.2,0.02,0.2,0.1927880197763443,0.016453031450510025,0.1834075003862381
100,2.0,2.668102829441137,1e-05,sbm_dpsgd,4,0.2,0.02,0.2,0.2042393535375595,0.03828365355730057,0.181754931807518
100,2.0,2.668102829441137,1e-05,gaussian,4,0.2,0.02,0.2,0.20448918640613556,0.020864292979240417,0.19199195504188538
100,2.0,2.668102829441137,1e-05,edge_flip,4,0.2,0.02,0.2,0.1993543803691864,0.016453031450510025,0.2031065821647644
100,2.0,2.668102829441137,1e-05,sbm_dpsgd,5,0.2,0.02,0.2,0.23240810632705688,0.02830744907259941,0.20103080570697784
100,2.0,2.668102829441137,1e-05,gaussian,5,0.2,0.02,0.2,0.22220441699028015,0.01763112284243107,0.179110586643219
100,2.0,2.668102829441137,1e-05,edge_flip,5,0.2,0.02,0.2,0.2378145009279251,0.027944166213274002,0.1880977600812912
100,2.0,2.668102829441137,1e-05,sbm_dpsgd,6,0.2,0.02,0.2,0.24007858335971832,0.039389532059431076,0.21668727695941925
100,2.0,2.668102829441137,1e-05,gaussian,6,0.2,0.02,0.2,0.20767953991889954,0.024012135341763496,0.20490814745426178
100,2.0,2.668102829441137,1e-05,edge_flip,6,0.2,0.02,0.2,0.2021685391664505,0.01691267639398575,0.2143632173538208
100,2.0,2.668102829441137,1e-05,sbm_dpsgd,7,0.2,0.02,0.2,0.21888206899166107,0.03914888948202133,0.22614161670207977
100,2.0,2.668102829441137,1e-05,gaussian,7,0.2,0.02,0.2,0.20470650494098663,0.021600287407636642,0.20247720181941986
100,2.0,2.668102829441137,1e-05,edge_flip,7,0.2,0.02,0.2,0.1899738609790802,0.014614449813961983,0.1956021785736084
100,2.0,2.668102829441137,1e-05,sbm_dpsgd,8,0.2,0.02,0.2,0.23578932881355286,0.024423252791166306,0.2334361970424652
100,2.0,2.668102829441137,1e-05,gaussian,8,0.2,0.02,0.2,0.20415152609348297,0.018403435125947,0.21680061519145966
100,2.0,2.668102829441137,1e-05,edge_flip,8,0.2,0.02,0.2,0.1937260627746582,0.006340831983834505,0.2228056788444519
100,2.0,2.668102829441137,1e-05,sbm_dpsgd,9,0.2,0.02,0.2,0.22695797681808472,0.03456636145710945,0.19922643899917603
100,2.0,2.668102829441137,1e-05,gaussian,9,0.2,0.02,0.2,0.21017295122146606,0.023281347006559372,0.20521925389766693
100,2.0,2.668102829441137,1e-05,edge_flip,9,0.2,0.02,0.2,0.2115490585565567,0.029782747849822044,0.1984163224697113
100,2.0,2.668102829441137,1e-05,sbm_dpsgd,10,0.2,0.02,0.2,0.2081316113471985,0.03314239904284477,0.2188841998577118
100,2.0,2.668102829441137,1e-05,gaussian,10,0.2,0.02,0.2,0.2164372205734253,0.024262869730591774,0.21370163559913635
100,2.0,2.668102829441137,1e-05,edge_flip,10,0.2,0.02,0.2,0.2068587988615036,0.01277586817741394,0.2171773612499237
100,2.0,2.668102829441137,1e-05,sbm_dpsgd,11,0.2,0.02,0.2,0.18964740633964539,0.04587876796722412,0.20616242289543152
100,2.0,2.668102829441137,1e-05,gaussian,11,0.2,0.02,0.2,0.20066939294338226,0.021330343559384346,0.20226067304611206
100,2.0,2.668102829441137,1e-05,edge_flip,11,0.2,0.02,0.2,0.2087348997592926,0.015533740632236004,0.1984163224697113
100,2.0,2.668102829441137,1e-05,sbm_dpsgd,12,0.2,0.02,0.2,0.21832415461540222,0.03572365269064903,0.20827266573905945
100,2.0,2.668102829441137,1e-05,gaussian,12,0.2,0.02,0.2,0.18603810667991638,0.014654954895377159,0.2025952935218811
100,2.0,2.668102829441137,1e-05,edge_flip,12,0.2,0.02,0.2,0.1712128221988678,0.013695158995687962,0.1993543803691864
100,2.0,2.668102829441137,1e-05,sbm_dpsgd,13,0.2,0.02,0.2,0.22741274535655975,0.03503454849123955,0.20764552056789398
100,2.0,2.668102829441137,1e-05,gaussian,13,0.2,0.02,0.2,0.20612135529518127,0.02020989917218685,0.1979929655790329
100,2.0,2.668102829441137,1e-05,edge_flip,13,0.2,0.02,0.2,0.1984163224697113,0.012316222302615643,0.1956021785736084
100,2.0,2.668102829441137,1e-05,sbm_dpsgd,14,0.2,0.02,0.2,0.21467101573944092,0.0387561097741127,0.2078544795513153
100,2.0,2.668102829441137,1e-05,gaussian,14,0.2,0.02,0.2,0.1912918984889984,0.015377793461084366,0.18345554172992706
100,2.0,2.668102829441137,1e-05,edge_flip,14,0.2,0.02,0.2,0.1918499618768692,0.014154803939163685,0.1862216591835022
100,2.0,2.668102829441137,1e-05,sbm_dpsgd,15,0.2,0.02,0.2,0.21161217987537384,0.053354885429143906,0.23059116303920746
100,2.0,2.668102829441137,1e-05,gaussian,15,0.2,0.02,0.2,0.21362683176994324,0.022266244515776634,0.20474916696548462
100,2.0,2.668102829441137,1e-05,edge_flip,15,0.2,0.02,0.2,0.2143632173538208,0.015993386507034302,0.2031065821647644
100,2.0,2.668102829441137,1e-05,sbm_dpsgd,16,0.2,0.02,0.2,0.20983397960662842,0.051766082644462585,0.2112549990415573
100,2.0,2.668102829441137,1e-05,gaussian,16,0.2,0.02,0.2,0.19882802665233612,0.023180676624178886,0.20246081054210663
100,2.0,2.668102829441137,1e-05,edge_flip,16,0.2,0.02,0.2,0.1965402215719223,0.021968776360154152,0.2124871015548706
100,2.0,2.668102829441137,1e-05,sbm_dpsgd,17,0.2,0.02,0.2,0.2245161533355713,0.03568357229232788,0.2254646122455597
100,2.0,2.668102829441137,1e-05,gaussian,17,0.2,0.02,0.2,0.19736063480377197,0.025874830782413483,0.20137415826320648
100,2.0,2.668102829441137,1e-05,edge_flip,17,0.2,0.02,0.2,0.2040446400642395,0.02150913141667843,0.2031065821647644
100,2.0,2.668102829441137,1e-05,sbm_dpsgd,18,0.2,0.02,0.2,0.17344380915164948,0.028092224150896072,0.1883581578731537
100,2.0,2.668102829441137,1e-05,gaussian,18,0.2,0.02,0.2,0.1800440549850464,0.022116705775260925,0.17414307594299316
100,2.0,2.668102829441137,1e-05,edge_flip,18,0.2,0.02,0.2,0.1852836012840271,0.01691267639398575,0.178717240691185
100,2.0,2.668102829441137,1e-05,sbm_dpsgd,19,0.2,0.02,0.2,0.20734915137290955,0.0566478855907917,0.20629407465457916
100,2.0,2.668102829441137,1e-05,gaussian,19,0.2,0.02,0.2,0.18860824406147003,0.02425828017294407,0.17440849542617798
100,2.0,2.668102829441137,1e-05,edge_flip,19,0.2,0.02,0.2,0.1965402215719223,0.02748452126979828,0.176841139793396
100,5.0,1.0338953100711687,1e-05,sbm_dpsgd,0,0.2,0.02,0.2,0.20815078914165497,0.04925484210252762,0.19392076134681702
100,5.0,1.0338953100711687,1e-05,gaussian,0,0.2,0.02,0.2,0.18894891440868378,0.026645954698324203,0.17832763493061066
100,5.0,1.0338953100711687,1e-05,edge_flip,0,0.2,0.02,0.2,0.16425804793834686,0.0,0.17799685895442963
100,5.0,1.0338953100711687,1e-05,sbm_dpsgd,1,0.2,0.02,0.2,0.20684631168842316,0.04068506881594658,0.20038855075836182
100,5.0,1.0338953100711687,1e-05,gaussian,1,0.2,0.02,0.2,0.21564742922782898,0.013534078374505043,0.20921558141708374
100,5.0,1.0338953100711687,1e-05,edge_flip,1,0.2,0.02,0.2,0.20032240450382233,0.020344112068414688,0.2106264978647232
100,5.0,1.0338953100711687,1e-05,sbm_dpsgd,2,0.2,0.02,0.2,0.2237124890089035,0.03087686002254486,0.2291228324174881
100,5.0,1.0338953100711687,1e-05,gaussian,2,0.2,0.02,0.2,0.1889706552028656,0.014242362231016159,0.19531184434890747
100,5.0,1.0338953100711687,1e-05,edge_flip,2,0.2,0.02,0.2,0.12991105020046234,0.03549113869667053,0.17456215620040894
100,5.0,1.0338953100711687,1e-05,sbm_dpsgd,3,0.2,0.02,0.2,0.20471128821372986,0.05405370146036148,0.21490851044654846
100,5.0,1.0338953100711687,1e-05,gaussian,3,0.2,0.02,0.2,0.19543124735355377,0.016700029373168945,0.19259613752365112
100,5.0,1.0338953100711687,1e-05,edge_flip,3,0.2,0.02,0.2,0.22093060612678528,0.019502609968185425,0.19345299899578094
100,5.0,1.0338953100711687,1e-05,sbm_dpsgd,4,0.2,0.02,0.2,0.21060410141944885,0.03413309156894684,0.21023614704608917
100,5.0,1.0338953100711687,1e-05,gaussian,4,0.2,0.02,0.2,0.1935083568096161,0.01810535043478012,0.16580210626125336
100,5.0,1.0338953100711687,1e-05,edge_flip,4,0.2,0.02,0.2,0.1883009523153305,0.006880086846649647,0.19345299899578094
100,5.0,1.0338953100711687,1e-05,sbm_dpsgd,5,0.2,0.02,0.2,0.21049411594867706,0.042769309133291245,0.24682928621768951
100,5.0,1.0338953100711687,1e-05,gaussian,5,0.2,0.02,0.2,0.1997998058795929,0.023502392694354057,0.1764383465051651
100,5.0,1.0338953100711687,1e-05,edge_flip,5,0.2,0.02,0.2,0.1694100946187973,0.0,0.15910600125789642
100,5.0,1.0338953100711687,1e-05,sbm_dpsgd,6,0.2,0.02,0.2,0.24561657011508942,0.03171888738870621,0.17041392624378204
100,5.0,1.0338953100711687,1e-05,gaussian,6,0.2,0.02,0.2,0.17477460205554962,0.014028039760887623,0.2138386070728302
100,5.0,1.0338953100711687,1e-05,edge_flip,6,0.2,0.02,0.2,0.17456215620040894,0.0077215880155563354,0.20375710725784302
100,5.0,1.0338953100711687,1e-05,sbm_dpsgd,7,0.2,0.02,0.2,0.19710849225521088,0.07811730355024338,0.25563278794288635
100,5.0,1.0338953100711687,1e-05,gaussian,7,0.2,0.02,0.2,0.16966493427753448,0.013367289677262306,0.18984632194042206
100,5.0,1.0338953100711687,1e-05,edge_flip,7,0.2,0.02,0.2,0.2071918100118637,0.031283631920814514,0.14193250238895416
100,5.0,1.0338953100711687,1e-05,sbm_dpsgd,8,0.2,0.02,0.2,0.304116427898407,0.04207528755068779,0.24708613753318787
100,5.0,1.0338953100711687,1e-05,gaussian,8,0.2,0.02,0.2,0.20835396647453308,0.01739109866321087,0.19474653899669647
100,5.0,1.0338953100711687,1e-05,edge_flip,8,0.2,0.02,0.2,0.23123469948768616,0.03296663612127304,0.2621470093727112
100,5.0,1.0338953100711687,1e-05,sbm_dpsgd,9,0.2,0.02,0.2,0.21538516879081726,0.04907193034887314,0.24094587564468384
100,5.0,1.0338953100711687,1e-05,gaussian,9,0.2,0.02,0.2,0.19525854289531708,0.02312195859849453,0.2244773954153061
100,5.0,1.0338953100711687,1e-05,edge_flip,9,0.2,0.02,0.2,0.15395395457744598,0.008563090115785599,0.20547445118427277
100,5.0,1.0338953100711687,1e-05,sbm_dpsgd,10,0.2,0.02,0.2,0.20451192557811737,0.022284263744950294,0.21047694981098175
100,5.0,1.0338953100711687,1e-05,gaussian,10,0.2,0.02,0.2,0.18801559507846832,0.021887529641389847,0.20285364985466003
100,5.0,1.0338953100711687,1e-05,edge_flip,10,0.2,0.02,0.2,0.23810410499572754,0.011929095722734928,0.17971420288085938
100,5.0,1.0338953100711687,1e-05,sbm_dpsgd,11,0.2,0.02,0.2,0.18515565991401672,0.031345151364803314,0.2547287046909332
100,5.0,1.0338953100711687,1e-05,gaussian,11,0.2,0.02,0.2,0.21993032097816467,0.005539021920412779,0.1618146002292633
100,5.0,1.0338953100711687,1e-05,edge_flip,11,0.2,0.02,0.2,0.20032240450382233,0.0009895757539197803,0.15567129850387573
100,5.0,1.0338953100711687,1e-05,sbm_dpsgd,12,0.2,0.02,0.2,0.17726975679397583,0.022610291838645935,0.20704223215579987
100,5.0,1.0338953100711687,1e-05,gaussian,12,0.2,0.02,0.2,0.1854253113269806,0.01594076119363308,0.16518528759479523
100,5.0,1.0338953100711687,1e-05,edge_flip,12,0.2,0.02,0.2,0.2140612006187439,0.0018310772720724344,0.18143154680728912
100,5.0,1.0338953100711687,1e-05,sbm_dpsgd,13,0.2,0.02,0.2,0.23201046884059906,0.0613083653151989,0.20784233510494232
100,5.0,1.0338953100711687,1e-05,gaussian,13,0.2,0.02,0.2,0.19349494576454163,0.016436859965324402,0.20521990954875946
100,5.0,1.0338953100711687,1e-05,edge_flip,13,0.2,0.02,0.2,0.16769275069236755,0.04727216064929962,0.20375710725784302
100,5.0,1.0338953100711687,1e-05,sbm_dpsgd,14,0.2,0.02,0.2,0.1585511863231659,0.027028540149331093,0.26900479197502136
100,5.0,1.0338953100711687,1e-05,gaussian,14,0.2,0.02,0.2,0.20882196724414825,0.015167436562478542,0.22578543424606323
100,5.0,1.0338953100711687,1e-05,edge_flip,14,0.2,0.02,0.2,0.26042965054512024,0.0,0.21577855944633484
100,5.0,1.0338953100711687,1e-05,sbm_dpsgd,15,0.2,0.02,0.2,0.19319041073322296,0.04424220696091652,0.18583041429519653
100,5.0,1.0338953100711687,1e-05,gaussian,15,0.2,0.02,0.2,0.18432344496250153,0.014526317827403545,0.16942454874515533
100,5.0,1.0338953100711687,1e-05,edge_flip,15,0.2,0.02,0.2,0.17971420288085938,0.0,0.18143154680728912
100,5.0,1.0338953100711687,1e-05,sbm_dpsgd,16,0.2,0.02,0.2,0.20618905127048492,0.05592351034283638,0.242290660738945
100,5.0,1.0338953100711687,1e-05,gaussian,16,0.2,0.02,0.2,0.18578875064849854,0.03079911693930626,0.20363906025886536
100,5.0,1.0338953100711687,1e-05,edge_flip,16,0.2,0.02,0.2,0.21577855944633484,0.03044212982058525,0.20375710725784302
100,5.0,1.0338953100711687,1e-05,sbm_dpsgd,17,0.2,0.02,0.2,0.23224741220474243,0.027332093566656113,0.2525671124458313
100,5.0,1.0338953100711687,1e-05,gaussian,17,0.2,0.02,0.2,0.22182148694992065,0.0087562445551157,0.21566364169120789
100,5.0,1.0338953100711687,1e-05,edge_flip,17,0.2,0.02,0.2,0.1917356550693512,0.036332640796899796,0.2552776038646698
100,5.0,1.0338953100711687,1e-05,sbm_dpsgd,18,0.2,0.02,0.2,0.18660426139831543,0.03915655240416527,0.209999218583107
100,5.0,1.0338953100711687,1e-05,gaussian,18,0.2,0.02,0.2,0.18479883670806885,0.023783553391695023,0.21290838718414307
100,5.0,1.0338953100711687,1e-05,edge_flip,18,0.2,0.02,0.2,0.19345299899578094,0.0018310772720724344,0.1505192518234253
100,5.0,1.0338953100711687,1e-05,sbm_dpsgd,19,0.2,0.02,0.2,0.23500503599643707,0.033191975206136703,0.2994398772716522
100,5.0,1.0338953100711687,1e-05,gaussian,19,0.2,0.02,0.2,0.20592285692691803,0.02016289345920086,0.22717081010341644
100,5.0,1.0338953100711687,1e-05,edge_flip,19,0.2,0.02,0.2,0.22608265280723572,0.02286861650645733,0.23123469948768616
100,10.0,0.5431122541136532,1e-05,sbm_dpsgd,0,0.2,0.02,0.2,0.1683584600687027,0.039367303252220154,0.1634383201599121
100,10.0,0.5431122541136532,1e-05,gaussian,0,0.2,0.02,0.2,0.20654846727848053,0.0124342180788517,0.20134414732456207
100,10.0,0.5431122541136532,1e-05,edge_flip,0,0.2,0.02,0.2,0.2397705763578415,0.06691048294305801,0.16585925221443176
100,10.0,0.5431122541136532,1e-05,sbm_dpsgd,1,0.2,0.02,0.2,0.2491905391216278,0.01305277831852436,0.2285163849592209
100,10.0,0.5431122541136532,1e-05,gaussian,1,0.2,0.02,0.2,0.19092446565628052,0.013126135803759098,0.14570364356040955
100,10.0,0.5431122541136532,1e-05,edge_flip,1,0.2,0.02,0.2,0.21513347327709198,0.0,0.24285021424293518
100,10.0,0.5431122541136532,1e-05,sbm_dpsgd,2,0.2,0.02,0.2,0.2950819730758667,0.05326665937900543,0.2287631779909134
100,10.0,0.5431122541136532,1e-05,gaussian,2,0.2,0.02,0.2,0.19748522341251373,0.047309260815382004,0.22915048897266388
100,10.0,0.5431122541136532,1e-05,edge_flip,2,0.2,0.02,0.2,0.17201852798461914,0.0,0.14430178701877594
100,10.0,0.5431122541136532,1e-05,sbm_dpsgd,3,0.2,0.02,0.2,0.1984633058309555,0.021132493391633034,0.25876808166503906
100,10.0,0.5431122541136532,1e-05,gaussian,3,0.2,0.02,0.2,0.1775660514831543,0.0,0.19453701376914978
100,10.0,0.5431122541136532,1e-05,edge_flip,3,0.2,0.02,0.2,0.2397705763578415,0.029184913262724876,0.21513347327709198
100,10.0,0.5431122541136532,1e-05,sbm_dpsgd,4,0.2,0.02,0.2,0.20416954159736633,0.035480134189128876,0.14714407920837402
100,10.0,0.5431122541136532,1e-05,gaussian,4,0.2,0.02,0.2,0.178507998585701,0.004903751891106367,0.16427196562290192
100,10.0,0.5431122541136532,1e-05,edge_flip,4,0.2,0.02,0.2,0.2089741975069046,0.0,0.1812574416399002
100,10.0,0.5431122541136532,1e-05,sbm_dpsgd,5,0.2,0.02,0.2,0.1860351711511612,0.029284130781888962,0.25420549511909485
100,10.0,0.5431122541136532,1e-05,gaussian,5,0.2,0.02,0.2,0.18913571536540985,0.017128044739365578,0.23249125480651855
100,10.0,0.5431122541136532,1e-05,edge_flip,5,0.2,0.02,0.2,0.2397705763578415,0.09105484187602997,0.17201852798461914
100,10.0,0.5431122541136532,1e-05,sbm_dpsgd,6,0.2,0.02,0.2,0.2125828117132187,0.039420004934072495,0.18487165868282318
100,10.0,0.5431122541136532,1e-05,gaussian,6,0.2,0.02,0.2,0.1984373927116394,0.0,0.19348116219043732
100,10.0,0.5431122541136532,1e-05,edge_flip,6,0.2,0.02,0.2,0.153540700674057,0.0,0.24900949001312256
100,10.0,0.5431122541136532,1e-05,sbm_dpsgd,7,0.2,0.02,0.2,0.2540607750415802,0.0591559000313282,0.19811418652534485
100,10.0,0.5431122541136532,1e-05,gaussian,7,0.2,0.02,0.2,0.1951504498720169,0.023485762998461723,0.20805825293064117
100,10.0,0.5431122541136532,1e-05,edge_flip,7,0.2,0.02,0.2,0.19049635529518127,0.0638924390077591,0.2859651446342468
100,10.0,0.5431122541136532,1e-05,sbm_dpsgd,8,0.2,0.02,0.2,0.15670764446258545,0.02781897969543934,0.2844567894935608
100,10.0,0.5431122541136532,1e-05,gaussian,8,0.2,0.02,0.2,0.1328907161951065,0.033988434821367264,0.21181100606918335
100,10.0,0.5431122541136532,1e-05,edge_flip,8,0.2,0.02,0.2,0.25208911299705505,0.006549573037773371,0.2089741975069046
100,10.0,0.5431122541136532,1e-05,sbm_dpsgd,9,0.2,0.02,0.2,0.24669350683689117,0.05927309766411781,0.22773906588554382
100,10.0,0.5431122541136532,1e-05,gaussian,9,0.2,0.02,0.2,0.25810039043426514,0.0,0.15680943429470062
100,10.0,0.5431122541136532,1e-05,edge_flip,9,0.2,0.02,0.2,0.2644076645374298,0.0563473217189312,0.16585925221443176
100,10.0,0.5431122541136532,1e-05,sbm_dpsgd,10,0.2,0.02,0.2,0.18891242146492004,0.0224909670650959,0.23831042647361755
100,10.0,0.5431122541136532,1e-05,gaussian,10,0.2,0.02,0.2,0.24266695976257324,0.01218471396714449,0.2039358913898468
100,10.0,0.5431122541136532,1e-05,edge_flip,10,0.2,0.02,0.2,0.2089741975069046,0.09256386756896973,0.22129274904727936
100,10.0,0.5431122541136532,1e-05,sbm_dpsgd,11,0.2,0.02,0.2,0.1696363091468811,0.04656108468770981,0.2751559913158417
100,10.0,0.5431122541136532,1e-05,gaussian,11,0.2,0.02,0.2,0.17936521768569946,0.03954543545842171,0.20749086141586304
100,10.0,0.5431122541136532,1e-05,edge_flip,11,0.2,0.02,0.2,0.2058945596218109,0.01862175576388836,0.21821311116218567
100,10.0,0.5431122541136532,1e-05,sbm_dpsgd,12,0.2,0.02,0.2,0.29554498195648193,0.03025103360414505,0.2841395139694214
100,10.0,0.5431122541136532,1e-05,gaussian,12,0.2,0.02,0.2,0.12757542729377747,0.04022086784243584,0.2301756739616394
100,10.0,0.5431122541136532,1e-05,edge_flip,12,0.2,0.02,0.2,0.22129274904727936,0.033711981028318405,0.19357599318027496
100,10.0,0.5431122541136532,1e-05,sbm_dpsgd,13,0.2,0.02,0.2,0.24399873614311218,0.03628738224506378,0.26479268074035645
100,10.0,0.5431122541136532,1e-05,gaussian,13,0.2,0.02,0.2,0.21441537141799927,0.02908327803015709,0.18758949637413025
100,10.0,0.5431122541136532,1e-05,edge_flip,13,0.2,0.02,0.2,0.2336113005876541,0.027675891295075417,0.18741671741008759
100,10.0,0.5431122541136532,1e-05,sbm_dpsgd,14,0.2,0.02,0.2,0.2227349579334259,0.02494877576828003,0.1809992790222168
100,10.0,0.5431122541136532,1e-05,gaussian,14,0.2,0.02,0.2,0.17761589586734772,0.01805567368865013,0.14964419603347778
100,10.0,0.5431122541136532,1e-05,edge_flip,14,0.2,0.02,0.2,0.17817780375480652,0.009567618370056152,0.326000452041626
100,10.0,0.5431122541136532,1e-05,sbm_dpsgd,15,0.2,0.02,0.2,0.19810590147972107,0.030480334535241127,0.2301202267408371
100,10.0,0.5431122541136532,1e-05,gaussian,15,0.2,0.02,0.2,0.17936331033706665,0.03788872808218002,0.1987987905740738
100,10.0,0.5431122541136532,1e-05,edge_flip,15,0.2,0.02,0.2,0.25824838876724243,0.01862175576388836,0.1289035975933075
100,10.0,0.5431122541136532,1e-05,sbm_dpsgd,16,0.2,0.02,0.2,0.22406761348247528,0.0459953136742115,0.16640587151050568
100,10.0,0.5431122541136532,1e-05,gaussian,16,0.2,0.02,0.2,0.21366284787654877,0.024137409403920174,0.20108573138713837
100,10.0,0.5431122541136532,1e-05,edge_flip,16,0.2,0.02,0.2,0.2705669403076172,0.09105484187602997,0.2613280415534973
100,10.0,0.5431122541136532,1e-05,sbm_dpsgd,17,0.2,0.02,0.2,0.2444014698266983,0.027681613340973854,0.24254456162452698
100,10.0,0.5431122541136532,1e-05,gaussian,17,0.2,0.02,0.2,0.19447487592697144,0.01896006613969803,0.22652868926525116
100,10.0,0.5431122541136532,1e-05,edge_flip,17,0.2,0.02,0.2,0.18741671741008759,0.041257094591856,0.24900949001312256
100,10.0,0.5431122541136532,1e-05,sbm_dpsgd,18,0.2,0.02,0.2,0.21420003473758698,0.0182450283318758,0.25015780329704285
100,10.0,0.5431122541136532,1e-05,gaussian,18,0.2,0.02,0.2,0.18809781968593597,0.03572554141283035,0.25245407223701477
100,10.0,0.5431122541136532,1e-05,edge_flip,18,0.2,0.02,0.2,0.17509816586971283,0.05332927778363228,0.16893889009952545
100,10.0,0.5431122541136532,1e-05,sbm_dpsgd,19,0.2,0.02,0.2,0.2061832696199417,0.06554817408323288,0.23106247186660767
100,10.0,0.5431122541136532,1e-05,gaussian,19,0.2,0.02,0.2,0.18261101841926575,0.01519489660859108,0.2496686577796936
100,10.0,0.5431122541136532,1e-05,edge_flip,19,0.2,0.02,0.2,0.2058945596218109,0.0,0.2366909384727478
100,20.0,0.40561225411365304,1e-05,sbm_dpsgd,0,0.2,0.02,0.2,0.32743310928344727,0.009776930324733257,0.25096648931503296
100,20.0,0.40561225411365304,1e-05,gaussian,0,0.2,0.02,0.2,0.22340217232704163,0.0007478093612007797,0.22719773650169373
100,20.0,0.40561225411365304,1e-05,edge_flip,0,0.2,0.02,0.2,0.1511436104774475,0.06015532836318016,0.22458705306053162
100,20.0,0.40561225411365304,1e-05,sbm_dpsgd,1,0.2,0.02,0.2,0.1729615032672882,0.014270075596868992,0.1685885787010193
100,20.0,0.40561225411365304,1e-05,gaussian,1,0.2,0.02,0.2,0.23390784859657288,0.004631837829947472,0.15945295989513397
100,20.0,0.40561225411365304,1e-05,edge_flip,1,0.2,0.02,0.2,0.02057746984064579,0.0,0.24906820058822632
100,20.0,0.40561225411365304,1e-05,sbm_dpsgd,2,0.2,0.02,0.2,0.24406665563583374,0.015626003965735435,0.24819143116474152
100,20.0,0.40561225411365304,1e-05,gaussian,2,0.2,0.02,0.2,0.16680391132831573,0.014185292646288872,0.18064144253730774
100,20.0,0.40561225411365304,1e-05,edge_flip,2,0.2,0.02,0.2,0.16746437549591064,0.0,0.10218130052089691
100,20.0,0.40561225411365304,1e-05,sbm_dpsgd,3,0.2,0.02,0.2,0.2761325240135193,0.03006204590201378,0.33728402853012085
100,20.0,0.40561225411365304,1e-05,gaussian,3,0.2,0.02,0.2,0.14748552441596985,0.010604949668049812,0.1918075680732727
100,20.0,0.40561225411365304,1e-05,edge_flip,3,0.2,0.02,0.2,0.19602571427822113,0.08214756101369858,0.16746437549591064
100,20.0,0.40561225411365304,1e-05,sbm_dpsgd,4,0.2,0.02,0.2,0.09706494957208633,0.05283094197511673,0.35633862018585205
100,20.0,0.40561225411365304,1e-05,gaussian,4,0.2,0.02,0.2,0.1630631983280182,0.014734913595020771,0.21756413578987122
100,20.0,0.40561225411365304,1e-05,edge_flip,4,0.2,0.02,0.2,0.19602571427822113,0.00017651027883403003,0.22050686180591583
100,20.0,0.40561225411365304,1e-05,sbm_dpsgd,5,0.2,0.02,0.2,0.18200787901878357,0.049833908677101135,0.27053776383399963
100,20.0,0.40561225411365304,1e-05,gaussian,5,0.2,0.02,0.2,0.25040435791015625,0.002944748615846038,0.20215755701065063
100,20.0,0.40561225411365304,1e-05,edge_flip,5,0.2,0.02,0.2,0.18786533176898956,0.05815603584051132,0.1511436104774475
100,20.0,0.40561225411365304,1e-05,sbm_dpsgd,6,0.2,0.02,0.2,0.2308865189552307,0.041734643280506134,0.164687380194664
100,20.0,0.40561225411365304,1e-05,gaussian,6,0.2,0.02,0.2,0.18080438673496246,0.012337892316281796,0.25567197799682617
100,20.0,0.40561225411365304,1e-05,edge_flip,6,0.2,0.02,0.2,0.31843146681785583,0.03216521441936493,0.19194552302360535
100,20.0,0.40561225411365304,1e-05,sbm_dpsgd,7,0.2,0.02,0.2,0.20594066381454468,0.030278237536549568,0.30704349279403687
100,20.0,0.40561225411365304,1e-05,gaussian,7,0.2,0.02,0.2,0.1353296935558319,0.018389243632555008,0.2246944159269333
100,20.0,0.40561225411365304,1e-05,edge_flip,7,0.2,0.02,0.2,0.24090781807899475,0.04016238823533058,0.24090781807899475
100,20.0,0.40561225411365304,1e-05,sbm_dpsgd,8,0.2,0.02,0.2,0.2637064456939697,0.023731565102934837,0.15726317465305328
100,20.0,0.40561225411365304,1e-05,gaussian,8,0.2,0.02,0.2,0.1613573431968689,0.05896681174635887,0.2051790952682495
100,20.0,0.40561225411365304,1e-05,edge_flip,8,0.2,0.02,0.2,0.28578993678092957,0.056156739592552185,0.14706341922283173
100,20.0,0.40561225411365304,1e-05,sbm_dpsgd,9,0.2,0.02,0.2,0.223977729678154,0.06749105453491211,0.21866899728775024
100,20.0,0.40561225411365304,1e-05,gaussian,9,0.2,0.02,0.2,0.25577840209007263,0.012067154049873352,0.259049654006958
100,20.0,0.40561225411365304,1e-05,edge_flip,9,0.2,0.02,0.2,0.2286672443151474,0.0,0.1756247580051422
100,20.0,0.40561225411365304,1e-05,sbm_dpsgd,10,0.2,0.02,0.2,0.1820942610502243,0.04626496508717537,0.24730730056762695
100,20.0,0.40561225411365304,1e-05,gaussian,10,0.2,0.02,0.2,0.16175781190395355,0.039832934737205505,0.24923348426818848
100,20.0,0.40561225411365304,1e-05,edge_flip,10,0.2,0.02,0.2,0.19194552302360535,0.028166625648736954,0.10218130052089691
100,20.0,0.40561225411365304,1e-05,sbm_dpsgd,11,0.2,0.02,0.2,0.2167360633611679,0.010659556835889816,0.17115576565265656
100,20.0,0.40561225411365304,1e-05,gaussian,11,0.2,0.02,0.2,0.14457346498966217,0.027404898777604103,0.19553664326667786
100,20.0,0.40561225411365304,1e-05,edge_flip,11,0.2,0.02,0.2,0.06545957922935486,0.08214756101369858,0.2531484067440033
100,20.0,0.40561225411365304,1e-05,sbm_dpsgd,12,0.2,0.02,0.2,0.3587571978569031,0.021485663950443268,0.3435656428337097
100,20.0,0.40561225411365304,1e-05,gaussian,12,0.2,0.02,0.2,0.19356554746627808,0.004455383867025375,0.28367844223976135
100,20.0,0.40561225411365304,1e-05,edge_flip,12,0.2,0.02,0.2,0.16338418424129486,0.0,0.179704949259758
100,20.0,0.40561225411365304,1e-05,sbm_dpsgd,13,0.2,0.02,0.2,0.23399671912193298,0.031546298414468765,0.237776517868042
100,20.0,0.40561225411365304,1e-05,gaussian,13,0.2,0.02,0.2,0.19597886502742767,0.00876572448760271,0.1448824405670166
100,20.0,0.40561225411365304,1e-05,edge_flip,13,0.2,0.02,0.2,0.14706341922283173,0.08814544230699539,0.23274743556976318
100,20.0,0.40561225411365304,1e-05,sbm_dpsgd,14,0.2,0.02,0.2,0.2629352807998657,0.07451649010181427,0.21718773245811462
100,20.0,0.40561225411365304,1e-05,gaussian,14,0.2,0.02,0.2,0.14656156301498413,0.03483954817056656,0.16497263312339783
100,20.0,0.40561225411365304,1e-05,edge_flip,14,0.2,0.02,0.2,0.16338418424129486,0.07614967972040176,0.02057746984064579
100,20.0,0.40561225411365304,1e-05,sbm_dpsgd,15,0.2,0.02,0.2,0.16463808715343475,0.019977176561951637,0.2149180769920349
100,20.0,0.40561225411365304,1e-05,gaussian,15,0.2,0.02,0.2,0.24504750967025757,0.027667051181197166,0.1736491471529007
100,20.0,0.40561225411365304,1e-05,edge_flip,15,0.2,0.02,0.2,0.179704949259758,0.03016592003405094,0.2817097306251526
100,20.0,0.40561225411365304,1e-05,sbm_dpsgd,16,0.2,0.02,0.2,0.2762269079685211,0.01598941534757614,0.28575897216796875
100,20.0,0.40561225411365304,1e-05,gaussian,16,0.2,0.02,0.2,0.20158569514751434,0.02494598925113678,0.15770387649536133
100,20.0,0.40561225411365304,1e-05,edge_flip,16,0.2,0.02,0.2,0.2041860967874527,0.0,0.26946917176246643
100,20.0,0.40561225411365304,1e-05,sbm_dpsgd,17,0.2,0.02,0.2,0.23597827553749084,0.035600896924734116,0.17447121441364288
100,20.0,0.40561225411365304,1e-05,gaussian,17,0.2,0.02,0.2,0.27765709161758423,0.03203928843140602,0.16659916937351227
100,20.0,0.40561225411365304,1e-05,edge_flip,17,0.2,0.02,0.2,0.277629554271698,0.0,0.19602571427822113
100,20.0,0.40561225411365304,1e-05,sbm_dpsgd,18,0.2,0.02,0.2,0.19115005433559418,0.026624977588653564,0.21982118487358093
100,20.0,0.40561225411365304,1e-05,gaussian,18,0.2,0.02,0.2,0.18100279569625854,0.027325017377734184,0.24107223749160767
100,20.0,0.40561225411365304,1e-05,edge_flip,18,0.2,0.02,0.2,0.14706341922283173,0.06015532836318016,0.13890303671360016
100,20.0,0.40561225411365304,1e-05,sbm_dpsgd,19,0.2,0.02,0.2,0.2888816297054291,0.03592575713992119,0.1404418796300888
100,20.0,0.40561225411365304,1e-05,gaussian,19,0.2,0.02,0.2,0.16079995036125183,0.033023301512002945,0.19367781281471252
100,20.0,0.40561225411365304,1e-05,edge_flip,19,0.2,0.02,0.2,0.18786533176898956,0.06615321338176727,0.1552238017320633
200,1.0,5.635918426327381,1e-05,sbm_dpsgd,0,0.2,0.02,0.2,0.21440714597702026,0.03664223849773407,0.21625344455242157
200,1.0,5.635918426327381,1e-05,gaussian,0,0.2,0.02,0.2,0.19858819246292114,0.02199999988079071,0.2127494513988495
200,1.0,5.635918426327381,1e-05,edge_flip,0,0.2,0.02,0.2,0.19846229255199432,0.021095257252454758,0.21311190724372864
200,1.0,5.635918426327381,1e-05,sbm_dpsgd,1,0.2,0.02,0.2,0.20674917101860046,0.03689717501401901,0.20921744406223297
200,1.0,5.635918426327381,1e-05,gaussian,1,0.2,0.02,0.2,0.2017541229724884,0.019643284380435944,0.21351759135723114
200,1.0,5.635918426327381,1e-05,edge_flip,1,0.2,0.02,0.2,0.20110736787319183,0.01948380097746849,0.21229803562164307
200,1.0,5.635918426327381,1e-05,sbm_dpsgd,2,0.2,0.02,0.2,0.2167271226644516,0.035672079771757126,0.21555399894714355
200,1.0,5.635918426327381,1e-05,gaussian,2,0.2,0.02,0.2,0.2124955654144287,0.022742552682757378,0.20504215359687805
200,1.0,5.635918426327381,1e-05,edge_flip,2,0.2,0.02,0.2,0.21209457516670227,0.022303849458694458,0.20619402825832367
200,1.0,5.635918426327381,1e-05,sbm_dpsgd,3,0.2,0.02,0.2,0.1954374611377716,0.03339529410004616,0.21496881544589996
200,1.0,5.635918426327381,1e-05,gaussian,3,0.2,0.02,0.2,0.19443698227405548,0.0199857410043478,0.2034458965063095
200,1.0,5.635918426327381,1e-05,edge_flip,3,0.2,0.02,0.2,0.19479990005493164,0.019685233011841774,0.20375242829322815
200,1.0,5.635918426327381,1e-05,sbm_dpsgd,4,0.2,0.02,0.2,0.20370666682720184,0.032392717897892,0.1956101953983307
200,1.0,5.635918426327381,1e-05,gaussian,4,0.2,0.02,0.2,0.19730405509471893,0.020514681935310364,0.1926060914993286
200,1.0,5.635918426327381,1e-05,edge_flip,4,0.2,0.02,0.2,0.19805535674095154,0.020793108269572258,0.19154442846775055
200,1.0,5.635918426327381,1e-05,sbm_dpsgd,5,0.2,0.02,0.2,0.2077103555202484,0.034691222012043,0.20494894683361053
200,1.0,5.635918426327381,1e-05,gaussian,5,0.2,0.02,0.2,0.21018049120903015,0.021081918850541115,0.20123454928398132
200,1.0,5.635918426327381,1e-05,edge_flip,5,0.2,0.02,0.2,0.20965297520160675,0.020188812166452408,0.20009003579616547
200,1.0,5.635918426327381,1e-05,sbm_dpsgd,6,0.2,0.02,0.2,0.21127040684223175,0.026483263820409775,0.20213808119297028
200,1.0,5.635918426327381,1e-05,gaussian,6,0.2,0.02,0.2,0.2054518312215805,0.01688861846923828,0.19092276692390442
200,1.0,5.635918426327381,1e-05,edge_flip,6,0.2,0.02,0.2,0.20375242829322815,0.016059454530477524,0.19052709639072418
200,1.0,5.635918426327381,1e-05,sbm_dpsgd,7,0.2,0.02,0.2,0.20501413941383362,0.035632193088531494,0.20403482019901276
200,1.0,5.635918426327381,1e-05,gaussian,7,0.2,0.02,0.2,0.20630566775798798,0.02078443579375744,0.19549737870693207
200,1.0,5.635918426327381,1e-05,edge_flip,7,0.2,0.02,0.2,0.2053801715373993,0.019987380132079124,0.19479990005493164
200,1.0,5.635918426327381,1e-05,sbm_dpsgd,8,0.2,0.02,0.2,0.2032616287469864,0.03846686705946922,0.20811747014522552
200,1.0,5.635918426327381,1e-05,gaussian,8,0.2,0.02,0.2,0.1991657018661499,0.019431624561548233,0.20470130443572998
200,1.0,5.635918426327381,1e-05,edge_flip,8,0.2,0.02,0.2,0.19785189628601074,0.019080936908721924,0.20354896783828735
200,1.0,5.635918426327381,1e-05,sbm_dpsgd,9,0.2,0.02,0.2,0.20421087741851807,0.028431329876184464,0.19835110008716583
200,1.0,5.635918426327381,1e-05,gaussian,9,0.2,0.02,0.2,0.2010972648859024,0.018940890207886696,0.19517213106155396
200,1.0,5.635918426327381,1e-05,edge_flip,9,0.2,0.02,0.2,0.20029349625110626,0.019987380132079124,0.19459642469882965
200,1.0,5.635918426327381,1e-05,sbm_dpsgd,10,0.2,0.02,0.2,0.21496807038784027,0.030337713658809662,0.20108817517757416
200,1.0,5.635918426327381,1e-05,gaussian,10,0.2,0.02,0.2,0.20341292023658752,0.01950814761221409,0.19118838012218475
200,1.0,5.635918426327381,1e-05,edge_flip,10,0.2,0.02,0.2,0.2051766961812973,0.019080936908721924,0.19113749265670776
200,1.0,5.635918426327381,1e-05,sbm_dpsgd,11,0.2,0.02,0.2,0.2194157838821411,0.03895203769207001,0.20156526565551758
200,1.0,5.635918426327381,1e-05,gaussian,11,0.2,0.02,0.2,0.2080146223306656,0.02254098653793335,0.19742470979690552
200,1.0,5.635918426327381,1e-05,edge_flip,11,0.2,0.02,0.2,0.20619402825832367,0.023311009630560875,0.1964276283979416
200,1.0,5.635918426327381,1e-05,sbm_dpsgd,12,0.2,0.02,0.2,0.2169140875339508,0.025920987129211426,0.20381730794906616
200,1.0,5.635918426327381,1e-05,gaussian,12,0.2,0.02,0.2,0.20509032905101776,0.018746713176369667,0.19614748656749725
200,1.0,5.635918426327381,1e-05,edge_flip,12,0.2,0.02,0.2,0.20660096406936646,0.017771627753973007,0.19724150002002716
200,1.0,5.635918426327381,1e-05,sbm_dpsgd,13,0.2,0.02,0.2,0.21372291445732117,0.031700242310762405,0.2047370970249176
200,1.0,5.635918426327381,1e-05,gaussian,13,0.2,0.02,0.2,0.21435041725635529,0.01928902044892311,0.19666644930839539
200,1.0,5.635918426327381,1e-05,edge_flip,13,0.2,0.02,0.2,0.21372230350971222,0.019886665046215057,0.19785189628601074
200,1.0,5.635918426327381,1e-05,sbm_dpsgd,14,0.2,0.02,0.2,0.2084655463695526,0.03855288028717041,0.1996258944272995
200,1.0,5.635918426327381,1e-05,gaussian,14,0.2,0.02,0.2,0.19641129672527313,0.018860407173633575,0.19976675510406494
200,1.0,5.635918426327381,1e-05,edge_flip,14,0.2,0.02,0.2,0.19724150002002716,0.018073776736855507,0.1994796246290207
200,1.0,5.635918426327381,1e-05,sbm_dpsgd,15,0.2,0.02,0.2,0.21721601486206055,0.03255059942603111,0.20740792155265808
200,1.0,5.635918426327381,1e-05,gaussian,15,0.2,0.02,0.2,0.20550869405269623,0.018541868776082993,0.20213307440280914
200,1.0,5.635918426327381,1e-05,edge_flip,15,0.2,0.02,0.2,0.20700789988040924,0.018678072839975357,0.20293857157230377
200,1.0,5.635918426327381,1e-05,sbm_dpsgd,16,0.2,0.02,0.2,0.2094682902097702,0.03803795203566551,0.20326931774616241
200,1.0,5.635918426327381,1e-05,gaussian,16,0.2,0.02,0.2,0.20378181338310242,0.01892344281077385,0.19662116467952728
200,1.0,5.635918426327381,1e-05,edge_flip,16,0.2,0.02,0.2,0.2055836319923401,0.019080936908721924,0.1964276283979416
200,1.0,5.635918426327381,1e-05,sbm_dpsgd,17,0.2,0.02,0.2,0.2090955376625061,0.041606225073337555,0.19870741665363312
200,1.0,5.635918426327381,1e-05,gaussian,17,0.2,0.02,0.2,0.20530156791210175,0.020747287198901176,0.19442446529865265
200,1.0,5.635918426327381,1e-05,edge_flip,17,0.2,0.02,0.2,0.20639750361442566,0.022102417424321175,0.1933756321668625
200,1.0,5.635918426327381,1e-05,sbm_dpsgd,18,0.2,0.02,0.2,0.21332670748233795,0.0437270812690258,0.2020493596792221
200,1.0,5.635918426327381,1e-05,gaussian,18,0.2,0.02,0.2,0.20541706681251526,0.023277215659618378,0.20282241702079773
200,1.0,5.635918426327381,1e-05,edge_flip,18,0.2,0.02,0.2,0.2055836319923401,0.023915305733680725,0.2021246999502182
200,1.0,5.635918426327381,1e-05,sbm_dpsgd,19,0.2,0.02,0.2,0.2040283977985382,0.03325457498431206,0.21639268100261688
200,1.0,5.635918426327381,1e-05,gaussian,19,0.2,0.02,0.2,0.1932804435491562,0.019105033949017525,0.20208445191383362
200,1.0,5.635918426327381,1e-05,edge_flip,19,0.2,0.02,0.2,0.1927652359008789,0.018980219960212708,0.20151430368423462
200,2.0,2.668102829441137,1e-05,sbm_dpsgd,0,0.2,0.02,0.2,0.21449430286884308,0.04787297919392586,0.21451032161712646
200,2.0,2.668102829441137,1e-05,gaussian,0,0.2,0.02,0.2,0.20498085021972656,0.02069353312253952,0.19740013778209686
200,2.0,2.668102829441137,1e-05,edge_flip,0,0.2,0.02,0.2,0.2047126442193985,0.01771705597639084,0.20006977021694183
200,2.0,2.668102829441137,1e-05,sbm_dpsgd,1,0.2,0.02,0.2,0.20203503966331482,0.035824261605739594,0.20573483407497406
200,2.0,2.668102829441137,1e-05,gaussian,1,0.2,0.02,0.2,0.196994811296463,0.020600827410817146,0.20021316409111023
200,2.0,2.668102829441137,1e-05,edge_flip,1,0.2,0.02,0.2,0.19658760726451874,0.016453031450510025,0.20006977021694183
200,2.0,2.668102829441137,1e-05,sbm_dpsgd,2,0.2,0.02,0.2,0.201133593916893,0.03703289106488228,0.20415806770324707
200,2.0,2.668102829441137,1e-05,gaussian,2,0.2,0.02,0.2,0.19548454880714417,0.020066218450665474,0.19968971610069275
200,2.0,2.668102829441137,1e-05,edge_flip,2,0.2,0.02,0.2,0.19519473612308502,0.02449682541191578,0.19635546207427979
200,2.0,2.668102829441137,1e-05,sbm_dpsgd,3,0.2,0.02,0.2,0.18869508802890778,0.03486938402056694,0.20862314105033875
200,2.0,2.668102829441137,1e-05,gaussian,3,0.2,0.02,0.2,0.1905958205461502,0.019504280760884285,0.20280995965003967
200,2.0,2.668102829441137,1e-05,edge_flip,3,0.2,0.02,0.2,0.19589117169380188,0.02231350913643837,0.2051769345998764
200,2.0,2.668102829441137,1e-05,sbm_dpsgd,4,0.2,0.02,0.2,0.19485263526439667,0.03659304603934288,0.20123113691806793
200,2.0,2.668102829441137,1e-05,gaussian,4,0.2,0.02,0.2,0.18685095012187958,0.020247215405106544,0.2001952975988388
200,2.0,2.668102829441137,1e-05,edge_flip,4,0.2,0.02,0.2,0.1789446473121643,0.018866170197725296,0.20448049902915955
200,2.0,2.668102829441137,1e-05,sbm_dpsgd,5,0.2,0.02,0.2,0.21154102683067322,0.03691590577363968,0.19710448384284973
200,2.0,2.668102829441137,1e-05,gaussian,5,0.2,0.02,0.2,0.20646029710769653,0.019273336976766586,0.19540120661258698
200,2.0,2.668102829441137,1e-05,edge_flip,5,0.2,0.02,0.2,0.19751617312431335,0.021624041721224785,0.19844475388526917
200,2.0,2.668102829441137,1e-05,sbm_dpsgd,6,0.2,0.02,0.2,0.1964816004037857,0.0262347050011158,0.20067664980888367
200,2.0,2.668102829441137,1e-05,gaussian,6,0.2,0.02,0.2,0.2064495086669922,0.020082565024495125,0.19765198230743408
200,2.0,2.668102829441137,1e-05,edge_flip,6,0.2,0.02,0.2,0.21051624417304993,0.02530120499432087,0.19008757174015045
200,2.0,2.668102829441137,1e-05,sbm_dpsgd,7,0.2,0.02,0.2,0.21776992082595825,0.02860260382294655,0.20727941393852234
200,2.0,2.668102829441137,1e-05,gaussian,7,0.2,0.02,0.2,0.19652098417282104,0.02051398903131485,0.19671428203582764
200,2.0,2.668102829441137,1e-05,edge_flip,7,0.2,0.02,0.2,0.2003019154071808,0.01656794175505638,0.19960547983646393
200,2.0,2.668102829441137,1e-05,sbm_dpsgd,8,0.2,0.02,0.2,0.21794459223747253,0.040681686252355576,0.20320498943328857
200,2.0,2.668102829441137,1e-05,gaussian,8,0.2,0.02,0.2,0.2014622986316681,0.021680234000086784,0.19994281232357025
200,2.0,2.668102829441137,1e-05,edge_flip,8,0.2,0.02,0.2,0.20099833607673645,0.016223208978772163,0.1942661553621292
200,2.0,2.668102829441137,1e-05,sbm_dpsgd,9,0.2,0.02,0.2,0.21175505220890045,0.035641469061374664,0.2016780823469162
200,2.0,2.668102829441137,1e-05,gaussian,9,0.2,0.02,0.2,0.206497460603714,0.018314020708203316,0.2010076642036438
200,2.0,2.668102829441137,1e-05,edge_flip,9,0.2,0.02,0.2,0.20448049902915955,0.02116439677774906,0.20192691683769226
200,2.0,2.668102829441137,1e-05,sbm_dpsgd,10,0.2,0.02,0.2,0.21708257496356964,0.030275460332632065,0.20919878780841827
200,2.0,2.668102829441137,1e-05,gaussian,10,0.2,0.02,0.2,0.20436494052410126,0.021668529137969017,0.1999184489250183
200,2.0,2.668102829441137,1e-05,edge_flip,10,0.2,0.02,0.2,0.20401620864868164,0.017487233504652977,0.19844475388526917
200,2.0,2.668102829441137,1e-05,sbm_dpsgd,11,0.2,0.02,0.2,0.203078493475914,0.03464300557971001,0.22221806645393372
200,2.0,2.668102829441137,1e-05,gaussian,11,0.2,0.02,0.2,0.20034676790237427,0.01822841353714466,0.21267235279083252
200,2.0,2.668102829441137,1e-05,edge_flip,11,0.2,0.02,0.2,0.2086590975522995,0.017602143809199333,0.2095876783132553
200,2.0,2.668102829441137,1e-05,sbm_dpsgd,12,0.2,0.02,0.2,0.20790083706378937,0.027310943230986595,0.193874329328537
200,2.0,2.668102829441137,1e-05,gaussian,12,0.2,0.02,0.2,0.20491887629032135,0.021085146814584732,0.19454069435596466
200,2.0,2.668102829441137,1e-05,edge_flip,12,0.2,0.02,0.2,0.2051769345998764,0.02036001719534397,0.19658760726451874
200,2.0,2.668102829441137,1e-05,sbm_dpsgd,13,0.2,0.02,0.2,0.1985383927822113,0.025998959317803383,0.20040178298950195
200,2.0,2.668102829441137,1e-05,gaussian,13,0.2,0.02,0.2,0.18607261776924133,0.01982439123094082,0.19820822775363922
200,2.0,2.668102829441137,1e-05,edge_flip,13,0.2,0.02,0.2,0.18776611983776093,0.023232800886034966,0.20494478940963745
200,2.0,2.668102829441137,1e-05,sbm_dpsgd,14,0.2,0.02,0.2,0.22049666941165924,0.04651432856917381,0.21982793509960175
200,2.0,2.668102829441137,1e-05,gaussian,14,0.2,0.02,0.2,0.20815414190292358,0.024180196225643158,0.21240012347698212
200,2.0,2.668102829441137,1e-05,edge_flip,14,0.2,0.02,0.2,0.2095876783132553,0.020245105028152466,0.2121412605047226
200,2.0,2.668102829441137,1e-05,sbm_dpsgd,15,0.2,0.02,0.2,0.19893892109394073,0.021360263228416443,0.2005140781402588
200,2.0,2.668102829441137,1e-05,gaussian,15,0.2,0.02,0.2,0.1903792768716812,0.01808592863380909,0.19302397966384888
200,2.0,2.668102829441137,1e-05,edge_flip,15,0.2,0.02,0.2,0.19148042798042297,0.017257411032915115,0.1893911361694336
200,2.0,2.668102829441137,1e-05,sbm_dpsgd,16,0.2,0.02,0.2,0.20615950226783752,0.041512053459882736,0.20400963723659515
200,2.0,2.668102829441137,1e-05,gaussian,16,0.2,0.02,0.2,0.20328927040100098,0.021185899153351784,0.201528400182724
200,2.0,2.668102829441137,1e-05,edge_flip,16,0.2,0.02,0.2,0.20285549759864807,0.018636345863342285,0.19473044574260712
200,2.0,2.668102829441137,1e-05,sbm_dpsgd,17,0.2,0.02,0.2,0.20902574062347412,0.03339603543281555,0.21264959871768951
200,2.0,2.668102829441137,1e-05,gaussian,17,0.2,0.02,0.2,0.1983451098203659,0.019329076632857323,0.20494435727596283
200,2.0,2.668102829441137,1e-05,edge_flip,17,0.2,0.02,0.2,0.2047126442193985,0.02036001719534397,0.20285549759864807
200,2.0,2.668102829441137,1e-05,sbm_dpsgd,18,0.2,0.02,0.2,0.21748404204845428,0.027183780446648598,0.1941884160041809
200,2.0,2.668102829441137,1e-05,gaussian,18,0.2,0.02,0.2,0.20772217214107513,0.02042013593018055,0.1876901239156723
200,2.0,2.668102829441137,1e-05,edge_flip,18,0.2,0.02,0.2,0.21098053455352783,0.025071382522583008,0.18428395688533783
200,2.0,2.668102829441137,1e-05,sbm_dpsgd,19,0.2,0.02,0.2,0.20169687271118164,0.04266134649515152,0.20373587310314178
200,2.0,2.668102829441137,1e-05,gaussian,19,0.2,0.02,0.2,0.1998080313205719,0.01960119605064392,0.19258135557174683
200,2.0,2.668102829441137,1e-05,edge_flip,19,0.2,0.02,0.2,0.19473044574260712,0.0228880662471056,0.19194471836090088
200,5.0,1.0338953100711687,1e-05,sbm_dpsgd,0,0.2,0.02,0.2,0.209403395652771,0.023248115554451942,0.21058063209056854
200,5.0,1.0338953100711687,1e-05,gaussian,0,0.2,0.02,0.2,0.20104947686195374,0.01980440691113472,0.2113812416791916
200,5.0,1.0338953100711687,1e-05,edge_flip,0,0.2,0.02,0.2,0.18932442367076874,0.023920493200421333,0.20164944231510162
200,5.0,1.0338953100711687,1e-05,sbm_dpsgd,1,0.2,0.02,0.2,0.22350557148456573,0.02823415957391262,0.2149825543165207
200,5.0,1.0338953100711687,1e-05,gaussian,1,0.2,0.02,0.2,0.20576409995555878,0.017976338043808937,0.19969907402992249
200,5.0,1.0338953100711687,1e-05,edge_flip,1,0.2,0.02,0.2,0.2075994610786438,0.03443926200270653,0.20504945516586304
200,5.0,1.0338953100711687,1e-05,sbm_dpsgd,2,0.2,0.02,0.2,0.2122565060853958,0.04080718383193016,0.20991165935993195
200,5.0,1.0338953100711687,1e-05,gaussian,2,0.2,0.02,0.2,0.19807246327400208,0.023850785568356514,0.20350617170333862
200,5.0,1.0338953100711687,1e-05,edge_flip,2,0.2,0.02,0.2,0.2156744748353958,0.012770597822964191,0.21524947881698608
200,5.0,1.0338953100711687,1e-05,sbm_dpsgd,3,0.2,0.02,0.2,0.22268280386924744,0.03155596926808357,0.20963826775550842
200,5.0,1.0338953100711687,1e-05,gaussian,3,0.2,0.02,0.2,0.20403285324573517,0.019358979538083076,0.19768530130386353
200,5.0,1.0338953100711687,1e-05,edge_flip,3,0.2,0.02,0.2,0.2012244462966919,0.024761995300650597,0.21142446994781494
200,5.0,1.0338953100711687,1e-05,sbm_dpsgd,4,0.2,0.02,0.2,0.1957339644432068,0.028836114332079887,0.19899655878543854
200,5.0,1.0338953100711687,1e-05,gaussian,4,0.2,0.02,0.2,0.19808702170848846,0.020181387662887573,0.20247383415699005
200,5.0,1.0338953100711687,1e-05,edge_flip,4,0.2,0.02,0.2,0.2092994600534439,0.016557354480028152,0.16807438433170319
200,5.0,1.0338953100711687,1e-05,sbm_dpsgd,5,0.2,0.02,0.2,0.1961813122034073,0.03787035122513771,0.2079380601644516
200,5.0,1.0338953100711687,1e-05,gaussian,5,0.2,0.02,0.2,0.19347114861011505,0.018351241946220398,0.20499373972415924
200,5.0,1.0338953100711687,1e-05,edge_flip,5,0.2,0.02,0.2,0.1999494433403015,0.024341244250535965,0.2092994600534439
200,5.0,1.0338953100711687,1e-05,sbm_dpsgd,6,0.2,0.02,0.2,0.2127290964126587,0.02441253513097763,0.20069435238838196
200,5.0,1.0338953100711687,1e-05,gaussian,6,0.2,0.02,0.2,0.19706404209136963,0.016818275675177574,0.20021389424800873
200,5.0,1.0338953100711687,1e-05,edge_flip,6,0.2,0.02,0.2,0.19697444140911102,0.006248960271477699,0.18974941968917847
200,5.0,1.0338953100711687,1e-05,sbm_dpsgd,7,0.2,0.02,0.2,0.20477554202079773,0.04021892696619034,0.1977473795413971
200,5.0,1.0338953100711687,1e-05,gaussian,7,0.2,0.02,0.2,0.19849230349063873,0.020022889599204063,0.1898464560508728
200,5.0,1.0338953100711687,1e-05,edge_flip,7,0.2,0.02,0.2,0.2139744758605957,0.029179878532886505,0.20037443935871124
200,5.0,1.0338953100711687,1e-05,sbm_dpsgd,8,0.2,0.02,0.2,0.2045689970254898,0.03216760233044624,0.20027902722358704
200,5.0,1.0338953100711687,1e-05,gaussian,8,0.2,0.02,0.2,0.20159213244915009,0.017155710607767105,0.2035050094127655
200,5.0,1.0338953100711687,1e-05,edge_flip,8,0.2,0.02,0.2,0.1999494433403015,0.015505477786064148,0.19697444140911102
200,5.0,1.0338953100711687,1e-05,sbm_dpsgd,9,0.2,0.02,0.2,0.22425557672977448,0.04197784140706062,0.20251727104187012
200,5.0,1.0338953100711687,1e-05,gaussian,9,0.2,0.02,0.2,0.20978288352489471,0.020630819723010063,0.21108494699001312
200,5.0,1.0338953100711687,1e-05,edge_flip,9,0.2,0.02,0.2,0.22119948267936707,0.0,0.202924445271492
200,5.0,1.0338953100711687,1e-05,sbm_dpsgd,10,0.2,0.02,0.2,0.1949109584093094,0.021800614893436432,0.20273680984973907
200,5.0,1.0338953100711687,1e-05,gaussian,10,0.2,0.02,0.2,0.19189544022083282,0.01908590830862522,0.20645472407341003
200,5.0,1.0338953100711687,1e-05,edge_flip,10,0.2,0.02,0.2,0.18592442572116852,0.022027114406228065,0.19952444732189178
200,5.0,1.0338953100711687,1e-05,sbm_dpsgd,11,0.2,0.02,0.2,0.20004302263259888,0.04460940882563591,0.18869823217391968
200,5.0,1.0338953100711687,1e-05,gaussian,11,0.2,0.02,0.2,0.19508878886699677,0.022186491638422012,0.18839125335216522
200,5.0,1.0338953100711687,1e-05,edge_flip,11,0.2,0.02,0.2,0.1999494433403015,0.010035717859864235,0.1744493991136551
200,5.0,1.0338953100711687,1e-05,sbm_dpsgd,12,0.2,0.02,0.2,0.21068689227104187,0.03393815457820892,0.1962132602930069
200,5.0,1.0338953100711687,1e-05,gaussian,12,0.2,0.02,0.2,0.20057234168052673,0.02151302434504032,0.1957411915063858
200,5.0,1.0338953100711687,1e-05,edge_flip,12,0.2,0.02,0.2,0.20079945027828217,0.02518274635076523,0.19229942560195923
200,5.0,1.0338953100711687,1e-05,sbm_dpsgd,13,0.2,0.02,0.2,0.2167709469795227,0.03989674523472786,0.23098887503147125
200,5.0,1.0338953100711687,1e-05,gaussian,13,0.2,0.02,0.2,0.20355190336704254,0.01937314309179783,0.2158956229686737
200,5.0,1.0338953100711687,1e-05,edge_flip,13,0.2,0.02,0.2,0.21439947187900543,0.0148743512108922,0.21354946494102478
200,5.0,1.0338953100711687,1e-05,sbm_dpsgd,14,0.2,0.02,0.2,0.21413782238960266,0.02431979402899742,0.21370001137256622
200,5.0,1.0338953100711687,1e-05,gaussian,14,0.2,0.02,0.2,0.21555443108081818,0.020931441336870193,0.2019972950220108
200,5.0,1.0338953100711687,1e-05,edge_flip,14,0.2,0.02,0.2,0.20547445118427277,0.01234984677284956,0.180824413895607
200,5.0,1.0338953100711687,1e-05,sbm_dpsgd,15,0.2,0.02,0.2,0.22090888023376465,0.037331052124500275,0.23277465999126434
200,5.0,1.0338953100711687,1e-05,gaussian,15,0.2,0.02,0.2,0.20278626680374146,0.022958049550652504,0.20284724235534668
200,5.0,1.0338953100711687,1e-05,edge_flip,15,0.2,0.02,0.2,0.18762442469596863,0.036122266203165054,0.20802445709705353
200,5.0,1.0338953100711687,1e-05,sbm_dpsgd,16,0.2,0.02,0.2,0.19911056756973267,0.03602411225438118,0.21295566856861115
200,5.0,1.0338953100711687,1e-05,gaussian,16,0.2,0.02,0.2,0.19768601655960083,0.019611511379480362,0.19382114708423615
200,5.0,1.0338953100711687,1e-05,edge_flip,16,0.2,0.02,0.2,0.19229942560195923,0.017609231173992157,0.18932442367076874
200,5.0,1.0338953100711687,1e-05,sbm_dpsgd,17,0.2,0.02,0.2,0.19607117772102356,0.027089597657322884,0.19937822222709656
200,5.0,1.0338953100711687,1e-05,gaussian,17,0.2,0.02,0.2,0.19955405592918396,0.015088477171957493,0.19576534628868103
200,5.0,1.0338953100711687,1e-05,edge_flip,17,0.2,0.02,0.2,0.20844945311546326,0.005828209687024355,0.19272443652153015
200,5.0,1.0338953100711687,1e-05,sbm_dpsgd,18,0.2,0.02,0.2,0.20018282532691956,0.030581142753362656,0.20753657817840576
200,5.0,1.0338953100711687,1e-05,gaussian,18,0.2,0.02,0.2,0.20128865540027618,0.01855333521962166,0.20873165130615234
200,5.0,1.0338953100711687,1e-05,edge_flip,18,0.2,0.02,0.2,0.20334945619106293,0.015084726735949516,0.18464942276477814
200,5.0,1.0338953100711687,1e-05,sbm_dpsgd,19,0.2,0.02,0.2,0.21319594979286194,0.03400888293981552,0.21643878519535065
200,5.0,1.0338953100711687,1e-05,gaussian,19,0.2,0.02,0.2,0.20560534298419952,0.022132420912384987,0.2035883516073227
200,5.0,1.0338953100711687,1e-05,edge_flip,19,0.2,0.02,0.2,0.20802445709705353,0.043275028467178345,0.21949948370456696
200,10.0,0.5431122541136532,1e-05,sbm_dpsgd,0,0.2,0.02,0.2,0.22120395302772522,0.019169598817825317,0.20872853696346283
200,10.0,0.5431122541136532,1e-05,gaussian,0,0.2,0.02,0.2,0.1967056840658188,0.018827559426426888,0.1848318874835968
200,10.0,0.5431122541136532,1e-05,edge_flip,0,0.2,0.02,0.2,0.21343810856342316,0.03823905065655708,0.17838001251220703
200,10.0,0.5431122541136532,1e-05,sbm_dpsgd,1,0.2,0.02,0.2,0.2351026087999344,0.020560532808303833,0.20738659799098969
200,10.0,0.5431122541136532,1e-05,gaussian,1,0.2,0.02,0.2,0.20071068406105042,0.018637001514434814,0.19367343187332153
200,10.0,0.5431122541136532,1e-05,edge_flip,1,0.2,0.02,0.2,0.1890498697757721,0.007304084487259388,0.2073410451412201
200,10.0,0.5431122541136532,1e-05,sbm_dpsgd,2,0.2,0.02,0.2,0.25305140018463135,0.028041884303092957,0.2038801908493042
200,10.0,0.5431122541136532,1e-05,gaussian,2,0.2,0.02,0.2,0.2014048546552658,0.026385340839624405,0.2040412873029709
200,10.0,0.5431122541136532,1e-05,edge_flip,2,0.2,0.02,0.2,0.2332535684108734,0.01522645354270935,0.20200611650943756
200,10.0,0.5431122541136532,1e-05,sbm_dpsgd,3,0.2,0.02,0.2,0.21980662643909454,0.0420832559466362,0.20042675733566284
200,10.0,0.5431122541136532,1e-05,gaussian,3,0.2,0.02,0.2,0.19445474445819855,0.019535038620233536,0.20582984387874603
200,10.0,0.5431122541136532,1e-05,edge_flip,3,0.2,0.02,0.2,0.1707586795091629,0.025412356480956078,0.23172929883003235
200,10.0,0.5431122541136532,1e-05,sbm_dpsgd,4,0.2,0.02,0.2,0.2023230940103531,0.03417159989476204,0.2029026597738266
200,10.0,0.5431122541136532,1e-05,gaussian,4,0.2,0.02,0.2,0.18226133286952972,0.01996912620961666,0.20283782482147217
200,10.0,0.5431122541136532,1e-05,edge_flip,4,0.2,0.02,0.2,0.2096274495124817,0.022394312545657158,0.17609360814094543
200,10.0,0.5431122541136532,1e-05,sbm_dpsgd,5,0.2,0.02,0.2,0.2019347846508026,0.033455606549978256,0.23145568370819092
200,10.0,0.5431122541136532,1e-05,gaussian,5,0.2,0.02,0.2,0.1970268338918686,0.022664040327072144,0.2130308896303177
200,10.0,0.5431122541136532,1e-05,edge_flip,5,0.2,0.02,0.2,0.20429252088069916,0.003531527705490589,0.20886531472206116
200,10.0,0.5431122541136532,1e-05,sbm_dpsgd,6,0.2,0.02,0.2,0.20417220890522003,0.04220373183488846,0.20258654654026031
200,10.0,0.5431122541136532,1e-05,gaussian,6,0.2,0.02,0.2,0.20382225513458252,0.0227114949375391,0.20490087568759918
200,10.0,0.5431122541136532,1e-05,edge_flip,6,0.2,0.02,0.2,0.19209839403629303,0.02201705612242222,0.1776178777217865
200,10.0,0.5431122541136532,1e-05,sbm_dpsgd,7,0.2,0.02,0.2,0.19218920171260834,0.03178174048662186,0.18087036907672882
200,10.0,0.5431122541136532,1e-05,gaussian,7,0.2,0.02,0.2,0.18762899935245514,0.016656778752803802,0.1974623054265976
200,10.0,0.5431122541136532,1e-05,edge_flip,7,0.2,0.02,0.2,0.1776178777217865,0.01447194255888462,0.18752560019493103
200,10.0,0.5431122541136532,1e-05,sbm_dpsgd,8,0.2,0.02,0.2,0.21480850875377655,0.036024972796440125,0.22074617445468903
200,10.0,0.5431122541136532,1e-05,gaussian,8,0.2,0.02,0.2,0.1980549395084381,0.024612808600068092,0.19187003374099731
200,10.0,0.5431122541136532,1e-05,edge_flip,8,0.2,0.02,0.2,0.1707586795091629,0.02201705612242222,0.21724876761436462
200,10.0,0.5431122541136532,1e-05,sbm_dpsgd,9,0.2,0.02,0.2,0.21323202550411224,0.04338114336133003,0.20174339413642883
200,10.0,0.5431122541136532,1e-05,gaussian,9,0.2,0.02,0.2,0.19176608324050903,0.02430429682135582,0.19360919296741486
200,10.0,0.5431122541136532,1e-05,edge_flip,9,0.2,0.02,0.2,0.21038958430290222,0.02050803415477276,0.21267597377300262
200,10.0,0.5431122541136532,1e-05,sbm_dpsgd,10,0.2,0.02,0.2,0.226658433675766,0.043282393366098404,0.18135911226272583
200,10.0,0.5431122541136532,1e-05,gaussian,10,0.2,0.02,0.2,0.20057560503482819,0.01945544220507145,0.19632557034492493
200,10.0,0.5431122541136532,1e-05,edge_flip,10,0.2,0.02,0.2,0.18828773498535156,0.029184913262724876,0.21724876761436462
200,10.0,0.5431122541136532,1e-05,sbm_dpsgd,11,0.2,0.02,0.2,0.21166731417179108,0.053529106080532074,0.20372988283634186
200,10.0,0.5431122541136532,1e-05,gaussian,11,0.2,0.02,0.2,0.2019796371459961,0.021080685779452324,0.18938738107681274
200,10.0,0.5431122541136532,1e-05,edge_flip,11,0.2,0.02,0.2,0.1684722900390625,0.012585664168000221,0.20353038609027863
200,10.0,0.5431122541136532,1e-05,sbm_dpsgd,12,0.2,0.02,0.2,0.22404173016548157,0.0335557647049427,0.21280385553836823
200,10.0,0.5431122541136532,1e-05,gaussian,12,0.2,0.02,0.2,0.1930803805589676,0.02292741648852825,0.21220903098583221
200,10.0,0.5431122541136532,1e-05,edge_flip,12,0.2,0.02,0.2,0.16771015524864197,0.0,0.2233458310365677
200,10.0,0.5431122541136532,1e-05,sbm_dpsgd,13,0.2,0.02,0.2,0.23487678170204163,0.023847969248890877,0.19747038185596466
200,10.0,0.5431122541136532,1e-05,gaussian,13,0.2,0.02,0.2,0.21381860971450806,0.015544472262263298,0.18890801072120667
200,10.0,0.5431122541136532,1e-05,edge_flip,13,0.2,0.02,0.2,0.17152081429958344,0.02050803415477276,0.22410796582698822
200,10.0,0.5431122541136532,1e-05,sbm_dpsgd,14,0.2,0.02,0.2,0.20187552273273468,0.035827916115522385,0.22443024814128876
200,10.0,0.5431122541136532,1e-05,gaussian,14,0.2,0.02,0.2,0.20638920366764069,0.014206955209374428,0.21074333786964417
200,10.0,0.5431122541136532,1e-05,edge_flip,14,0.2,0.02,0.2,0.16466161608695984,0.0057950615882873535,0.18066640198230743
200,10.0,0.5431122541136532,1e-05,sbm_dpsgd,15,0.2,0.02,0.2,0.20389381051063538,0.01866321451961994,0.2040369063615799
200,10.0,0.5431122541136532,1e-05,gaussian,15,0.2,0.02,0.2,0.21007725596427917,0.01937251351773739,0.19545109570026398
200,10.0,0.5431122541136532,1e-05,edge_flip,15,0.2,0.02,0.2,0.21343810856342316,0.008813107386231422,0.21801090240478516
200,10.0,0.5431122541136532,1e-05,sbm_dpsgd,16,0.2,0.02,0.2,0.20147928595542908,0.025687696412205696,0.20136621594429016
200,10.0,0.5431122541136532,1e-05,gaussian,16,0.2,0.02,0.2,0.19502682983875275,0.019577110186219215,0.20204494893550873
200,10.0,0.5431122541136532,1e-05,edge_flip,16,0.2,0.02,0.2,0.20353038609027863,0.028053147718310356,0.2233458310365677
200,10.0,0.5431122541136532,1e-05,sbm_dpsgd,17,0.2,0.02,0.2,0.23369145393371582,0.026183392852544785,0.18712593615055084
200,10.0,0.5431122541136532,1e-05,gaussian,17,0.2,0.02,0.2,0.21264539659023285,0.022537361830472946,0.1980380266904831
200,10.0,0.5431122541136532,1e-05,edge_flip,17,0.2,0.02,0.2,0.23858849704265594,0.05332927778363228,0.18600133061408997
200,10.0,0.5431122541136532,1e-05,sbm_dpsgd,18,0.2,0.02,0.2,0.22424745559692383,0.03352678567171097,0.2340923249721527
200,10.0,0.5431122541136532,1e-05,gaussian,18,0.2,0.02,0.2,0.20103412866592407,0.02504083700478077,0.2081626057624817
200,10.0,0.5431122541136532,1e-05,edge_flip,18,0.2,0.02,0.2,0.22715650498867035,0.011831152252852917,0.17685574293136597
200,10.0,0.5431122541136532,1e-05,sbm_dpsgd,19,0.2,0.02,0.2,0.18512366712093353,0.045923713594675064,0.23247776925563812
200,10.0,0.5431122541136532,1e-05,gaussian,19,0.2,0.02,0.2,0.19551333785057068,0.01563197374343872,0.210633784532547
200,10.0,0.5431122541136532,1e-05,edge_flip,19,0.2,0.02,0.2,0.2073410451412201,0.012585664168000221,0.22410796582698822
200,20.0,0.40561225411365304,1e-05,sbm_dpsgd,0,0.2,0.02,0.2,0.20878265798091888,0.04968778416514397,0.16953544318675995
200,20.0,0.40561225411365304,1e-05,gaussian,0,0.2,0.02,0.2,0.2048744112253189,0.021556349471211433,0.1992308795452118
200,20.0,0.40561225411365304,1e-05,edge_flip,0,0.2,0.02,0.2,0.17385254800319672,0.0,0.22837874293327332
200,20.0,0.40561225411365304,1e-05,sbm_dpsgd,1,0.2,0.02,0.2,0.18017232418060303,0.01739312708377838,0.21900710463523865
200,20.0,0.40561225411365304,1e-05,gaussian,1,0.2,0.02,0.2,0.18774116039276123,0.02152561955153942,0.2030097246170044
200,20.0,0.40561225411365304,1e-05,edge_flip,1,0.2,0.02,0.2,0.2213105410337448,0.01866997964680195,0.15769663453102112
200,20.0,0.40561225411365304,1e-05,sbm_dpsgd,2,0.2,0.02,0.2,0.18352657556533813,0.018969669938087463,0.1890886425971985
200,20.0,0.40561225411365304,1e-05,gaussian,2,0.2,0.02,0.2,0.20749294757843018,0.018105173483490944,0.19509932398796082
200,20.0,0.40561225411365304,1e-05,edge_flip,2,0.2,0.02,0.2,0.2011156529188156,0.003175451187416911,0.2071741223335266
200,20.0,0.40561225411365304,1e-05,sbm_dpsgd,3,0.2,0.02,0.2,0.1824498325586319,0.013351598754525185,0.2053557187318802
200,20.0,0.40561225411365304,1e-05,gaussian,3,0.2,0.02,0.2,0.20163235068321228,0.021003657951951027,0.21107393503189087
200,20.0,0.40561225411365304,1e-05,edge_flip,3,0.2,0.02,0.2,0.16476485133171082,0.03016592003405094,0.1869792342185974
200,20.0,0.40561225411365304,1e-05,sbm_dpsgd,4,0.2,0.02,0.2,0.23679384589195251,0.027618637308478355,0.18524345755577087
200,20.0,0.40561225411365304,1e-05,gaussian,4,0.2,0.02,0.2,0.20239609479904175,0.022199681028723717,0.20756769180297852
200,20.0,0.40561225411365304,1e-05,edge_flip,4,0.2,0.02,0.2,0.1718330681324005,0.0,0.17486229538917542
200,20.0,0.40561225411365304,1e-05,sbm_dpsgd,5,0.2,0.02,0.2,0.24856647849082947,0.04317012056708336,0.1696850061416626
200,20.0,0.40561225411365304,1e-05,gaussian,5,0.2,0.02,0.2,0.19917495548725128,0.021936891600489616,0.2020346075296402
200,20.0,0.40561225411365304,1e-05,edge_flip,5,0.2,0.02,0.2,0.20818385481834412,0.028666449710726738,0.16779407858848572
200,20.0,0.40561225411365304,1e-05,sbm_dpsgd,6,0.2,0.02,0.2,0.25465652346611023,0.020128371194005013,0.19002901017665863
200,20.0,0.40561225411365304,1e-05,gaussian,6,0.2,0.02,0.2,0.1987948715686798,0.018743736669421196,0.18896599113941193
200,20.0,0.40561225411365304,1e-05,edge_flip,6,0.2,0.02,0.2,0.17991101741790771,0.020169449970126152,0.2122228443622589
200,20.0,0.40561225411365304,1e-05,sbm_dpsgd,7,0.2,0.02,0.2,0.20811358094215393,0.01902027055621147,0.21289804577827454
200,20.0,0.40561225411365304,1e-05,gaussian,7,0.2,0.02,0.2,0.20280955731868744,0.02883690595626831,0.1805713176727295
200,20.0,0.40561225411365304,1e-05,edge_flip,7,0.2,0.02,0.2,0.16476485133171082,0.05015885829925537,0.2263592630624771
200,20.0,0.40561225411365304,1e-05,sbm_dpsgd,8,0.2,0.02,0.2,0.19715237617492676,0.025974217802286148,0.18493543565273285
200,20.0,0.40561225411365304,1e-05,gaussian,8,0.2,0.02,0.2,0.20552317798137665,0.01866758055984974,0.19861577451229095
200,20.0,0.40561225411365304,1e-05,edge_flip,8,0.2,0.02,0.2,0.2394859343767166,0.04216168448328972,0.13245302438735962
200,20.0,0.40561225411365304,1e-05,sbm_dpsgd,9,0.2,0.02,0.2,0.24098385870456696,0.023789312690496445,0.22080875933170319
200,20.0,0.40561225411365304,1e-05,gaussian,9,0.2,0.02,0.2,0.20147016644477844,0.019140204414725304,0.2076609879732132
200,20.0,0.40561225411365304,1e-05,edge_flip,9,0.2,0.02,0.2,0.17385254800319672,0.0016759807476773858,0.1566869020462036
200,20.0,0.40561225411365304,1e-05,sbm_dpsgd,10,0.2,0.02,0.2,0.2264457643032074,0.021936757490038872,0.21032929420471191
200,20.0,0.40561225411365304,1e-05,gaussian,10,0.2,0.02,0.2,0.21301665902137756,0.022492891177535057,0.1986340582370758
200,20.0,0.40561225411365304,1e-05,edge_flip,10,0.2,0.02,0.2,0.2314079850912094,0.010672803968191147,0.2536223530769348
200,20.0,0.40561225411365304,1e-05,sbm_dpsgd,11,0.2,0.02,0.2,0.1976386159658432,0.02547772228717804,0.22312724590301514
200,20.0,0.40561225411365304,1e-05,gaussian,11,0.2,0.02,0.2,0.1977720558643341,0.016756517812609673,0.1982312947511673
200,20.0,0.40561225411365304,1e-05,edge_flip,11,0.2,0.02,0.2,0.15567715466022491,0.019169803708791733,0.146589457988739
200,20.0,0.40561225411365304,1e-05,sbm_dpsgd,12,0.2,0.02,0.2,0.22322967648506165,0.03647225722670555,0.23799479007720947
200,20.0,0.40561225411365304,1e-05,gaussian,12,0.2,0.02,0.2,0.20371776819229126,0.024963367730379105,0.20568227767944336
200,20.0,0.40561225411365304,1e-05,edge_flip,12,0.2,0.02,0.2,0.22333002090454102,0.0,0.197076678276062
200,20.0,0.40561225411365304,1e-05,sbm_dpsgd,13,0.2,0.02,0.2,0.16268151998519897,0.034979283809661865,0.22516606748104095
200,20.0,0.40561225411365304,1e-05,gaussian,13,0.2,0.02,0.2,0.19932952523231506,0.017095912247896194,0.18516957759857178
200,20.0,0.40561225411365304,1e-05,edge_flip,13,0.2,0.02,0.2,0.21828129887580872,0.0,0.2637197971343994
200,20.0,0.40561225411365304,1e-05,sbm_dpsgd,14,0.2,0.02,0.2,0.2089058756828308,0.05436938628554344,0.21920479834079742
200,20.0,0.40561225411365304,1e-05,gaussian,14,0.2,0.02,0.2,0.19173160195350647,0.0208638496696949,0.2033746838569641
200,20.0,0.40561225411365304,1e-05,edge_flip,14,0.2,0.02,0.2,0.14356021583080292,0.0,0.2364567071199417
200,20.0,0.40561225411365304,1e-05,sbm_dpsgd,15,0.2,0.02,0.2,0.24587242305278778,0.018014973029494286,0.20433151721954346
200,20.0,0.40561225411365304,1e-05,gaussian,15,0.2,0.02,0.2,0.20749109983444214,0.018611477687954903,0.21651265025138855
200,20.0,0.40561225411365304,1e-05,edge_flip,15,0.2,0.02,0.2,0.2071741223335266,0.040662214159965515,0.2223202884197235
200,20.0,0.40561225411365304,1e-05,sbm_dpsgd,16,0.2,0.02,0.2,0.21558262407779694,0.02800288423895836,0.24227197468280792
200,20.0,0.40561225411365304,1e-05,gaussian,16,0.2,0.02,0.2,0.21292978525161743,0.026606515049934387,0.18584291636943817
200,20.0,0.40561225411365304,1e-05,edge_flip,16,0.2,0.02,0.2,0.2051546275615692,0.026167331263422966,0.14053098857402802
200,20.0,0.40561225411365304,1e-05,sbm_dpsgd,17,0.2,0.02,0.2,0.20755985379219055,0.0316070020198822,0.20539794862270355
200,20.0,0.40561225411365304,1e-05,gaussian,17,0.2,0.02,0.2,0.20689067244529724,0.027816133573651314,0.19618920981884003
200,20.0,0.40561225411365304,1e-05,edge_flip,17,0.2,0.02,0.2,0.2263592630624771,0.06015532836318016,0.247563898563385
200,20.0,0.40561225411365304,1e-05,sbm_dpsgd,18,0.2,0.02,0.2,0.20862361788749695,0.01775929145514965,0.2132907509803772
200,20.0,0.40561225411365304,1e-05,gaussian,18,0.2,0.02,0.2,0.19476380944252014,0.01493602804839611,0.18827630579471588
200,20.0,0.40561225411365304,1e-05,edge_flip,18,0.2,0.02,0.2,0.2273690104484558,0.01217227429151535,0.2203007936477661
200,20.0,0.40561225411365304,1e-05,sbm_dpsgd,19,0.2,0.02,0.2,0.19355559349060059,0.02815220318734646,0.22137956321239471
200,20.0,0.40561225411365304,1e-05,gaussian,19,0.2,0.02,0.2,0.19925712049007416,0.023562466725707054,0.20777276158332825
200,20.0,0.40561225411365304,1e-05,edge_flip,19,0.2,0.02,0.2,0.18294024467468262,0.03566397726535797,0.2536223530769348
500,1.0,5.635918426327381,1e-05,sbm_dpsgd,0,0.2,0.02,0.2,0.20294170081615448,0.028020894154906273,0.20379607379436493
500,1.0,5.635918426327381,1e-05,gaussian,0,0.2,0.02,0.2,0.19621846079826355,0.02000701054930687,0.19766147434711456
500,1.0,5.635918426327381,1e-05,edge_flip,0,0.2,0.02,0.2,0.19662226736545563,0.01993097923696041,0.19778718054294586
500,1.0,5.635918426327381,1e-05,sbm_dpsgd,1,0.2,0.02,0.2,0.19898904860019684,0.029895398765802383,0.20588120818138123
500,1.0,5.635918426327381,1e-05,gaussian,1,0.2,0.02,0.2,0.19353674352169037,0.019948484376072884,0.20118972659111023
500,1.0,5.635918426327381,1e-05,edge_flip,1,0.2,0.02,0.2,0.1941630244255066,0.019818177446722984,0.20141133666038513
500,1.0,5.635918426327381,1e-05,sbm_dpsgd,2,0.2,0.02,0.2,0.20307384431362152,0.03153591603040695,0.2050575464963913
500,1.0,5.635918426327381,1e-05,gaussian,2,0.2,0.02,0.2,0.19902442395687103,0.020014530047774315,0.2015995979309082
500,1.0,5.635918426327381,1e-05,edge_flip,2,0.2,0.02,0.2,0.19875793159008026,0.019415313377976418,0.2013789862394333
500,1.0,5.635918426327381,1e-05,sbm_dpsgd,3,0.2,0.02,0.2,0.20725364983081818,0.030450278893113136,0.2058376520872116
500,1.0,5.635918426327381,1e-05,gaussian,3,0.2,0.02,0.2,0.20143689215183258,0.020414654165506363,0.20292867720127106
500,1.0,5.635918426327381,1e-05,edge_flip,3,0.2,0.02,0.2,0.2013789862394333,0.020494990050792694,0.2026086002588272
500,1.0,5.635918426327381,1e-05,sbm_dpsgd,4,0.2,0.02,0.2,0.1997382789850235,0.02775854431092739,0.20961634814739227
500,1.0,5.635918426327381,1e-05,gaussian,4,0.2,0.02,0.2,0.19670863449573517,0.019488586112856865,0.20428036153316498
500,1.0,5.635918426327381,1e-05,edge_flip,4,0.2,0.02,0.2,0.19691349565982819,0.019318627193570137,0.20451776683330536
500,1.0,5.635918426327381,1e-05,sbm_dpsgd,5,0.2,0.02,0.2,0.2063681185245514,0.02688981220126152,0.19865399599075317
500,1.0,5.635918426327381,1e-05,gaussian,5,0.2,0.02,0.2,0.19970399141311646,0.019919032230973244,0.19499430060386658
500,1.0,5.635918426327381,1e-05,edge_flip,5,0.2,0.02,0.2,0.20011699199676514,0.019657032564282417,0.19536028802394867
500,1.0,5.635918426327381,1e-05,sbm_dpsgd,6,0.2,0.02,0.2,0.2052866816520691,0.02849629707634449,0.20099544525146484
500,1.0,5.635918426327381,1e-05,gaussian,6,0.2,0.02,0.2,0.19987985491752625,0.019524432718753815,0.1951822191476822
500,1.0,5.635918426327381,1e-05,edge_flip,6,0.2,0.02,0.2,0.19982576370239258,0.019431428983807564,0.19510142505168915
500,1.0,5.635918426327381,1e-05,sbm_dpsgd,7,0.2,0.02,0.2,0.20356829464435577,0.030865278095006943,0.20621950924396515
500,1.0,5.635918426327381,1e-05,gaussian,7,0.2,0.02,0.2,0.19678620994091034,0.020000861957669258,0.19732855260372162
500,1.0,5.635918426327381,1e-05,edge_flip,7,0.2,0.02,0.2,0.19691349565982819,0.01978594809770584,0.19739887118339539
500,1.0,5.635918426327381,1e-05,sbm_dpsgd,8,0.2,0.02,0.2,0.20387905836105347,0.03155258670449257,0.2050909548997879
500,1.0,5.635918426327381,1e-05,gaussian,8,0.2,0.02,0.2,0.19861766695976257,0.01980520971119404,0.1990753710269928
500,1.0,5.635918426327381,1e-05,edge_flip,8,0.2,0.02,0.2,0.19811075925827026,0.019753718748688698,0.19937275350093842
500,1.0,5.635918426327381,1e-05,sbm_dpsgd,9,0.2,0.02,0.2,0.20524658262729645,0.030579961836338043,0.20208700001239777
500,1.0,5.635918426327381,1e-05,gaussian,9,0.2,0.02,0.2,0.19745869934558868,0.019995471462607384,0.199905127286911
500,1.0,5.635918426327381,1e-05,edge_flip,9,0.2,0.02,0.2,0.1976577490568161,0.020011553540825844,0.19908152520656586
500,1.0,5.635918426327381,1e-05,sbm_dpsgd,10,0.2,0.02,0.2,0.2043789029121399,0.03469133377075195,0.2091882824897766
500,1.0,5.635918426327381,1e-05,gaussian,10,0.2,0.02,0.2,0.19952607154846191,0.02055574208498001,0.20185640454292297
500,1.0,5.635918426327381,1e-05,edge_flip,10,0.2,0.02,0.2,0.1994374692440033,0.02060779184103012,0.2018643617630005
500,1.0,5.635918426327381,1e-05,sbm_dpsgd,11,0.2,0.02,0.2,0.2002684324979782,0.0277565885335207,0.2076985388994217
500,1.0,5.635918426327381,1e-05,gaussian,11,0.2,0.02,0.2,0.19771942496299744,0.01932595670223236,0.20067763328552246
500,1.0,5.635918426327381,1e-05,edge_flip,11,0.2,0.02,0.2,0.19791661202907562,0.019383084028959274,0.20060238242149353
500,1.0,5.635918426327381,1e-05,sbm_dpsgd,12,0.2,0.02,0.2,0.2031380832195282,0.033438798040151596,0.20122399926185608
500,1.0,5.635918426327381,1e-05,gaussian,12,0.2,0.02,0.2,0.199274480342865,0.020427605137228966,0.1957569718360901
500,1.0,5.635918426327381,1e-05,edge_flip,12,0.2,0.02,0.2,0.19956690073013306,0.020043781027197838,0.1955544352531433
500,1.0,5.635918426327381,1e-05,sbm_dpsgd,13,0.2,0.02,0.2,0.20977424085140228,0.032781630754470825,0.21156533062458038
500,1.0,5.635918426327381,1e-05,gaussian,13,0.2,0.02,0.2,0.2032557725906372,0.019533714279532433,0.20452497899532318
500,1.0,5.635918426327381,1e-05,edge_flip,13,0.2,0.02,0.2,0.20289982855319977,0.019673146307468414,0.2043883204460144
500,1.0,5.635918426327381,1e-05,sbm_dpsgd,14,0.2,0.02,0.2,0.20586761832237244,0.031975362449884415,0.20197224617004395
500,1.0,5.635918426327381,1e-05,gaussian,14,0.2,0.02,0.2,0.20150606334209442,0.019531061872839928,0.19681134819984436
500,1.0,5.635918426327381,1e-05,edge_flip,14,0.2,0.02,0.2,0.20102304220199585,0.019560344517230988,0.19707529246807098
500,1.0,5.635918426327381,1e-05,sbm_dpsgd,15,0.2,0.02,0.2,0.20817695558071136,0.02960854582488537,0.19958136975765228
500,1.0,5.635918426327381,1e-05,gaussian,15,0.2,0.02,0.2,0.20189103484153748,0.01977245882153511,0.1961420327425003
500,1.0,5.635918426327381,1e-05,edge_flip,15,0.2,0.02,0.2,0.20160548388957977,0.019947094842791557,0.1959427446126938
500,1.0,5.635918426327381,1e-05,sbm_dpsgd,16,0.2,0.02,0.2,0.20643672347068787,0.03330962732434273,0.20568741858005524
500,1.0,5.635918426327381,1e-05,gaussian,16,0.2,0.02,0.2,0.20346695184707642,0.020511934533715248,0.19941982626914978
500,1.0,5.635918426327381,1e-05,edge_flip,16,0.2,0.02,0.2,0.20296454429626465,0.02036607265472412,0.19963161647319794
500,1.0,5.635918426327381,1e-05,sbm_dpsgd,17,0.2,0.02,0.2,0.2064141035079956,0.032854750752449036,0.20442365109920502
500,1.0,5.635918426327381,1e-05,gaussian,17,0.2,0.02,0.2,0.20032870769500732,0.01959133893251419,0.1988227814435959
500,1.0,5.635918426327381,1e-05,edge_flip,17,0.2,0.02,0.2,0.20060238242149353,0.01959257386624813,0.19836963713169098
500,1.0,5.635918426327381,1e-05,sbm_dpsgd,18,0.2,0.02,0.2,0.20636425912380219,0.033328600227832794,0.20472657680511475
500,1.0,5.635918426327381,1e-05,gaussian,18,0.2,0.02,0.2,0.19993047416210175,0.02107699029147625,0.19926582276821136
500,1.0,5.635918426327381,1e-05,edge_flip,18,0.2,0.02,0.2,0.20079652965068817,0.02128460258245468,0.1995992660522461
500,1.0,5.635918426327381,1e-05,sbm_dpsgd,19,0.2,0.02,0.2,0.2046235054731369,0.033455848693847656,0.2065696120262146
500,1.0,5.635918426327381,1e-05,gaussian,19,0.2,0.02,0.2,0.19905254244804382,0.019953707233071327,0.19962233304977417
500,1.0,5.635918426327381,1e-05,edge_flip,19,0.2,0.02,0.2,0.19956690073013306,0.019657032564282417,0.20005227625370026
500,2.0,2.668102829441137,1e-05,sbm_dpsgd,0,0.2,0.02,0.2,0.20745126903057098,0.029734594747424126,0.20142807066440582
500,2.0,2.668102829441137,1e-05,gaussian,0,0.2,0.02,0.2,0.2017957866191864,0.01958860456943512,0.19643352925777435
500,2.0,2.668102829441137,1e-05,edge_flip,0,0.2,0.02,0.2,0.2011566460132599,0.01926606148481369,0.19801850616931915
500,2.0,2.668102829441137,1e-05,sbm_dpsgd,1,0.2,0.02,0.2,0.20376542210578918,0.032983697950839996,0.20563632249832153
500,2.0,2.668102829441137,1e-05,gaussian,1,0.2,0.02,0.2,0.1987365037202835,0.02066360041499138,0.1983909010887146
500,2.0,2.668102829441137,1e-05,edge_flip,1,0.2,0.02,0.2,0.20281802117824554,0.02150913141667843,0.19787082076072693
500,2.0,2.668102829441137,1e-05,sbm_dpsgd,2,0.2,0.02,0.2,0.20447996258735657,0.029572468250989914,0.2018633782863617
500,2.0,2.668102829441137,1e-05,gaussian,2,0.2,0.02,0.2,0.20066623389720917,0.01948646456003189,0.1985950767993927
500,2.0,2.668102829441137,1e-05,edge_flip,2,0.2,0.02,0.2,0.19868305325508118,0.01862255670130253,0.19890457391738892
500,2.0,2.668102829441137,1e-05,sbm_dpsgd,3,0.2,0.02,0.2,0.20063818991184235,0.030167730525135994,0.2100576013326645
500,2.0,2.668102829441137,1e-05,gaussian,3,0.2,0.02,0.2,0.1971798986196518,0.019619811326265335,0.20104317367076874
500,2.0,2.668102829441137,1e-05,edge_flip,3,0.2,0.02,0.2,0.19646789133548737,0.020387595519423485,0.2020057886838913
500,2.0,2.668102829441137,1e-05,sbm_dpsgd,4,0.2,0.02,0.2,0.2024836391210556,0.02937411703169346,0.2049730271100998
500,2.0,2.668102829441137,1e-05,gaussian,4,0.2,0.02,0.2,0.19947847723960876,0.020008781924843788,0.20167334377765656
500,2.0,2.668102829441137,1e-05,edge_flip,4,0.2,0.02,0.2,0.20104588568210602,0.02027728036046028,0.20418402552604675
500,2.0,2.668102829441137,1e-05,sbm_dpsgd,5,0.2,0.02,0.2,0.2029917985200882,0.03129960969090462,0.20396360754966736
500,2.0,2.668102829441137,1e-05,gaussian,5,0.2,0.02,0.2,0.19710227847099304,0.02022375911474228,0.20079603791236877
500,2.0,2.668102829441137,1e-05,edge_flip,5,0.2,0.02,0.2,0.19838769733905792,0.01963377743959427,0.19923684000968933
500,2.0,2.668102829441137,1e-05,sbm_dpsgd,6,0.2,0.02,0.2,0.20230324566364288,0.03367409110069275,0.20275303721427917
500,2.0,2.668102829441137,1e-05,gaussian,6,0.2,0.02,0.2,0.1970173865556717,0.020111648365855217,0.1988561898469925
500,2.0,2.668102829441137,1e-05,edge_flip,6,0.2,0.02,0.2,0.19757547974586487,0.021582674235105515,0.1983138620853424
500,2.0,2.668102829441137,1e-05,sbm_dpsgd,7,0.2,0.02,0.2,0.20539921522140503,0.030383532866835594,0.21199524402618408
500,2.0,2.668102829441137,1e-05,gaussian,7,0.2,0.02,0.2,0.19807641208171844,0.01921882852911949,0.20422051846981049
500,2.0,2.668102829441137,1e-05,edge_flip,7,0.2,0.02,0.2,0.19547107815742493,0.01928444765508175,0.2033718079328537
500,2.0,2.668102829441137,1e-05,sbm_dpsgd,8,0.2,0.02,0.2,0.20345085859298706,0.033366356045007706,0.20672021806240082
500,2.0,2.668102829441137,1e-05,gaussian,8,0.2,0.02,0.2,0.20355699956417084,0.0208973977714777,0.2010955810546875
500,2.0,2.668102829441137,1e-05,edge_flip,8,0.2,0.02,0.2,0.20230114459991455,0.019008658826351166,0.19912607967853546
500,2.0,2.668102829441137,1e-05,sbm_dpsgd,9,0.2,0.02,0.2,0.2091396003961563,0.031318243592977524,0.2068667709827423
500,2.0,2.668102829441137,1e-05,gaussian,9,0.2,0.02,0.2,0.20242077112197876,0.01971243880689144,0.20139408111572266
500,2.0,2.668102829441137,1e-05,edge_flip,9,0.2,0.02,0.2,0.20137816667556763,0.019155746325850487,0.19931067526340485
500,2.0,2.668102829441137,1e-05,sbm_dpsgd,10,0.2,0.02,0.2,0.20396694540977478,0.027345748618245125,0.20204411447048187
500,2.0,2.668102829441137,1e-05,gaussian,10,0.2,0.02,0.2,0.19891983270645142,0.018355991691350937,0.1982518881559372
500,2.0,2.668102829441137,1e-05,edge_flip,10,0.2,0.02,0.2,0.19801850616931915,0.016140472143888474,0.19598793983459473
500,2.0,2.668102829441137,1e-05,sbm_dpsgd,11,0.2,0.02,0.2,0.20509494841098785,0.035166870802640915,0.20812657475471497
500,2.0,2.668102829441137,1e-05,gaussian,11,0.2,0.02,0.2,0.20219789445400238,0.02067098580300808,0.20218539237976074
500,2.0,2.668102829441137,1e-05,edge_flip,11,0.2,0.02,0.2,0.20196887850761414,0.020350825041532516,0.200898215174675
500,2.0,2.668102829441137,1e-05,sbm_dpsgd,12,0.2,0.02,0.2,0.20051687955856323,0.03247305005788803,0.20224836468696594
500,2.0,2.668102829441137,1e-05,gaussian,12,0.2,0.02,0.2,0.1997261792421341,0.021282745525240898,0.1997227966785431
500,2.0,2.668102829441137,1e-05,edge_flip,12,0.2,0.02,0.2,0.201562762260437,0.02029566653072834,0.19801850616931915
500,2.0,2.668102829441137,1e-05,sbm_dpsgd,13,0.2,0.02,0.2,0.20484298467636108,0.031021848320961,0.20660507678985596
500,2.0,2.668102829441137,1e-05,gaussian,13,0.2,0.02,0.2,0.19931218028068542,0.01968933641910553,0.2023787945508957
500,2.0,2.668102829441137,1e-05,edge_flip,13,0.2,0.02,0.2,0.19827693700790405,0.018788030371069908,0.19982755184173584
500,2.0,2.668102829441137,1e-05,sbm_dpsgd,14,0.2,0.02,0.2,0.2032565027475357,0.029704580083489418,0.20254863798618317
500,2.0,2.668102829441137,1e-05,gaussian,14,0.2,0.02,0.2,0.19797585904598236,0.01980775035917759,0.19861041009426117
500,2.0,2.668102829441137,1e-05,edge_flip,14,0.2,0.02,0.2,0.19680017232894897,0.02044275403022766,0.19927376508712769
500,2.0,2.668102829441137,1e-05,sbm_dpsgd,15,0.2,0.02,0.2,0.20569626986980438,0.031227948144078255,0.20329907536506653
500,2.0,2.668102829441137,1e-05,gaussian,15,0.2,0.02,0.2,0.2006465047597885,0.020408067852258682,0.20154964923858643
500,2.0,2.668102829441137,1e-05,edge_flip,15,0.2,0.02,0.2,0.19632022082805634,0.019321218132972717,0.201562762260437
500,2.0,2.668102829441137,1e-05,sbm_dpsgd,16,0.2,0.02,0.2,0.20579838752746582,0.02912127412855625,0.2036445438861847
500,2.0,2.668102829441137,1e-05,gaussian,16,0.2,0.02,0.2,0.2004937380552292,0.019907059147953987,0.19780243933200836
500,2.0,2.668102829441137,1e-05,edge_flip,16,0.2,0.02,0.2,0.1990153193473816,0.018457084894180298,0.1968740075826645
500,2.0,2.668102829441137,1e-05,sbm_dpsgd,17,0.2,0.02,0.2,0.2005910873413086,0.031836844980716705,0.21387933194637299
500,2.0,2.668102829441137,1e-05,gaussian,17,0.2,0.02,0.2,0.1978674829006195,0.02038845606148243,0.2056148797273636
500,2.0,2.668102829441137,1e-05,edge_flip,17,0.2,0.02,0.2,0.19761238992214203,0.02060822583734989,0.20573464035987854
500,2.0,2.668102829441137,1e-05,sbm_dpsgd,18,0.2,0.02,0.2,0.20346541702747345,0.03413809463381767,0.206246480345726
500,2.0,2.668102829441137,1e-05,gaussian,18,0.2,0.02,0.2,0.20016904175281525,0.02128545567393303,0.2032914161682129
500,2.0,2.668102829441137,1e-05,edge_flip,18,0.2,0.02,0.2,0.2001967430114746,0.022612279281020164,0.20241190493106842
500,2.0,2.668102829441137,1e-05,sbm_dpsgd,19,0.2,0.02,0.2,0.20171090960502625,0.036087602376937866,0.21087676286697388
500,2.0,2.668102829441137,1e-05,gaussian,19,0.2,0.02,0.2,0.19931890070438385,0.021032655611634254,0.20170991122722626
500,2.0,2.668102829441137,1e-05,edge_flip,19,0.2,0.02,0.2,0.197464719414711,0.020056651905179024,0.20163659751415253
500,5.0,1.0338953100711687,1e-05,sbm_dpsgd,0,0.2,0.02,0.2,0.20047606527805328,0.029988659545779228,0.20541340112686157
500,5.0,1.0338953100711687,1e-05,gaussian,0,0.2,0.02,0.2,0.19845108687877655,0.020007925108075142,0.1962958723306656
500,5.0,1.0338953100711687,1e-05,edge_flip,0,0.2,0.02,0.2,0.20263566076755524,0.022801296785473824,0.20006722211837769
500,5.0,1.0338953100711687,1e-05,sbm_dpsgd,1,0.2,0.02,0.2,0.2070157676935196,0.026795141398906708,0.2060239464044571
500,5.0,1.0338953100711687,1e-05,gaussian,1,0.2,0.02,0.2,0.19770196080207825,0.019612817093729973,0.19952456653118134
500,5.0,1.0338953100711687,1e-05,edge_flip,1,0.2,0.02,0.2,0.20020239055156708,0.019805550575256348,0.1989857703447342
500,5.0,1.0338953100711687,1e-05,sbm_dpsgd,2,0.2,0.02,0.2,0.20915153622627258,0.029334360733628273,0.2045784443616867
500,5.0,1.0338953100711687,1e-05,gaussian,2,0.2,0.02,0.2,0.20191726088523865,0.01973721571266651,0.19596122205257416
500,5.0,1.0338953100711687,1e-05,edge_flip,2,0.2,0.02,0.2,0.2062179446220398,0.023710118606686592,0.19540347158908844
500,5.0,1.0338953100711687,1e-05,sbm_dpsgd,3,0.2,0.02,0.2,0.2071554809808731,0.030126476660370827,0.2012259066104889
500,5.0,1.0338953100711687,1e-05,gaussian,3,0.2,0.02,0.2,0.20198264718055725,0.0195752140134573,0.19847652316093445
500,5.0,1.0338953100711687,1e-05,edge_flip,3,0.2,0.02,0.2,0.20020239055156708,0.01600196398794651,0.20371709764003754
500,5.0,1.0338953100711687,1e-05,sbm_dpsgd,4,0.2,0.02,0.2,0.2056950479745865,0.029219450429081917,0.2085907906293869
500,5.0,1.0338953100711687,1e-05,gaussian,4,0.2,0.02,0.2,0.20061229169368744,0.019752511754631996,0.20109061896800995
500,5.0,1.0338953100711687,1e-05,edge_flip,4,0.2,0.02,0.2,0.19918854534626007,0.023205216974020004,0.2039874643087387
500,5.0,1.0338953100711687,1e-05,sbm_dpsgd,5,0.2,0.02,0.2,0.20207814872264862,0.03157057240605354,0.19882425665855408
500,5.0,1.0338953100711687,1e-05,gaussian,5,0.2,0.02,0.2,0.1978338211774826,0.0200482364743948,0.19608156383037567
500,5.0,1.0338953100711687,1e-05,edge_flip,5,0.2,0.02,0.2,0.19445720314979553,0.018425488844513893,0.19087490439414978
500,5.0,1.0338953100711687,1e-05,sbm_dpsgd,6,0.2,0.02,0.2,0.20164011418819427,0.028868073597550392,0.20233547687530518
500,5.0,1.0338953100711687,1e-05,gaussian,6,0.2,0.02,0.2,0.19186417758464813,0.02007964439690113,0.20022597908973694
500,5.0,1.0338953100711687,1e-05,edge_flip,6,0.2,0.02,0.2,0.19770154356956482,0.01876208931207657,0.20364950597286224
500,5.0,1.0338953100711687,1e-05,sbm_dpsgd,7,0.2,0.02,0.2,0.20443248748779297,0.028457794338464737,0.20673036575317383
500,5.0,1.0338953100711687,1e-05,gaussian,7,0.2,0.02,0.2,0.20063890516757965,0.018644997850060463,0.20329788327217102
500,5.0,1.0338953100711687,1e-05,edge_flip,7,0.2,0.02,0.2,0.20243288576602936,0.014958501793444157,0.2072993963956833
500,5.0,1.0338953100711687,1e-05,sbm_dpsgd,8,0.2,0.02,0.2,0.2009958028793335,0.031660955399274826,0.2037205994129181
500,5.0,1.0338953100711687,1e-05,gaussian,8,0.2,0.02,0.2,0.1963215470314026,0.019274678081274033,0.19899865984916687
500,5.0,1.0338953100711687,1e-05,edge_flip,8,0.2,0.02,0.2,0.20290601253509521,0.01808888651430607,0.1906045526266098
500,5.0,1.0338953100711687,1e-05,sbm_dpsgd,9,0.2,0.02,0.2,0.20558485388755798,0.0346301794052124,0.20545624196529388
500,5.0,1.0338953100711687,1e-05,gaussian,9,0.2,0.02,0.2,0.1982090324163437,0.020724257454276085,0.20069830119609833
500,5.0,1.0338953100711687,1e-05,edge_flip,9,0.2,0.02,0.2,0.204055055975914,0.012837917543947697,0.2050689160823822
500,5.0,1.0338953100711687,1e-05,sbm_dpsgd,10,0.2,0.02,0.2,0.20377607643604279,0.03054518811404705,0.2067195177078247
500,5.0,1.0338953100711687,1e-05,gaussian,10,0.2,0.02,0.2,0.19812743365764618,0.019149044528603554,0.19740982353687286
500,5.0,1.0338953100711687,1e-05,edge_flip,10,0.2,0.02,0.2,0.20128384232521057,0.01906502991914749,0.1956738382577896
500,5.0,1.0338953100711687,1e-05,sbm_dpsgd,11,0.2,0.02,0.2,0.2048066258430481,0.03162704408168793,0.2064571976661682
500,5.0,1.0338953100711687,1e-05,gaussian,11,0.2,0.02,0.2,0.20143748819828033,0.020920192822813988,0.20088647305965424
500,5.0,1.0338953100711687,1e-05,edge_flip,11,0.2,0.02,0.2,0.19499793648719788,0.020175810903310776,0.19337575137615204
500,5.0,1.0338953100711687,1e-05,sbm_dpsgd,12,0.2,0.02,0.2,0.2080390602350235,0.032632436603307724,0.20155808329582214
500,5.0,1.0338953100711687,1e-05,gaussian,12,0.2,0.02,0.2,0.2011074274778366,0.02031574957072735,0.19936159253120422
500,5.0,1.0338953100711687,1e-05,edge_flip,12,0.2,0.02,0.2,0.20567722618579865,0.020142151042819023,0.20236529409885406
500,5.0,1.0338953100711687,1e-05,sbm_dpsgd,13,0.2,0.02,0.2,0.20361042022705078,0.03652459755539894,0.19905981421470642
500,5.0,1.0338953100711687,1e-05,gaussian,13,0.2,0.02,0.2,0.2012566477060318,0.020823800936341286,0.19662579894065857
500,5.0,1.0338953100711687,1e-05,edge_flip,13,0.2,0.02,0.2,0.21257145702838898,0.02263299562036991,0.19513310492038727
500,5.0,1.0338953100711687,1e-05,sbm_dpsgd,14,0.2,0.02,0.2,0.2108352780342102,0.0275300033390522,0.20759956538677216
500,5.0,1.0338953100711687,1e-05,gaussian,14,0.2,0.02,0.2,0.20725508034229279,0.019154125824570656,0.20060518383979797
500,5.0,1.0338953100711687,1e-05,edge_flip,14,0.2,0.02,0.2,0.2082456648349762,0.013443798758089542,0.1967552751302719
500,5.0,1.0338953100711687,1e-05,sbm_dpsgd,15,0.2,0.02,0.2,0.20602214336395264,0.027370383962988853,0.20636719465255737
500,5.0,1.0338953100711687,1e-05,gaussian,15,0.2,0.02,0.2,0.1997130662202835,0.01979888789355755,0.20174220204353333
500,5.0,1.0338953100711687,1e-05,edge_flip,15,0.2,0.02,0.2,0.1969580501317978,0.019940190017223358,0.20256806910037994
500,5.0,1.0338953100711687,1e-05,sbm_dpsgd,16,0.2,0.02,0.2,0.2082991749048233,0.03361610323190689,0.20689304172992706
500,5.0,1.0338953100711687,1e-05,gaussian,16,0.2,0.02,0.2,0.20070020854473114,0.020068585872650146,0.20237359404563904
500,5.0,1.0338953100711687,1e-05,edge_flip,16,0.2,0.02,0.2,0.20385228097438812,0.010919294320046902,0.20364950597286224
500,5.0,1.0338953100711687,1e-05,sbm_dpsgd,17,0.2,0.02,0.2,0.20648212730884552,0.030311187729239464,0.2030612677335739
500,5.0,1.0338953100711687,1e-05,gaussian,17,0.2,0.02,0.2,0.20085710287094116,0.019476111978292465,0.2007976770401001
500,5.0,1.0338953100711687,1e-05,edge_flip,17,0.2,0.02,0.2,0.20243288576602936,0.02488821931183338,0.19513310492038727
500,5.0,1.0338953100711687,1e-05,sbm_dpsgd,18,0.2,0.02,0.2,0.20736031234264374,0.033520132303237915,0.20369350910186768
500,5.0,1.0338953100711687,1e-05,gaussian,18,0.2,0.02,0.2,0.20008248090744019,0.02000872790813446,0.1998617798089981
500,5.0,1.0338953100711687,1e-05,edge_flip,18,0.2,0.02,0.2,0.20216251909732819,0.0165405236184597,0.19533587992191315
500,5.0,1.0338953100711687,1e-05,sbm_dpsgd,19,0.2,0.02,0.2,0.2104654461145401,0.030219364911317825,0.20613771677017212
500,5.0,1.0338953100711687,1e-05,gaussian,19,0.2,0.02,0.2,0.2021731287240982,0.0194691251963377,0.2053995579481125
500,5.0,1.0338953100711687,1e-05,edge_flip,19,0.2,0.02,0.2,0.20533926784992218,0.0172137264162302,0.2051365077495575
500,10.0,0.5431122541136532,1e-05,sbm_dpsgd,0,0.2,0.02,0.2,0.20744772255420685,0.03378448262810707,0.20788438618183136
500,10.0,0.5431122541136532,1e-05,gaussian,0,0.2,0.02,0.2,0.20064207911491394,0.020739056169986725,0.2021818459033966
500,10.0,0.5431122541136532,1e-05,edge_flip,0,0.2,0.02,0.2,0.2169218808412552,0.0193460863083601,0.20831620693206787
500,10.0,0.5431122541136532,1e-05,sbm_dpsgd,1,0.2,0.02,0.2,0.19690214097499847,0.03054899536073208,0.20318971574306488
500,10.0,0.5431122541136532,1e-05,gaussian,1,0.2,0.02,0.2,0.19168122112751007,0.018720829859375954,0.20037618279457092
500,10.0,0.5431122541136532,1e-05,edge_flip,1,0.2,0.02,0.2,0.19377142190933228,0.018138866871595383,0.19377142190933228
500,10.0,0.5431122541136532,1e-05,sbm_dpsgd,2,0.2,0.02,0.2,0.2118278294801712,0.027446918189525604,0.2060251384973526
500,10.0,0.5431122541136532,1e-05,gaussian,2,0.2,0.02,0.2,0.20184998214244843,0.018968436866998672,0.19806845486164093
500,10.0,0.5431122541136532,1e-05,edge_flip,2,0.2,0.02,0.2,0.19946812093257904,0.019587529823184013,0.20649811625480652
500,10.0,0.5431122541136532,1e-05,sbm_dpsgd,3,0.2,0.02,0.2,0.2052040845155716,0.02962387725710869,0.20124995708465576
500,10.0,0.5431122541136532,1e-05,gaussian,3,0.2,0.02,0.2,0.19778265058994293,0.0190262608230114,0.20227684080600739
500,10.0,0.5431122541136532,1e-05,edge_flip,3,0.2,0.02,0.2,0.1931653767824173,0.01300819031894207,0.2107403427362442
500,10.0,0.5431122541136532,1e-05,sbm_dpsgd,4,0.2,0.02,0.2,0.20621681213378906,0.02965824492275715,0.2060445249080658
500,10.0,0.5431122541136532,1e-05,gaussian,4,0.2,0.02,0.2,0.2011786252260208,0.01921376958489418,0.1964602768421173
500,10.0,0.5431122541136532,1e-05,edge_flip,4,0.2,0.02,0.2,0.20116502046585083,0.01783706247806549,0.1914684921503067
500,10.0,0.5431122541136532,1e-05,sbm_dpsgd,5,0.2,0.02,0.2,0.20358222723007202,0.0316290557384491,0.20456421375274658
500,10.0,0.5431122541136532,1e-05,gaussian,5,0.2,0.02,0.2,0.19770447909832,0.020025260746479034,0.19859527051448822
500,10.0,0.5431122541136532,1e-05,edge_flip,5,0.2,0.02,0.2,0.231951504945755,0.02079474739730358,0.19607433676719666
500,10.0,0.5431122541136532,1e-05,sbm_dpsgd,6,0.2,0.02,0.2,0.20466601848602295,0.027139948680996895,0.2129005640745163
500,10.0,0.5431122541136532,1e-05,gaussian,6,0.2,0.02,0.2,0.2032664269208908,0.02004282921552658,0.20205141603946686
500,10.0,0.5431122541136532,1e-05,edge_flip,6,0.2,0.02,0.2,0.21061913669109344,0.025020010769367218,0.21789154410362244
500,10.0,0.5431122541136532,1e-05,sbm_dpsgd,7,0.2,0.02,0.2,0.2013055682182312,0.031248413026332855,0.2038859874010086
500,10.0,0.5431122541136532,1e-05,gaussian,7,0.2,0.02,0.2,0.198451966047287,0.01999727636575699,0.19892659783363342
500,10.0,0.5431122541136532,1e-05,edge_flip,7,0.2,0.02,0.2,0.18177196383476257,0.019889334216713905,0.20819500088691711
500,10.0,0.5431122541136532,1e-05,sbm_dpsgd,8,0.2,0.02,0.2,0.2037249058485031,0.03151126578450203,0.2006591111421585
500,10.0,0.5431122541136532,1e-05,gaussian,8,0.2,0.02,0.2,0.19982491433620453,0.01972186379134655,0.19995613396167755
500,10.0,0.5431122541136532,1e-05,edge_flip,8,0.2,0.02,0.2,0.1884383261203766,0.02302810177206993,0.20855861902236938
500,10.0,0.5431122541136532,1e-05,sbm_dpsgd,9,0.2,0.02,0.2,0.19968435168266296,0.029891015961766243,0.19766701757907867
500,10.0,0.5431122541136532,1e-05,gaussian,9,0.2,0.02,0.2,0.19967247545719147,0.01901763491332531,0.19949065148830414
500,10.0,0.5431122541136532,1e-05,edge_flip,9,0.2,0.02,0.2,0.1895291805267334,0.021700160577893257,0.19571071863174438
500,10.0,0.5431122541136532,1e-05,sbm_dpsgd,10,0.2,0.02,0.2,0.20328712463378906,0.031963009387254715,0.20178762078285217
500,10.0,0.5431122541136532,1e-05,gaussian,10,0.2,0.02,0.2,0.2004147320985794,0.020757131278514862,0.19843506813049316
500,10.0,0.5431122541136532,1e-05,edge_flip,10,0.2,0.02,0.2,0.21558861434459686,0.019889334216713905,0.2098919004201889
500,10.0,0.5431122541136532,1e-05,sbm_dpsgd,11,0.2,0.02,0.2,0.20542003214359283,0.030429380014538765,0.20392079651355743
500,10.0,0.5431122541136532,1e-05,gaussian,11,0.2,0.02,0.2,0.19954811036586761,0.019237609580159187,0.19524100422859192
500,10.0,0.5431122541136532,1e-05,edge_flip,11,0.2,0.02,0.2,0.21086154878139496,0.02936599589884281,0.1747419685125351
500,10.0,0.5431122541136532,1e-05,sbm_dpsgd,12,0.2,0.02,0.2,0.20283888280391693,0.03236149623990059,0.2050863653421402
500,10.0,0.5431122541136532,1e-05,gaussian,12,0.2,0.02,0.2,0.20324620604515076,0.02068355493247509,0.20080101490020752
500,10.0,0.5431122541136532,1e-05,edge_flip,12,0.2,0.02,0.2,0.1951046884059906,0.02236413210630417,0.2032255381345749
500,10.0,0.5431122541136532,1e-05,sbm_dpsgd,13,0.2,0.02,0.2,0.20897291600704193,0.03226755931973457,0.20880883932113647
500,10.0,0.5431122541136532,1e-05,gaussian,13,0.2,0.02,0.2,0.20461870729923248,0.020444419234991074,0.20222914218902588
500,10.0,0.5431122541136532,1e-05,edge_flip,13,0.2,0.02,0.2,0.19377142190933228,0.01970825158059597,0.2118312120437622
500,10.0,0.5431122541136532,1e-05,sbm_dpsgd,14,0.2,0.02,0.2,0.2028723955154419,0.030774759128689766,0.20076575875282288
500,10.0,0.5431122541136532,1e-05,gaussian,14,0.2,0.02,0.2,0.20030935108661652,0.020466312766075134,0.19833287596702576
500,10.0,0.5431122541136532,1e-05,edge_flip,14,0.2,0.02,0.2,0.19946812093257904,0.009507257491350174,0.19025641679763794
500,10.0,0.5431122541136532,1e-05,sbm_dpsgd,15,0.2,0.02,0.2,0.20473583042621613,0.03175460547208786,0.20796674489974976
500,10.0,0.5431122541136532,1e-05,gaussian,15,0.2,0.02,0.2,0.2025737464427948,0.018520385026931763,0.20461800694465637
500,10.0,0.5431122541136532,1e-05,edge_flip,15,0.2,0.02,0.2,0.21037672460079193,0.035221002995967865,0.21255844831466675
500,10.0,0.5431122541136532,1e-05,sbm_dpsgd,16,0.2,0.02,0.2,0.20739366114139557,0.032654352486133575,0.20588749647140503
500,10.0,0.5431122541136532,1e-05,gaussian,16,0.2,0.02,0.2,0.20258362591266632,0.02021424099802971,0.2002677321434021
500,10.0,0.5431122541136532,1e-05,edge_flip,16,0.2,0.02,0.2,0.20674052834510803,0.032202959060668945,0.2034679502248764
500,10.0,0.5431122541136532,1e-05,sbm_dpsgd,17,0.2,0.02,0.2,0.20871619880199432,0.030894123017787933,0.2027280479669571
500,10.0,0.5431122541136532,1e-05,gaussian,17,0.2,0.02,0.2,0.19845956563949585,0.01958010531961918,0.197727769613266
500,10.0,0.5431122541136532,1e-05,edge_flip,17,0.2,0.02,0.2,0.21086154878139496,0.01789742335677147,0.19025641679763794
500,10.0,0.5431122541136532,1e-05,sbm_dpsgd,18,0.2,0.02,0.2,0.20037324726581573,0.03222261741757393,0.20522244274616241
500,10.0,0.5431122541136532,1e-05,gaussian,18,0.2,0.02,0.2,0.20128889381885529,0.020861834287643433,0.1993774026632309
500,10.0,0.5431122541136532,1e-05,edge_flip,18,0.2,0.02,0.2,0.21061913669109344,0.022243408486247063,0.2143765389919281
500,10.0,0.5431122541136532,1e-05,sbm_dpsgd,19,0.2,0.02,0.2,0.20299534499645233,0.031910959631204605,0.20986993610858917
500,10.0,0.5431122541136532,1e-05,gaussian,19,0.2,0.02,0.2,0.19831913709640503,0.02000117488205433,0.20177578926086426
500,10.0,0.5431122541136532,1e-05,edge_flip,19,0.2,0.02,0.2,0.19389262795448303,0.01898392103612423,0.21583102643489838
500,20.0,0.40561225411365304,1e-05,sbm_dpsgd,0,0.2,0.02,0.2,0.20569558441638947,0.031113088130950928,0.20622789859771729
500,20.0,0.40561225411365304,1e-05,gaussian,0,0.2,0.02,0.2,0.1994859129190445,0.02046850509941578,0.20184549689292908
500,20.0,0.40561225411365304,1e-05,edge_flip,0,0.2,0.02,0.2,0.2092593014240265,0.03008594736456871,0.17328806221485138
500,20.0,0.40561225411365304,1e-05,sbm_dpsgd,1,0.2,0.02,0.2,0.20758450031280518,0.02552449144423008,0.20984363555908203
500,20.0,0.40561225411365304,1e-05,gaussian,1,0.2,0.02,0.2,0.19742600619792938,0.02173624001443386,0.20057164132595062
500,20.0,0.40561225411365304,1e-05,edge_flip,1,0.2,0.02,0.2,0.2153615653514862,0.004415013361722231,0.19850005209445953
500,20.0,0.40561225411365304,1e-05,sbm_dpsgd,2,0.2,0.02,0.2,0.20861460268497467,0.024631956592202187,0.20735478401184082
500,20.0,0.40561225411365304,1e-05,gaussian,2,0.2,0.02,0.2,0.19890040159225464,0.019090376794338226,0.2034381926059723
500,20.0,0.40561225411365304,1e-05,edge_flip,2,0.2,0.02,0.2,0.19239778816699982,0.0076138838194310665,0.2163250744342804
500,20.0,0.40561225411365304,1e-05,sbm_dpsgd,3,0.2,0.02,0.2,0.20892152190208435,0.029222747310996056,0.1962004452943802
500,20.0,0.40561225411365304,1e-05,gaussian,3,0.2,0.02,0.2,0.20143339037895203,0.021295299753546715,0.19419263303279877
500,20.0,0.40561225411365304,1e-05,edge_flip,3,0.2,0.02,0.2,0.2169674187898636,0.015531088225543499,0.21712800860404968
500,20.0,0.40561225411365304,1e-05,sbm_dpsgd,4,0.2,0.02,0.2,0.1999317854642868,0.028477570042014122,0.20344692468643188
500,20.0,0.40561225411365304,1e-05,gaussian,4,0.2,0.02,0.2,0.19951678812503815,0.018630191683769226,0.19539275765419006
500,20.0,0.40561225411365304,1e-05,edge_flip,4,0.2,0.02,0.2,0.18902547657489777,0.030805693939328194,0.21102574467658997
500,20.0,0.40561225411365304,1e-05,sbm_dpsgd,5,0.2,0.02,0.2,0.21253745257854462,0.028507625684142113,0.20662008225917816
500,20.0,0.40561225411365304,1e-05,gaussian,5,0.2,0.02,0.2,0.2024005949497223,0.020324941724538803,0.19814006984233856
500,20.0,0.40561225411365304,1e-05,edge_flip,5,0.2,0.02,0.2,0.19866062700748444,0.019849563017487526,0.21070457994937897
500,20.0,0.40561225411365304,1e-05,sbm_dpsgd,6,0.2,0.02,0.2,0.20558862388134003,0.02839691750705242,0.21343287825584412
500,20.0,0.40561225411365304,1e-05,gaussian,6,0.2,0.02,0.2,0.1989469975233078,0.019480664283037186,0.20196117460727692
500,20.0,0.40561225411365304,1e-05,edge_flip,6,0.2,0.02,0.2,0.2155221551656723,0.028246598318219185,0.20331762731075287
500,20.0,0.40561225411365304,1e-05,sbm_dpsgd,7,0.2,0.02,0.2,0.2042146474123001,0.02573094703257084,0.2122969776391983
500,20.0,0.40561225411365304,1e-05,gaussian,7,0.2,0.02,0.2,0.2008512318134308,0.01828344725072384,0.20039920508861542
500,20.0,0.40561225411365304,1e-05,edge_flip,7,0.2,0.02,0.2,0.1943248212337494,0.02960611693561077,0.18774078786373138
500,20.0,0.40561225411365304,1e-05,sbm_dpsgd,8,0.2,0.02,0.2,0.2028423398733139,0.027849843725562096,0.20572224259376526
500,20.0,0.40561225411365304,1e-05,gaussian,8,0.2,0.02,0.2,0.19808198511600494,0.01978336274623871,0.20501987636089325
500,20.0,0.40561225411365304,1e-05,edge_flip,8,0.2,0.02,0.2,0.20444172620773315,0.0048148720525205135,0.2081352025270462
500,20.0,0.40561225411365304,1e-05,sbm_dpsgd,9,0.2,0.02,0.2,0.2044346183538437,0.029090503230690956,0.20165027678012848
500,20.0,0.40561225411365304,1e-05,gaussian,9,0.2,0.02,0.2,0.1994347721338272,0.018829690292477608,0.1980810910463333
500,20.0,0.40561225411365304,1e-05,edge_flip,9,0.2,0.02,0.2,0.20524466037750244,0.032964929938316345,0.2153615653514862
500,20.0,0.40561225411365304,1e-05,sbm_dpsgd,10,0.2,0.02,0.2,0.1995876431465149,0.03250565752387047,0.1995972990989685
500,20.0,0.40561225411365304,1e-05,gaussian,10,0.2,0.02,0.2,0.19731098413467407,0.020186351612210274,0.20338904857635498
500,20.0,0.40561225411365304,1e-05,edge_flip,10,0.2,0.02,0.2,0.19946356117725372,0.0,0.207814022898674
500,20.0,0.40561225411365304,1e-05,sbm_dpsgd,11,0.2,0.02,0.2,0.20193246006965637,0.03112969361245632,0.21275165677070618
500,20.0,0.40561225411365304,1e-05,gaussian,11,0.2,0.02,0.2,0.2007511854171753,0.019820746034383774,0.19897495210170746
500,20.0,0.40561225411365304,1e-05,edge_flip,11,0.2,0.02,0.2,0.193040132522583,0.01241218950599432,0.22226674854755402
500,20.0,0.40561225411365304,1e-05,sbm_dpsgd,12,0.2,0.02,0.2,0.2090492993593216,0.0312994122505188,0.1993532031774521
500,20.0,0.40561225411365304,1e-05,gaussian,12,0.2,0.02,0.2,0.20017167925834656,0.0207498911768198,0.1989540457725525
500,20.0,0.40561225411365304,1e-05,edge_flip,12,0.2,0.02,0.2,0.18918606638908386,0.02160894125699997,0.21070457994937897
500,20.0,0.40561225411365304,1e-05,sbm_dpsgd,13,0.2,0.02,0.2,0.20759336650371552,0.03585180267691612,0.20331713557243347
500,20.0,0.40561225411365304,1e-05,gaussian,13,0.2,0.02,0.2,0.20281365513801575,0.02049669437110424,0.19832880795001984
500,20.0,0.40561225411365304,1e-05,edge_flip,13,0.2,0.02,0.2,0.19914239645004272,0.03200526908040047,0.19191603362560272
500,20.0,0.40561225411365304,1e-05,sbm_dpsgd,14,0.2,0.02,0.2,0.19511903822422028,0.026372071355581284,0.21006427705287933
500,20.0,0.40561225411365304,1e-05,gaussian,14,0.2,0.02,0.2,0.19638368487358093,0.01901521347463131,0.2009570151567459
500,20.0,0.40561225411365304,1e-05,edge_flip,14,0.2,0.02,0.2,0.21311336755752563,0.006894138175994158,0.19095250964164734
500,20.0,0.40561225411365304,1e-05,sbm_dpsgd,15,0.2,0.02,0.2,0.1950911581516266,0.027316762134432793,0.20105582475662231
500,20.0,0.40561225411365304,1e-05,gaussian,15,0.2,0.02,0.2,0.19447100162506104,0.01856057159602642,0.19922786951065063
500,20.0,0.40561225411365304,1e-05,edge_flip,15,0.2,0.02,0.2,0.18436849117279053,0.025767473503947258,0.20476289093494415
500,20.0,0.40561225411365304,1e-05,sbm_dpsgd,16,0.2,0.02,0.2,0.20524735748767853,0.031616631895303726,0.21575050055980682
500,20.0,0.40561225411365304,1e-05,gaussian,16,0.2,0.02,0.2,0.20327207446098328,0.02000557817518711,0.19958588480949402
500,20.0,0.40561225411365304,1e-05,edge_flip,16,0.2,0.02,0.2,0.19095250964164734,0.022968461737036705,0.19994531571865082
500,20.0,0.40561225411365304,1e-05,sbm_dpsgd,17,0.2,0.02,0.2,0.20683154463768005,0.039850249886512756,0.20847156643867493
500,20.0,0.40561225411365304,1e-05,gaussian,17,0.2,0.02,0.2,0.19721342623233795,0.019566496834158897,0.20040549337863922
500,20.0,0.40561225411365304,1e-05,edge_flip,17,0.2,0.02,0.2,0.20588698983192444,0.011532500386238098,0.21439804136753082
500,20.0,0.40561225411365304,1e-05,sbm_dpsgd,18,0.2,0.02,0.2,0.20902696251869202,0.0254608653485775,0.20765653252601624
500,20.0,0.40561225411365304,1e-05,gaussian,18,0.2,0.02,0.2,0.20174239575862885,0.020821796730160713,0.1997894048690796
500,20.0,0.40561225411365304,1e-05,edge_flip,18,0.2,0.02,0.2,0.2166462540626526,0.010892725549638271,0.1946459859609604
500,20.0,0.40561225411365304,1e-05,sbm_dpsgd,19,0.2,0.02,0.2,0.20373602211475372,0.03403586894273758,0.20237034559249878
500,20.0,0.40561225411365304,1e-05,gaussian,19,0.2,0.02,0.2,0.19648495316505432,0.019557496532797813,0.1972774863243103
500,20.0,0.40561225411365304,1e-05,edge_flip,19,0.2,0.02,0.2,0.2090987116098404,0.01681063510477543,0.2148798108100891
1000,1.0,5.635918426327381,1e-05,sbm_dpsgd,0,0.2,0.02,0.2,0.2055489420890808,0.031792182475328445,0.20215539634227753
1000,1.0,5.635918426327381,1e-05,gaussian,0,0.2,0.02,0.2,0.1996757686138153,0.02017701230943203,0.19804218411445618
1000,1.0,5.635918426327381,1e-05,edge_flip,0,0.2,0.02,0.2,0.20008017122745514,0.02029355801641941,0.19811025261878967
1000,1.0,5.635918426327381,1e-05,sbm_dpsgd,1,0.2,0.02,0.2,0.2054264396429062,0.029331620782613754,0.20366038382053375
1000,1.0,5.635918426327381,1e-05,gaussian,1,0.2,0.02,0.2,0.1999635100364685,0.02002641186118126,0.19909338653087616
1000,1.0,5.635918426327381,1e-05,edge_flip,1,0.2,0.02,0.2,0.20005594193935394,0.01990680769085884,0.19934548437595367
1000,1.0,5.635918426327381,1e-05,sbm_dpsgd,2,0.2,0.02,0.2,0.20481093227863312,0.03019007481634617,0.20261576771736145
1000,1.0,5.635918426327381,1e-05,gaussian,2,0.2,0.02,0.2,0.2002122849225998,0.020107202231884003,0.19842879474163055
1000,1.0,5.635918426327381,1e-05,edge_flip,2,0.2,0.02,0.2,0.2001366764307022,0.020128382369875908,0.1987561285495758
1000,1.0,5.635918426327381,1e-05,sbm_dpsgd,3,0.2,0.02,0.2,0.20677518844604492,0.03199048340320587,0.20267601311206818
1000,1.0,5.635918426327381,1e-05,gaussian,3,0.2,0.02,0.2,0.20089022815227509,0.020333344116806984,0.1960664689540863
1000,1.0,5.635918426327381,1e-05,edge_flip,3,0.2,0.02,0.2,0.2007179707288742,0.020603762939572334,0.19635024666786194
1000,1.0,5.635918426327381,1e-05,sbm_dpsgd,4,0.2,0.02,0.2,0.20407427847385406,0.030028797686100006,0.20348331332206726
1000,1.0,5.635918426327381,1e-05,gaussian,4,0.2,0.02,0.2,0.2009764164686203,0.019930139183998108,0.19992965459823608
1000,1.0,5.635918426327381,1e-05,edge_flip,4,0.2,0.02,0.2,0.2008148431777954,0.019806092604994774,0.1999913603067398
1000,1.0,5.635918426327381,1e-05,sbm_dpsgd,5,0.2,0.02,0.2,0.20457340776920319,0.030492352321743965,0.20606008172035217
1000,1.0,5.635918426327381,1e-05,gaussian,5,0.2,0.02,0.2,0.19909921288490295,0.020100846886634827,0.2004743218421936
1000,1.0,5.635918426327381,1e-05,edge_flip,5,0.2,0.02,0.2,0.1991920918226242,0.019959179684519768,0.20021741092205048
1000,1.0,5.635918426327381,1e-05,sbm_dpsgd,6,0.2,0.02,0.2,0.2047373205423355,0.029287368059158325,0.20709837973117828
1000,1.0,5.635918426327381,1e-05,gaussian,6,0.2,0.02,0.2,0.19931551814079285,0.020313184708356857,0.20109997689723969
1000,1.0,5.635918426327381,1e-05,edge_flip,6,0.2,0.02,0.2,0.19953924417495728,0.02039024420082569,0.20147687196731567
1000,1.0,5.635918426327381,1e-05,sbm_dpsgd,7,0.2,0.02,0.2,0.204702228307724,0.03128865733742714,0.2059764266014099
1000,1.0,5.635918426327381,1e-05,gaussian,7,0.2,0.02,0.2,0.1994166076183319,0.020374611020088196,0.20184677839279175
1000,1.0,5.635918426327381,1e-05,edge_flip,7,0.2,0.02,0.2,0.199434295296669,0.020410388708114624,0.20187246799468994
1000,1.0,5.635918426327381,1e-05,sbm_dpsgd,8,0.2,0.02,0.2,0.20257602632045746,0.03197179734706879,0.20192851126194
1000,1.0,5.635918426327381,1e-05,gaussian,8,0.2,0.02,0.2,0.19901061058044434,0.019996240735054016,0.1990596055984497
1000,1.0,5.635918426327381,1e-05,edge_flip,8,0.2,0.02,0.2,0.1989741027355194,0.01989472284913063,0.19968456029891968
1000,1.0,5.635918426327381,1e-05,sbm_dpsgd,9,0.2,0.02,0.2,0.20472408831119537,0.03063984401524067,0.20144659280776978
1000,1.0,5.635918426327381,1e-05,gaussian,9,0.2,0.02,0.2,0.1995345950126648,0.02007991075515747,0.1978657990694046
1000,1.0,5.635918426327381,1e-05,edge_flip,9,0.2,0.02,0.2,0.19956345856189728,0.02016061171889305,0.19748859107494354
1000,1.0,5.635918426327381,1e-05,sbm_dpsgd,10,0.2,0.02,0.2,0.2034951150417328,0.027994217351078987,0.2049058973789215
1000,1.0,5.635918426327381,1e-05,gaussian,10,0.2,0.02,0.2,0.199651837348938,0.019636578857898712,0.2010202556848526
1000,1.0,5.635918426327381,1e-05,edge_flip,10,0.2,0.02,0.2,0.19978952407836914,0.019636888056993484,0.200984388589859
1000,1.0,5.635918426327381,1e-05,sbm_dpsgd,11,0.2,0.02,0.2,0.20531976222991943,0.03362384811043739,0.2040528953075409
1000,1.0,5.635918426327381,1e-05,gaussian,11,0.2,0.02,0.2,0.19932860136032104,0.02058742195367813,0.1995244175195694
1000,1.0,5.635918426327381,1e-05,edge_flip,11,0.2,0.02,0.2,0.1989983171224594,0.020724622532725334,0.1992163062095642
1000,1.0,5.635918426327381,1e-05,sbm_dpsgd,12,0.2,0.02,0.2,0.2034222036600113,0.030570244416594505,0.20596812665462494
1000,1.0,5.635918426327381,1e-05,gaussian,12,0.2,0.02,0.2,0.1993730068206787,0.020092377439141273,0.20053991675376892
1000,1.0,5.635918426327381,1e-05,edge_flip,12,0.2,0.02,0.2,0.1993131935596466,0.020152555778622627,0.2005968689918518
1000,1.0,5.635918426327381,1e-05,sbm_dpsgd,13,0.2,0.02,0.2,0.20624954998493195,0.028697578236460686,0.2050783336162567
1000,1.0,5.635918426327381,1e-05,gaussian,13,0.2,0.02,0.2,0.20007991790771484,0.01958133466541767,0.19993923604488373
1000,1.0,5.635918426327381,1e-05,edge_flip,13,0.2,0.02,0.2,0.20016896724700928,0.01972551830112934,0.19999943673610687
1000,1.0,5.635918426327381,1e-05,sbm_dpsgd,14,0.2,0.02,0.2,0.20467719435691833,0.028430752456188202,0.20288939774036407
1000,1.0,5.635918426327381,1e-05,gaussian,14,0.2,0.02,0.2,0.20080754160881042,0.019709136337041855,0.1986003816127777
1000,1.0,5.635918426327381,1e-05,edge_flip,14,0.2,0.02,0.2,0.2006210833787918,0.019705375656485558,0.1984654814004898
1000,1.0,5.635918426327381,1e-05,sbm_dpsgd,15,0.2,0.02,0.2,0.2057253122329712,0.02955988608300686,0.2047848254442215
1000,1.0,5.635918426327381,1e-05,gaussian,15,0.2,0.02,0.2,0.2001824975013733,0.019773194566369057,0.19979532063007355
1000,1.0,5.635918426327381,1e-05,edge_flip,15,0.2,0.02,0.2,0.2002577781677246,0.0198584645986557,0.19971686601638794
1000,1.0,5.635918426327381,1e-05,sbm_dpsgd,16,0.2,0.02,0.2,0.20320148766040802,0.02992602065205574,0.20529906451702118
1000,1.0,5.635918426327381,1e-05,gaussian,16,0.2,0.02,0.2,0.19989430904388428,0.01982576958835125,0.20053446292877197
1000,1.0,5.635918426327381,1e-05,edge_flip,16,0.2,0.02,0.2,0.19986218214035034,0.019866522401571274,0.20024970173835754
1000,1.0,5.635918426327381,1e-05,sbm_dpsgd,17,0.2,0.02,0.2,0.20611679553985596,0.03022625856101513,0.20683199167251587
1000,1.0,5.635918426327381,1e-05,gaussian,17,0.2,0.02,0.2,0.2008831799030304,0.020018957555294037,0.19976547360420227
1000,1.0,5.635918426327381,1e-05,edge_flip,17,0.2,0.02,0.2,0.2008390724658966,0.020128382369875908,0.19992676377296448
1000,1.0,5.635918426327381,1e-05,sbm_dpsgd,18,0.2,0.02,0.2,0.20320746302604675,0.03026883490383625,0.20557719469070435
1000,1.0,5.635918426327381,1e-05,gaussian,18,0.2,0.02,0.2,0.19931532442569733,0.019828040152788162,0.20212458074092865
1000,1.0,5.635918426327381,1e-05,edge_flip,18,0.2,0.02,0.2,0.19912749528884888,0.01993097923696041,0.2022922784090042
1000,1.0,5.635918426327381,1e-05,sbm_dpsgd,19,0.2,0.02,0.2,0.20519819855690002,0.03304000571370125,0.20410320162773132
1000,1.0,5.635918426327381,1e-05,gaussian,19,0.2,0.02,0.2,0.20044590532779694,0.020514346659183502,0.19984842836856842
1000,1.0,5.635918426327381,1e-05,edge_flip,19,0.2,0.02,0.2,0.2002577781677246,0.020434560254216194,0.19988639652729034
1000,2.0,2.668102829441137,1e-05,sbm_dpsgd,0,0.2,0.02,0.2,0.20583230257034302,0.030122866854071617,0.20511654019355774
1000,2.0,2.668102829441137,1e-05,gaussian,0,0.2,0.02,0.2,0.20084606111049652,0.01987273618578911,0.200440913438797
1000,2.0,2.668102829441137,1e-05,edge_flip,0,0.2,0.02,0.2,0.2006225436925888,0.019684338942170143,0.19994090497493744
1000,2.0,2.668102829441137,1e-05,sbm_dpsgd,1,0.2,0.02,0.2,0.20303653180599213,0.030292486771941185,0.2038891315460205
1000,2.0,2.668102829441137,1e-05,gaussian,1,0.2,0.02,0.2,0.19860677421092987,0.019940800964832306,0.19843198359012604
1000,2.0,2.668102829441137,1e-05,edge_flip,1,0.2,0.02,0.2,0.19909346103668213,0.01971651427447796,0.19851313531398773
1000,2.0,2.668102829441137,1e-05,sbm_dpsgd,2,0.2,0.02,0.2,0.2027253955602646,0.02868536114692688,0.2067788988351822
1000,2.0,2.668102829441137,1e-05,gaussian,2,0.2,0.02,0.2,0.1988169252872467,0.019664572551846504,0.20151394605636597
1000,2.0,2.668102829441137,1e-05,edge_flip,2,0.2,0.02,0.2,0.19926847517490387,0.01889834553003311,0.20130418241024017
1000,2.0,2.668102829441137,1e-05,sbm_dpsgd,3,0.2,0.02,0.2,0.20612014830112457,0.03032401017844677,0.20518873631954193
1000,2.0,2.668102829441137,1e-05,gaussian,3,0.2,0.02,0.2,0.20095252990722656,0.020132601261138916,0.199027419090271
1000,2.0,2.668102829441137,1e-05,edge_flip,3,0.2,0.02,0.2,0.20192132890224457,0.020824259147047997,0.19869737327098846
1000,2.0,2.668102829441137,1e-05,sbm_dpsgd,4,0.2,0.02,0.2,0.20274168252944946,0.03067324496805668,0.20775170624256134
1000,2.0,2.668102829441137,1e-05,gaussian,4,0.2,0.02,0.2,0.19786334037780762,0.020479749888181686,0.2017868012189865
1000,2.0,2.668102829441137,1e-05,edge_flip,4,0.2,0.02,0.2,0.19863289594650269,0.020373806357383728,0.20195817947387695
1000,2.0,2.668102829441137,1e-05,sbm_dpsgd,5,0.2,0.02,0.2,0.20520329475402832,0.03244449943304062,0.20561520755290985
1000,2.0,2.668102829441137,1e-05,gaussian,5,0.2,0.02,0.2,0.2005302757024765,0.01995765045285225,0.20076972246170044
1000,2.0,2.668102829441137,1e-05,edge_flip,5,0.2,0.02,0.2,0.1985776275396347,0.02076910063624382,0.19928689301013947
1000,2.0,2.668102829441137,1e-05,sbm_dpsgd,6,0.2,0.02,0.2,0.20563435554504395,0.029536869376897812,0.2064283788204193
1000,2.0,2.668102829441137,1e-05,gaussian,6,0.2,0.02,0.2,0.20141573250293732,0.019718937575817108,0.2022610753774643
1000,2.0,2.668102829441137,1e-05,edge_flip,6,0.2,0.02,0.2,0.19992247223854065,0.019771670922636986,0.20333066582679749
1000,2.0,2.668102829441137,1e-05,sbm_dpsgd,7,0.2,0.02,0.2,0.2048751562833786,0.02842961624264717,0.20586656033992767
1000,2.0,2.668102829441137,1e-05,gaussian,7,0.2,0.02,0.2,0.19865839183330536,0.019772043451666832,0.20129258930683136
1000,2.0,2.668102829441137,1e-05,edge_flip,7,0.2,0.02,0.2,0.1979880928993225,0.020424367859959602,0.20234505832195282
1000,2.0,2.668102829441137,1e-05,sbm_dpsgd,8,0.2,0.02,0.2,0.2052381932735443,0.02936653420329094,0.20398586988449097
1000,2.0,2.668102829441137,1e-05,gaussian,8,0.2,0.02,0.2,0.2002658247947693,0.019750522449612617,0.19837944209575653
1000,2.0,2.668102829441137,1e-05,edge_flip,8,0.2,0.02,0.2,0.20018960535526276,0.01930283196270466,0.19706696271896362
1000,2.0,2.668102829441137,1e-05,sbm_dpsgd,9,0.2,0.02,0.2,0.20450785756111145,0.028765827417373657,0.20645932853221893
1000,2.0,2.668102829441137,1e-05,gaussian,9,0.2,0.02,0.2,0.19894208014011383,0.020082328468561172,0.20150525867938995
1000,2.0,2.668102829441137,1e-05,edge_flip,9,0.2,0.02,0.2,0.19905661046504974,0.020001493394374847,0.20073308050632477
1000,2.0,2.668102829441137,1e-05,sbm_dpsgd,10,0.2,0.02,0.2,0.2054494023323059,0.02722804993391037,0.2068883180618286
1000,2.0,2.668102829441137,1e-05,gaussian,10,0.2,0.02,0.2,0.20143692195415497,0.019511360675096512,0.2017219215631485
1000,2.0,2.668102829441137,1e-05,edge_flip,10,0.2,0.02,0.2,0.20086203515529633,0.02013479173183441,0.20087124407291412
1000,2.0,2.668102829441137,1e-05,sbm_dpsgd,11,0.2,0.02,0.2,0.20494376122951508,0.03115001507103443,0.20158669352531433
1000,2.0,2.668102829441137,1e-05,gaussian,11,0.2,0.02,0.2,0.2007349282503128,0.02004716545343399,0.19756008684635162
1000,2.0,2.668102829441137,1e-05,edge_flip,11,0.2,0.02,0.2,0.20192132890224457,0.0196981281042099,0.19848550856113434
1000,2.0,2.668102829441137,1e-05,sbm_dpsgd,12,0.2,0.02,0.2,0.2062682807445526,0.029543409124016762,0.2036105990409851
1000,2.0,2.668102829441137,1e-05,gaussian,12,0.2,0.02,0.2,0.20069994032382965,0.01989082247018814,0.19934974610805511
1000,2.0,2.668102829441137,1e-05,edge_flip,12,0.2,0.02,0.2,0.20080676674842834,0.0199049673974514,0.2000238001346588
1000,2.0,2.668102829441137,1e-05,sbm_dpsgd,13,0.2,0.02,0.2,0.20469924807548523,0.029908958822488785,0.2047755867242813
1000,2.0,2.668102829441137,1e-05,gaussian,13,0.2,0.02,0.2,0.19984933733940125,0.01997736096382141,0.2004990130662918
1000,2.0,2.668102829441137,1e-05,edge_flip,13,0.2,0.02,0.2,0.1998027265071869,0.020879415795207024,0.20068702101707458
1000,2.0,2.668102829441137,1e-05,sbm_dpsgd,14,0.2,0.02,0.2,0.2049831598997116,0.03149931877851486,0.20465275645256042
1000,2.0,2.668102829441137,1e-05,gaussian,14,0.2,0.02,0.2,0.20067442953586578,0.01996982842683792,0.1994459182024002
1000,2.0,2.668102829441137,1e-05,edge_flip,14,0.2,0.02,0.2,0.19925926625728607,0.019394760951399803,0.1986144632101059
1000,2.0,2.668102829441137,1e-05,sbm_dpsgd,15,0.2,0.02,0.2,0.20499132573604584,0.030395545065402985,0.20277021825313568
1000,2.0,2.668102829441137,1e-05,gaussian,15,0.2,0.02,0.2,0.1996319442987442,0.020144147798419,0.19892337918281555
1000,2.0,2.668102829441137,1e-05,edge_flip,15,0.2,0.02,0.2,0.19868816435337067,0.01998310722410679,0.1985776275396347
1000,2.0,2.668102829441137,1e-05,sbm_dpsgd,16,0.2,0.02,0.2,0.20305481553077698,0.031009213998913765,0.20470070838928223
1000,2.0,2.668102829441137,1e-05,gaussian,16,0.2,0.02,0.2,0.19877798855304718,0.019725514575839043,0.19953277707099915
1000,2.0,2.668102829441137,1e-05,edge_flip,16,0.2,0.02,0.2,0.19960929453372955,0.019730303436517715,0.19937901198863983
1000,2.0,2.668102829441137,1e-05,sbm_dpsgd,17,0.2,0.02,0.2,0.2037903368473053,0.02991962805390358,0.20383474230766296
1000,2.0,2.668102829441137,1e-05,gaussian,17,0.2,0.02,0.2,0.19876565039157867,0.02022244967520237,0.19939161837100983
1000,2.0,2.668102829441137,1e-05,edge_flip,17,0.2,0.02,0.2,0.1977393925189972,0.019399357959628105,0.1989000141620636
1000,2.0,2.668102829441137,1e-05,sbm_dpsgd,18,0.2,0.02,0.2,0.2063586711883545,0.030314939096570015,0.20478112995624542
1000,2.0,2.668102829441137,1e-05,gaussian,18,0.2,0.02,0.2,0.200511634349823,0.019618848338723183,0.19944536685943604
1000,2.0,2.668102829441137,1e-05,edge_flip,18,0.2,0.02,0.2,0.2006685882806778,0.019707320258021355,0.19936980307102203
1000,2.0,2.668102829441137,1e-05,sbm_dpsgd,19,0.2,0.02,0.2,0.2060595452785492,0.030677778646349907,0.2027854025363922
1000,2.0,2.668102829441137,1e-05,gaussian,19,0.2,0.02,0.2,0.20200146734714508,0.02021671272814274,0.1993289738893509
1000,2.0,2.668102829441137,1e-05,edge_flip,19,0.2,0.02,0.2,0.20229899883270264,0.020327841863036156,0.2006225436925888
1000,5.0,1.0338953100711687,1e-05,sbm_dpsgd,0,0.2,0.02,0.2,0.20360197126865387,0.029584908857941628,0.20201854407787323
1000,5.0,1.0338953100711687,1e-05,gaussian,0,0.2,0.02,0.2,0.19945813715457916,0.020230520516633987,0.19832655787467957
1000,5.0,1.0338953100711687,1e-05,edge_flip,0,0.2,0.02,0.2,0.19933605194091797,0.02195979468524456,0.1995721459388733
1000,5.0,1.0338953100711687,1e-05,sbm_dpsgd,1,0.2,0.02,0.2,0.20664924383163452,0.029886551201343536,0.20261767506599426
1000,5.0,1.0338953100711687,1e-05,gaussian,1,0.2,0.02,0.2,0.20097734034061432,0.01985042169690132,0.19919030368328094
1000,5.0,1.0338953100711687,1e-05,edge_flip,1,0.2,0.02,0.2,0.19972391426563263,0.022144924849271774,0.19692452251911163
1000,5.0,1.0338953100711687,1e-05,sbm_dpsgd,2,0.2,0.02,0.2,0.20568488538265228,0.031346529722213745,0.20621061325073242
1000,5.0,1.0338953100711687,1e-05,gaussian,2,0.2,0.02,0.2,0.2000909000635147,0.020145760849118233,0.20085275173187256
1000,5.0,1.0338953100711687,1e-05,edge_flip,2,0.2,0.02,0.2,0.19925172626972198,0.02248152531683445,0.20026355981826782
1000,5.0,1.0338953100711687,1e-05,sbm_dpsgd,3,0.2,0.02,0.2,0.2059779018163681,0.03093940019607544,0.2070969045162201
1000,5.0,1.0338953100711687,1e-05,gaussian,3,0.2,0.02,0.2,0.20097419619560242,0.020171016454696655,0.20050041377544403
1000,5.0,1.0338953100711687,1e-05,edge_flip,3,0.2,0.02,0.2,0.20500226318836212,0.02028520591557026,0.19877953827381134
1000,5.0,1.0338953100711687,1e-05,sbm_dpsgd,4,0.2,0.02,0.2,0.20400920510292053,0.03133269399404526,0.2055981308221817
1000,5.0,1.0338953100711687,1e-05,gaussian,4,0.2,0.02,0.2,0.19925765693187714,0.019992895424365997,0.20076791942119598
1000,5.0,1.0338953100711687,1e-05,edge_flip,4,0.2,0.02,0.2,0.20100556313991547,0.021143538877367973,0.20227034389972687
1000,5.0,1.0338953100711687,1e-05,sbm_dpsgd,5,0.2,0.02,0.2,0.20353393256664276,0.03107677586376667,0.20516741275787354
1000,5.0,1.0338953100711687,1e-05,gaussian,5,0.2,0.02,0.2,0.1991308629512787,0.01977413333952427,0.19994106888771057
1000,5.0,1.0338953100711687,1e-05,edge_flip,5,0.2,0.02,0.2,0.19842539727687836,0.02064705267548561,0.20279312133789062
1000,5.0,1.0338953100711687,1e-05,sbm_dpsgd,6,0.2,0.02,0.2,0.2072511464357376,0.029655827209353447,0.2057003676891327
1000,5.0,1.0338953100711687,1e-05,gaussian,6,0.2,0.02,0.2,0.20255878567695618,0.020077485591173172,0.19995613396167755
1000,5.0,1.0338953100711687,1e-05,edge_flip,6,0.2,0.02,0.2,0.20103928446769714,0.021395988762378693,0.20259074866771698
1000,5.0,1.0338953100711687,1e-05,sbm_dpsgd,7,0.2,0.02,0.2,0.2050338089466095,0.030201813206076622,0.2049744427204132
1000,5.0,1.0338953100711687,1e-05,gaussian,7,0.2,0.02,0.2,0.19850261509418488,0.02014417015016079,0.2001984417438507
1000,5.0,1.0338953100711687,1e-05,edge_flip,7,0.2,0.02,0.2,0.201966792345047,0.019309064373373985,0.1997576355934143
1000,5.0,1.0338953100711687,1e-05,sbm_dpsgd,8,0.2,0.02,0.2,0.20588593184947968,0.030018610879778862,0.2054116427898407
1000,5.0,1.0338953100711687,1e-05,gaussian,8,0.2,0.02,0.2,0.20214246213436127,0.02015175111591816,0.20024041831493378
1000,5.0,1.0338953100711687,1e-05,edge_flip,8,0.2,0.02,0.2,0.20505286753177643,0.019612004980444908,0.20203424990177155
1000,5.0,1.0338953100711687,1e-05,sbm_dpsgd,9,0.2,0.02,0.2,0.20604905486106873,0.029452258720993996,0.20442119240760803
1000,5.0,1.0338953100711687,1e-05,gaussian,9,0.2,0.02,0.2,0.20048749446868896,0.019909927621483803,0.20038650929927826
1000,5.0,1.0338953100711687,1e-05,edge_flip,9,0.2,0.02,0.2,0.20399044454097748,0.020184226334095,0.1961487978696823
1000,5.0,1.0338953100711687,1e-05,sbm_dpsgd,10,0.2,0.02,0.2,0.20373797416687012,0.03304126486182213,0.20482803881168365
1000,5.0,1.0338953100711687,1e-05,gaussian,10,0.2,0.02,0.2,0.19969409704208374,0.020559899508953094,0.2003510296344757
1000,5.0,1.0338953100711687,1e-05,edge_flip,10,0.2,0.02,0.2,0.1965535283088684,0.0228433720767498,0.20370376110076904
1000,5.0,1.0338953100711687,1e-05,sbm_dpsgd,11,0.2,0.02,0.2,0.2052716463804245,0.030993806198239326,0.20520508289337158
1000,5.0,1.0338953100711687,1e-05,gaussian,11,0.2,0.02,0.2,0.20176702737808228,0.02014911361038685,0.1997763067483902
1000,5.0,1.0338953100711687,1e-05,edge_flip,11,0.2,0.02,0.2,0.20179815590381622,0.019233329221606255,0.19770026206970215
1000,5.0,1.0338953100711687,1e-05,sbm_dpsgd,12,0.2,0.02,0.2,0.20543473958969116,0.03038521483540535,0.20202624797821045
1000,5.0,1.0338953100711687,1e-05,gaussian,12,0.2,0.02,0.2,0.20075570046901703,0.01954253576695919,0.19820378720760345
1000,5.0,1.0338953100711687,1e-05,edge_flip,12,0.2,0.02,0.2,0.20260761678218842,0.018576959148049355,0.19646920263767242
1000,5.0,1.0338953100711687,1e-05,sbm_dpsgd,13,0.2,0.02,0.2,0.20743399858474731,0.03243691474199295,0.204696923494339
1000,5.0,1.0338953100711687,1e-05,gaussian,13,0.2,0.02,0.2,0.20165857672691345,0.02031378634274006,0.20017212629318237
1000,5.0,1.0338953100711687,1e-05,edge_flip,13,0.2,0.02,0.2,0.2031472623348236,0.017962662503123283,0.2043108493089676
1000,5.0,1.0338953100711687,1e-05,sbm_dpsgd,14,0.2,0.02,0.2,0.20433630049228668,0.030619995668530464,0.2039911150932312
1000,5.0,1.0338953100711687,1e-05,gaussian,14,0.2,0.02,0.2,0.20001426339149475,0.020312871783971786,0.199703648686409
1000,5.0,1.0338953100711687,1e-05,edge_flip,14,0.2,0.02,0.2,0.20014551281929016,0.022834956645965576,0.19859403371810913
1000,5.0,1.0338953100711687,1e-05,sbm_dpsgd,15,0.2,0.02,0.2,0.20505884289741516,0.028438232839107513,0.20507290959358215
1000,5.0,1.0338953100711687,1e-05,gaussian,15,0.2,0.02,0.2,0.2006864696741104,0.019761402159929276,0.19939690828323364
1000,5.0,1.0338953100711687,1e-05,edge_flip,15,0.2,0.02,0.2,0.2005165070295334,0.02203552983701229,0.20127537846565247
1000,5.0,1.0338953100711687,1e-05,sbm_dpsgd,16,0.2,0.02,0.2,0.20384562015533447,0.02967764064669609,0.202939972281456
1000,5.0,1.0338953100711687,1e-05,gaussian,16,0.2,0.02,0.2,0.20010550320148468,0.019683046266436577,0.1989474594593048
1000,5.0,1.0338953100711687,1e-05,edge_flip,16,0.2,0.02,0.2,0.19434437155723572,0.021202443167567253,0.19898191094398499
1000,5.0,1.0338953100711687,1e-05,sbm_dpsgd,17,0.2,0.02,0.2,0.20565252006053925,0.030636785551905632,0.2077808678150177
1000,5.0,1.0338953100711687,1e-05,gaussian,17,0.2,0.02,0.2,0.20044855773448944,0.019707558676600456,0.20169779658317566
1000,5.0,1.0338953100711687,1e-05,edge_flip,17,0.2,0.02,0.2,0.2064356952905655,0.016893954947590828,0.20146088302135468
1000,5.0,1.0338953100711687,1e-05,sbm_dpsgd,18,0.2,0.02,0.2,0.20291033387184143,0.03040260821580887,0.20573051273822784
1000,5.0,1.0338953100711687,1e-05,gaussian,18,0.2,0.02,0.2,0.19749481976032257,0.019885960966348648,0.20187662541866302
1000,5.0,1.0338953100711687,1e-05,edge_flip,18,0.2,0.02,0.2,0.19179794192314148,0.018248772248625755,0.20154519379138947
1000,5.0,1.0338953100711687,1e-05,sbm_dpsgd,19,0.2,0.02,0.2,0.20353204011917114,0.027722327038645744,0.20610865950584412
1000,5.0,1.0338953100711687,1e-05,gaussian,19,0.2,0.02,0.2,0.20061881840229034,0.0194966159760952,0.20051763951778412
1000,5.0,1.0338953100711687,1e-05,edge_flip,19,0.2,0.02,0.2,0.20114046335220337,0.021236103028059006,0.19969017803668976
1000,10.0,0.5431122541136532,1e-05,sbm_dpsgd,0,0.2,0.02,0.2,0.20497752726078033,0.0306777972728014,0.20471163094043732
1000,10.0,0.5431122541136532,1e-05,gaussian,0,0.2,0.02,0.2,0.1990991085767746,0.019768066704273224,0.19948069751262665
1000,10.0,0.5431122541136532,1e-05,edge_flip,0,0.2,0.02,0.2,0.2069350928068161,0.023707160726189613,0.19931437075138092
1000,10.0,0.5431122541136532,1e-05,sbm_dpsgd,1,0.2,0.02,0.2,0.20515665411949158,0.03028428927063942,0.20459802448749542
1000,10.0,0.5431122541136532,1e-05,gaussian,1,0.2,0.02,0.2,0.20076996088027954,0.020026089623570442,0.19952261447906494
1000,10.0,0.5431122541136532,1e-05,edge_flip,1,0.2,0.02,0.2,0.20100785791873932,0.014743566513061523,0.20155219733715057
1000,10.0,0.5431122541136532,1e-05,sbm_dpsgd,2,0.2,0.02,0.2,0.20713993906974792,0.03175920620560646,0.20757286250591278
1000,10.0,0.5431122541136532,1e-05,gaussian,2,0.2,0.02,0.2,0.2007559984922409,0.02072826214134693,0.201508566737175
1000,10.0,0.5431122541136532,1e-05,edge_flip,2,0.2,0.02,0.2,0.19922365248203278,0.018863199278712273,0.19722774624824524
1000,10.0,0.5431122541136532,1e-05,sbm_dpsgd,3,0.2,0.02,0.2,0.20514346659183502,0.031729765236377716,0.2051006704568863
1000,10.0,0.5431122541136532,1e-05,gaussian,3,0.2,0.02,0.2,0.2010660320520401,0.02029121294617653,0.19973300397396088
1000,10.0,0.5431122541136532,1e-05,edge_flip,3,0.2,0.02,0.2,0.19746968150138855,0.01862175576388836,0.20412267744541168
1000,10.0,0.5431122541136532,1e-05,sbm_dpsgd,4,0.2,0.02,0.2,0.20321834087371826,0.031303584575653076,0.2031574696302414
1000,10.0,0.5431122541136532,1e-05,gaussian,4,0.2,0.02,0.2,0.19957226514816284,0.020060429349541664,0.20004931092262268
1000,10.0,0.5431122541136532,1e-05,edge_flip,4,0.2,0.02,0.2,0.20369930565357208,0.020296769216656685,0.19746968150138855
1000,10.0,0.5431122541136532,1e-05,sbm_dpsgd,5,0.2,0.02,0.2,0.2078530341386795,0.031234871596097946,0.20660872757434845
1000,10.0,0.5431122541136532,1e-05,gaussian,5,0.2,0.02,0.2,0.20145298540592194,0.020000655204057693,0.20150704681873322
1000,10.0,0.5431122541136532,1e-05,edge_flip,5,0.2,0.02,0.2,0.20200581848621368,0.02274138666689396,0.2056649625301361
1000,10.0,0.5431122541136532,1e-05,sbm_dpsgd,6,0.2,0.02,0.2,0.20104347169399261,0.030666500329971313,0.2059602290391922
1000,10.0,0.5431122541136532,1e-05,gaussian,6,0.2,0.02,0.2,0.19687846302986145,0.02003685012459755,0.20013342797756195
1000,10.0,0.5431122541136532,1e-05,edge_flip,6,0.2,0.02,0.2,0.2048182189464569,0.016222408041357994,0.1997075080871582
1000,10.0,0.5431122541136532,1e-05,sbm_dpsgd,7,0.2,0.02,0.2,0.205768883228302,0.02836703509092331,0.20608524978160858
1000,10.0,0.5431122541136532,1e-05,gaussian,7,0.2,0.02,0.2,0.20148585736751556,0.01951664127409458,0.19887623190879822
1000,10.0,0.5431122541136532,1e-05,edge_flip,7,0.2,0.02,0.2,0.19834665954113007,0.02462766505777836,0.2067234069108963
1000,10.0,0.5431122541136532,1e-05,sbm_dpsgd,8,0.2,0.02,0.2,0.20539212226867676,0.03117326647043228,0.20270444452762604
1000,10.0,0.5431122541136532,1e-05,gaussian,8,0.2,0.02,0.2,0.20046807825565338,0.019667066633701324,0.19842393696308136
1000,10.0,0.5431122541136532,1e-05,edge_flip,8,0.2,0.02,0.2,0.19595763087272644,0.01976861245930195,0.2041831612586975
1000,10.0,0.5431122541136532,1e-05,sbm_dpsgd,9,0.2,0.02,0.2,0.203609898686409,0.030040906742215157,0.20649860799312592
1000,10.0,0.5431122541136532,1e-05,gaussian,9,0.2,0.02,0.2,0.19955426454544067,0.020159080624580383,0.19946028292179108
1000,10.0,0.5431122541136532,1e-05,edge_flip,9,0.2,0.02,0.2,0.19792328774929047,0.018033236265182495,0.20614881813526154
1000,10.0,0.5431122541136532,1e-05,sbm_dpsgd,10,0.2,0.02,0.2,0.20707154273986816,0.03043166920542717,0.20463049411773682
1000,10.0,0.5431122541136532,1e-05,gaussian,10,0.2,0.02,0.2,0.2019103318452835,0.02032879739999771,0.19943127036094666
1000,10.0,0.5431122541136532,1e-05,edge_flip,10,0.2,0.02,0.2,0.2001006305217743,0.015830062329769135,0.1984071433544159
1000,10.0,0.5431122541136532,1e-05,sbm_dpsgd,11,0.2,0.02,0.2,0.2058561146259308,0.029318656772375107,0.2049509882926941
1000,10.0,0.5431122541136532,1e-05,gaussian,11,0.2,0.02,0.2,0.200945183634758,0.019665034487843513,0.19960947334766388
1000,10.0,0.5431122541136532,1e-05,edge_flip,11,0.2,0.02,0.2,0.20264087617397308,0.023194093257188797,0.19976799190044403
1000,10.0,0.5431122541136532,1e-05,sbm_dpsgd,12,0.2,0.02,0.2,0.20446164906024933,0.03056446835398674,0.2029752880334854
1000,10.0,0.5431122541136532,1e-05,gaussian,12,0.2,0.02,0.2,0.2002493441104889,0.01971057988703251,0.1985933631658554
1000,10.0,0.5431122541136532,1e-05,edge_flip,12,0.2,0.02,0.2,0.2016126811504364,0.015211363323032856,0.1924496740102768
1000,10.0,0.5431122541136532,1e-05,sbm_dpsgd,13,0.2,0.02,0.2,0.20505858957767487,0.030372506007552147,0.20640213787555695
1000,10.0,0.5431122541136532,1e-05,gaussian,13,0.2,0.02,0.2,0.19978490471839905,0.019934291020035744,0.20028935372829437
1000,10.0,0.5431122541136532,1e-05,edge_flip,13,0.2,0.02,0.2,0.19251015782356262,0.014849198050796986,0.20064496994018555
1000,10.0,0.5431122541136532,1e-05,sbm_dpsgd,14,0.2,0.02,0.2,0.20650805532932281,0.03243311122059822,0.2038666307926178
1000,10.0,0.5431122541136532,1e-05,gaussian,14,0.2,0.02,0.2,0.20174835622310638,0.020701121538877487,0.19915655255317688
1000,10.0,0.5431122541136532,1e-05,edge_flip,14,0.2,0.02,0.2,0.19710677862167358,0.019180092960596085,0.1960785984992981
1000,10.0,0.5431122541136532,1e-05,sbm_dpsgd,15,0.2,0.02,0.2,0.205463245511055,0.03010813146829605,0.20408384501934052
1000,10.0,0.5431122541136532,1e-05,gaussian,15,0.2,0.02,0.2,0.2009320855140686,0.019880816340446472,0.19985325634479523
1000,10.0,0.5431122541136532,1e-05,edge_flip,15,0.2,0.02,0.2,0.20527184009552002,0.02231886051595211,0.19571569561958313
1000,10.0,0.5431122541136532,1e-05,sbm_dpsgd,16,0.2,0.02,0.2,0.20498666167259216,0.02978798933327198,0.20359909534454346
1000,10.0,0.5431122541136532,1e-05,gaussian,16,0.2,0.02,0.2,0.20028731226921082,0.019673893228173256,0.2001965045928955
1000,10.0,0.5431122541136532,1e-05,edge_flip,16,0.2,0.02,0.2,0.20451581478118896,0.013823062181472778,0.19211703538894653
1000,10.0,0.5431122541136532,1e-05,sbm_dpsgd,17,0.2,0.02,0.2,0.2053552269935608,0.029150784015655518,0.20549574494361877
1000,10.0,0.5431122541136532,1e-05,gaussian,17,0.2,0.02,0.2,0.20091888308525085,0.019918616861104965,0.20055334270000458
1000,10.0,0.5431122541136532,1e-05,edge_flip,17,0.2,0.02,0.2,0.1918146163225174,0.011800971813499928,0.19813497364521027
1000,10.0,0.5431122541136532,1e-05,sbm_dpsgd,18,0.2,0.02,0.2,0.20635271072387695,0.0320141464471817,0.20379427075386047
1000,10.0,0.5431122541136532,1e-05,gaussian,18,0.2,0.02,0.2,0.2027299404144287,0.020291626453399658,0.19924211502075195
1000,10.0,0.5431122541136532,1e-05,edge_flip,18,0.2,0.02,0.2,0.20070545375347137,0.02305828221142292,0.20636050403118134
1000,10.0,0.5431122541136532,1e-05,sbm_dpsgd,19,0.2,0.02,0.2,0.20575600862503052,0.03024243377149105,0.20483562350273132
1000,10.0,0.5431122541136532,1e-05,gaussian,19,0.2,0.02,0.2,0.20079204440116882,0.019824698567390442,0.2016228437423706
1000,10.0,0.5431122541136532,1e-05,edge_flip,19,0.2,0.02,0.2,0.19910268485546112,0.010261769406497478,0.19931437075138092
1000,20.0,0.40561225411365304,1e-05,sbm_dpsgd,0,0.2,0.02,0.2,0.20341350138187408,0.029915042221546173,0.20291079580783844
1000,20.0,0.40561225411365304,1e-05,gaussian,0,0.2,0.02,0.2,0.19921435415744781,0.019564926624298096,0.19964370131492615
1000,20.0,0.40561225411365304,1e-05,edge_flip,0,0.2,0.02,0.2,0.20535455644130707,0.020629286766052246,0.20591548085212708
1000,20.0,0.40561225411365304,1e-05,sbm_dpsgd,1,0.2,0.02,0.2,0.20336869359016418,0.029836514964699745,0.20416437089443207
1000,20.0,0.40561225411365304,1e-05,gaussian,1,0.2,0.02,0.2,0.20119544863700867,0.019837334752082825,0.19977647066116333
1000,20.0,0.40561225411365304,1e-05,edge_flip,1,0.2,0.02,0.2,0.1925334334373474,0.022968461737036705,0.1957787722349167
1000,20.0,0.40561225411365304,1e-05,sbm_dpsgd,2,0.2,0.02,0.2,0.20628204941749573,0.03104603849351406,0.20560429990291595
1000,20.0,0.40561225411365304,1e-05,gaussian,2,0.2,0.02,0.2,0.20308735966682434,0.01982671208679676,0.19993512332439423
1000,20.0,0.40561225411365304,1e-05,edge_flip,2,0.2,0.02,0.2,0.20507408678531647,0.022448645904660225,0.2018287479877472
1000,20.0,0.40561225411365304,1e-05,sbm_dpsgd,3,0.2,0.02,0.2,0.2032133936882019,0.031217793002724648,0.2044728547334671
1000,20.0,0.40561225411365304,1e-05,gaussian,3,0.2,0.02,0.2,0.1993616670370102,0.020695995539426804,0.1987665444612503
1000,20.0,0.40561225411365304,1e-05,edge_flip,3,0.2,0.02,0.2,0.19802246987819672,0.009613177739083767,0.19846320152282715
1000,20.0,0.40561225411365304,1e-05,sbm_dpsgd,4,0.2,0.02,0.2,0.2028965950012207,0.02855069562792778,0.2063685953617096
1000,20.0,0.40561225411365304,1e-05,gaussian,4,0.2,0.02,0.2,0.2010829746723175,0.019666070118546486,0.19886106252670288
1000,20.0,0.40561225411365304,1e-05,edge_flip,4,0.2,0.02,0.2,0.19894398748874664,0.03168538212776184,0.18039342761039734
1000,20.0,0.40561225411365304,1e-05,sbm_dpsgd,5,0.2,0.02,0.2,0.2049637883901596,0.0321553573012352,0.20297320187091827
1000,20.0,0.40561225411365304,1e-05,gaussian,5,0.2,0.02,0.2,0.19920945167541504,0.02025432698428631,0.198821559548378
1000,20.0,0.40561225411365304,1e-05,edge_flip,5,0.2,0.02,0.2,0.19722115993499756,0.01655072718858719,0.18636326491832733
1000,20.0,0.40561225411365304,1e-05,sbm_dpsgd,6,0.2,0.02,0.2,0.20623494684696198,0.029872428625822067,0.20591266453266144
1000,20.0,0.40561225411365304,1e-05,gaussian,6,0.2,0.02,0.2,0.20024852454662323,0.019850488752126694,0.19973166286945343
1000,20.0,0.40561225411365304,1e-05,edge_flip,6,0.2,0.02,0.2,0.20771844685077667,0.019689619541168213,0.20170854032039642
1000,20.0,0.40561225411365304,1e-05,sbm_dpsgd,7,0.2,0.02,0.2,0.20747630298137665,0.030220720916986465,0.20542117953300476
1000,20.0,0.40561225411365304,1e-05,gaussian,7,0.2,0.02,0.2,0.20161038637161255,0.020162221044301987,0.20075157284736633
1000,20.0,0.40561225411365304,1e-05,edge_flip,7,0.2,0.02,0.2,0.20327112078666687,0.020509330555796623,0.19890393316745758
1000,20.0,0.40561225411365304,1e-05,sbm_dpsgd,8,0.2,0.02,0.2,0.2052481472492218,0.027697728946805,0.20496992766857147
1000,20.0,0.40561225411365304,1e-05,gaussian,8,0.2,0.02,0.2,0.2000264823436737,0.020475327968597412,0.1994139403104782
1000,20.0,0.40561225411365304,1e-05,edge_flip,8,0.2,0.02,0.2,0.18996921181678772,0.021229075267910957,0.19786220788955688
1000,20.0,0.40561225411365304,1e-05,sbm_dpsgd,9,0.2,0.02,0.2,0.2082374095916748,0.028435634449124336,0.20780333876609802
1000,20.0,0.40561225411365304,1e-05,gaussian,9,0.2,0.02,0.2,0.2002682238817215,0.01984204538166523,0.20053772628307343
1000,20.0,0.40561225411365304,1e-05,edge_flip,9,0.2,0.02,0.2,0.1995449811220169,0.021768884733319283,0.20066682994365692
1000,20.0,0.40561225411365304,1e-05,sbm_dpsgd,10,0.2,0.02,0.2,0.20535092055797577,0.02906854636967182,0.2067023366689682
1000,20.0,0.40561225411365304,1e-05,gaussian,10,0.2,0.02,0.2,0.2001422792673111,0.019860999658703804,0.20120106637477875
1000,20.0,0.40561225411365304,1e-05,edge_flip,10,0.2,0.02,0.2,0.20555488765239716,0.015611059963703156,0.1946168690919876
1000,20.0,0.40561225411365304,1e-05,sbm_dpsgd,11,0.2,0.02,0.2,0.20429275929927826,0.032904285937547684,0.20495520532131195
1000,20.0,0.40561225411365304,1e-05,gaussian,11,0.2,0.02,0.2,0.20000329613685608,0.020577626302838326,0.1987597942352295
1000,20.0,0.40561225411365304,1e-05,edge_flip,11,0.2,0.02,0.2,0.19285395741462708,0.02272854559123516,0.1976618766784668
1000,20.0,0.40561225411365304,1e-05,sbm_dpsgd,12,0.2,0.02,0.2,0.2051742970943451,0.03045796975493431,0.2039172649383545
1000,20.0,0.40561225411365304,1e-05,gaussian,12,0.2,0.02,0.2,0.19870103895664215,0.019891373813152313,0.19908472895622253
1000,20.0,0.40561225411365304,1e-05,edge_flip,12,0.2,0.02,0.2,0.20194894075393677,0.014851327985525131,0.19545824825763702
1000,20.0,0.40561225411365304,1e-05,sbm_dpsgd,13,0.2,0.02,0.2,0.20391260087490082,0.03032994456589222,0.20426535606384277
1000,20.0,0.40561225411365304,1e-05,gaussian,13,0.2,0.02,0.2,0.1997707337141037,0.020153408870100975,0.20049157738685608
1000,20.0,0.40561225411365304,1e-05,edge_flip,13,0.2,0.02,0.2,0.2034313827753067,0.021668920293450356,0.20142808556556702
1000,20.0,0.40561225411365304,1e-05,sbm_dpsgd,14,0.2,0.02,0.2,0.20507369935512543,0.029806872829794884,0.20658986270427704
1000,20.0,0.40561225411365304,1e-05,gaussian,14,0.2,0.02,0.2,0.19917398691177368,0.01965504325926304,0.20050539076328278
1000,20.0,0.40561225411365304,1e-05,edge_flip,14,0.2,0.02,0.2,0.20855984091758728,0.010292937979102135,0.19525791704654694
1000,20.0,0.40561225411365304,1e-05,sbm_dpsgd,15,0.2,0.02,0.2,0.20665103197097778,0.030165033414959908,0.20485089719295502
1000,20.0,0.40561225411365304,1e-05,gaussian,15,0.2,0.02,0.2,0.1998738795518875,0.019857661798596382,0.20080886781215668
1000,20.0,0.40561225411365304,1e-05,edge_flip,15,0.2,0.02,0.2,0.19401587545871735,0.02736690826714039,0.19373540580272675
1000,20.0,0.40561225411365304,1e-05,sbm_dpsgd,16,0.2,0.02,0.2,0.20513994991779327,0.030021408572793007,0.20616857707500458
1000,20.0,0.40561225411365304,1e-05,gaussian,16,0.2,0.02,0.2,0.20019298791885376,0.020008914172649384,0.2009783685207367
1000,20.0,0.40561225411365304,1e-05,edge_flip,16,0.2,0.02,0.2,0.19421620666980743,0.013631758280098438,0.21020254492759705
1000,20.0,0.40561225411365304,1e-05,sbm_dpsgd,17,0.2,0.02,0.2,0.20694176852703094,0.03095715306699276,0.20443876087665558
1000,20.0,0.40561225411365304,1e-05,gaussian,17,0.2,0.02,0.2,0.2003611922264099,0.020122472196817398,0.20009447634220123
1000,20.0,0.40561225411365304,1e-05,edge_flip,17,0.2,0.02,0.2,0.21104392409324646,0.02394811622798443,0.19513772428035736
1000,20.0,0.40561225411365304,1e-05,sbm_dpsgd,18,0.2,0.02,0.2,0.20651288330554962,0.033101122826337814,0.20559705793857574
1000,20.0,0.40561225411365304,1e-05,gaussian,18,0.2,0.02,0.2,0.20063526928424835,0.020735180005431175,0.1996970921754837
1000,20.0,0.40561225411365304,1e-05,edge_flip,18,0.2,0.02,0.2,0.206836998462677,0.016950586810708046,0.21380847692489624
1000,20.0,0.40561225411365304,1e-05,sbm_dpsgd,19,0.2,0.02,0.2,0.20519495010375977,0.03130027651786804,0.2047320455312729
1000,20.0,0.40561225411365304,1e-05,gaussian,19,0.2,0.02,0.2,0.19933386147022247,0.020308999344706535,0.20079505443572998
1000,20.0,0.40561225411365304,1e-05,edge_flip,19,0.2,0.02,0.2,0.19890393316745758,0.02198880724608898,0.20375190675258636
