N,sigma,epsilon,delta,method,rep,beta_true_00,beta_true_01,beta_true_11,beta_est_00,beta_est_01,beta_est_11
100,1.0,5.635918426327381,1e-05,sbm_dpsgd,0,0.2,0.02,0.2,0.22315551340579987,0.014993598684668541,0.1957368701696396
100,1.0,5.635918426327381,1e-05,gaussian,0,0.2,0.02,0.2,0.2079905867576599,0.015064919367432594,0.1972709596157074
100,1.0,5.635918426327381,1e-05,edge_flip,0,0.2,0.02,0.2,0.21100664138793945,0.01616017147898674,0.1970297247171402
100,1.0,5.635918426327381,1e-05,sbm_dpsgd,1,0.2,0.02,0.2,0.20340600609779358,0.03160865232348442,0.22315852344036102
100,1.0,5.635918426327381,1e-05,gaussian,1,0.2,0.02,0.2,0.21178074181079865,0.01731870137155056,0.22265715897083282
100,1.0,5.635918426327381,1e-05,edge_flip,1,0.2,0.02,0.2,0.2101844698190689,0.015354443341493607,0.21676184237003326
100,1.0,5.635918426327381,1e-05,sbm_dpsgd,2,0.2,0.02,0.2,0.1759578287601471,0.03373926877975464,0.2080783098936081
100,1.0,5.635918426327381,1e-05,gaussian,2,0.2,0.02,0.2,0.17615707218647003,0.02326168678700924,0.1959492266178131
100,1.0,5.635918426327381,1e-05,edge_flip,2,0.2,0.02,0.2,0.17811977863311768,0.02220313437283039,0.1953853815793991
100,1.0,5.635918426327381,1e-05,sbm_dpsgd,3,0.2,0.02,0.2,0.20487351715564728,0.020350394770503044,0.20311062037944794
100,1.0,5.635918426327381,1e-05,gaussian,3,0.2,0.02,0.2,0.19757387042045593,0.018946977332234383,0.20098747313022614
100,1.0,5.635918426327381,1e-05,edge_flip,3,0.2,0.02,0.2,0.1953853815793991,0.018174491822719574,0.202784925699234
100,1.0,5.635918426327381,1e-05,sbm_dpsgd,4,0.2,0.02,0.2,0.16974370181560516,0.0379166342318058,0.21443352103233337
100,1.0,5.635918426327381,1e-05,gaussian,4,0.2,0.02,0.2,0.16847048699855804,0.019017012789845467,0.1994706392288208
100,1.0,5.635918426327381,1e-05,edge_flip,4,0.2,0.02,0.2,0.16660937666893005,0.018980219960212708,0.19785189628601074
100,1.0,5.635918426327381,1e-05,sbm_dpsgd,5,0.2,0.02,0.2,0.22415423393249512,0.015387811698019505,0.19819220900535583
100,1.0,5.635918426327381,1e-05,gaussian,5,0.2,0.02,0.2,0.2037515491247177,0.016778361052274704,0.18705426156520844
100,1.0,5.635918426327381,1e-05,edge_flip,5,0.2,0.02,0.2,0.20525144040584564,0.015757307410240173,0.18634149432182312
100,1.0,5.635918426327381,1e-05,sbm_dpsgd,6,0.2,0.02,0.2,0.21632780134677887,0.015104365535080433,0.22155165672302246
100,1.0,5.635918426327381,1e-05,gaussian,6,0.2,0.02,0.2,0.20267386734485626,0.020914491266012192,0.2019437551498413
100,1.0,5.635918426327381,1e-05,edge_flip,6,0.2,0.02,0.2,0.20114058256149292,0.02099454030394554,0.20031841099262238
100,1.0,5.635918426327381,1e-05,sbm_dpsgd,7,0.2,0.02,0.2,0.22432278096675873,0.03379850834608078,0.22368308901786804
100,1.0,5.635918426327381,1e-05,gaussian,7,0.2,0.02,0.2,0.2196301519870758,0.018013551831245422,0.22758439183235168
100,1.0,5.635918426327381,1e-05,edge_flip,7,0.2,0.02,0.2,0.21840618550777435,0.016965899616479874,0.22580572962760925
100,1.0,5.635918426327381,1e-05,sbm_dpsgd,8,0.2,0.02,0.2,0.221943661570549,0.04347959905862808,0.18633432686328888
100,1.0,5.635918426327381,1e-05,gaussian,8,0.2,0.02,0.2,0.19936855137348175,0.01859229803085327,0.17428536713123322
100,1.0,5.635918426327381,1e-05,edge_flip,8,0.2,0.02,0.2,0.20360709726810455,0.02099454030394554,0.1748310923576355
100,1.0,5.635918426327381,1e-05,sbm_dpsgd,9,0.2,0.02,0.2,0.21644414961338043,0.03390299528837204,0.1991681158542633
100,1.0,5.635918426327381,1e-05,gaussian,9,0.2,0.02,0.2,0.20912663638591766,0.023040704429149628,0.19051168859004974
100,1.0,5.635918426327381,1e-05,edge_flip,9,0.2,0.02,0.2,0.20771795511245728,0.025426046922802925,0.18880800902843475
100,1.0,5.635918426327381,1e-05,sbm_dpsgd,10,0.2,0.02,0.2,0.19690096378326416,0.023836785927414894,0.18330009281635284
100,1.0,5.635918426327381,1e-05,gaussian,10,0.2,0.02,0.2,0.1894492357969284,0.02279532514512539,0.18788862228393555
100,1.0,5.635918426327381,1e-05,edge_flip,10,0.2,0.02,0.2,0.19045235216617584,0.02099454030394554,0.1896301805973053
100,1.0,5.635918426327381,1e-05,sbm_dpsgd,11,0.2,0.02,0.2,0.20460617542266846,0.034455254673957825,0.20764583349227905
100,1.0,5.635918426327381,1e-05,gaussian,11,0.2,0.02,0.2,0.20463907718658447,0.01967301033437252,0.2086036056280136
100,1.0,5.635918426327381,1e-05,edge_flip,11,0.2,0.02,0.2,0.2044292688369751,0.02341172657907009,0.20689578354358673
100,1.0,5.635918426327381,1e-05,sbm_dpsgd,12,0.2,0.02,0.2,0.20215852558612823,0.026276811957359314,0.21463465690612793
100,1.0,5.635918426327381,1e-05,gaussian,12,0.2,0.02,0.2,0.20073217153549194,0.018108857795596123,0.21333232522010803
100,1.0,5.635918426327381,1e-05,edge_flip,12,0.2,0.02,0.2,0.1953853815793991,0.01736876368522644,0.21265098452568054
100,1.0,5.635918426327381,1e-05,sbm_dpsgd,13,0.2,0.02,0.2,0.19550597667694092,0.03683676943182945,0.2040448933839798
100,1.0,5.635918426327381,1e-05,gaussian,13,0.2,0.02,0.2,0.18684589862823486,0.024644548073410988,0.19614765048027039
100,1.0,5.635918426327381,1e-05,edge_flip,13,0.2,0.02,0.2,0.1879858374595642,0.023008862510323524,0.20114058256149292
100,1.0,5.635918426327381,1e-05,sbm_dpsgd,14,0.2,0.02,0.2,0.1994454562664032,0.020094847306609154,0.1914418339729309
100,1.0,5.635918426327381,1e-05,gaussian,14,0.2,0.02,0.2,0.21880176663398743,0.015321205370128155,0.1961730718612671
100,1.0,5.635918426327381,1e-05,edge_flip,14,0.2,0.02,0.2,0.2175840139389038,0.014548715204000473,0.19209669530391693
100,1.0,5.635918426327381,1e-05,sbm_dpsgd,15,0.2,0.02,0.2,0.22475004196166992,0.008355868980288506,0.1968425214290619
100,1.0,5.635918426327381,1e-05,gaussian,15,0.2,0.02,0.2,0.20621490478515625,0.022069066762924194,0.1945309042930603
100,1.0,5.635918426327381,1e-05,edge_flip,15,0.2,0.02,0.2,0.20525144040584564,0.019383084028959274,0.19291886687278748
100,1.0,5.635918426327381,1e-05,sbm_dpsgd,16,0.2,0.02,0.2,0.20529556274414062,0.017517520114779472,0.2157939225435257
100,1.0,5.635918426327381,1e-05,gaussian,16,0.2,0.02,0.2,0.20200064778327942,0.018926851451396942,0.20264063775539398
100,1.0,5.635918426327381,1e-05,edge_flip,16,0.2,0.02,0.2,0.2044292688369751,0.01616017147898674,0.20031841099262238
100,1.0,5.635918426327381,1e-05,sbm_dpsgd,17,0.2,0.02,0.2,0.20280563831329346,0.04103536903858185,0.21537058055400848
100,1.0,5.635918426327381,1e-05,gaussian,17,0.2,0.02,0.2,0.19688425958156586,0.02112444117665291,0.2068973183631897
100,1.0,5.635918426327381,1e-05,edge_flip,17,0.2,0.02,0.2,0.202784925699234,0.023008862510323524,0.2060736119747162
100,1.0,5.635918426327381,1e-05,sbm_dpsgd,18,0.2,0.02,0.2,0.18840715289115906,0.02098991349339485,0.2013654261827469
100,1.0,5.635918426327381,1e-05,gaussian,18,0.2,0.02,0.2,0.18575099110603333,0.02126251347362995,0.19954951107501984
100,1.0,5.635918426327381,1e-05,edge_flip,18,0.2,0.02,0.2,0.18716366589069366,0.022605998441576958,0.20360709726810455
100,1.0,5.635918426327381,1e-05,sbm_dpsgd,19,0.2,0.02,0.2,0.20808075368404388,0.014427874237298965,0.19389383494853973
100,1.0,5.635918426327381,1e-05,gaussian,19,0.2,0.02,0.2,0.20365338027477264,0.015929309651255608,0.18551109731197357
100,1.0,5.635918426327381,1e-05,edge_flip,19,0.2,0.02,0.2,0.20936229825019836,0.01736876368522644,0.18880800902843475
100,2.0,2.668102829441137,1e-05,sbm_dpsgd,0,0.2,0.02,0.2,0.2027994841337204,0.02570452354848385,0.19684964418411255
100,2.0,2.668102829441137,1e-05,gaussian,0,0.2,0.02,0.2,0.20028865337371826,0.021187108010053635,0.1962767392396927
100,2.0,2.668102829441137,1e-05,edge_flip,0,0.2,0.02,0.2,0.1862216591835022,0.018291613087058067,0.2181154191493988
100,2.0,2.668102829441137,1e-05,sbm_dpsgd,1,0.2,0.02,0.2,0.2112368494272232,0.021439071744680405,0.23376555740833282
100,2.0,2.668102829441137,1e-05,gaussian,1,0.2,0.02,0.2,0.1817881315946579,0.01882142573595047,0.20993083715438843
100,2.0,2.668102829441137,1e-05,edge_flip,1,0.2,0.02,0.2,0.1777791827917099,0.020589839667081833,0.2171773612499237
100,2.0,2.668102829441137,1e-05,sbm_dpsgd,2,0.2,0.02,0.2,0.20270417630672455,0.018425583839416504,0.2017204910516739
100,2.0,2.668102829441137,1e-05,gaussian,2,0.2,0.02,0.2,0.19707323610782623,0.016951583325862885,0.22212155163288116
100,2.0,2.668102829441137,1e-05,edge_flip,2,0.2,0.02,0.2,0.2106110006570816,0.015533740632236004,0.2040446400642395
100,2.0,2.668102829441137,1e-05,sbm_dpsgd,3,0.2,0.02,0.2,0.1661079227924347,0.029954278841614723,0.17546330392360687
100,2.0,2.668102829441137,1e-05,gaussian,3,0.2,0.02,0.2,0.19481326639652252,0.020261941477656364,0.17279459536075592
100,2.0,2.668102829441137,1e-05,edge_flip,3,0.2,0.02,0.2,0.1974782794713974,0.016453031450510025,0.1721508800983429
100,2.0,2.668102829441137,1e-05,sbm_dpsgd,4,0.2,0.02,0.2,0.18785017728805542,0.012933715246617794,0.19157709181308746
100,2.0,2.668102829441137,1e-05,gaussian,4,0.2,0.02,0.2,0.19658835232257843,0.018128447234630585,0.1946125328540802
100,2.0,2.668102829441137,1e-05,edge_flip,4,0.2,0.02,0.2,0.2115490585565567,0.014614449813961983,0.1956021785736084
100,2.0,2.668102829441137,1e-05,sbm_dpsgd,5,0.2,0.02,0.2,0.24906980991363525,0.015594135969877243,0.1716393530368805
100,2.0,2.668102829441137,1e-05,gaussian,5,0.2,0.02,0.2,0.23580072820186615,0.012618695385754108,0.17733563482761383
100,2.0,2.668102829441137,1e-05,edge_flip,5,0.2,0.02,0.2,0.227495938539505,0.019210902974009514,0.1740269809961319
100,2.0,2.668102829441137,1e-05,sbm_dpsgd,6,0.2,0.02,0.2,0.22264550626277924,0.027693886309862137,0.2055148184299469
100,2.0,2.668102829441137,1e-05,gaussian,6,0.2,0.02,0.2,0.2159637063741684,0.02557399682700634,0.20932964980602264
100,2.0,2.668102829441137,1e-05,edge_flip,6,0.2,0.02,0.2,0.2153012603521347,0.01691267639398575,0.2115490585565567
100,2.0,2.668102829441137,1e-05,sbm_dpsgd,7,0.2,0.02,0.2,0.20079490542411804,0.022054238244891167,0.22746220231056213
100,2.0,2.668102829441137,1e-05,gaussian,7,0.2,0.02,0.2,0.19551001489162445,0.0192353967577219,0.20475143194198608
100,2.0,2.668102829441137,1e-05,edge_flip,7,0.2,0.02,0.2,0.1984163224697113,0.021968776360154152,0.2087348997592926
100,2.0,2.668102829441137,1e-05,sbm_dpsgd,8,0.2,0.02,0.2,0.18114615976810455,0.008557682856917381,0.22589129209518433
100,2.0,2.668102829441137,1e-05,gaussian,8,0.2,0.02,0.2,0.20391342043876648,0.015476619824767113,0.2077878713607788
100,2.0,2.668102829441137,1e-05,edge_flip,8,0.2,0.02,0.2,0.2162393182516098,0.018291613087058067,0.2162393182516098
100,2.0,2.668102829441137,1e-05,sbm_dpsgd,9,0.2,0.02,0.2,0.19820237159729004,0.023993585258722305,0.22137492895126343
100,2.0,2.668102829441137,1e-05,gaussian,9,0.2,0.02,0.2,0.217167466878891,0.0246658343821764,0.20738105475902557
100,2.0,2.668102829441137,1e-05,edge_flip,9,0.2,0.02,0.2,0.2077968418598175,0.02610558457672596,0.2068587988615036
100,2.0,2.668102829441137,1e-05,sbm_dpsgd,10,0.2,0.02,0.2,0.2238355129957199,0.016503099352121353,0.21678201854228973
100,2.0,2.668102829441137,1e-05,gaussian,10,0.2,0.02,0.2,0.19948023557662964,0.023453881964087486,0.21808411180973053
100,2.0,2.668102829441137,1e-05,edge_flip,10,0.2,0.02,0.2,0.2068587988615036,0.027024876326322556,0.2115490585565567
100,2.0,2.668102829441137,1e-05,sbm_dpsgd,11,0.2,0.02,0.2,0.2094675898551941,0.036438945680856705,0.19612514972686768
100,2.0,2.668102829441137,1e-05,gaussian,11,0.2,0.02,0.2,0.19543211162090302,0.01765538938343525,0.19577902555465698
100,2.0,2.668102829441137,1e-05,edge_flip,11,0.2,0.02,0.2,0.2087348997592926,0.028403811156749725,0.2021685391664505
100,2.0,2.668102829441137,1e-05,sbm_dpsgd,12,0.2,0.02,0.2,0.21895532310009003,0.014126583002507687,0.177458718419075
100,2.0,2.668102829441137,1e-05,gaussian,12,0.2,0.02,0.2,0.1849394142627716,0.019305134192109108,0.20212122797966003
100,2.0,2.668102829441137,1e-05,edge_flip,12,0.2,0.02,0.2,0.1956021785736084,0.01691267639398575,0.2012304812669754
100,2.0,2.668102829441137,1e-05,sbm_dpsgd,13,0.2,0.02,0.2,0.21086066961288452,0.01979309320449829,0.22316423058509827
100,2.0,2.668102829441137,1e-05,gaussian,13,0.2,0.02,0.2,0.20677682757377625,0.021815214306116104,0.20364497601985931
100,2.0,2.668102829441137,1e-05,edge_flip,13,0.2,0.02,0.2,0.2049826979637146,0.026565229520201683,0.2012304812669754
100,2.0,2.668102829441137,1e-05,sbm_dpsgd,14,0.2,0.02,0.2,0.17554175853729248,0.013411464169621468,0.20143498480319977
100,2.0,2.668102829441137,1e-05,gaussian,14,0.2,0.02,0.2,0.18794269859790802,0.016778049990534782,0.19167643785476685
100,2.0,2.668102829441137,1e-05,edge_flip,14,0.2,0.02,0.2,0.1984163224697113,0.005421541165560484,0.1843455582857132
100,2.0,2.668102829441137,1e-05,sbm_dpsgd,15,0.2,0.02,0.2,0.2184182107448578,0.039943523705005646,0.20543107390403748
100,2.0,2.668102829441137,1e-05,gaussian,15,0.2,0.02,0.2,0.20399637520313263,0.022375252097845078,0.21313904225826263
100,2.0,2.668102829441137,1e-05,edge_flip,15,0.2,0.02,0.2,0.2059207409620285,0.02150913141667843,0.1965402215719223
100,2.0,2.668102829441137,1e-05,sbm_dpsgd,16,0.2,0.02,0.2,0.21909914910793304,0.03109227865934372,0.22145994007587433
100,2.0,2.668102829441137,1e-05,gaussian,16,0.2,0.02,0.2,0.2092316448688507,0.023149363696575165,0.20056578516960144
100,2.0,2.668102829441137,1e-05,edge_flip,16,0.2,0.02,0.2,0.1984163224697113,0.025645939633250237,0.2096729576587677
100,2.0,2.668102829441137,1e-05,sbm_dpsgd,17,0.2,0.02,0.2,0.22994521260261536,0.03526793047785759,0.22185401618480682
100,2.0,2.668102829441137,1e-05,gaussian,17,0.2,0.02,0.2,0.20717522501945496,0.0237783994525671,0.19741085171699524
100,2.0,2.668102829441137,1e-05,edge_flip,17,0.2,0.02,0.2,0.2012304812669754,0.028403811156749725,0.1965402215719223
100,2.0,2.668102829441137,1e-05,sbm_dpsgd,18,0.2,0.02,0.2,0.19031421840190887,0.022417806088924408,0.20155122876167297
100,2.0,2.668102829441137,1e-05,gaussian,18,0.2,0.02,0.2,0.18958012759685516,0.02220160886645317,0.17419368028640747
100,2.0,2.668102829441137,1e-05,edge_flip,18,0.2,0.02,0.2,0.1937260627746582,0.028863457962870598,0.178717240691185
100,2.0,2.668102829441137,1e-05,sbm_dpsgd,19,0.2,0.02,0.2,0.19962015748023987,0.036636579781770706,0.1792081594467163
100,2.0,2.668102829441137,1e-05,gaussian,19,0.2,0.02,0.2,0.1930062472820282,0.02472848631441593,0.17913727462291718
100,2.0,2.668102829441137,1e-05,edge_flip,19,0.2,0.02,0.2,0.1974782794713974,0.019670549780130386,0.1740269809961319
100,5.0,1.0338953100711687,1e-05,sbm_dpsgd,0,0.2,0.02,0.2,0.2318723052740097,0.009738572873175144,0.209431990981102
100,5.0,1.0338953100711687,1e-05,gaussian,0,0.2,0.02,0.2,0.20528331398963928,0.028856171295046806,0.18651148676872253
100,5.0,1.0338953100711687,1e-05,edge_flip,0,0.2,0.02,0.2,0.15738865733146667,0.028759127482771873,0.21921326220035553
100,5.0,1.0338953100711687,1e-05,sbm_dpsgd,1,0.2,0.02,0.2,0.23403450846672058,0.021650347858667374,0.15994256734848022
100,5.0,1.0338953100711687,1e-05,gaussian,1,0.2,0.02,0.2,0.23082172870635986,0.024328676983714104,0.19811145961284637
100,5.0,1.0338953100711687,1e-05,edge_flip,1,0.2,0.02,0.2,0.25356024503707886,0.038857147097587585,0.2363867610692978
100,5.0,1.0338953100711687,1e-05,sbm_dpsgd,2,0.2,0.02,0.2,0.16922566294670105,0.012954210862517357,0.18868988752365112
100,5.0,1.0338953100711687,1e-05,gaussian,2,0.2,0.02,0.2,0.1991221308708191,0.01175010297447443,0.17926114797592163
100,5.0,1.0338953100711687,1e-05,edge_flip,2,0.2,0.02,0.2,0.23810410499572754,0.020344112068414688,0.17456215620040894
100,5.0,1.0338953100711687,1e-05,sbm_dpsgd,3,0.2,0.02,0.2,0.22534912824630737,0.06894174963235855,0.20345108211040497
100,5.0,1.0338953100711687,1e-05,gaussian,3,0.2,0.02,0.2,0.18549668788909912,0.030469661578536034,0.17687423527240753
100,5.0,1.0338953100711687,1e-05,edge_flip,3,0.2,0.02,0.2,0.15738865733146667,0.03549113869667053,0.21577855944633484
100,5.0,1.0338953100711687,1e-05,sbm_dpsgd,4,0.2,0.02,0.2,0.22735653817653656,0.015179766342043877,0.21947427093982697
100,5.0,1.0338953100711687,1e-05,gaussian,4,0.2,0.02,0.2,0.23272410035133362,0.011842911131680012,0.18998855352401733
100,5.0,1.0338953100711687,1e-05,edge_flip,4,0.2,0.02,0.2,0.17627950012683868,0.00014807417755946517,0.1951703578233719
100,5.0,1.0338953100711687,1e-05,sbm_dpsgd,5,0.2,0.02,0.2,0.17637674510478973,0.008331635035574436,0.24488244950771332
100,5.0,1.0338953100711687,1e-05,gaussian,5,0.2,0.02,0.2,0.2043466567993164,0.01970171555876732,0.20989444851875305
100,5.0,1.0338953100711687,1e-05,edge_flip,5,0.2,0.02,0.2,0.19001829624176025,0.015295102261006832,0.19345299899578094
100,5.0,1.0338953100711687,1e-05,sbm_dpsgd,6,0.2,0.02,0.2,0.18949617445468903,0.021041952073574066,0.24968832731246948
100,5.0,1.0338953100711687,1e-05,gaussian,6,0.2,0.02,0.2,0.1810527890920639,0.022616881877183914,0.20239771902561188
100,5.0,1.0338953100711687,1e-05,edge_flip,6,0.2,0.02,0.2,0.18658360838890076,0.014453601092100143,0.12991105020046234
100,5.0,1.0338953100711687,1e-05,sbm_dpsgd,7,0.2,0.02,0.2,0.2150527685880661,0.03109981305897236,0.21851575374603271
100,5.0,1.0338953100711687,1e-05,gaussian,7,0.2,0.02,0.2,0.17728741466999054,0.031682271510362625,0.21145102381706238
100,5.0,1.0338953100711687,1e-05,edge_flip,7,0.2,0.02,0.2,0.16769275069236755,0.02286861650645733,0.18486624956130981
100,5.0,1.0338953100711687,1e-05,sbm_dpsgd,8,0.2,0.02,0.2,0.21211645007133484,0.016915276646614075,0.24493831396102905
100,5.0,1.0338953100711687,1e-05,gaussian,8,0.2,0.02,0.2,0.2026972472667694,0.019297664985060692,0.18013031780719757
100,5.0,1.0338953100711687,1e-05,edge_flip,8,0.2,0.02,0.2,0.15910600125789642,0.06410219520330429,0.20547445118427277
100,5.0,1.0338953100711687,1e-05,sbm_dpsgd,9,0.2,0.02,0.2,0.19787457585334778,0.03549283370375633,0.22818623483181
100,5.0,1.0338953100711687,1e-05,gaussian,9,0.2,0.02,0.2,0.20419591665267944,0.013196567073464394,0.21995998919010162
100,5.0,1.0338953100711687,1e-05,edge_flip,9,0.2,0.02,0.2,0.20547445118427277,0.05147966742515564,0.18486624956130981
100,5.0,1.0338953100711687,1e-05,sbm_dpsgd,10,0.2,0.02,0.2,0.20616362988948822,0.012339498847723007,0.22314783930778503
100,5.0,1.0338953100711687,1e-05,gaussian,10,0.2,0.02,0.2,0.19447484612464905,0.016449591144919395,0.20909427106380463
100,5.0,1.0338953100711687,1e-05,edge_flip,10,0.2,0.02,0.2,0.20547445118427277,0.027076123282313347,0.22093060612678528
100,5.0,1.0338953100711687,1e-05,sbm_dpsgd,11,0.2,0.02,0.2,0.26249995827674866,0.022985948249697685,0.20330868661403656
100,5.0,1.0338953100711687,1e-05,gaussian,11,0.2,0.02,0.2,0.1823963075876236,0.008256598375737667,0.17368628084659576
100,5.0,1.0338953100711687,1e-05,edge_flip,11,0.2,0.02,0.2,0.16769275069236755,0.028759127482771873,0.1694100946187973
100,5.0,1.0338953100711687,1e-05,sbm_dpsgd,12,0.2,0.02,0.2,0.21703754365444183,0.04010815918445587,0.2149859368801117
100,5.0,1.0338953100711687,1e-05,gaussian,12,0.2,0.02,0.2,0.1703188121318817,0.009300261735916138,0.18523581326007843
100,5.0,1.0338953100711687,1e-05,edge_flip,12,0.2,0.02,0.2,0.13849779963493347,0.05147966742515564,0.17112745344638824
100,5.0,1.0338953100711687,1e-05,sbm_dpsgd,13,0.2,0.02,0.2,0.22404952347278595,0.016974816098809242,0.20483259856700897
100,5.0,1.0338953100711687,1e-05,gaussian,13,0.2,0.02,0.2,0.18398897349834442,0.017759785056114197,0.19814245402812958
100,5.0,1.0338953100711687,1e-05,edge_flip,13,0.2,0.02,0.2,0.1436498463153839,0.03549113869667053,0.22264795005321503
100,5.0,1.0338953100711687,1e-05,sbm_dpsgd,14,0.2,0.02,0.2,0.18908759951591492,0.029738830402493477,0.18860696256160736
100,5.0,1.0338953100711687,1e-05,gaussian,14,0.2,0.02,0.2,0.2141062170267105,0.012088466435670853,0.21253915131092072
100,5.0,1.0338953100711687,1e-05,edge_flip,14,0.2,0.02,0.2,0.18314890563488007,0.033808138221502304,0.24325615167617798
100,5.0,1.0338953100711687,1e-05,sbm_dpsgd,15,0.2,0.02,0.2,0.21637775003910065,0.018696311861276627,0.19132310152053833
100,5.0,1.0338953100711687,1e-05,gaussian,15,0.2,0.02,0.2,0.18665866553783417,0.029390472918748856,0.19736212491989136
100,5.0,1.0338953100711687,1e-05,edge_flip,15,0.2,0.02,0.2,0.1883009523153305,0.06578519940376282,0.14880190789699554
100,5.0,1.0338953100711687,1e-05,sbm_dpsgd,16,0.2,0.02,0.2,0.1887979358434677,0.012909304350614548,0.1881830096244812
100,5.0,1.0338953100711687,1e-05,gaussian,16,0.2,0.02,0.2,0.19869202375411987,0.02212672308087349,0.20177097618579865
100,5.0,1.0338953100711687,1e-05,edge_flip,16,0.2,0.02,0.2,0.20203974843025208,0.024551618844270706,0.20032240450382233
100,5.0,1.0338953100711687,1e-05,sbm_dpsgd,17,0.2,0.02,0.2,0.2605454623699188,0.021478118374943733,0.2525334358215332
100,5.0,1.0338953100711687,1e-05,gaussian,17,0.2,0.02,0.2,0.2191264033317566,0.030086707323789597,0.2126687467098236
100,5.0,1.0338953100711687,1e-05,edge_flip,17,0.2,0.02,0.2,0.2329520583152771,0.005197083577513695,0.23982146382331848
100,5.0,1.0338953100711687,1e-05,sbm_dpsgd,18,0.2,0.02,0.2,0.21125000715255737,0.018653836101293564,0.1732805222272873
100,5.0,1.0338953100711687,1e-05,gaussian,18,0.2,0.02,0.2,0.1891934871673584,0.01167841162532568,0.20261895656585693
100,5.0,1.0338953100711687,1e-05,edge_flip,18,0.2,0.02,0.2,0.2295173555612564,0.03212513402104378,0.23123469948768616
100,5.0,1.0338953100711687,1e-05,sbm_dpsgd,19,0.2,0.02,0.2,0.24512796103954315,0.04217667505145073,0.1962486356496811
100,5.0,1.0338953100711687,1e-05,gaussian,19,0.2,0.02,0.2,0.20099426805973053,0.017152104526758194,0.23063074052333832
100,5.0,1.0338953100711687,1e-05,edge_flip,19,0.2,0.02,0.2,0.26042965054512024,0.0,0.23466940224170685
100,10.0,0.5431122541136532,1e-05,sbm_dpsgd,0,0.2,0.02,0.2,0.29301682114601135,0.02329481579363346,0.3284395635128021
100,10.0,0.5431122541136532,1e-05,gaussian,0,0.2,0.02,0.2,0.17818064987659454,0.01315239630639553,0.19889263808727264
100,10.0,0.5431122541136532,1e-05,edge_flip,0,0.2,0.02,0.2,0.1566203385591507,0.023148823529481888,0.22437238693237305
100,10.0,0.5431122541136532,1e-05,sbm_dpsgd,1,0.2,0.02,0.2,0.2499382346868515,0.008218569681048393,0.22168099880218506
100,10.0,0.5431122541136532,1e-05,gaussian,1,0.2,0.02,0.2,0.20863841474056244,0.02301757037639618,0.2012193650007248
100,10.0,0.5431122541136532,1e-05,edge_flip,1,0.2,0.02,0.2,0.16893889009952545,0.03823905065655708,0.16893889009952545
100,10.0,0.5431122541136532,1e-05,sbm_dpsgd,2,0.2,0.02,0.2,0.18537959456443787,0.013393701985478401,0.24381273984909058
100,10.0,0.5431122541136532,1e-05,gaussian,2,0.2,0.02,0.2,0.21953891217708588,0.028848843649029732,0.18533632159233093
100,10.0,0.5431122541136532,1e-05,edge_flip,2,0.2,0.02,0.2,0.23053166270256042,0.01711273193359375,0.22129274904727936
100,10.0,0.5431122541136532,1e-05,sbm_dpsgd,3,0.2,0.02,0.2,0.2212790846824646,0.011111575178802013,0.3327180743217468
100,10.0,0.5431122541136532,1e-05,gaussian,3,0.2,0.02,0.2,0.17552369832992554,0.013430707156658173,0.20485840737819672
100,10.0,0.5431122541136532,1e-05,edge_flip,3,0.2,0.02,0.2,0.16277961432933807,0.05483829975128174,0.2089741975069046
100,10.0,0.5431122541136532,1e-05,sbm_dpsgd,4,0.2,0.02,0.2,0.18163348734378815,0.023111987859010696,0.16424810886383057
100,10.0,0.5431122541136532,1e-05,gaussian,4,0.2,0.02,0.2,0.16515201330184937,0.030866533517837524,0.1934332400560379
100,10.0,0.5431122541136532,1e-05,edge_flip,4,0.2,0.02,0.2,0.17817780375480652,0.0,0.14122214913368225
100,10.0,0.5431122541136532,1e-05,sbm_dpsgd,5,0.2,0.02,0.2,0.1542397290468216,0.010157950222492218,0.20448458194732666
100,10.0,0.5431122541136532,1e-05,gaussian,5,0.2,0.02,0.2,0.2020810842514038,0.008565631695091724,0.2028483748435974
100,10.0,0.5431122541136532,1e-05,edge_flip,5,0.2,0.02,0.2,0.2336113005876541,0.0,0.24900949001312256
100,10.0,0.5431122541136532,1e-05,sbm_dpsgd,6,0.2,0.02,0.2,0.18540719151496887,0.034970711916685104,0.192818284034729
100,10.0,0.5431122541136532,1e-05,gaussian,6,0.2,0.02,0.2,0.16602163016796112,0.032559625804424286,0.22176769375801086
100,10.0,0.5431122541136532,1e-05,edge_flip,6,0.2,0.02,0.2,0.2058945596218109,0.03974807262420654,0.2952040731906891
100,10.0,0.5431122541136532,1e-05,sbm_dpsgd,7,0.2,0.02,0.2,0.2616671919822693,0.0076954178512096405,0.155989408493042
100,10.0,0.5431122541136532,1e-05,gaussian,7,0.2,0.02,0.2,0.1966860294342041,0.003360169241204858,0.2090003490447998
100,10.0,0.5431122541136532,1e-05,edge_flip,7,0.2,0.02,0.2,0.21821311116218567,0.0005134823150001466,0.15969997644424438
100,10.0,0.5431122541136532,1e-05,sbm_dpsgd,8,0.2,0.02,0.2,0.18032924830913544,0.03349253162741661,0.22113706171512604
100,10.0,0.5431122541136532,1e-05,gaussian,8,0.2,0.02,0.2,0.2354322224855423,0.02802664041519165,0.21822412312030792
100,10.0,0.5431122541136532,1e-05,edge_flip,8,0.2,0.02,0.2,0.24900949001312256,0.0,0.17817780375480652
100,10.0,0.5431122541136532,1e-05,sbm_dpsgd,9,0.2,0.02,0.2,0.24236521124839783,0.0021779651287943125,0.24242262542247772
100,10.0,0.5431122541136532,1e-05,gaussian,9,0.2,0.02,0.2,0.20663870871067047,0.01328335516154766,0.1543808877468109
100,10.0,0.5431122541136532,1e-05,edge_flip,9,0.2,0.02,0.2,0.13506287336349487,0.0,0.28288552165031433
100,10.0,0.5431122541136532,1e-05,sbm_dpsgd,10,0.2,0.02,0.2,0.2879089415073395,0.013742029666900635,0.21547125279903412
100,10.0,0.5431122541136532,1e-05,gaussian,10,0.2,0.02,0.2,0.24763362109661102,0.03694043681025505,0.2390781193971634
100,10.0,0.5431122541136532,1e-05,edge_flip,10,0.2,0.02,0.2,0.2952040731906891,0.0,0.17201852798461914
100,10.0,0.5431122541136532,1e-05,sbm_dpsgd,11,0.2,0.02,0.2,0.17736902832984924,0.038780320435762405,0.21473410725593567
100,10.0,0.5431122541136532,1e-05,gaussian,11,0.2,0.02,0.2,0.16581544280052185,0.041436273604631424,0.18814334273338318
100,10.0,0.5431122541136532,1e-05,edge_flip,11,0.2,0.02,0.2,0.2120538353919983,0.009567618370056152,0.17201852798461914
100,10.0,0.5431122541136532,1e-05,sbm_dpsgd,12,0.2,0.02,0.2,0.1957854926586151,0.04957128316164017,0.21097171306610107
100,10.0,0.5431122541136532,1e-05,gaussian,12,0.2,0.02,0.2,0.16574713587760925,0.03732915595173836,0.21132852137088776
100,10.0,0.5431122541136532,1e-05,edge_flip,12,0.2,0.02,0.2,0.19357599318027496,0.0,0.24900949001312256
100,10.0,0.5431122541136532,1e-05,sbm_dpsgd,13,0.2,0.02,0.2,0.21235494315624237,0.010540980845689774,0.23179525136947632
100,10.0,0.5431122541136532,1e-05,gaussian,13,0.2,0.02,0.2,0.17720744013786316,0.004806425888091326,0.24836090207099915
100,10.0,0.5431122541136532,1e-05,edge_flip,13,0.2,0.02,0.2,0.13506287336349487,0.024657845497131348,0.18741671741008759
100,10.0,0.5431122541136532,1e-05,sbm_dpsgd,14,0.2,0.02,0.2,0.19616784155368805,0.02583293803036213,0.21644441783428192
100,10.0,0.5431122541136532,1e-05,gaussian,14,0.2,0.02,0.2,0.1725216507911682,0.03307424858212471,0.2064433991909027
100,10.0,0.5431122541136532,1e-05,edge_flip,14,0.2,0.02,0.2,0.19357599318027496,0.0,0.17201852798461914
100,10.0,0.5431122541136532,1e-05,sbm_dpsgd,15,0.2,0.02,0.2,0.21531197428703308,0.0801488608121872,0.18666382133960724
100,10.0,0.5431122541136532,1e-05,gaussian,15,0.2,0.02,0.2,0.18937179446220398,0.02220425009727478,0.19070690870285034
100,10.0,0.5431122541136532,1e-05,edge_flip,15,0.2,0.02,0.2,0.17201852798461914,0.0,0.15046106278896332
100,10.0,0.5431122541136532,1e-05,sbm_dpsgd,16,0.2,0.02,0.2,0.21566230058670044,0.03358015418052673,0.16773736476898193
100,10.0,0.5431122541136532,1e-05,gaussian,16,0.2,0.02,0.2,0.2135702222585678,0.019053729251027107,0.2179945409297943
100,10.0,0.5431122541136532,1e-05,edge_flip,16,0.2,0.02,0.2,0.24900949001312256,0.01711273193359375,0.25516876578330994
100,10.0,0.5431122541136532,1e-05,sbm_dpsgd,17,0.2,0.02,0.2,0.22063373029232025,0.010232997126877308,0.19095759093761444
100,10.0,0.5431122541136532,1e-05,gaussian,17,0.2,0.02,0.2,0.20531490445137024,0.018005812540650368,0.18964828550815582
100,10.0,0.5431122541136532,1e-05,edge_flip,17,0.2,0.02,0.2,0.21513347327709198,0.0,0.19973528385162354
100,10.0,0.5431122541136532,1e-05,sbm_dpsgd,18,0.2,0.02,0.2,0.23089638352394104,0.011425432749092579,0.22852028906345367
100,10.0,0.5431122541136532,1e-05,gaussian,18,0.2,0.02,0.2,0.2039407342672348,0.029889408499002457,0.22478987276554108
100,10.0,0.5431122541136532,1e-05,edge_flip,18,0.2,0.02,0.2,0.19357599318027496,0.012585664168000221,0.28288552165031433
100,10.0,0.5431122541136532,1e-05,sbm_dpsgd,19,0.2,0.02,0.2,0.1525121033191681,0.10433202981948853,0.19184379279613495
100,10.0,0.5431122541136532,1e-05,gaussian,19,0.2,0.02,0.2,0.22286197543144226,0.02679261565208435,0.18544228374958038
100,10.0,0.5431122541136532,1e-05,edge_flip,19,0.2,0.02,0.2,0.21821311116218567,0.033711981028318405,0.27364659309387207
100,20.0,0.40561225411365304,1e-05,sbm_dpsgd,0,0.2,0.02,0.2,0.16858483850955963,0.04464574530720711,0.18377263844013214
100,20.0,0.40561225411365304,1e-05,gaussian,0,0.2,0.02,0.2,0.23056663572788239,0.0,0.17549973726272583
100,20.0,0.40561225411365304,1e-05,edge_flip,0,0.2,0.02,0.2,0.24906820058822632,0.04216168448328972,0.19602571427822113
100,20.0,0.40561225411365304,1e-05,sbm_dpsgd,1,0.2,0.02,0.2,0.19944800436496735,0.05518713220953941,0.30542832612991333
100,20.0,0.40561225411365304,1e-05,gaussian,1,0.2,0.02,0.2,0.25957822799682617,0.0052937776781618595,0.22536435723304749
100,20.0,0.40561225411365304,1e-05,edge_flip,1,0.2,0.02,0.2,0.29395031929016113,0.006174392066895962,0.2817097306251526
100,20.0,0.40561225411365304,1e-05,sbm_dpsgd,2,0.2,0.02,0.2,0.2892734110355377,0.014894046820700169,0.2852814793586731
100,20.0,0.40561225411365304,1e-05,gaussian,2,0.2,0.02,0.2,0.23869994282722473,0.02034674398601055,0.19484776258468628
100,20.0,0.40561225411365304,1e-05,edge_flip,2,0.2,0.02,0.2,0.26130878925323486,0.02216874435544014,0.16338418424129486
100,20.0,0.40561225411365304,1e-05,sbm_dpsgd,3,0.2,0.02,0.2,0.30918532609939575,0.0041063991375267506,0.23828217387199402
100,20.0,0.40561225411365304,1e-05,gaussian,3,0.2,0.02,0.2,0.23784790933132172,0.015510760247707367,0.21031516790390015
100,20.0,0.40561225411365304,1e-05,edge_flip,3,0.2,0.02,0.2,0.19602571427822113,0.0,0.1511436104774475
100,20.0,0.40561225411365304,1e-05,sbm_dpsgd,4,0.2,0.02,0.2,0.30844542384147644,0.06727433949708939,0.35666388273239136
100,20.0,0.40561225411365304,1e-05,gaussian,4,0.2,0.02,0.2,0.24269841611385345,0.039943497627973557,0.17085103690624237
100,20.0,0.40561225411365304,1e-05,edge_flip,4,0.2,0.02,0.2,0.081780344247818,0.020169449970126152,0.20826628804206848
100,20.0,0.40561225411365304,1e-05,sbm_dpsgd,5,0.2,0.02,0.2,0.2040620744228363,0.05512906610965729,0.4614369571208954
100,20.0,0.40561225411365304,1e-05,gaussian,5,0.2,0.02,0.2,0.15944606065750122,0.010059382766485214,0.15695132315158844
100,20.0,0.40561225411365304,1e-05,edge_flip,5,0.2,0.02,0.2,0.10218130052089691,0.07415038347244263,0.10218130052089691
100,20.0,0.40561225411365304,1e-05,sbm_dpsgd,6,0.2,0.02,0.2,0.18142972886562347,0.0427577830851078,0.19730903208255768
100,20.0,0.40561225411365304,1e-05,gaussian,6,0.2,0.02,0.2,0.21675321459770203,0.037174973636865616,0.13032537698745728
100,20.0,0.40561225411365304,1e-05,edge_flip,6,0.2,0.02,0.2,0.19602571427822113,0.0,0.08586053550243378
100,20.0,0.40561225411365304,1e-05,sbm_dpsgd,7,0.2,0.02,0.2,0.20377130806446075,0.08659960329532623,0.342692494392395
100,20.0,0.40561225411365304,1e-05,gaussian,7,0.2,0.02,0.2,0.1847609132528305,0.0029780780896544456,0.22077341377735138
100,20.0,0.40561225411365304,1e-05,edge_flip,7,0.2,0.02,0.2,0.15930399298667908,0.0,0.21642667055130005
100,20.0,0.40561225411365304,1e-05,sbm_dpsgd,8,0.2,0.02,0.2,0.2527841329574585,0.04726218432188034,0.2385970503091812
100,20.0,0.40561225411365304,1e-05,gaussian,8,0.2,0.02,0.2,0.21105001866817474,0.0303218774497509,0.16572953760623932
100,20.0,0.40561225411365304,1e-05,edge_flip,8,0.2,0.02,0.2,0.31027108430862427,0.0,0.23274743556976318
100,20.0,0.40561225411365304,1e-05,sbm_dpsgd,9,0.2,0.02,0.2,0.27860355377197266,0.001012916094623506,0.24592062830924988
100,20.0,0.40561225411365304,1e-05,gaussian,9,0.2,0.02,0.2,0.21990777552127838,0.035738226026296616,0.1628066450357437
100,20.0,0.40561225411365304,1e-05,edge_flip,9,0.2,0.02,0.2,0.21642667055130005,0.05015885829925537,0.08586053550243378
100,20.0,0.40561225411365304,1e-05,sbm_dpsgd,10,0.2,0.02,0.2,0.24390901625156403,0.0007567084394395351,0.31592583656311035
100,20.0,0.40561225411365304,1e-05,gaussian,10,0.2,0.02,0.2,0.15028907358646393,0.023596828803420067,0.1954375058412552
100,20.0,0.40561225411365304,1e-05,edge_flip,10,0.2,0.02,0.2,0.3061908781528473,0.0,0.2041860967874527
100,20.0,0.40561225411365304,1e-05,sbm_dpsgd,11,0.2,0.02,0.2,0.2850072979927063,5.325339225237258e-05,0.2169521301984787
100,20.0,0.40561225411365304,1e-05,gaussian,11,0.2,0.02,0.2,0.18591062724590302,0.02213699370622635,0.19835475087165833
100,20.0,0.40561225411365304,1e-05,edge_flip,11,0.2,0.02,0.2,0.08994072675704956,0.04416097700595856,0.0042567020282149315
100,20.0,0.40561225411365304,1e-05,sbm_dpsgd,12,0.2,0.02,0.2,0.27811533212661743,0.11359729617834091,0.2239948958158493
100,20.0,0.40561225411365304,1e-05,gaussian,12,0.2,0.02,0.2,0.2809205651283264,0.02484884485602379,0.2109362930059433
100,20.0,0.40561225411365304,1e-05,edge_flip,12,0.2,0.02,0.2,0.273549348115921,0.018170155584812164,0.31027108430862427
100,20.0,0.40561225411365304,1e-05,sbm_dpsgd,13,0.2,0.02,0.2,0.3444502055644989,0.001888136612251401,0.17444607615470886
100,20.0,0.40561225411365304,1e-05,gaussian,13,0.2,0.02,0.2,0.23199903964996338,0.002800042973831296,0.2242107093334198
100,20.0,0.40561225411365304,1e-05,edge_flip,13,0.2,0.02,0.2,0.26538896560668945,0.06815250217914581,0.14298322796821594
100,20.0,0.40561225411365304,1e-05,sbm_dpsgd,14,0.2,0.02,0.2,0.24683265388011932,0.010335171595215797,0.2107684463262558
100,20.0,0.40561225411365304,1e-05,gaussian,14,0.2,0.02,0.2,0.24357923865318298,0.025500403717160225,0.19292336702346802
100,20.0,0.40561225411365304,1e-05,edge_flip,14,0.2,0.02,0.2,0.2041860967874527,0.00017651027883403003,0.3061908781528473
100,20.0,0.40561225411365304,1e-05,sbm_dpsgd,15,0.2,0.02,0.2,0.24185903370380402,0.09474847465753555,0.25968077778816223
100,20.0,0.40561225411365304,1e-05,gaussian,15,0.2,0.02,0.2,0.24840223789215088,0.004133592359721661,0.27151110768318176
100,20.0,0.40561225411365304,1e-05,edge_flip,15,0.2,0.02,0.2,0.1266624480485916,0.0,0.179704949259758
100,20.0,0.40561225411365304,1e-05,sbm_dpsgd,16,0.2,0.02,0.2,0.2712900936603546,0.09836652874946594,0.23143815994262695
100,20.0,0.40561225411365304,1e-05,gaussian,16,0.2,0.02,0.2,0.2386721670627594,0.021114680916070938,0.18197599053382874
100,20.0,0.40561225411365304,1e-05,edge_flip,16,0.2,0.02,0.2,0.3265918493270874,0.006174392066895962,0.22458705306053162
100,20.0,0.40561225411365304,1e-05,sbm_dpsgd,17,0.2,0.02,0.2,0.18918654322624207,0.005751715041697025,0.19464895129203796
100,20.0,0.40561225411365304,1e-05,gaussian,17,0.2,0.02,0.2,0.21616032719612122,0.011478801257908344,0.18810316920280457
100,20.0,0.40561225411365304,1e-05,edge_flip,17,0.2,0.02,0.2,0.18378514051437378,0.0,0.21234647929668427
100,20.0,0.40561225411365304,1e-05,sbm_dpsgd,18,0.2,0.02,0.2,0.28752097487449646,0.0038568817544728518,0.2626422345638275
100,20.0,0.40561225411365304,1e-05,gaussian,18,0.2,0.02,0.2,0.19171397387981415,0.018801415339112282,0.21073861420154572
100,20.0,0.40561225411365304,1e-05,edge_flip,18,0.2,0.02,0.2,0.18378514051437378,0.11613555997610092,0.20826628804206848
100,20.0,0.40561225411365304,1e-05,sbm_dpsgd,19,0.2,0.02,0.2,0.2344534993171692,0.021362030878663063,0.25109967589378357
100,20.0,0.40561225411365304,1e-05,gaussian,19,0.2,0.02,0.2,0.2096467763185501,0.015382210724055767,0.23629431426525116
100,20.0,0.40561225411365304,1e-05,edge_flip,19,0.2,0.02,0.2,0.22458705306053162,0.0,0.08586053550243378
200,1.0,5.635918426327381,1e-05,sbm_dpsgd,0,0.2,0.02,0.2,0.20147739350795746,0.04016666114330292,0.21359701454639435
200,1.0,5.635918426327381,1e-05,gaussian,0,0.2,0.02,0.2,0.19920973479747772,0.02213268168270588,0.21157653629779816
200,1.0,5.635918426327381,1e-05,edge_flip,0,0.2,0.02,0.2,0.19968309998512268,0.021498121321201324,0.21290843188762665
200,1.0,5.635918426327381,1e-05,sbm_dpsgd,1,0.2,0.02,0.2,0.20045198500156403,0.03186095505952835,0.21258199214935303
200,1.0,5.635918426327381,1e-05,gaussian,1,0.2,0.02,0.2,0.2006591111421585,0.01981133222579956,0.21231774985790253
200,1.0,5.635918426327381,1e-05,edge_flip,1,0.2,0.02,0.2,0.20070043206214905,0.01887950487434864,0.21290843188762665
200,1.0,5.635918426327381,1e-05,sbm_dpsgd,2,0.2,0.02,0.2,0.2144685983657837,0.042616888880729675,0.2122584879398346
200,1.0,5.635918426327381,1e-05,gaussian,2,0.2,0.02,0.2,0.21302896738052368,0.022036263719201088,0.2050682008266449
200,1.0,5.635918426327381,1e-05,edge_flip,2,0.2,0.02,0.2,0.21270497143268585,0.02341172657907009,0.20334549248218536
200,1.0,5.635918426327381,1e-05,sbm_dpsgd,3,0.2,0.02,0.2,0.1969785988330841,0.04166153073310852,0.20696774125099182
200,1.0,5.635918426327381,1e-05,gaussian,3,0.2,0.02,0.2,0.1955290138721466,0.020432041957974434,0.20292268693447113
200,1.0,5.635918426327381,1e-05,edge_flip,3,0.2,0.02,0.2,0.19479990005493164,0.020490961149334908,0.20375242829322815
200,1.0,5.635918426327381,1e-05,sbm_dpsgd,4,0.2,0.02,0.2,0.20502160489559174,0.02477381005883217,0.1938873678445816
200,1.0,5.635918426327381,1e-05,gaussian,4,0.2,0.02,0.2,0.19831079244613647,0.02053433656692505,0.19212964177131653
200,1.0,5.635918426327381,1e-05,edge_flip,4,0.2,0.02,0.2,0.19683456420898438,0.020188812166452408,0.19113749265670776
200,1.0,5.635918426327381,1e-05,sbm_dpsgd,5,0.2,0.02,0.2,0.21820183098316193,0.03777961805462837,0.21016737818717957
200,1.0,5.635918426327381,1e-05,gaussian,5,0.2,0.02,0.2,0.2090975046157837,0.020602798089385033,0.2018296867609024
200,1.0,5.635918426327381,1e-05,edge_flip,5,0.2,0.02,0.2,0.20965297520160675,0.021699553355574608,0.2021246999502182
200,1.0,5.635918426327381,1e-05,sbm_dpsgd,6,0.2,0.02,0.2,0.20841044187545776,0.015331607311964035,0.1968640685081482
200,1.0,5.635918426327381,1e-05,gaussian,6,0.2,0.02,0.2,0.2061338722705841,0.016426417976617813,0.190554678440094
200,1.0,5.635918426327381,1e-05,edge_flip,6,0.2,0.02,0.2,0.2051766961812973,0.01706661656498909,0.1901201605796814
200,1.0,5.635918426327381,1e-05,sbm_dpsgd,7,0.2,0.02,0.2,0.21032796800136566,0.03557736799120903,0.1952822208404541
200,1.0,5.635918426327381,1e-05,gaussian,7,0.2,0.02,0.2,0.2064100056886673,0.021324923262000084,0.19444195926189423
200,1.0,5.635918426327381,1e-05,edge_flip,7,0.2,0.02,0.2,0.20639750361442566,0.020490961149334908,0.19479990005493164
200,1.0,5.635918426327381,1e-05,sbm_dpsgd,8,0.2,0.02,0.2,0.2049282044172287,0.03323567286133766,0.21034760773181915
200,1.0,5.635918426327381,1e-05,gaussian,8,0.2,0.02,0.2,0.19952169060707092,0.019397633150219917,0.20363575220108032
200,1.0,5.635918426327381,1e-05,edge_flip,8,0.2,0.02,0.2,0.1992761641740799,0.018980219960212708,0.20375242829322815
200,1.0,5.635918426327381,1e-05,sbm_dpsgd,9,0.2,0.02,0.2,0.20670972764492035,0.024660803377628326,0.19667035341262817
200,1.0,5.635918426327381,1e-05,gaussian,9,0.2,0.02,0.2,0.2010936141014099,0.019650189206004143,0.19503699243068695
200,1.0,5.635918426327381,1e-05,edge_flip,9,0.2,0.02,0.2,0.20049697160720825,0.01918165199458599,0.1929686963558197
200,1.0,5.635918426327381,1e-05,sbm_dpsgd,10,0.2,0.02,0.2,0.20624658465385437,0.0210883691906929,0.1940186321735382
200,1.0,5.635918426327381,1e-05,gaussian,10,0.2,0.02,0.2,0.20370319485664368,0.018992455676198006,0.19047391414642334
200,1.0,5.635918426327381,1e-05,edge_flip,10,0.2,0.02,0.2,0.20476976037025452,0.018375923857092857,0.19154442846775055
200,1.0,5.635918426327381,1e-05,sbm_dpsgd,11,0.2,0.02,0.2,0.21238493919372559,0.035142045468091965,0.19640225172042847
200,1.0,5.635918426327381,1e-05,gaussian,11,0.2,0.02,0.2,0.20833992958068848,0.022532088682055473,0.19721344113349915
200,1.0,5.635918426327381,1e-05,edge_flip,11,0.2,0.02,0.2,0.20761829614639282,0.022706713527441025,0.1964276283979416
200,1.0,5.635918426327381,1e-05,sbm_dpsgd,12,0.2,0.02,0.2,0.21326634287834167,0.02425271086394787,0.2026594877243042
200,1.0,5.635918426327381,1e-05,gaussian,12,0.2,0.02,0.2,0.20453527569770813,0.017820799723267555,0.19666321575641632
200,1.0,5.635918426327381,1e-05,edge_flip,12,0.2,0.02,0.2,0.20436283946037292,0.018778787925839424,0.19703802466392517
200,1.0,5.635918426327381,1e-05,sbm_dpsgd,13,0.2,0.02,0.2,0.2058393508195877,0.03143637999892235,0.19965298473834991
200,1.0,5.635918426327381,1e-05,gaussian,13,0.2,0.02,0.2,0.21532019972801208,0.019837558269500732,0.19747604429721832
200,1.0,5.635918426327381,1e-05,edge_flip,13,0.2,0.02,0.2,0.21351884305477142,0.01918165199458599,0.19703802466392517
200,1.0,5.635918426327381,1e-05,sbm_dpsgd,14,0.2,0.02,0.2,0.2055801898241043,0.022390902042388916,0.2025478035211563
200,1.0,5.635918426327381,1e-05,gaussian,14,0.2,0.02,0.2,0.19745752215385437,0.018497465178370476,0.19962969422340393
200,1.0,5.635918426327381,1e-05,edge_flip,14,0.2,0.02,0.2,0.19703802466392517,0.019383084028959274,0.20009003579616547
200,1.0,5.635918426327381,1e-05,sbm_dpsgd,15,0.2,0.02,0.2,0.20330460369586945,0.018923098221421242,0.20842203497886658
200,1.0,5.635918426327381,1e-05,gaussian,15,0.2,0.02,0.2,0.20570982992649078,0.018794303759932518,0.20150530338287354
200,1.0,5.635918426327381,1e-05,edge_flip,15,0.2,0.02,0.2,0.20456629991531372,0.018678072839975357,0.2019212245941162
200,1.0,5.635918426327381,1e-05,sbm_dpsgd,16,0.2,0.02,0.2,0.20616081357002258,0.03180091455578804,0.19706735014915466
200,1.0,5.635918426327381,1e-05,gaussian,16,0.2,0.02,0.2,0.20495754480361938,0.018804186955094337,0.19704875349998474
200,1.0,5.635918426327381,1e-05,edge_flip,16,0.2,0.02,0.2,0.20476976037025452,0.020188812166452408,0.1988692283630371
200,1.0,5.635918426327381,1e-05,sbm_dpsgd,17,0.2,0.02,0.2,0.21316546201705933,0.026587745174765587,0.19712573289871216
200,1.0,5.635918426327381,1e-05,gaussian,17,0.2,0.02,0.2,0.20560535788536072,0.02102959342300892,0.19379381835460663
200,1.0,5.635918426327381,1e-05,edge_flip,17,0.2,0.02,0.2,0.20436283946037292,0.019987380132079124,0.1933756321668625
200,1.0,5.635918426327381,1e-05,sbm_dpsgd,18,0.2,0.02,0.2,0.2191314846277237,0.03873210400342941,0.20878882706165314
200,1.0,5.635918426327381,1e-05,gaussian,18,0.2,0.02,0.2,0.20508670806884766,0.023757634684443474,0.20326590538024902
200,1.0,5.635918426327381,1e-05,edge_flip,18,0.2,0.02,0.2,0.20680443942546844,0.02250528149306774,0.20354896783828735
200,1.0,5.635918426327381,1e-05,sbm_dpsgd,19,0.2,0.02,0.2,0.198832169175148,0.028722301125526428,0.21323435008525848
200,1.0,5.635918426327381,1e-05,gaussian,19,0.2,0.02,0.2,0.19320815801620483,0.01903919130563736,0.2016199678182602
200,1.0,5.635918426327381,1e-05,edge_flip,19,0.2,0.02,0.2,0.19663110375404358,0.019685233011841774,0.20314203202724457
200,2.0,2.668102829441137,1e-05,sbm_dpsgd,0,0.2,0.02,0.2,0.20953138172626495,0.028349654749035835,0.20145666599273682
200,2.0,2.668102829441137,1e-05,gaussian,0,0.2,0.02,0.2,0.20466728508472443,0.020608795806765556,0.19858358800411224
200,2.0,2.668102829441137,1e-05,edge_flip,0,0.2,0.02,0.2,0.20726622641086578,0.019440725445747375,0.19751617312431335
200,2.0,2.668102829441137,1e-05,sbm_dpsgd,1,0.2,0.02,0.2,0.20285044610500336,0.029849767684936523,0.20350044965744019
200,2.0,2.668102829441137,1e-05,gaussian,1,0.2,0.02,0.2,0.19862619042396545,0.019442299380898476,0.20186255872249603
200,2.0,2.668102829441137,1e-05,edge_flip,1,0.2,0.02,0.2,0.19844475388526917,0.01875125803053379,0.2003019154071808
200,2.0,2.668102829441137,1e-05,sbm_dpsgd,2,0.2,0.02,0.2,0.1986812949180603,0.03247825428843498,0.19993825256824493
200,2.0,2.668102829441137,1e-05,gaussian,2,0.2,0.02,0.2,0.19735783338546753,0.020216282457113266,0.2027938812971115
200,2.0,2.668102829441137,1e-05,edge_flip,2,0.2,0.02,0.2,0.19055184721946716,0.021624041721224785,0.20448049902915955
200,2.0,2.668102829441137,1e-05,sbm_dpsgd,3,0.2,0.02,0.2,0.20133547484874725,0.027271801605820656,0.20406024158000946
200,2.0,2.668102829441137,1e-05,gaussian,3,0.2,0.02,0.2,0.19177599251270294,0.020436961203813553,0.20099899172782898
200,2.0,2.668102829441137,1e-05,edge_flip,3,0.2,0.02,0.2,0.19937333464622498,0.024841560050845146,0.2003019154071808
200,2.0,2.668102829441137,1e-05,sbm_dpsgd,4,0.2,0.02,0.2,0.18591773509979248,0.026338590309023857,0.21173518896102905
200,2.0,2.668102829441137,1e-05,gaussian,4,0.2,0.02,0.2,0.187808558344841,0.019315190613269806,0.1986529678106308
200,2.0,2.668102829441137,1e-05,edge_flip,4,0.2,0.02,0.2,0.1859089732170105,0.018636345863342285,0.1977483183145523
200,2.0,2.668102829441137,1e-05,sbm_dpsgd,5,0.2,0.02,0.2,0.21460074186325073,0.026524970307946205,0.20782142877578735
200,2.0,2.668102829441137,1e-05,gaussian,5,0.2,0.02,0.2,0.2055840790271759,0.019674964249134064,0.19526977837085724
200,2.0,2.668102829441137,1e-05,edge_flip,5,0.2,0.02,0.2,0.2086590975522995,0.022198598831892014,0.18962328135967255
200,2.0,2.668102829441137,1e-05,sbm_dpsgd,6,0.2,0.02,0.2,0.2128390520811081,0.02634584531188011,0.2039002776145935
200,2.0,2.668102829441137,1e-05,gaussian,6,0.2,0.02,0.2,0.20705226063728333,0.020001647993922234,0.1988448202610016
200,2.0,2.668102829441137,1e-05,edge_flip,6,0.2,0.02,0.2,0.2126055508852005,0.02036001719534397,0.1982126086950302
200,2.0,2.668102829441137,1e-05,sbm_dpsgd,7,0.2,0.02,0.2,0.20554973185062408,0.04443906247615814,0.18930566310882568
200,2.0,2.668102829441137,1e-05,gaussian,7,0.2,0.02,0.2,0.19555585086345673,0.02171371690928936,0.19875837862491608
200,2.0,2.668102829441137,1e-05,edge_flip,7,0.2,0.02,0.2,0.19565902650356293,0.019670549780130386,0.18869470059871674
200,2.0,2.668102829441137,1e-05,sbm_dpsgd,8,0.2,0.02,0.2,0.2048383504152298,0.03343208506703377,0.21113944053649902
200,2.0,2.668102829441137,1e-05,gaussian,8,0.2,0.02,0.2,0.20547330379486084,0.019887784495949745,0.2007792890071869
200,2.0,2.668102829441137,1e-05,edge_flip,8,0.2,0.02,0.2,0.20680195093154907,0.023232800886034966,0.2051769345998764
200,2.0,2.668102829441137,1e-05,sbm_dpsgd,9,0.2,0.02,0.2,0.20528307557106018,0.03270277753472328,0.2047634869813919
200,2.0,2.668102829441137,1e-05,gaussian,9,0.2,0.02,0.2,0.20505540072917938,0.018848750740289688,0.2026241272687912
200,2.0,2.668102829441137,1e-05,edge_flip,9,0.2,0.02,0.2,0.2047126442193985,0.02070475183427334,0.20239120721817017
200,2.0,2.668102829441137,1e-05,sbm_dpsgd,10,0.2,0.02,0.2,0.2093035876750946,0.036773182451725006,0.20709745585918427
200,2.0,2.668102829441137,1e-05,gaussian,10,0.2,0.02,0.2,0.2026665061712265,0.020643159747123718,0.19895854592323303
200,2.0,2.668102829441137,1e-05,edge_flip,10,0.2,0.02,0.2,0.2077305167913437,0.02116439677774906,0.19983762502670288
200,2.0,2.668102829441137,1e-05,sbm_dpsgd,11,0.2,0.02,0.2,0.20033252239227295,0.022715911269187927,0.2151096910238266
200,2.0,2.668102829441137,1e-05,gaussian,11,0.2,0.02,0.2,0.20102901756763458,0.018613988533616066,0.21258766949176788
200,2.0,2.668102829441137,1e-05,edge_flip,11,0.2,0.02,0.2,0.20726622641086578,0.015418829396367073,0.21376626193523407
200,2.0,2.668102829441137,1e-05,sbm_dpsgd,12,0.2,0.02,0.2,0.21583892405033112,0.029617030173540115,0.20815123617649078
200,2.0,2.668102829441137,1e-05,gaussian,12,0.2,0.02,0.2,0.2066567987203598,0.021036438643932343,0.1945669949054718
200,2.0,2.668102829441137,1e-05,edge_flip,12,0.2,0.02,0.2,0.20935553312301636,0.023002978414297104,0.2042483538389206
200,2.0,2.668102829441137,1e-05,sbm_dpsgd,13,0.2,0.02,0.2,0.18530160188674927,0.0329420231282711,0.21005363762378693
200,2.0,2.668102829441137,1e-05,gaussian,13,0.2,0.02,0.2,0.1862441599369049,0.019784631207585335,0.2004435956478119
200,2.0,2.668102829441137,1e-05,edge_flip,13,0.2,0.02,0.2,0.19403401017189026,0.022198598831892014,0.19798046350479126
200,2.0,2.668102829441137,1e-05,sbm_dpsgd,14,0.2,0.02,0.2,0.21233265101909637,0.034619878977537155,0.21807698905467987
200,2.0,2.668102829441137,1e-05,gaussian,14,0.2,0.02,0.2,0.20895154774188995,0.023709552362561226,0.21403293311595917
200,2.0,2.668102829441137,1e-05,edge_flip,14,0.2,0.02,0.2,0.2091233879327774,0.027369609102606773,0.2095876783132553
200,2.0,2.668102829441137,1e-05,sbm_dpsgd,15,0.2,0.02,0.2,0.19804616272449493,0.023687347769737244,0.19754235446453094
200,2.0,2.668102829441137,1e-05,gaussian,15,0.2,0.02,0.2,0.1898062825202942,0.01800263114273548,0.1925540417432785
200,2.0,2.668102829441137,1e-05,edge_flip,15,0.2,0.02,0.2,0.19217686355113983,0.015878474339842796,0.18660540878772736
200,2.0,2.668102829441137,1e-05,sbm_dpsgd,16,0.2,0.02,0.2,0.1988687366247177,0.0274715144187212,0.20834693312644958
200,2.0,2.668102829441137,1e-05,gaussian,16,0.2,0.02,0.2,0.20240189135074615,0.020791571587324142,0.19910550117492676
200,2.0,2.668102829441137,1e-05,edge_flip,16,0.2,0.02,0.2,0.2012304812669754,0.018636345863342285,0.19519473612308502
200,2.0,2.668102829441137,1e-05,sbm_dpsgd,17,0.2,0.02,0.2,0.20296846330165863,0.02945965714752674,0.21284671127796173
200,2.0,2.668102829441137,1e-05,gaussian,17,0.2,0.02,0.2,0.1998944878578186,0.018916599452495575,0.20523160696029663
200,2.0,2.668102829441137,1e-05,edge_flip,17,0.2,0.02,0.2,0.19449830055236816,0.022658243775367737,0.20401620864868164
200,2.0,2.668102829441137,1e-05,sbm_dpsgd,18,0.2,0.02,0.2,0.21238680183887482,0.03294195234775543,0.20037104189395905
200,2.0,2.668102829441137,1e-05,gaussian,18,0.2,0.02,0.2,0.20820774137973785,0.020212778821587563,0.18536466360092163
200,2.0,2.668102829441137,1e-05,edge_flip,18,0.2,0.02,0.2,0.21028411388397217,0.0209345743060112,0.1828911006450653
200,2.0,2.668102829441137,1e-05,sbm_dpsgd,19,0.2,0.02,0.2,0.19304166734218597,0.02948293462395668,0.20073546469211578
200,2.0,2.668102829441137,1e-05,gaussian,19,0.2,0.02,0.2,0.1989322304725647,0.019822940230369568,0.19294299185276031
200,2.0,2.668102829441137,1e-05,edge_flip,19,0.2,0.02,0.2,0.19589117169380188,0.016682853922247887,0.19635546207427979
200,5.0,1.0338953100711687,1e-05,sbm_dpsgd,0,0.2,0.02,0.2,0.20438432693481445,0.01722729578614235,0.21458803117275238
200,5.0,1.0338953100711687,1e-05,gaussian,0,0.2,0.02,0.2,0.19959768652915955,0.01910744048655033,0.21334244310855865
200,5.0,1.0338953100711687,1e-05,edge_flip,0,0.2,0.02,0.2,0.19697444140911102,0.009194215759634972,0.20674945414066315
200,5.0,1.0338953100711687,1e-05,sbm_dpsgd,1,0.2,0.02,0.2,0.20252607762813568,0.022796552628278732,0.2081449031829834
200,5.0,1.0338953100711687,1e-05,gaussian,1,0.2,0.02,0.2,0.2015412300825119,0.01938299834728241,0.20510485768318176
200,5.0,1.0338953100711687,1e-05,edge_flip,1,0.2,0.02,0.2,0.2105744630098343,0.03528076410293579,0.188899427652359
200,5.0,1.0338953100711687,1e-05,sbm_dpsgd,2,0.2,0.02,0.2,0.20559491217136383,0.01825137436389923,0.2015722095966339
200,5.0,1.0338953100711687,1e-05,gaussian,2,0.2,0.02,0.2,0.198527529835701,0.020695015788078308,0.20022790133953094
200,5.0,1.0338953100711687,1e-05,edge_flip,2,0.2,0.02,0.2,0.21439947187900543,0.026444997638463974,0.22459949553012848
200,5.0,1.0338953100711687,1e-05,sbm_dpsgd,3,0.2,0.02,0.2,0.21060793101787567,0.03289296105504036,0.20379678905010223
200,5.0,1.0338953100711687,1e-05,gaussian,3,0.2,0.02,0.2,0.20359113812446594,0.018123643472790718,0.20393134653568268
200,5.0,1.0338953100711687,1e-05,edge_flip,3,0.2,0.02,0.2,0.21269947290420532,0.02770725078880787,0.2058994621038437
200,5.0,1.0338953100711687,1e-05,sbm_dpsgd,4,0.2,0.02,0.2,0.19822609424591064,0.024638384580612183,0.20633946359157562
200,5.0,1.0338953100711687,1e-05,gaussian,4,0.2,0.02,0.2,0.20294217765331268,0.02110692858695984,0.20374195277690887
200,5.0,1.0338953100711687,1e-05,edge_flip,4,0.2,0.02,0.2,0.19739943742752075,0.0035140803083777428,0.18932442367076874
200,5.0,1.0338953100711687,1e-05,sbm_dpsgd,5,0.2,0.02,0.2,0.2062978446483612,0.03227867931127548,0.2055874913930893
200,5.0,1.0338953100711687,1e-05,gaussian,5,0.2,0.02,0.2,0.19737175107002258,0.021281644701957703,0.20307578146457672
200,5.0,1.0338953100711687,1e-05,edge_flip,5,0.2,0.02,0.2,0.21269947290420532,0.03549113869667053,0.19697444140911102
200,5.0,1.0338953100711687,1e-05,sbm_dpsgd,6,0.2,0.02,0.2,0.21429821848869324,0.02686656452715397,0.21598578989505768
200,5.0,1.0338953100711687,1e-05,gaussian,6,0.2,0.02,0.2,0.2023998647928238,0.01820063777267933,0.19807450473308563
200,5.0,1.0338953100711687,1e-05,edge_flip,6,0.2,0.02,0.2,0.19909943640232086,0.012139471247792244,0.2169494777917862
200,5.0,1.0338953100711687,1e-05,sbm_dpsgd,7,0.2,0.02,0.2,0.20282897353172302,0.0359044075012207,0.19082745909690857
200,5.0,1.0338953100711687,1e-05,gaussian,7,0.2,0.02,0.2,0.2011011689901352,0.020548466593027115,0.19114679098129272
200,5.0,1.0338953100711687,1e-05,edge_flip,7,0.2,0.02,0.2,0.2075994610786438,0.023920493200421333,0.19782443344593048
200,5.0,1.0338953100711687,1e-05,sbm_dpsgd,8,0.2,0.02,0.2,0.2192223221063614,0.034505248069763184,0.2012987732887268
200,5.0,1.0338953100711687,1e-05,gaussian,8,0.2,0.02,0.2,0.2040087729692459,0.01991667039692402,0.2051115334033966
200,5.0,1.0338953100711687,1e-05,edge_flip,8,0.2,0.02,0.2,0.21482446789741516,0.026024246588349342,0.180824413895607
200,5.0,1.0338953100711687,1e-05,sbm_dpsgd,9,0.2,0.02,0.2,0.21764710545539856,0.02996588870882988,0.20567308366298676
200,5.0,1.0338953100711687,1e-05,gaussian,9,0.2,0.02,0.2,0.21268586814403534,0.02220088802278042,0.20663833618164062
200,5.0,1.0338953100711687,1e-05,edge_flip,9,0.2,0.02,0.2,0.2122744619846344,0.024972369894385338,0.22119948267936707
200,5.0,1.0338953100711687,1e-05,sbm_dpsgd,10,0.2,0.02,0.2,0.1940375417470932,0.023030385375022888,0.1956411451101303
200,5.0,1.0338953100711687,1e-05,gaussian,10,0.2,0.02,0.2,0.1932905614376068,0.02041527070105076,0.20167365670204163
200,5.0,1.0338953100711687,1e-05,edge_flip,10,0.2,0.02,0.2,0.21779948472976685,0.03338738530874252,0.20334945619106293
200,5.0,1.0338953100711687,1e-05,sbm_dpsgd,11,0.2,0.02,0.2,0.1984768807888031,0.03271130472421646,0.21007175743579865
200,5.0,1.0338953100711687,1e-05,gaussian,11,0.2,0.02,0.2,0.19371330738067627,0.02492973953485489,0.19125515222549438
200,5.0,1.0338953100711687,1e-05,edge_flip,11,0.2,0.02,0.2,0.19314943253993988,0.0009895757539197803,0.18804942071437836
200,5.0,1.0338953100711687,1e-05,sbm_dpsgd,12,0.2,0.02,0.2,0.1955215185880661,0.024382546544075012,0.21984414756298065
200,5.0,1.0338953100711687,1e-05,gaussian,12,0.2,0.02,0.2,0.19117897748947144,0.019980184733867645,0.20711536705493927
200,5.0,1.0338953100711687,1e-05,edge_flip,12,0.2,0.02,0.2,0.18379941582679749,0.0,0.20632445812225342
200,5.0,1.0338953100711687,1e-05,sbm_dpsgd,13,0.2,0.02,0.2,0.2123095542192459,0.02216685190796852,0.21711726486682892
200,5.0,1.0338953100711687,1e-05,gaussian,13,0.2,0.02,0.2,0.20684358477592468,0.019805723801255226,0.20852001011371613
200,5.0,1.0338953100711687,1e-05,edge_flip,13,0.2,0.02,0.2,0.2105744630098343,0.026234623044729233,0.21269947290420532
200,5.0,1.0338953100711687,1e-05,sbm_dpsgd,14,0.2,0.02,0.2,0.2077239751815796,0.031021760776638985,0.21002542972564697
200,5.0,1.0338953100711687,1e-05,gaussian,14,0.2,0.02,0.2,0.20960605144500732,0.019134577363729477,0.19146041572093964
200,5.0,1.0338953100711687,1e-05,edge_flip,14,0.2,0.02,0.2,0.20547445118427277,0.023710118606686592,0.1871994137763977
200,5.0,1.0338953100711687,1e-05,sbm_dpsgd,15,0.2,0.02,0.2,0.20304398238658905,0.03505159914493561,0.21645139157772064
200,5.0,1.0338953100711687,1e-05,gaussian,15,0.2,0.02,0.2,0.20635272562503815,0.022174235433340073,0.21114858984947205
200,5.0,1.0338953100711687,1e-05,edge_flip,15,0.2,0.02,0.2,0.19229942560195923,0.019712984561920166,0.21949948370456696
200,5.0,1.0338953100711687,1e-05,sbm_dpsgd,16,0.2,0.02,0.2,0.21500317752361298,0.031219294294714928,0.18843668699264526
200,5.0,1.0338953100711687,1e-05,gaussian,16,0.2,0.02,0.2,0.19618993997573853,0.022383270785212517,0.1939936727285385
200,5.0,1.0338953100711687,1e-05,edge_flip,16,0.2,0.02,0.2,0.20632445812225342,0.02076486311852932,0.21142446994781494
200,5.0,1.0338953100711687,1e-05,sbm_dpsgd,17,0.2,0.02,0.2,0.20638105273246765,0.029978618025779724,0.21507424116134644
200,5.0,1.0338953100711687,1e-05,gaussian,17,0.2,0.02,0.2,0.20040206611156464,0.019440392032265663,0.20193363726139069
200,5.0,1.0338953100711687,1e-05,edge_flip,17,0.2,0.02,0.2,0.21099945902824402,0.028969502076506615,0.17487439513206482
200,5.0,1.0338953100711687,1e-05,sbm_dpsgd,18,0.2,0.02,0.2,0.2091801017522812,0.03146957606077194,0.2232634574174881
200,5.0,1.0338953100711687,1e-05,gaussian,18,0.2,0.02,0.2,0.2096988707780838,0.018612857908010483,0.2056790292263031
200,5.0,1.0338953100711687,1e-05,edge_flip,18,0.2,0.02,0.2,0.1935744285583496,0.015295102261006832,0.21482446789741516
200,5.0,1.0338953100711687,1e-05,sbm_dpsgd,19,0.2,0.02,0.2,0.21187111735343933,0.028136398643255234,0.19746752083301544
200,5.0,1.0338953100711687,1e-05,gaussian,19,0.2,0.02,0.2,0.20645791292190552,0.022234221920371056,0.19935165345668793
200,5.0,1.0338953100711687,1e-05,edge_flip,19,0.2,0.02,0.2,0.22587449848651886,0.015295102261006832,0.20972445607185364
200,10.0,0.5431122541136532,1e-05,sbm_dpsgd,0,0.2,0.02,0.2,0.22032222151756287,0.026891963556408882,0.18654772639274597
200,10.0,0.5431122541136532,1e-05,gaussian,0,0.2,0.02,0.2,0.2082749903202057,0.01848740503191948,0.1879168450832367
200,10.0,0.5431122541136532,1e-05,edge_flip,0,0.2,0.02,0.2,0.22182157635688782,0.009944873861968517,0.2004818618297577
200,10.0,0.5431122541136532,1e-05,sbm_dpsgd,1,0.2,0.02,0.2,0.18268191814422607,0.011080708354711533,0.18614153563976288
200,10.0,0.5431122541136532,1e-05,gaussian,1,0.2,0.02,0.2,0.1988963931798935,0.016772983595728874,0.19062453508377075
200,10.0,0.5431122541136532,1e-05,edge_flip,1,0.2,0.02,0.2,0.22639437019824982,0.002399760764092207,0.18752560019493103
200,10.0,0.5431122541136532,1e-05,sbm_dpsgd,2,0.2,0.02,0.2,0.22765658795833588,0.02400597184896469,0.22228240966796875
200,10.0,0.5431122541136532,1e-05,gaussian,2,0.2,0.02,0.2,0.2145041525363922,0.028461800888180733,0.20453616976737976
200,10.0,0.5431122541136532,1e-05,edge_flip,2,0.2,0.02,0.2,0.19514693319797516,0.029939426109194756,0.10902593284845352
200,10.0,0.5431122541136532,1e-05,sbm_dpsgd,3,0.2,0.02,0.2,0.18280526995658875,0.015745213255286217,0.21567390859127045
200,10.0,0.5431122541136532,1e-05,gaussian,3,0.2,0.02,0.2,0.19725735485553741,0.017363708466291428,0.19345241785049438
200,10.0,0.5431122541136532,1e-05,edge_flip,3,0.2,0.02,0.2,0.22639437019824982,0.07068303972482681,0.20886531472206116
200,10.0,0.5431122541136532,1e-05,sbm_dpsgd,4,0.2,0.02,0.2,0.23376478254795074,0.031375639140605927,0.2057582139968872
200,10.0,0.5431122541136532,1e-05,gaussian,4,0.2,0.02,0.2,0.1867191046476364,0.018794335424900055,0.19165654480457306
200,10.0,0.5431122541136532,1e-05,edge_flip,4,0.2,0.02,0.2,0.16542375087738037,0.08049168437719345,0.1661858856678009
200,10.0,0.5431122541136532,1e-05,sbm_dpsgd,5,0.2,0.02,0.2,0.21283966302871704,0.03902161121368408,0.23897412419319153
200,10.0,0.5431122541136532,1e-05,gaussian,5,0.2,0.02,0.2,0.1964273899793625,0.022919250652194023,0.20919324457645416
200,10.0,0.5431122541136532,1e-05,edge_flip,5,0.2,0.02,0.2,0.18600133061408997,0.032957471907138824,0.17380721867084503
200,10.0,0.5431122541136532,1e-05,sbm_dpsgd,6,0.2,0.02,0.2,0.19511263072490692,0.026716265827417374,0.20185859501361847
200,10.0,0.5431122541136532,1e-05,gaussian,6,0.2,0.02,0.2,0.19692574441432953,0.022068437188863754,0.20277756452560425
200,10.0,0.5431122541136532,1e-05,edge_flip,6,0.2,0.02,0.2,0.2050546556711197,0.05408378690481186,0.1661858856678009
200,10.0,0.5431122541136532,1e-05,sbm_dpsgd,7,0.2,0.02,0.2,0.19220031797885895,0.013737012632191181,0.2206782102584839
200,10.0,0.5431122541136532,1e-05,gaussian,7,0.2,0.02,0.2,0.19679948687553406,0.013924376107752323,0.19811949133872986
200,10.0,0.5431122541136532,1e-05,edge_flip,7,0.2,0.02,0.2,0.14027337729930878,0.0054178060963749886,0.21496237814426422
200,10.0,0.5431122541136532,1e-05,sbm_dpsgd,8,0.2,0.02,0.2,0.2077607959508896,0.04351649433374405,0.21975979208946228
200,10.0,0.5431122541136532,1e-05,gaussian,8,0.2,0.02,0.2,0.1998271644115448,0.02225952222943306,0.19730161130428314
200,10.0,0.5431122541136532,1e-05,edge_flip,8,0.2,0.02,0.2,0.2050546556711197,0.02013077773153782,0.18371494114398956
200,10.0,0.5431122541136532,1e-05,sbm_dpsgd,9,0.2,0.02,0.2,0.20197321474552155,0.03826450556516647,0.19662457704544067
200,10.0,0.5431122541136532,1e-05,gaussian,9,0.2,0.02,0.2,0.20369994640350342,0.020508751273155212,0.19695478677749634
200,10.0,0.5431122541136532,1e-05,edge_flip,9,0.2,0.02,0.2,0.25230687856674194,0.004663294646888971,0.2187730371952057
200,10.0,0.5431122541136532,1e-05,sbm_dpsgd,10,0.2,0.02,0.2,0.20448121428489685,0.013249578885734081,0.21263891458511353
200,10.0,0.5431122541136532,1e-05,gaussian,10,0.2,0.02,0.2,0.1945985108613968,0.016804268583655357,0.18579818308353424
200,10.0,0.5431122541136532,1e-05,edge_flip,10,0.2,0.02,0.2,0.22105944156646729,0.006926828995347023,0.19209839403629303
200,10.0,0.5431122541136532,1e-05,sbm_dpsgd,11,0.2,0.02,0.2,0.20923736691474915,0.04013355076313019,0.2167605757713318
200,10.0,0.5431122541136532,1e-05,gaussian,11,0.2,0.02,0.2,0.19934827089309692,0.01820957288146019,0.1906225085258484
200,10.0,0.5431122541136532,1e-05,edge_flip,11,0.2,0.02,0.2,0.21801090240478516,0.02013077773153782,0.1478946954011917
200,10.0,0.5431122541136532,1e-05,sbm_dpsgd,12,0.2,0.02,0.2,0.2127765715122223,0.02258295565843582,0.20428486168384552
200,10.0,0.5431122541136532,1e-05,gaussian,12,0.2,0.02,0.2,0.20361800491809845,0.018354320898652077,0.21390724182128906
200,10.0,0.5431122541136532,1e-05,edge_flip,12,0.2,0.02,0.2,0.18752560019493103,0.009944873861968517,0.14637044072151184
200,10.0,0.5431122541136532,1e-05,sbm_dpsgd,13,0.2,0.02,0.2,0.2212764024734497,0.011362200602889061,0.2144230604171753
200,10.0,0.5431122541136532,1e-05,gaussian,13,0.2,0.02,0.2,0.21239973604679108,0.01669636182487011,0.19536568224430084
200,10.0,0.5431122541136532,1e-05,edge_flip,13,0.2,0.02,0.2,0.18981200456619263,0.0393708162009716,0.20581679046154022
200,10.0,0.5431122541136532,1e-05,sbm_dpsgd,14,0.2,0.02,0.2,0.20882625877857208,0.024508697912096977,0.21588437259197235
200,10.0,0.5431122541136532,1e-05,gaussian,14,0.2,0.02,0.2,0.19943393766880035,0.012214493937790394,0.19907838106155396
200,10.0,0.5431122541136532,1e-05,edge_flip,14,0.2,0.02,0.2,0.2073410451412201,0.02088528871536255,0.23935061693191528
200,10.0,0.5431122541136532,1e-05,sbm_dpsgd,15,0.2,0.02,0.2,0.20725961029529572,0.012393918819725513,0.20966900885105133
200,10.0,0.5431122541136532,1e-05,gaussian,15,0.2,0.02,0.2,0.19887197017669678,0.020381985232234,0.19410404562950134
200,10.0,0.5431122541136532,1e-05,edge_flip,15,0.2,0.02,0.2,0.2233458310365677,0.003908783197402954,0.2027682512998581
200,10.0,0.5431122541136532,1e-05,sbm_dpsgd,16,0.2,0.02,0.2,0.19493170082569122,0.017173703759908676,0.2368403524160385
200,10.0,0.5431122541136532,1e-05,gaussian,16,0.2,0.02,0.2,0.20725072920322418,0.02266608737409115,0.20651066303253174
200,10.0,0.5431122541136532,1e-05,edge_flip,16,0.2,0.02,0.2,0.2599281966686249,0.031071191653609276,0.18295280635356903
200,10.0,0.5431122541136532,1e-05,sbm_dpsgd,17,0.2,0.02,0.2,0.20354977250099182,0.028630806133151054,0.2123488187789917
200,10.0,0.5431122541136532,1e-05,gaussian,17,0.2,0.02,0.2,0.20418250560760498,0.019945867359638214,0.19767804443836212
200,10.0,0.5431122541136532,1e-05,edge_flip,17,0.2,0.02,0.2,0.22029730677604675,0.033334724605083466,0.19438479840755463
200,10.0,0.5431122541136532,1e-05,sbm_dpsgd,18,0.2,0.02,0.2,0.23333203792572021,0.03175792470574379,0.2054348587989807
200,10.0,0.5431122541136532,1e-05,gaussian,18,0.2,0.02,0.2,0.19561539590358734,0.020849797874689102,0.19534890353679657
200,10.0,0.5431122541136532,1e-05,edge_flip,18,0.2,0.02,0.2,0.1707586795091629,0.024657845497131348,0.16085095703601837
200,10.0,0.5431122541136532,1e-05,sbm_dpsgd,19,0.2,0.02,0.2,0.19744879007339478,0.03286308795213699,0.21124418079853058
200,10.0,0.5431122541136532,1e-05,gaussian,19,0.2,0.02,0.2,0.20149271190166473,0.015585524961352348,0.20971275866031647
200,10.0,0.5431122541136532,1e-05,edge_flip,19,0.2,0.02,0.2,0.22029730677604675,0.035598259419202805,0.19438479840755463
200,20.0,0.40561225411365304,1e-05,sbm_dpsgd,0,0.2,0.02,0.2,0.24854959547519684,0.0480949804186821,0.2430490106344223
200,20.0,0.40561225411365304,1e-05,gaussian,0,0.2,0.02,0.2,0.20968492329120636,0.01811128482222557,0.21004875004291534
200,20.0,0.40561225411365304,1e-05,edge_flip,0,0.2,0.02,0.2,0.1768817901611328,0.03016592003405094,0.16779407858848572
200,20.0,0.40561225411365304,1e-05,sbm_dpsgd,1,0.2,0.02,0.2,0.20485267043113708,0.0050893682055175304,0.24714237451553345
200,20.0,0.40561225411365304,1e-05,gaussian,1,0.2,0.02,0.2,0.20568165183067322,0.012242326512932777,0.21931995451450348
200,20.0,0.40561225411365304,1e-05,edge_flip,1,0.2,0.02,0.2,0.1516381800174713,0.02416803687810898,0.2303982377052307
200,20.0,0.40561225411365304,1e-05,sbm_dpsgd,2,0.2,0.02,0.2,0.22134214639663696,0.01924353837966919,0.2238825559616089
200,20.0,0.40561225411365304,1e-05,gaussian,2,0.2,0.02,0.2,0.19588498771190643,0.023337244987487793,0.1832217276096344
200,20.0,0.40561225411365304,1e-05,edge_flip,2,0.2,0.02,0.2,0.2122228443622589,0.0476597435772419,0.20414488017559052
200,20.0,0.40561225411365304,1e-05,sbm_dpsgd,3,0.2,0.02,0.2,0.25918564200401306,0.05107617750763893,0.2006176859140396
200,20.0,0.40561225411365304,1e-05,gaussian,3,0.2,0.02,0.2,0.19971655309200287,0.02588695101439953,0.20618227124214172
200,20.0,0.40561225411365304,1e-05,edge_flip,3,0.2,0.02,0.2,0.21828129887580872,0.01667068526148796,0.23847618699073792
200,20.0,0.40561225411365304,1e-05,sbm_dpsgd,4,0.2,0.02,0.2,0.16454267501831055,0.003779270453378558,0.2171781361103058
200,20.0,0.40561225411365304,1e-05,gaussian,4,0.2,0.02,0.2,0.20600220561027527,0.016528982669115067,0.20405855774879456
200,20.0,0.40561225411365304,1e-05,edge_flip,4,0.2,0.02,0.2,0.2162618190050125,0.041661858558654785,0.2536223530769348
200,20.0,0.40561225411365304,1e-05,sbm_dpsgd,5,0.2,0.02,0.2,0.2065357118844986,0.0099512729793787,0.20798294246196747
200,20.0,0.40561225411365304,1e-05,gaussian,5,0.2,0.02,0.2,0.20887786149978638,0.015806894749403,0.17417030036449432
200,20.0,0.40561225411365304,1e-05,edge_flip,5,0.2,0.02,0.2,0.16476485133171082,0.0,0.2364567071199417
200,20.0,0.40561225411365304,1e-05,sbm_dpsgd,6,0.2,0.02,0.2,0.2359144687652588,0.015635516494512558,0.17108364403247833
200,20.0,0.40561225411365304,1e-05,gaussian,6,0.2,0.02,0.2,0.19761645793914795,0.015398536808788776,0.19704307615756989
200,20.0,0.40561225411365304,1e-05,edge_flip,6,0.2,0.02,0.2,0.20313513278961182,0.01267209742218256,0.21828129887580872
200,20.0,0.40561225411365304,1e-05,sbm_dpsgd,7,0.2,0.02,0.2,0.22864721715450287,0.01351255550980568,0.1719384789466858
200,20.0,0.40561225411365304,1e-05,gaussian,7,0.2,0.02,0.2,0.2088414579629898,0.01998947001993656,0.1950337290763855
200,20.0,0.40561225411365304,1e-05,edge_flip,7,0.2,0.02,0.2,0.1768817901611328,0.0,0.20818385481834412
200,20.0,0.40561225411365304,1e-05,sbm_dpsgd,8,0.2,0.02,0.2,0.2155241221189499,0.026330865919589996,0.18869687616825104
200,20.0,0.40561225411365304,1e-05,gaussian,8,0.2,0.02,0.2,0.20246805250644684,0.02157050184905529,0.1892971694469452
200,20.0,0.40561225411365304,1e-05,edge_flip,8,0.2,0.02,0.2,0.2102033495903015,0.04416097700595856,0.2314079850912094
200,20.0,0.40561225411365304,1e-05,sbm_dpsgd,9,0.2,0.02,0.2,0.19481593370437622,0.03387336805462837,0.17432494461536407
200,20.0,0.40561225411365304,1e-05,gaussian,9,0.2,0.02,0.2,0.19961464405059814,0.019948536530137062,0.19312095642089844
200,20.0,0.40561225411365304,1e-05,edge_flip,9,0.2,0.02,0.2,0.2637197971343994,0.03966256603598595,0.21424232423305511
200,20.0,0.40561225411365304,1e-05,sbm_dpsgd,10,0.2,0.02,0.2,0.2419138103723526,0.01452664379030466,0.21507097780704498
200,20.0,0.40561225411365304,1e-05,gaussian,10,0.2,0.02,0.2,0.22059214115142822,0.0177809726446867,0.21100179851055145
200,20.0,0.40561225411365304,1e-05,edge_flip,10,0.2,0.02,0.2,0.1960669308900833,0.021668920293450356,0.22333002090454102
200,20.0,0.40561225411365304,1e-05,sbm_dpsgd,11,0.2,0.02,0.2,0.20468896627426147,0.01172493863850832,0.22235435247421265
200,20.0,0.40561225411365304,1e-05,gaussian,11,0.2,0.02,0.2,0.199490025639534,0.01748650148510933,0.1999780386686325
200,20.0,0.40561225411365304,1e-05,edge_flip,11,0.2,0.02,0.2,0.12033609300851822,0.021668920293450356,0.2112130969762802
200,20.0,0.40561225411365304,1e-05,sbm_dpsgd,12,0.2,0.02,0.2,0.21480219066143036,0.01324163842946291,0.19577054679393768
200,20.0,0.40561225411365304,1e-05,gaussian,12,0.2,0.02,0.2,0.2163524329662323,0.016072945669293404,0.2026800811290741
200,20.0,0.40561225411365304,1e-05,edge_flip,12,0.2,0.02,0.2,0.2758367359638214,0.007174039259552956,0.1869792342185974
200,20.0,0.40561225411365304,1e-05,sbm_dpsgd,13,0.2,0.02,0.2,0.22382743656635284,0.004503725096583366,0.18695753812789917
200,20.0,0.40561225411365304,1e-05,gaussian,13,0.2,0.02,0.2,0.18892012536525726,0.016086678951978683,0.20199927687644958
200,20.0,0.40561225411365304,1e-05,edge_flip,13,0.2,0.02,0.2,0.21828129887580872,0.040662214159965515,0.18798896670341492
200,20.0,0.40561225411365304,1e-05,sbm_dpsgd,14,0.2,0.02,0.2,0.2002716213464737,0.011946565471589565,0.19168923795223236
200,20.0,0.40561225411365304,1e-05,gaussian,14,0.2,0.02,0.2,0.19119766354560852,0.02077597938477993,0.20045170187950134
200,20.0,0.40561225411365304,1e-05,edge_flip,14,0.2,0.02,0.2,0.18294024467468262,0.0,0.17486229538917542
200,20.0,0.40561225411365304,1e-05,sbm_dpsgd,15,0.2,0.02,0.2,0.19829078018665314,0.008552944287657738,0.2068977952003479
200,20.0,0.40561225411365304,1e-05,gaussian,15,0.2,0.02,0.2,0.21271535754203796,0.02308492735028267,0.21929724514484406
200,20.0,0.40561225411365304,1e-05,edge_flip,15,0.2,0.02,0.2,0.18495973944664001,0.0,0.2051546275615692
200,20.0,0.40561225411365304,1e-05,sbm_dpsgd,16,0.2,0.02,0.2,0.18162132799625397,0.010098825208842754,0.1947820782661438
200,20.0,0.40561225411365304,1e-05,gaussian,16,0.2,0.02,0.2,0.20935381948947906,0.017954863607883453,0.19193297624588013
200,20.0,0.40561225411365304,1e-05,edge_flip,16,0.2,0.02,0.2,0.1819305121898651,0.04016238823533058,0.23342746496200562
200,20.0,0.40561225411365304,1e-05,sbm_dpsgd,17,0.2,0.02,0.2,0.19640471041202545,0.015568602830171585,0.18640822172164917
200,20.0,0.40561225411365304,1e-05,gaussian,17,0.2,0.02,0.2,0.20291344821453094,0.011639240197837353,0.20475579798221588
200,20.0,0.40561225411365304,1e-05,edge_flip,17,0.2,0.02,0.2,0.2152520716190338,0.013671744614839554,0.19909615814685822
200,20.0,0.40561225411365304,1e-05,sbm_dpsgd,18,0.2,0.02,0.2,0.18210117518901825,0.02469027228653431,0.19061066210269928
200,20.0,0.40561225411365304,1e-05,gaussian,18,0.2,0.02,0.2,0.20181745290756226,0.023357093334197998,0.20437470078468323
200,20.0,0.40561225411365304,1e-05,edge_flip,18,0.2,0.02,0.2,0.2273690104484558,0.04416097700595856,0.15365765988826752
200,20.0,0.40561225411365304,1e-05,sbm_dpsgd,19,0.2,0.02,0.2,0.18805228173732758,0.027227915823459625,0.23504500091075897
200,20.0,0.40561225411365304,1e-05,gaussian,19,0.2,0.02,0.2,0.19804464280605316,0.017417162656784058,0.19498711824417114
200,20.0,0.40561225411365304,1e-05,edge_flip,19,0.2,0.02,0.2,0.2021254003047943,0.06565338373184204,0.1859694868326187
500,1.0,5.635918426327381,1e-05,sbm_dpsgd,0,0.2,0.02,0.2,0.20043979585170746,0.03107747621834278,0.20273181796073914
500,1.0,5.635918426327381,1e-05,gaussian,0,0.2,0.02,0.2,0.1960509717464447,0.02008899487555027,0.19785569608211517
500,1.0,5.635918426327381,1e-05,edge_flip,0,0.2,0.02,0.2,0.19697821140289307,0.020204927772283554,0.19791661202907562
500,1.0,5.635918426327381,1e-05,sbm_dpsgd,1,0.2,0.02,0.2,0.1985483467578888,0.029810771346092224,0.20830795168876648
500,1.0,5.635918426327381,1e-05,gaussian,1,0.2,0.02,0.2,0.19367080926895142,0.019952643662691116,0.2013082504272461
500,1.0,5.635918426327381,1e-05,edge_flip,1,0.2,0.02,0.2,0.19403359293937683,0.02007601037621498,0.20092596113681793
500,1.0,5.635918426327381,1e-05,sbm_dpsgd,2,0.2,0.02,0.2,0.20455490052700043,0.0286308154463768,0.20854401588439941
500,1.0,5.635918426327381,1e-05,gaussian,2,0.2,0.02,0.2,0.19898074865341187,0.020022407174110413,0.2017005831003189
500,1.0,5.635918426327381,1e-05,edge_flip,2,0.2,0.02,0.2,0.19866086542606354,0.019898749887943268,0.20160548388957977
500,1.0,5.635918426327381,1e-05,sbm_dpsgd,3,0.2,0.02,0.2,0.2057511806488037,0.031161697581410408,0.20890380442142487
500,1.0,5.635918426327381,1e-05,gaussian,3,0.2,0.02,0.2,0.20128288865089417,0.020356861874461174,0.20281706750392914
500,1.0,5.635918426327381,1e-05,edge_flip,3,0.2,0.02,0.2,0.2008935958147049,0.020333843305706978,0.20277039706707
500,1.0,5.635918426327381,1e-05,sbm_dpsgd,4,0.2,0.02,0.2,0.20177745819091797,0.028142131865024567,0.2132910043001175
500,1.0,5.635918426327381,1e-05,gaussian,4,0.2,0.02,0.2,0.19682668149471283,0.019398711621761322,0.20436407625675201
500,1.0,5.635918426327381,1e-05,edge_flip,4,0.2,0.02,0.2,0.19655755162239075,0.0194958858191967,0.20406474173069
500,1.0,5.635918426327381,1e-05,sbm_dpsgd,5,0.2,0.02,0.2,0.20352420210838318,0.029363717883825302,0.200540691614151
500,1.0,5.635918426327381,1e-05,gaussian,5,0.2,0.02,0.2,0.19970326125621796,0.019917134195566177,0.19527992606163025
500,1.0,5.635918426327381,1e-05,edge_flip,5,0.2,0.02,0.2,0.20005227625370026,0.0194958858191967,0.1949072629213333
500,1.0,5.635918426327381,1e-05,sbm_dpsgd,6,0.2,0.02,0.2,0.20555877685546875,0.027125444263219833,0.20016798377037048
500,1.0,5.635918426327381,1e-05,gaussian,6,0.2,0.02,0.2,0.1999102085828781,0.019566623494029045,0.1951265037059784
500,1.0,5.635918426327381,1e-05,edge_flip,6,0.2,0.02,0.2,0.20021407306194305,0.019383084028959274,0.19565151631832123
500,1.0,5.635918426327381,1e-05,sbm_dpsgd,7,0.2,0.02,0.2,0.20375753939151764,0.030688650906085968,0.20377421379089355
500,1.0,5.635918426327381,1e-05,gaussian,7,0.2,0.02,0.2,0.1970166116952896,0.019948260858654976,0.19737586379051208
500,1.0,5.635918426327381,1e-05,edge_flip,7,0.2,0.02,0.2,0.1968487799167633,0.020301613956689835,0.19710764288902283
500,1.0,5.635918426327381,1e-05,sbm_dpsgd,8,0.2,0.02,0.2,0.20487181842327118,0.031831707805395126,0.203645259141922
500,1.0,5.635918426327381,1e-05,gaussian,8,0.2,0.02,0.2,0.19872264564037323,0.01977807842195034,0.1990681141614914
500,1.0,5.635918426327381,1e-05,edge_flip,8,0.2,0.02,0.2,0.19914624094963074,0.020204927772283554,0.1989520937204361
500,1.0,5.635918426327381,1e-05,sbm_dpsgd,9,0.2,0.02,0.2,0.19937016069889069,0.027922697365283966,0.204041987657547
500,1.0,5.635918426327381,1e-05,gaussian,9,0.2,0.02,0.2,0.19755494594573975,0.019996801391243935,0.20003889501094818
500,1.0,5.635918426327381,1e-05,edge_flip,9,0.2,0.02,0.2,0.19746360182762146,0.02002766728401184,0.2000846415758133
500,1.0,5.635918426327381,1e-05,sbm_dpsgd,10,0.2,0.02,0.2,0.20588262379169464,0.028957873582839966,0.20440524816513062
500,1.0,5.635918426327381,1e-05,gaussian,10,0.2,0.02,0.2,0.1994100660085678,0.02059709094464779,0.20184896886348724
500,1.0,5.635918426327381,1e-05,edge_flip,10,0.2,0.02,0.2,0.19930803775787354,0.02055944874882698,0.20183199644088745
500,1.0,5.635918426327381,1e-05,sbm_dpsgd,11,0.2,0.02,0.2,0.2020464837551117,0.024038847535848618,0.20637817680835724
500,1.0,5.635918426327381,1e-05,gaussian,11,0.2,0.02,0.2,0.19777843356132507,0.01929105445742607,0.20111487805843353
500,1.0,5.635918426327381,1e-05,edge_flip,11,0.2,0.02,0.2,0.19820784032344818,0.019173596054315567,0.20112010836601257
500,1.0,5.635918426327381,1e-05,sbm_dpsgd,12,0.2,0.02,0.2,0.20324662327766418,0.032461341470479965,0.20097890496253967
500,1.0,5.635918426327381,1e-05,gaussian,12,0.2,0.02,0.2,0.19945384562015533,0.020491158589720726,0.1959644854068756
500,1.0,5.635918426327381,1e-05,edge_flip,12,0.2,0.02,0.2,0.19963161647319794,0.020527219399809837,0.19536028802394867
500,1.0,5.635918426327381,1e-05,sbm_dpsgd,13,0.2,0.02,0.2,0.20780806243419647,0.028381602838635445,0.20649568736553192
500,1.0,5.635918426327381,1e-05,gaussian,13,0.2,0.02,0.2,0.20309589803218842,0.019635004922747612,0.20442833006381989
500,1.0,5.635918426327381,1e-05,edge_flip,13,0.2,0.02,0.2,0.20319105684757233,0.019479772076010704,0.20442068576812744
500,1.0,5.635918426327381,1e-05,sbm_dpsgd,14,0.2,0.02,0.2,0.20739610493183136,0.02834738977253437,0.203093484044075
500,1.0,5.635918426327381,1e-05,gaussian,14,0.2,0.02,0.2,0.20145626366138458,0.01953006535768509,0.1967548429965973
500,1.0,5.635918426327381,1e-05,edge_flip,14,0.2,0.02,0.2,0.20157313346862793,0.020011553540825844,0.1973341554403305
500,1.0,5.635918426327381,1e-05,sbm_dpsgd,15,0.2,0.02,0.2,0.2064932882785797,0.02953120693564415,0.20204350352287292
500,1.0,5.635918426327381,1e-05,gaussian,15,0.2,0.02,0.2,0.20195652544498444,0.01983293704688549,0.19622817635536194
500,1.0,5.635918426327381,1e-05,edge_flip,15,0.2,0.02,0.2,0.20157313346862793,0.0199793241918087,0.19671934843063354
500,1.0,5.635918426327381,1e-05,sbm_dpsgd,16,0.2,0.02,0.2,0.2066136598587036,0.03579027205705643,0.20479604601860046
500,1.0,5.635918426327381,1e-05,gaussian,16,0.2,0.02,0.2,0.203311949968338,0.02048053964972496,0.19905860722064972
500,1.0,5.635918426327381,1e-05,edge_flip,16,0.2,0.02,0.2,0.20351465046405792,0.020253270864486694,0.19901680946350098
500,1.0,5.635918426327381,1e-05,sbm_dpsgd,17,0.2,0.02,0.2,0.20728304982185364,0.02744034305214882,0.2046865075826645
500,1.0,5.635918426327381,1e-05,gaussian,17,0.2,0.02,0.2,0.20038965344429016,0.019505459815263748,0.19887368381023407
500,1.0,5.635918426327381,1e-05,edge_flip,17,0.2,0.02,0.2,0.20027878880500793,0.019334740936756134,0.19866086542606354
500,1.0,5.635918426327381,1e-05,sbm_dpsgd,18,0.2,0.02,0.2,0.20481429994106293,0.032089199870824814,0.20353861153125763
500,1.0,5.635918426327381,1e-05,gaussian,18,0.2,0.02,0.2,0.2000027894973755,0.021150877699255943,0.19943121075630188
500,1.0,5.635918426327381,1e-05,edge_flip,18,0.2,0.02,0.2,0.2005700170993805,0.020865624770522118,0.20011699199676514
500,1.0,5.635918426327381,1e-05,sbm_dpsgd,19,0.2,0.02,0.2,0.20512297749519348,0.026772653684020042,0.20336343348026276
500,1.0,5.635918426327381,1e-05,gaussian,19,0.2,0.02,0.2,0.19917704164981842,0.01994895190000534,0.1996186524629593
500,1.0,5.635918426327381,1e-05,edge_flip,19,0.2,0.02,0.2,0.19946981966495514,0.019802063703536987,0.19946981966495514
500,2.0,2.668102829441137,1e-05,sbm_dpsgd,0,0.2,0.02,0.2,0.20440322160720825,0.030102724209427834,0.20328673720359802
500,2.0,2.668102829441137,1e-05,gaussian,0,0.2,0.02,0.2,0.20177538692951202,0.01973399892449379,0.19669336080551147
500,2.0,2.668102829441137,1e-05,edge_flip,0,0.2,0.02,0.2,0.2022642195224762,0.020019879564642906,0.19654172658920288
500,2.0,2.668102829441137,1e-05,sbm_dpsgd,1,0.2,0.02,0.2,0.20127776265144348,0.03234238922595978,0.2027546912431717
500,2.0,2.668102829441137,1e-05,gaussian,1,0.2,0.02,0.2,0.19865797460079193,0.020620927214622498,0.19909274578094482
500,2.0,2.668102829441137,1e-05,edge_flip,1,0.2,0.02,0.2,0.19846153259277344,0.01862255670130253,0.19938452541828156
500,2.0,2.668102829441137,1e-05,sbm_dpsgd,2,0.2,0.02,0.2,0.2052382230758667,0.027355413883924484,0.20215453207492828
500,2.0,2.668102829441137,1e-05,gaussian,2,0.2,0.02,0.2,0.20088449120521545,0.019575422629714012,0.198775053024292
500,2.0,2.668102829441137,1e-05,edge_flip,2,0.2,0.02,0.2,0.20145200192928314,0.02014858089387417,0.19923684000968933
500,2.0,2.668102829441137,1e-05,sbm_dpsgd,3,0.2,0.02,0.2,0.20196174085140228,0.02815713733434677,0.20891360938549042
500,2.0,2.668102829441137,1e-05,gaussian,3,0.2,0.02,0.2,0.19703033566474915,0.01967276819050312,0.20159649848937988
500,2.0,2.668102829441137,1e-05,edge_flip,3,0.2,0.02,0.2,0.19790774583816528,0.01875125803053379,0.20015981793403625
500,2.0,2.668102829441137,1e-05,sbm_dpsgd,4,0.2,0.02,0.2,0.20320101082324982,0.031723909080028534,0.20547795295715332
500,2.0,2.668102829441137,1e-05,gaussian,4,0.2,0.02,0.2,0.199624702334404,0.019914457574486732,0.20169280469417572
500,2.0,2.668102829441137,1e-05,edge_flip,4,0.2,0.02,0.2,0.1987568885087967,0.020516296848654747,0.19871997833251953
500,2.0,2.668102829441137,1e-05,sbm_dpsgd,5,0.2,0.02,0.2,0.2023640275001526,0.031055159866809845,0.2097647488117218
500,2.0,2.668102829441137,1e-05,gaussian,5,0.2,0.02,0.2,0.19677403569221497,0.02025962807238102,0.20057551562786102
500,2.0,2.668102829441137,1e-05,edge_flip,5,0.2,0.02,0.2,0.1961725354194641,0.019541848450899124,0.20495933294296265
500,2.0,2.668102829441137,1e-05,sbm_dpsgd,6,0.2,0.02,0.2,0.2052522748708725,0.032584525644779205,0.20117875933647156
500,2.0,2.668102829441137,1e-05,gaussian,6,0.2,0.02,0.2,0.19703823328018188,0.020336542278528214,0.19862046837806702
500,2.0,2.668102829441137,1e-05,edge_flip,6,0.2,0.02,0.2,0.19812926650047302,0.018162911757826805,0.20001214742660522
500,2.0,2.668102829441137,1e-05,sbm_dpsgd,7,0.2,0.02,0.2,0.20416539907455444,0.028590846806764603,0.208587646484375
500,2.0,2.668102829441137,1e-05,gaussian,7,0.2,0.02,0.2,0.19843563437461853,0.019203826785087585,0.20453353226184845
500,2.0,2.668102829441137,1e-05,edge_flip,7,0.2,0.02,0.2,0.19639405608177185,0.019817635416984558,0.2028549313545227
500,2.0,2.668102829441137,1e-05,sbm_dpsgd,8,0.2,0.02,0.2,0.20492099225521088,0.03157302737236023,0.2081698626279831
500,2.0,2.668102829441137,1e-05,gaussian,8,0.2,0.02,0.2,0.20389558374881744,0.020606493577361107,0.20142129063606262
500,2.0,2.668102829441137,1e-05,edge_flip,8,0.2,0.02,0.2,0.2034456431865692,0.02167460322380066,0.20159967243671417
500,2.0,2.668102829441137,1e-05,sbm_dpsgd,9,0.2,0.02,0.2,0.20910309255123138,0.029559114947915077,0.20883046090602875
500,2.0,2.668102829441137,1e-05,gaussian,9,0.2,0.02,0.2,0.2025456428527832,0.019600531086325645,0.20132333040237427
500,2.0,2.668102829441137,1e-05,edge_flip,9,0.2,0.02,0.2,0.200898215174675,0.01825484074652195,0.1988307237625122
500,2.0,2.668102829441137,1e-05,sbm_dpsgd,10,0.2,0.02,0.2,0.20478121936321259,0.023248234763741493,0.19954708218574524
500,2.0,2.668102829441137,1e-05,gaussian,10,0.2,0.02,0.2,0.19898702204227448,0.018484584987163544,0.1983499825000763
500,2.0,2.668102829441137,1e-05,edge_flip,10,0.2,0.02,0.2,0.20108281075954437,0.018788030371069908,0.20023366808891296
500,2.0,2.668102829441137,1e-05,sbm_dpsgd,11,0.2,0.02,0.2,0.2075236290693283,0.03280201554298401,0.20538198947906494
500,2.0,2.668102829441137,1e-05,gaussian,11,0.2,0.02,0.2,0.2024180293083191,0.020700039342045784,0.20220771431922913
500,2.0,2.668102829441137,1e-05,edge_flip,11,0.2,0.02,0.2,0.20329797267913818,0.020681768655776978,0.20056593418121338
500,2.0,2.668102829441137,1e-05,sbm_dpsgd,12,0.2,0.02,0.2,0.2069021314382553,0.03359667956829071,0.20407551527023315
500,2.0,2.668102829441137,1e-05,gaussian,12,0.2,0.02,0.2,0.1996283233165741,0.021167920902371407,0.19942039251327515
500,2.0,2.668102829441137,1e-05,edge_flip,12,0.2,0.02,0.2,0.19919992983341217,0.019725706428289413,0.1999383121728897
500,2.0,2.668102829441137,1e-05,sbm_dpsgd,13,0.2,0.02,0.2,0.20377826690673828,0.027222691103816032,0.20501285791397095
500,2.0,2.668102829441137,1e-05,gaussian,13,0.2,0.02,0.2,0.19939397275447845,0.019758721813559532,0.20247851312160492
500,2.0,2.668102829441137,1e-05,edge_flip,13,0.2,0.02,0.2,0.20100897550582886,0.018328383564949036,0.19975371658802032
500,2.0,2.668102829441137,1e-05,sbm_dpsgd,14,0.2,0.02,0.2,0.2029258906841278,0.026804333552718163,0.20457406342029572
500,2.0,2.668102829441137,1e-05,gaussian,14,0.2,0.02,0.2,0.19828271865844727,0.019777189940214157,0.1984536498785019
500,2.0,2.668102829441137,1e-05,edge_flip,14,0.2,0.02,0.2,0.197464719414711,0.020001493394374847,0.19938452541828156
500,2.0,2.668102829441137,1e-05,sbm_dpsgd,15,0.2,0.02,0.2,0.20388776063919067,0.02785353548824787,0.20667800307273865
500,2.0,2.668102829441137,1e-05,gaussian,15,0.2,0.02,0.2,0.20117732882499695,0.02046656422317028,0.2018289417028427
500,2.0,2.668102829441137,1e-05,edge_flip,15,0.2,0.02,0.2,0.201562762260437,0.022943224757909775,0.2004551738500595
500,2.0,2.668102829441137,1e-05,sbm_dpsgd,16,0.2,0.02,0.2,0.20342174172401428,0.02928023785352707,0.20467616617679596
500,2.0,2.668102829441137,1e-05,gaussian,16,0.2,0.02,0.2,0.20069393515586853,0.019945835694670677,0.19814768433570862
500,2.0,2.668102829441137,1e-05,edge_flip,16,0.2,0.02,0.2,0.20289185643196106,0.019652163609862328,0.1977969855070114
500,2.0,2.668102829441137,1e-05,sbm_dpsgd,17,0.2,0.02,0.2,0.20279408991336823,0.03405042737722397,0.21003808081150055
500,2.0,2.668102829441137,1e-05,gaussian,17,0.2,0.02,0.2,0.19806890189647675,0.020226165652275085,0.20591704547405243
500,2.0,2.668102829441137,1e-05,edge_flip,17,0.2,0.02,0.2,0.1996798813343048,0.02147235907614231,0.20665761828422546
500,2.0,2.668102829441137,1e-05,sbm_dpsgd,18,0.2,0.02,0.2,0.20433910191059113,0.03396942466497421,0.20713163912296295
500,2.0,2.668102829441137,1e-05,gaussian,18,0.2,0.02,0.2,0.20033268630504608,0.021316910162568092,0.20324307680130005
500,2.0,2.668102829441137,1e-05,edge_flip,18,0.2,0.02,0.2,0.20034442842006683,0.022814523428678513,0.19979062676429749
500,2.0,2.668102829441137,1e-05,sbm_dpsgd,19,0.2,0.02,0.2,0.20393367111682892,0.03422896936535835,0.2073352038860321
500,2.0,2.668102829441137,1e-05,gaussian,19,0.2,0.02,0.2,0.1994362473487854,0.021135693415999413,0.20207464694976807
500,2.0,2.668102829441137,1e-05,edge_flip,19,0.2,0.02,0.2,0.19997522234916687,0.020553067326545715,0.19912607967853546
500,5.0,1.0338953100711687,1e-05,sbm_dpsgd,0,0.2,0.02,0.2,0.20386646687984467,0.028941018506884575,0.20139330625534058
500,5.0,1.0338953100711687,1e-05,gaussian,0,0.2,0.02,0.2,0.19833268225193024,0.019595909863710403,0.19619162380695343
500,5.0,1.0338953100711687,1e-05,edge_flip,0,0.2,0.02,0.2,0.21108447015285492,0.028691807761788368,0.19817468523979187
500,5.0,1.0338953100711687,1e-05,sbm_dpsgd,1,0.2,0.02,0.2,0.20533119142055511,0.03171082213521004,0.2018812894821167
500,5.0,1.0338953100711687,1e-05,gaussian,1,0.2,0.02,0.2,0.19859914481639862,0.019683441147208214,0.19945500791072845
500,5.0,1.0338953100711687,1e-05,edge_flip,1,0.2,0.02,0.2,0.19526828825473785,0.015126802027225494,0.20446059107780457
500,5.0,1.0338953100711687,1e-05,sbm_dpsgd,2,0.2,0.02,0.2,0.20729990303516388,0.027880800887942314,0.200363889336586
500,5.0,1.0338953100711687,1e-05,gaussian,2,0.2,0.02,0.2,0.20279085636138916,0.01900641806423664,0.19663022458553314
500,5.0,1.0338953100711687,1e-05,edge_flip,2,0.2,0.02,0.2,0.19972926378250122,0.023070577532052994,0.2052040994167328
500,5.0,1.0338953100711687,1e-05,sbm_dpsgd,3,0.2,0.02,0.2,0.20822328329086304,0.031837183982133865,0.20100732147693634
500,5.0,1.0338953100711687,1e-05,gaussian,3,0.2,0.02,0.2,0.20189249515533447,0.020049257203936577,0.19777971506118774
500,5.0,1.0338953100711687,1e-05,edge_flip,3,0.2,0.02,0.2,0.20885397493839264,0.018223527818918228,0.20256806910037994
500,5.0,1.0338953100711687,1e-05,sbm_dpsgd,4,0.2,0.02,0.2,0.20265084505081177,0.0259644016623497,0.20810732245445251
500,5.0,1.0338953100711687,1e-05,gaussian,4,0.2,0.02,0.2,0.20044758915901184,0.01974976249039173,0.20169246196746826
500,5.0,1.0338953100711687,1e-05,edge_flip,4,0.2,0.02,0.2,0.2050689160823822,0.01825718767940998,0.19607937335968018
500,5.0,1.0338953100711687,1e-05,sbm_dpsgd,5,0.2,0.02,0.2,0.20057474076747894,0.028269071131944656,0.20225968956947327
500,5.0,1.0338953100711687,1e-05,gaussian,5,0.2,0.02,0.2,0.19808329641819,0.02038080058991909,0.1967422515153885
500,5.0,1.0338953100711687,1e-05,edge_flip,5,0.2,0.02,0.2,0.19621455669403076,0.018055226653814316,0.19459238648414612
500,5.0,1.0338953100711687,1e-05,sbm_dpsgd,6,0.2,0.02,0.2,0.1966148465871811,0.028636889532208443,0.2041248232126236
500,5.0,1.0338953100711687,1e-05,gaussian,6,0.2,0.02,0.2,0.19265903532505035,0.020291414111852646,0.2004150003194809
500,5.0,1.0338953100711687,1e-05,edge_flip,6,0.2,0.02,0.2,0.18898238241672516,0.019940190017223358,0.20243288576602936
500,5.0,1.0338953100711687,1e-05,sbm_dpsgd,7,0.2,0.02,0.2,0.20631881058216095,0.02206728607416153,0.20290715992450714
500,5.0,1.0338953100711687,1e-05,gaussian,7,0.2,0.02,0.2,0.20018678903579712,0.0188258346170187,0.20329266786575317
500,5.0,1.0338953100711687,1e-05,edge_flip,7,0.2,0.02,0.2,0.1978367269039154,0.023710118606686592,0.19749878346920013
500,5.0,1.0338953100711687,1e-05,sbm_dpsgd,8,0.2,0.02,0.2,0.2030738890171051,0.029802924022078514,0.20561586320400238
500,5.0,1.0338953100711687,1e-05,gaussian,8,0.2,0.02,0.2,0.19585350155830383,0.019216256216168404,0.198473259806633
500,5.0,1.0338953100711687,1e-05,edge_flip,8,0.2,0.02,0.2,0.19141563773155212,0.024686260148882866,0.19912095367908478
500,5.0,1.0338953100711687,1e-05,sbm_dpsgd,9,0.2,0.02,0.2,0.20363424718379974,0.02851993963122368,0.20501869916915894
500,5.0,1.0338953100711687,1e-05,gaussian,9,0.2,0.02,0.2,0.19768962264060974,0.020603764802217484,0.2004850208759308
500,5.0,1.0338953100711687,1e-05,edge_flip,9,0.2,0.02,0.2,0.1969580501317978,0.020714372396469116,0.2060827761888504
500,5.0,1.0338953100711687,1e-05,sbm_dpsgd,10,0.2,0.02,0.2,0.2036798745393753,0.027246665209531784,0.20382104814052582
500,5.0,1.0338953100711687,1e-05,gaussian,10,0.2,0.02,0.2,0.1979384869337082,0.019092293456196785,0.19716967642307281
500,5.0,1.0338953100711687,1e-05,edge_flip,10,0.2,0.02,0.2,0.18979346752166748,0.02169051393866539,0.2020273357629776
500,5.0,1.0338953100711687,1e-05,sbm_dpsgd,11,0.2,0.02,0.2,0.2076510637998581,0.031093081459403038,0.20640349388122559
500,5.0,1.0338953100711687,1e-05,gaussian,11,0.2,0.02,0.2,0.2014552354812622,0.02063165418803692,0.20120495557785034
500,5.0,1.0338953100711687,1e-05,edge_flip,11,0.2,0.02,0.2,0.20885397493839264,0.01852646842598915,0.20594759285449982
500,5.0,1.0338953100711687,1e-05,sbm_dpsgd,12,0.2,0.02,0.2,0.20255406200885773,0.029946375638246536,0.20363293588161469
500,5.0,1.0338953100711687,1e-05,gaussian,12,0.2,0.02,0.2,0.20011241734027863,0.020346015691757202,0.198897585272789
500,5.0,1.0338953100711687,1e-05,edge_flip,12,0.2,0.02,0.2,0.19763395190238953,0.02290227636694908,0.19330815970897675
500,5.0,1.0338953100711687,1e-05,sbm_dpsgd,13,0.2,0.02,0.2,0.20470191538333893,0.03347185254096985,0.20641769468784332
500,5.0,1.0338953100711687,1e-05,gaussian,13,0.2,0.02,0.2,0.20096680521965027,0.020721226930618286,0.19659216701984406
500,5.0,1.0338953100711687,1e-05,edge_flip,13,0.2,0.02,0.2,0.19864781200885773,0.023104237392544746,0.19195635616779327
500,5.0,1.0338953100711687,1e-05,sbm_dpsgd,14,0.2,0.02,0.2,0.20900462567806244,0.029027070850133896,0.20233093202114105
500,5.0,1.0338953100711687,1e-05,gaussian,14,0.2,0.02,0.2,0.2057894915342331,0.01881256327033043,0.2002144455909729
500,5.0,1.0338953100711687,1e-05,edge_flip,14,0.2,0.02,0.2,0.19925613701343536,0.021656854078173637,0.19411925971508026
500,5.0,1.0338953100711687,1e-05,sbm_dpsgd,15,0.2,0.02,0.2,0.20362624526023865,0.029519982635974884,0.2054840624332428
500,5.0,1.0338953100711687,1e-05,gaussian,15,0.2,0.02,0.2,0.20005542039871216,0.019758859649300575,0.20077462494373322
500,5.0,1.0338953100711687,1e-05,edge_flip,15,0.2,0.02,0.2,0.19249707460403442,0.02273397520184517,0.1998644471168518
500,5.0,1.0338953100711687,1e-05,sbm_dpsgd,16,0.2,0.02,0.2,0.20419999957084656,0.03049667552113533,0.2083187997341156
500,5.0,1.0338953100711687,1e-05,gaussian,16,0.2,0.02,0.2,0.2004932314157486,0.02014494314789772,0.20315556228160858
500,5.0,1.0338953100711687,1e-05,edge_flip,16,0.2,0.02,0.2,0.20148661732673645,0.01889672875404358,0.20581240952014923
500,5.0,1.0338953100711687,1e-05,sbm_dpsgd,17,0.2,0.02,0.2,0.20639421045780182,0.02989666350185871,0.20993784070014954
500,5.0,1.0338953100711687,1e-05,gaussian,17,0.2,0.02,0.2,0.19998762011528015,0.019366921856999397,0.2013023942708969
500,5.0,1.0338953100711687,1e-05,edge_flip,17,0.2,0.02,0.2,0.19405166804790497,0.012131056748330593,0.20486614108085632
500,5.0,1.0338953100711687,1e-05,sbm_dpsgd,18,0.2,0.02,0.2,0.2061464935541153,0.029926102608442307,0.20324461162090302
500,5.0,1.0338953100711687,1e-05,gaussian,18,0.2,0.02,0.2,0.19957420229911804,0.019757181406021118,0.2002301663160324
500,5.0,1.0338953100711687,1e-05,edge_flip,18,0.2,0.02,0.2,0.2010810673236847,0.01903137005865574,0.20182456076145172
500,5.0,1.0338953100711687,1e-05,sbm_dpsgd,19,0.2,0.02,0.2,0.20345138013362885,0.02485143393278122,0.21343021094799042
500,5.0,1.0338953100711687,1e-05,gaussian,19,0.2,0.02,0.2,0.20227184891700745,0.019514931365847588,0.2047158032655716
500,5.0,1.0338953100711687,1e-05,edge_flip,19,0.2,0.02,0.2,0.2009458988904953,0.02445063926279545,0.20020239055156708
500,10.0,0.5431122541136532,1e-05,sbm_dpsgd,0,0.2,0.02,0.2,0.20999941229820251,0.025970477610826492,0.20791898667812347
500,10.0,0.5431122541136532,1e-05,gaussian,0,0.2,0.02,0.2,0.20200510323047638,0.020759673789143562,0.20232655107975006
500,10.0,0.5431122541136532,1e-05,edge_flip,0,0.2,0.02,0.2,0.20225587487220764,0.014517213217914104,0.19861967861652374
500,10.0,0.5431122541136532,1e-05,sbm_dpsgd,1,0.2,0.02,0.2,0.19679337739944458,0.029703278094530106,0.20641261339187622
500,10.0,0.5431122541136532,1e-05,gaussian,1,0.2,0.02,0.2,0.19151411950588226,0.019708136096596718,0.20128858089447021
500,10.0,0.5431122541136532,1e-05,edge_flip,1,0.2,0.02,0.2,0.1925593465566635,0.01898392103612423,0.19728641211986542
500,10.0,0.5431122541136532,1e-05,sbm_dpsgd,2,0.2,0.02,0.2,0.20701201260089874,0.02915574423968792,0.20160503685474396
500,10.0,0.5431122541136532,1e-05,gaussian,2,0.2,0.02,0.2,0.2027084082365036,0.020089469850063324,0.19885234534740448
500,10.0,0.5431122541136532,1e-05,edge_flip,2,0.2,0.02,0.2,0.2023770809173584,0.037756163626909256,0.2012862265110016
500,10.0,0.5431122541136532,1e-05,sbm_dpsgd,3,0.2,0.02,0.2,0.2038930505514145,0.024338234215974808,0.20878882706165314
500,10.0,0.5431122541136532,1e-05,gaussian,3,0.2,0.02,0.2,0.19856153428554535,0.019599709659814835,0.20193690061569214
500,10.0,0.5431122541136532,1e-05,edge_flip,3,0.2,0.02,0.2,0.18068109452724457,0.0398687943816185,0.19643795490264893
500,10.0,0.5431122541136532,1e-05,sbm_dpsgd,4,0.2,0.02,0.2,0.20717497169971466,0.029862578958272934,0.2031719833612442
500,10.0,0.5431122541136532,1e-05,gaussian,4,0.2,0.02,0.2,0.19986633956432343,0.019823765382170677,0.1965099722146988
500,10.0,0.5431122541136532,1e-05,edge_flip,4,0.2,0.02,0.2,0.21061913669109344,0.01675056666135788,0.18880194425582886
500,10.0,0.5431122541136532,1e-05,sbm_dpsgd,5,0.2,0.02,0.2,0.20575082302093506,0.02649722620844841,0.1985926330089569
500,10.0,0.5431122541136532,1e-05,gaussian,5,0.2,0.02,0.2,0.20140206813812256,0.020526399835944176,0.19798505306243896
500,10.0,0.5431122541136532,1e-05,edge_flip,5,0.2,0.02,0.2,0.2054072469472885,0.02236413210630417,0.18274161219596863
500,10.0,0.5431122541136532,1e-05,sbm_dpsgd,6,0.2,0.02,0.2,0.20933713018894196,0.02809031866490841,0.21407544612884521
500,10.0,0.5431122541136532,1e-05,gaussian,6,0.2,0.02,0.2,0.20168621838092804,0.020059876143932343,0.20259989798069
500,10.0,0.5431122541136532,1e-05,edge_flip,6,0.2,0.02,0.2,0.21619464457035065,0.028038056567311287,0.19461986422538757
500,10.0,0.5431122541136532,1e-05,sbm_dpsgd,7,0.2,0.02,0.2,0.19561731815338135,0.029838282614946365,0.2049466222524643
500,10.0,0.5431122541136532,1e-05,gaussian,7,0.2,0.02,0.2,0.19811779260635376,0.02078472264111042,0.1978488564491272
500,10.0,0.5431122541136532,1e-05,edge_flip,7,0.2,0.02,0.2,0.1948622763156891,0.02085510827600956,0.1987408846616745
500,10.0,0.5431122541136532,1e-05,sbm_dpsgd,8,0.2,0.02,0.2,0.20306114852428436,0.03444625809788704,0.20072080194950104
500,10.0,0.5431122541136532,1e-05,gaussian,8,0.2,0.02,0.2,0.19790995121002197,0.020333513617515564,0.19830432534217834
500,10.0,0.5431122541136532,1e-05,edge_flip,8,0.2,0.02,0.2,0.20104381442070007,0.016509123146533966,0.2077101767063141
500,10.0,0.5431122541136532,1e-05,sbm_dpsgd,9,0.2,0.02,0.2,0.20291748642921448,0.028671763837337494,0.20726323127746582
500,10.0,0.5431122541136532,1e-05,gaussian,9,0.2,0.02,0.2,0.20007196068763733,0.020076239481568336,0.1995648294687271
500,10.0,0.5431122541136532,1e-05,edge_flip,9,0.2,0.02,0.2,0.19934691488742828,0.025563258677721024,0.19183211028575897
500,10.0,0.5431122541136532,1e-05,sbm_dpsgd,10,0.2,0.02,0.2,0.20644763112068176,0.03011641651391983,0.21083039045333862
500,10.0,0.5431122541136532,1e-05,gaussian,10,0.2,0.02,0.2,0.20128291845321655,0.020928457379341125,0.19716526567935944
500,10.0,0.5431122541136532,1e-05,edge_flip,10,0.2,0.02,0.2,0.19074125587940216,0.03057321533560753,0.19498348236083984
500,10.0,0.5431122541136532,1e-05,sbm_dpsgd,11,0.2,0.02,0.2,0.20338982343673706,0.02566184103488922,0.2010340690612793
500,10.0,0.5431122541136532,1e-05,gaussian,11,0.2,0.02,0.2,0.20029985904693604,0.020225290209054947,0.19854745268821716
500,10.0,0.5431122541136532,1e-05,edge_flip,11,0.2,0.02,0.2,0.2079525887966156,0.025140732526779175,0.1961955428123474
500,10.0,0.5431122541136532,1e-05,sbm_dpsgd,12,0.2,0.02,0.2,0.20474889874458313,0.03860519453883171,0.20444586873054504
500,10.0,0.5431122541136532,1e-05,gaussian,12,0.2,0.02,0.2,0.20109239220619202,0.020753784105181694,0.1997091919183731
500,10.0,0.5431122541136532,1e-05,edge_flip,12,0.2,0.02,0.2,0.19861967861652374,0.013128912076354027,0.20940707623958588
500,10.0,0.5431122541136532,1e-05,sbm_dpsgd,13,0.2,0.02,0.2,0.2102677822113037,0.030604565516114235,0.21385158598423004
500,10.0,0.5431122541136532,1e-05,gaussian,13,0.2,0.02,0.2,0.20409516990184784,0.019436053931713104,0.20286156237125397
500,10.0,0.5431122541136532,1e-05,edge_flip,13,0.2,0.02,0.2,0.20140743255615234,0.018078505992889404,0.2154674082994461
500,10.0,0.5431122541136532,1e-05,sbm_dpsgd,14,0.2,0.02,0.2,0.2047630250453949,0.029173843562602997,0.20162205398082733
500,10.0,0.5431122541136532,1e-05,gaussian,14,0.2,0.02,0.2,0.20145997405052185,0.01951254904270172,0.19966650009155273
500,10.0,0.5431122541136532,1e-05,edge_flip,14,0.2,0.02,0.2,0.20213466882705688,0.011016280390322208,0.19195331633090973
500,10.0,0.5431122541136532,1e-05,sbm_dpsgd,15,0.2,0.02,0.2,0.20625631511211395,0.03213626518845558,0.21101213991641998
500,10.0,0.5431122541136532,1e-05,gaussian,15,0.2,0.02,0.2,0.20209892094135284,0.018309330567717552,0.20385603606700897
500,10.0,0.5431122541136532,1e-05,edge_flip,15,0.2,0.02,0.2,0.19922570884227753,0.02236413210630417,0.2034679502248764
500,10.0,0.5431122541136532,1e-05,sbm_dpsgd,16,0.2,0.02,0.2,0.20753289759159088,0.02968280203640461,0.20365165174007416
500,10.0,0.5431122541136532,1e-05,gaussian,16,0.2,0.02,0.2,0.20313100516796112,0.02094181999564171,0.20148155093193054
500,10.0,0.5431122541136532,1e-05,edge_flip,16,0.2,0.02,0.2,0.18916556239128113,0.02755516953766346,0.19207452237606049
500,10.0,0.5431122541136532,1e-05,sbm_dpsgd,17,0.2,0.02,0.2,0.2003978192806244,0.029517974704504013,0.2014051377773285
500,10.0,0.5431122541136532,1e-05,gaussian,17,0.2,0.02,0.2,0.20040398836135864,0.020569538697600365,0.19953730702400208
500,10.0,0.5431122541136532,1e-05,edge_flip,17,0.2,0.02,0.2,0.21728549897670746,0.019225364550948143,0.19049882888793945
500,10.0,0.5431122541136532,1e-05,sbm_dpsgd,18,0.2,0.02,0.2,0.20982041954994202,0.03089912049472332,0.20388484001159668
500,10.0,0.5431122541136532,1e-05,gaussian,18,0.2,0.02,0.2,0.20255599915981293,0.020807191729545593,0.20037630200386047
500,10.0,0.5431122541136532,1e-05,edge_flip,18,0.2,0.02,0.2,0.21364930272102356,0.01632804051041603,0.19631674885749817
500,10.0,0.5431122541136532,1e-05,sbm_dpsgd,19,0.2,0.02,0.2,0.1988421380519867,0.03153594210743904,0.20771424472332
500,10.0,0.5431122541136532,1e-05,gaussian,19,0.2,0.02,0.2,0.19808274507522583,0.019741792231798172,0.20112502574920654
500,10.0,0.5431122541136532,1e-05,edge_flip,19,0.2,0.02,0.2,0.2071041464805603,0.016871288418769836,0.19074125587940216
500,20.0,0.40561225411365304,1e-05,sbm_dpsgd,0,0.2,0.02,0.2,0.20317389070987701,0.030964527279138565,0.21177931129932404
500,20.0,0.40561225411365304,1e-05,gaussian,0,0.2,0.02,0.2,0.19856537878513336,0.02028140053153038,0.2026316076517105
500,20.0,0.40561225411365304,1e-05,edge_flip,0,0.2,0.02,0.2,0.20588698983192444,0.028086654841899872,0.2238726168870926
500,20.0,0.40561225411365304,1e-05,sbm_dpsgd,1,0.2,0.02,0.2,0.2033001333475113,0.024302104488015175,0.20316922664642334
500,20.0,0.40561225411365304,1e-05,gaussian,1,0.2,0.02,0.2,0.19795148074626923,0.02162284404039383,0.200968399643898
500,20.0,0.40561225411365304,1e-05,edge_flip,1,0.2,0.02,0.2,0.19560949504375458,0.017530381679534912,0.2163250744342804
500,20.0,0.40561225411365304,1e-05,sbm_dpsgd,2,0.2,0.02,0.2,0.20003455877304077,0.037428222596645355,0.2105444222688675
500,20.0,0.40561225411365304,1e-05,gaussian,2,0.2,0.02,0.2,0.2001342922449112,0.02031223475933075,0.20408488810062408
500,20.0,0.40561225411365304,1e-05,edge_flip,2,0.2,0.02,0.2,0.1639740914106369,0.007373968604952097,0.18886490166187286
500,20.0,0.40561225411365304,1e-05,sbm_dpsgd,3,0.2,0.02,0.2,0.2026543766260147,0.026413582265377045,0.20158377289772034
500,20.0,0.40561225411365304,1e-05,gaussian,3,0.2,0.02,0.2,0.19957178831100464,0.020146580412983894,0.1945166140794754
500,20.0,0.40561225411365304,1e-05,edge_flip,3,0.2,0.02,0.2,0.18966782093048096,0.032964929938316345,0.19609126448631287
500,20.0,0.40561225411365304,1e-05,sbm_dpsgd,4,0.2,0.02,0.2,0.2032230943441391,0.02531328983604908,0.19912151992321014
500,20.0,0.40561225411365304,1e-05,gaussian,4,0.2,0.02,0.2,0.19737574458122253,0.01905762404203415,0.1988886594772339
500,20.0,0.40561225411365304,1e-05,edge_flip,4,0.2,0.02,0.2,0.193040132522583,0.014971285127103329,0.2241937816143036
500,20.0,0.40561225411365304,1e-05,sbm_dpsgd,5,0.2,0.02,0.2,0.20919786393642426,0.029213568195700645,0.21157337725162506
500,20.0,0.40561225411365304,1e-05,gaussian,5,0.2,0.02,0.2,0.20373383164405823,0.0209820456802845,0.1992349624633789
500,20.0,0.40561225411365304,1e-05,edge_flip,5,0.2,0.02,0.2,0.1940036416053772,0.01689060777425766,0.1790691614151001
500,20.0,0.40561225411365304,1e-05,sbm_dpsgd,6,0.2,0.02,0.2,0.2045818716287613,0.024710653349757195,0.20406074821949005
500,20.0,0.40561225411365304,1e-05,gaussian,6,0.2,0.02,0.2,0.196086585521698,0.019029773771762848,0.20206858217716217
500,20.0,0.40561225411365304,1e-05,edge_flip,6,0.2,0.02,0.2,0.2230696827173233,0.025447586551308632,0.20941989123821259
500,20.0,0.40561225411365304,1e-05,sbm_dpsgd,7,0.2,0.02,0.2,0.19963526725769043,0.0287900622934103,0.20231330394744873
500,20.0,0.40561225411365304,1e-05,gaussian,7,0.2,0.02,0.2,0.2011808604001999,0.018996775150299072,0.19987080991268158
500,20.0,0.40561225411365304,1e-05,edge_flip,7,0.2,0.02,0.2,0.16814932227134705,0.011692443862557411,0.19978474080562592
500,20.0,0.40561225411365304,1e-05,sbm_dpsgd,8,0.2,0.02,0.2,0.20337028801441193,0.02806480973958969,0.21299713850021362
500,20.0,0.40561225411365304,1e-05,gaussian,8,0.2,0.02,0.2,0.19910907745361328,0.01973242498934269,0.20562122762203217
500,20.0,0.40561225411365304,1e-05,edge_flip,8,0.2,0.02,0.2,0.19769711792469025,0.0,0.186134934425354
500,20.0,0.40561225411365304,1e-05,sbm_dpsgd,9,0.2,0.02,0.2,0.20675016939640045,0.024278072640299797,0.2077970951795578
500,20.0,0.40561225411365304,1e-05,gaussian,9,0.2,0.02,0.2,0.19902318716049194,0.019488530233502388,0.20087727904319763
500,20.0,0.40561225411365304,1e-05,edge_flip,9,0.2,0.02,0.2,0.20492348074913025,0.026167331263422966,0.19737595319747925
500,20.0,0.40561225411365304,1e-05,sbm_dpsgd,10,0.2,0.02,0.2,0.20135630667209625,0.025899803265929222,0.20723173022270203
500,20.0,0.40561225411365304,1e-05,gaussian,10,0.2,0.02,0.2,0.19663529098033905,0.020023470744490623,0.2050066590309143
500,20.0,0.40561225411365304,1e-05,edge_flip,10,0.2,0.02,0.2,0.19850005209445953,0.00505478773266077,0.19480657577514648
500,20.0,0.40561225411365304,1e-05,sbm_dpsgd,11,0.2,0.02,0.2,0.20496971905231476,0.02584485150873661,0.21085147559642792
500,20.0,0.40561225411365304,1e-05,gaussian,11,0.2,0.02,0.2,0.2011173814535141,0.018170766532421112,0.19684606790542603
500,20.0,0.40561225411365304,1e-05,edge_flip,11,0.2,0.02,0.2,0.19593067467212677,0.02112911082804203,0.2232302725315094
500,20.0,0.40561225411365304,1e-05,sbm_dpsgd,12,0.2,0.02,0.2,0.20957142114639282,0.03230203688144684,0.20658230781555176
500,20.0,0.40561225411365304,1e-05,gaussian,12,0.2,0.02,0.2,0.1999707967042923,0.020720520988106728,0.19959117472171783
500,20.0,0.40561225411365304,1e-05,edge_flip,12,0.2,0.02,0.2,0.2090987116098404,0.026007387787103653,0.18340498208999634
500,20.0,0.40561225411365304,1e-05,sbm_dpsgd,13,0.2,0.02,0.2,0.20752660930156708,0.032016608864068985,0.20948582887649536
500,20.0,0.40561225411365304,1e-05,gaussian,13,0.2,0.02,0.2,0.20262768864631653,0.019082356244325638,0.20080077648162842
500,20.0,0.40561225411365304,1e-05,edge_flip,13,0.2,0.02,0.2,0.23511362075805664,0.013211906887590885,0.19191603362560272
500,20.0,0.40561225411365304,1e-05,sbm_dpsgd,14,0.2,0.02,0.2,0.20007148385047913,0.023598911240696907,0.2008315771818161
500,20.0,0.40561225411365304,1e-05,gaussian,14,0.2,0.02,0.2,0.19439728558063507,0.0186961367726326,0.20100875198841095
500,20.0,0.40561225411365304,1e-05,edge_flip,14,0.2,0.02,0.2,0.2081352025270462,0.013291878625750542,0.1935218870639801
500,20.0,0.40561225411365304,1e-05,sbm_dpsgd,15,0.2,0.02,0.2,0.20730039477348328,0.035320598632097244,0.19733133912086487
500,20.0,0.40561225411365304,1e-05,gaussian,15,0.2,0.02,0.2,0.19610732793807983,0.019509507343173027,0.19626103341579437
500,20.0,0.40561225411365304,1e-05,edge_flip,15,0.2,0.02,0.2,0.193040132522583,0.006894138175994158,0.19175544381141663
500,20.0,0.40561225411365304,1e-05,sbm_dpsgd,16,0.2,0.02,0.2,0.2092319130897522,0.03294287249445915,0.190884530544281
500,20.0,0.40561225411365304,1e-05,gaussian,16,0.2,0.02,0.2,0.2026025950908661,0.019348595291376114,0.19559191167354584
500,20.0,0.40561225411365304,1e-05,edge_flip,16,0.2,0.02,0.2,0.19079191982746124,0.028406541794538498,0.19721536338329315
500,20.0,0.40561225411365304,1e-05,sbm_dpsgd,17,0.2,0.02,0.2,0.2095584273338318,0.033327601850032806,0.20401829481124878
500,20.0,0.40561225411365304,1e-05,gaussian,17,0.2,0.02,0.2,0.19787384569644928,0.021232133731245995,0.2008184790611267
500,20.0,0.40561225411365304,1e-05,edge_flip,17,0.2,0.02,0.2,0.19882121682167053,0.01689060777425766,0.18340498208999634
500,20.0,0.40561225411365304,1e-05,sbm_dpsgd,18,0.2,0.02,0.2,0.19552019238471985,0.030335118994116783,0.19886578619480133
500,20.0,0.40561225411365304,1e-05,gaussian,18,0.2,0.02,0.2,0.2007388025522232,0.020178744569420815,0.2005656510591507
500,20.0,0.40561225411365304,1e-05,edge_flip,18,0.2,0.02,0.2,0.20556582510471344,0.008893432095646858,0.21182867884635925
500,20.0,0.40561225411365304,1e-05,sbm_dpsgd,19,0.2,0.02,0.2,0.203016459941864,0.03886961564421654,0.21050097048282623
500,20.0,0.40561225411365304,1e-05,gaussian,19,0.2,0.02,0.2,0.19762924313545227,0.020486777648329735,0.19793997704982758
500,20.0,0.40561225411365304,1e-05,edge_flip,19,0.2,0.02,0.2,0.19850005209445953,0.008013742975890636,0.1940036416053772
1000,1.0,5.635918426327381,1e-05,sbm_dpsgd,0,0.2,0.02,0.2,0.20459584891796112,0.02885652519762516,0.20136043429374695
1000,1.0,5.635918426327381,1e-05,gaussian,0,0.2,0.02,0.2,0.19965390861034393,0.020177900791168213,0.1980293095111847
1000,1.0,5.635918426327381,1e-05,edge_flip,0,0.2,0.02,0.2,0.19946658611297607,0.020289529114961624,0.1979810744524002
1000,1.0,5.635918426327381,1e-05,sbm_dpsgd,1,0.2,0.02,0.2,0.20491886138916016,0.029768237844109535,0.20295168459415436
1000,1.0,5.635918426327381,1e-05,gaussian,1,0.2,0.02,0.2,0.19993503391742706,0.020023563876748085,0.199099600315094
1000,1.0,5.635918426327381,1e-05,edge_flip,1,0.2,0.02,0.2,0.19978144764900208,0.02008809708058834,0.19920015335083008
1000,1.0,5.635918426327381,1e-05,sbm_dpsgd,2,0.2,0.02,0.2,0.20580030977725983,0.030558474361896515,0.2023574262857437
1000,1.0,5.635918426327381,1e-05,gaussian,2,0.2,0.02,0.2,0.20022442936897278,0.020093603059649467,0.1983800232410431
1000,1.0,5.635918426327381,1e-05,edge_flip,2,0.2,0.02,0.2,0.20024970173835754,0.019971266388893127,0.19842511415481567
1000,1.0,5.635918426327381,1e-05,sbm_dpsgd,3,0.2,0.02,0.2,0.20439691841602325,0.031446006149053574,0.20146551728248596
1000,1.0,5.635918426327381,1e-05,gaussian,3,0.2,0.02,0.2,0.20091138780117035,0.020317351445555687,0.19606465101242065
1000,1.0,5.635918426327381,1e-05,edge_flip,3,0.2,0.02,0.2,0.20073410868644714,0.020349958911538124,0.1959465742111206
1000,1.0,5.635918426327381,1e-05,sbm_dpsgd,4,0.2,0.02,0.2,0.2049631029367447,0.03009737655520439,0.20503069460391998
1000,1.0,5.635918426327381,1e-05,gaussian,4,0.2,0.02,0.2,0.20093290507793427,0.019952373579144478,0.1999199092388153
1000,1.0,5.635918426327381,1e-05,edge_flip,4,0.2,0.02,0.2,0.2007906287908554,0.02012435533106327,0.200088232755661
1000,1.0,5.635918426327381,1e-05,sbm_dpsgd,5,0.2,0.02,0.2,0.2029457539319992,0.031602643430233,0.2066662460565567
1000,1.0,5.635918426327381,1e-05,gaussian,5,0.2,0.02,0.2,0.19906319677829742,0.020106006413698196,0.200505331158638
1000,1.0,5.635918426327381,1e-05,edge_flip,5,0.2,0.02,0.2,0.1990225464105606,0.020011553540825844,0.20033851265907288
1000,1.0,5.635918426327381,1e-05,sbm_dpsgd,6,0.2,0.02,0.2,0.20401453971862793,0.030634982511401176,0.20521852374076843
1000,1.0,5.635918426327381,1e-05,gaussian,6,0.2,0.02,0.2,0.19927944242954254,0.020289799198508263,0.201101616024971
1000,1.0,5.635918426327381,1e-05,edge_flip,6,0.2,0.02,0.2,0.19940198957920074,0.020285500213503838,0.200960174202919
1000,1.0,5.635918426327381,1e-05,sbm_dpsgd,7,0.2,0.02,0.2,0.2039826661348343,0.031044451519846916,0.20679791271686554
1000,1.0,5.635918426327381,1e-05,gaussian,7,0.2,0.02,0.2,0.19942714273929596,0.020361199975013733,0.20185662806034088
1000,1.0,5.635918426327381,1e-05,edge_flip,7,0.2,0.02,0.2,0.19958768784999847,0.020132411271333694,0.20165447890758514
1000,1.0,5.635918426327381,1e-05,sbm_dpsgd,8,0.2,0.02,0.2,0.20333173871040344,0.029974620789289474,0.20342791080474854
1000,1.0,5.635918426327381,1e-05,gaussian,8,0.2,0.02,0.2,0.1989881545305252,0.020014746114611626,0.19906586408615112
1000,1.0,5.635918426327381,1e-05,edge_flip,8,0.2,0.02,0.2,0.19913557171821594,0.020035725086927414,0.1986592411994934
1000,1.0,5.635918426327381,1e-05,sbm_dpsgd,9,0.2,0.02,0.2,0.20426082611083984,0.031011557206511497,0.20332784950733185
1000,1.0,5.635918426327381,1e-05,gaussian,9,0.2,0.02,0.2,0.19952072203159332,0.020079564303159714,0.1978607475757599
1000,1.0,5.635918426327381,1e-05,edge_flip,9,0.2,0.02,0.2,0.19954732060432434,0.020055867731571198,0.19765813648700714
1000,1.0,5.635918426327381,1e-05,sbm_dpsgd,10,0.2,0.02,0.2,0.20358248054981232,0.02966044284403324,0.20560620725154877
1000,1.0,5.635918426327381,1e-05,gaussian,10,0.2,0.02,0.2,0.1997041553258896,0.01963014341890812,0.2010980248451233
1000,1.0,5.635918426327381,1e-05,edge_flip,10,0.2,0.02,0.2,0.1997976005077362,0.019560344517230988,0.2007421851158142
1000,1.0,5.635918426327381,1e-05,sbm_dpsgd,11,0.2,0.02,0.2,0.2047162503004074,0.032426659017801285,0.20372992753982544
1000,1.0,5.635918426327381,1e-05,gaussian,11,0.2,0.02,0.2,0.19935771822929382,0.02061481960117817,0.19950158894062042
1000,1.0,5.635918426327381,1e-05,edge_flip,11,0.2,0.02,0.2,0.19913557171821594,0.020833395421504974,0.19963613152503967
1000,1.0,5.635918426327381,1e-05,sbm_dpsgd,12,0.2,0.02,0.2,0.2032572627067566,0.029583461582660675,0.2049778699874878
1000,1.0,5.635918426327381,1e-05,gaussian,12,0.2,0.02,0.2,0.19939522445201874,0.020065460354089737,0.20052999258041382
1000,1.0,5.635918426327381,1e-05,edge_flip,12,0.2,0.02,0.2,0.1992889642715454,0.020023638382554054,0.20053227245807648
1000,1.0,5.635918426327381,1e-05,sbm_dpsgd,13,0.2,0.02,0.2,0.2048187404870987,0.028466710820794106,0.20416368544101715
1000,1.0,5.635918426327381,1e-05,gaussian,13,0.2,0.02,0.2,0.20002776384353638,0.019550729542970657,0.19992268085479736
1000,1.0,5.635918426327381,1e-05,edge_flip,13,0.2,0.02,0.2,0.20014475286006927,0.0197376050055027,0.19998328387737274
1000,1.0,5.635918426327381,1e-05,sbm_dpsgd,14,0.2,0.02,0.2,0.20534327626228333,0.028562862426042557,0.20276926457881927
1000,1.0,5.635918426327381,1e-05,gaussian,14,0.2,0.02,0.2,0.20084679126739502,0.019711924716830254,0.1985725313425064
1000,1.0,5.635918426327381,1e-05,edge_flip,14,0.2,0.02,0.2,0.2008148431777954,0.019620774313807487,0.198513925075531
1000,1.0,5.635918426327381,1e-05,sbm_dpsgd,15,0.2,0.02,0.2,0.20540690422058105,0.028160393238067627,0.2047112137079239
1000,1.0,5.635918426327381,1e-05,gaussian,15,0.2,0.02,0.2,0.20015522837638855,0.019789962098002434,0.19977979362010956
1000,1.0,5.635918426327381,1e-05,edge_flip,15,0.2,0.02,0.2,0.20029006898403168,0.01982220634818077,0.1998944729566574
1000,1.0,5.635918426327381,1e-05,sbm_dpsgd,16,0.2,0.02,0.2,0.20506247878074646,0.029411373659968376,0.20551176369190216
1000,1.0,5.635918426327381,1e-05,gaussian,16,0.2,0.02,0.2,0.1999298483133316,0.019815538078546524,0.20054136216640472
1000,1.0,5.635918426327381,1e-05,edge_flip,16,0.2,0.02,0.2,0.19971686601638794,0.019733576104044914,0.20034658908843994
1000,1.0,5.635918426327381,1e-05,sbm_dpsgd,17,0.2,0.02,0.2,0.2055995762348175,0.030756767839193344,0.20365901291370392
1000,1.0,5.635918426327381,1e-05,gaussian,17,0.2,0.02,0.2,0.20085489749908447,0.02003055065870285,0.1997404545545578
1000,1.0,5.635918426327381,1e-05,edge_flip,17,0.2,0.02,0.2,0.20113778114318848,0.020237157121300697,0.19990254938602448
1000,1.0,5.635918426327381,1e-05,sbm_dpsgd,18,0.2,0.02,0.2,0.20604513585567474,0.028941113501787186,0.20596331357955933
1000,1.0,5.635918426327381,1e-05,gaussian,18,0.2,0.02,0.2,0.199319988489151,0.019820408895611763,0.20210495591163635
1000,1.0,5.635918426327381,1e-05,edge_flip,18,0.2,0.02,0.2,0.19906291365623474,0.019697317853569984,0.2020258605480194
1000,1.0,5.635918426327381,1e-05,sbm_dpsgd,19,0.2,0.02,0.2,0.20400755107402802,0.031209353357553482,0.20579186081886292
1000,1.0,5.635918426327381,1e-05,gaussian,19,0.2,0.02,0.2,0.20040221512317657,0.02052386663854122,0.19985508918762207
1000,1.0,5.635918426327381,1e-05,edge_flip,19,0.2,0.02,0.2,0.20041117072105408,0.020519161596894264,0.19973300397396088
1000,2.0,2.668102829441137,1e-05,sbm_dpsgd,0,0.2,0.02,0.2,0.2050454169511795,0.02867230586707592,0.20422837138175964
1000,2.0,2.668102829441137,1e-05,gaussian,0,0.2,0.02,0.2,0.2008465975522995,0.019893858581781387,0.20036165416240692
1000,2.0,2.668102829441137,1e-05,edge_flip,0,0.2,0.02,0.2,0.20084360241889954,0.019564829766750336,0.19962771236896515
1000,2.0,2.668102829441137,1e-05,sbm_dpsgd,1,0.2,0.02,0.2,0.20465274155139923,0.029219258576631546,0.2043139785528183
1000,2.0,2.668102829441137,1e-05,gaussian,1,0.2,0.02,0.2,0.19851644337177277,0.019964169710874557,0.1984991431236267
1000,2.0,2.668102829441137,1e-05,edge_flip,1,0.2,0.02,0.2,0.1991947740316391,0.019445322453975677,0.19781307876110077
1000,2.0,2.668102829441137,1e-05,sbm_dpsgd,2,0.2,0.02,0.2,0.2040058970451355,0.028869550675153732,0.20652738213539124
1000,2.0,2.668102829441137,1e-05,gaussian,2,0.2,0.02,0.2,0.19880641996860504,0.019684266299009323,0.20154528319835663
1000,2.0,2.668102829441137,1e-05,edge_flip,2,0.2,0.02,0.2,0.19780386984348297,0.018719082698225975,0.20088966190814972
1000,2.0,2.668102829441137,1e-05,sbm_dpsgd,3,0.2,0.02,0.2,0.20606815814971924,0.031697094440460205,0.20424386858940125
1000,2.0,2.668102829441137,1e-05,gaussian,3,0.2,0.02,0.2,0.20098938047885895,0.02014593966305256,0.19899405539035797
1000,2.0,2.668102829441137,1e-05,edge_flip,3,0.2,0.02,0.2,0.20103704929351807,0.02054387517273426,0.1980433613061905
1000,2.0,2.668102829441137,1e-05,sbm_dpsgd,4,0.2,0.02,0.2,0.20276132225990295,0.031016595661640167,0.20707879960536957
1000,2.0,2.668102829441137,1e-05,gaussian,4,0.2,0.02,0.2,0.19796235859394073,0.020511625334620476,0.20179548859596252
1000,2.0,2.668102829441137,1e-05,edge_flip,4,0.2,0.02,0.2,0.19928689301013947,0.02124713361263275,0.20175552368164062
1000,2.0,2.668102829441137,1e-05,sbm_dpsgd,5,0.2,0.02,0.2,0.20541006326675415,0.029460560530424118,0.20589779317378998
1000,2.0,2.668102829441137,1e-05,gaussian,5,0.2,0.02,0.2,0.20051011443138123,0.01992088370025158,0.20072481036186218
1000,2.0,2.668102829441137,1e-05,edge_flip,5,0.2,0.02,0.2,0.19998694956302643,0.02014858089387417,0.20041988790035248
1000,2.0,2.668102829441137,1e-05,sbm_dpsgd,6,0.2,0.02,0.2,0.20641092956066132,0.02733903005719185,0.20690391957759857
1000,2.0,2.668102829441137,1e-05,gaussian,6,0.2,0.02,0.2,0.2014462947845459,0.0197175070643425,0.20212997496128082
1000,2.0,2.668102829441137,1e-05,edge_flip,6,0.2,0.02,0.2,0.20264902710914612,0.02116439677774906,0.20200423896312714
1000,2.0,2.668102829441137,1e-05,sbm_dpsgd,7,0.2,0.02,0.2,0.20265431702136993,0.02969174273312092,0.20523785054683685
1000,2.0,2.668102829441137,1e-05,gaussian,7,0.2,0.02,0.2,0.19871895015239716,0.019780011847615242,0.20130689442157745
1000,2.0,2.668102829441137,1e-05,edge_flip,7,0.2,0.02,0.2,0.19848550856113434,0.01984521374106407,0.2003646194934845
1000,2.0,2.668102829441137,1e-05,sbm_dpsgd,8,0.2,0.02,0.2,0.20585456490516663,0.029996510595083237,0.20263899862766266
1000,2.0,2.668102829441137,1e-05,gaussian,8,0.2,0.02,0.2,0.20017915964126587,0.019701628014445305,0.19843466579914093
1000,2.0,2.668102829441137,1e-05,edge_flip,8,0.2,0.02,0.2,0.20013433694839478,0.01879262551665306,0.1980341523885727
1000,2.0,2.668102829441137,1e-05,sbm_dpsgd,9,0.2,0.02,0.2,0.20461460947990417,0.030139317736029625,0.20495319366455078
1000,2.0,2.668102829441137,1e-05,gaussian,9,0.2,0.02,0.2,0.19898249208927155,0.020042670890688896,0.20143115520477295
1000,2.0,2.668102829441137,1e-05,edge_flip,9,0.2,0.02,0.2,0.19733409583568573,0.020755311474204063,0.2015160322189331
1000,2.0,2.668102829441137,1e-05,sbm_dpsgd,10,0.2,0.02,0.2,0.20689450204372406,0.02915203757584095,0.20640681684017181
1000,2.0,2.668102829441137,1e-05,gaussian,10,0.2,0.02,0.2,0.20148998498916626,0.019562482833862305,0.20156994462013245
1000,2.0,2.668102829441137,1e-05,edge_flip,10,0.2,0.02,0.2,0.2032938301563263,0.01957862079143524,0.2018660604953766
1000,2.0,2.668102829441137,1e-05,sbm_dpsgd,11,0.2,0.02,0.2,0.20437122881412506,0.031151246279478073,0.20278050005435944
1000,2.0,2.668102829441137,1e-05,gaussian,11,0.2,0.02,0.2,0.200698122382164,0.02009313367307186,0.1975824236869812
1000,2.0,2.668102829441137,1e-05,edge_flip,11,0.2,0.02,0.2,0.20106467604637146,0.019610794261097908,0.1968182623386383
1000,2.0,2.668102829441137,1e-05,sbm_dpsgd,12,0.2,0.02,0.2,0.20543065667152405,0.029862111434340477,0.20317867398262024
1000,2.0,2.668102829441137,1e-05,gaussian,12,0.2,0.02,0.2,0.20072785019874573,0.019875116646289825,0.19933681190013885
1000,2.0,2.668102829441137,1e-05,edge_flip,12,0.2,0.02,0.2,0.20109231770038605,0.019261464476585388,0.19913029670715332
1000,2.0,2.668102829441137,1e-05,sbm_dpsgd,13,0.2,0.02,0.2,0.20531386137008667,0.029154248535633087,0.2059268355369568
1000,2.0,2.668102829441137,1e-05,gaussian,13,0.2,0.02,0.2,0.19985096156597137,0.019978592172265053,0.20050907135009766
1000,2.0,2.668102829441137,1e-05,edge_flip,13,0.2,0.02,0.2,0.20071464776992798,0.020557664334774017,0.20031856000423431
1000,2.0,2.668102829441137,1e-05,sbm_dpsgd,14,0.2,0.02,0.2,0.2060043066740036,0.030463794246315956,0.20555303990840912
1000,2.0,2.668102829441137,1e-05,gaussian,14,0.2,0.02,0.2,0.20071671903133392,0.020042579621076584,0.19942420721054077
1000,2.0,2.668102829441137,1e-05,edge_flip,14,0.2,0.02,0.2,0.1998027265071869,0.020451946184039116,0.19926847517490387
1000,2.0,2.668102829441137,1e-05,sbm_dpsgd,15,0.2,0.02,0.2,0.20473968982696533,0.029791831970214844,0.20379583537578583
1000,2.0,2.668102829441137,1e-05,gaussian,15,0.2,0.02,0.2,0.19950389862060547,0.02018928714096546,0.19898520410060883
1000,2.0,2.668102829441137,1e-05,edge_flip,15,0.2,0.02,0.2,0.19984878599643707,0.01947290077805519,0.19956323504447937
1000,2.0,2.668102829441137,1e-05,sbm_dpsgd,16,0.2,0.02,0.2,0.20374301075935364,0.03139225393533707,0.2035003900527954
1000,2.0,2.668102829441137,1e-05,gaussian,16,0.2,0.02,0.2,0.1987641602754593,0.019748670980334282,0.19955691695213318
1000,2.0,2.668102829441137,1e-05,edge_flip,16,0.2,0.02,0.2,0.19876185059547424,0.020084230229258537,0.19953559339046478
1000,2.0,2.668102829441137,1e-05,sbm_dpsgd,17,0.2,0.02,0.2,0.20558299124240875,0.03139793500304222,0.20297767221927643
1000,2.0,2.668102829441137,1e-05,gaussian,17,0.2,0.02,0.2,0.19872818887233734,0.020201202481985092,0.19949102401733398
1000,2.0,2.668102829441137,1e-05,edge_flip,17,0.2,0.02,0.2,0.19826443493366241,0.019937142729759216,0.19931453466415405
1000,2.0,2.668102829441137,1e-05,sbm_dpsgd,18,0.2,0.02,0.2,0.20506209135055542,0.027213802561163902,0.2041371613740921
1000,2.0,2.668102829441137,1e-05,gaussian,18,0.2,0.02,0.2,0.2006266564130783,0.019598593935370445,0.19940593838691711
1000,2.0,2.668102829441137,1e-05,edge_flip,18,0.2,0.02,0.2,0.20116600394248962,0.019339604303240776,0.197159081697464
1000,2.0,2.668102829441137,1e-05,sbm_dpsgd,19,0.2,0.02,0.2,0.20695702731609344,0.03029763326048851,0.20405712723731995
1000,2.0,2.668102829441137,1e-05,gaussian,19,0.2,0.02,0.2,0.2020372450351715,0.020200219005346298,0.19938011467456818
1000,2.0,2.668102829441137,1e-05,edge_flip,19,0.2,0.02,0.2,0.20306353271007538,0.01957402378320694,0.19911187887191772
1000,5.0,1.0338953100711687,1e-05,sbm_dpsgd,0,0.2,0.02,0.2,0.20507317781448364,0.03110712766647339,0.2036939263343811
1000,5.0,1.0338953100711687,1e-05,gaussian,0,0.2,0.02,0.2,0.19962403178215027,0.02017694152891636,0.19801554083824158
1000,5.0,1.0338953100711687,1e-05,edge_flip,0,0.2,0.02,0.2,0.19866149127483368,0.021522214636206627,0.19444555044174194
1000,5.0,1.0338953100711687,1e-05,sbm_dpsgd,1,0.2,0.02,0.2,0.20467734336853027,0.02917388081550598,0.20462565124034882
1000,5.0,1.0338953100711687,1e-05,gaussian,1,0.2,0.02,0.2,0.20091383159160614,0.01982892118394375,0.19924062490463257
1000,5.0,1.0338953100711687,1e-05,edge_flip,1,0.2,0.02,0.2,0.20313039422035217,0.020352527499198914,0.20500226318836212
1000,5.0,1.0338953100711687,1e-05,sbm_dpsgd,2,0.2,0.02,0.2,0.20502832531929016,0.030074920505285263,0.20620517432689667
1000,5.0,1.0338953100711687,1e-05,gaussian,2,0.2,0.02,0.2,0.20011408627033234,0.02019529975950718,0.20081199705600739
1000,5.0,1.0338953100711687,1e-05,edge_flip,2,0.2,0.02,0.2,0.20076946914196014,0.019157594069838524,0.2005165070295334
1000,5.0,1.0338953100711687,1e-05,sbm_dpsgd,3,0.2,0.02,0.2,0.20590995252132416,0.029237009584903717,0.2047751247882843
1000,5.0,1.0338953100711687,1e-05,gaussian,3,0.2,0.02,0.2,0.20080098509788513,0.020177967846393585,0.20057444274425507
1000,5.0,1.0338953100711687,1e-05,edge_flip,3,0.2,0.02,0.2,0.20053337514400482,0.019519440829753876,0.20270879566669464
1000,5.0,1.0338953100711687,1e-05,sbm_dpsgd,4,0.2,0.02,0.2,0.2051175981760025,0.029615769162774086,0.20559430122375488
1000,5.0,1.0338953100711687,1e-05,gaussian,4,0.2,0.02,0.2,0.19906385242938995,0.01994246430695057,0.20050638914108276
1000,5.0,1.0338953100711687,1e-05,edge_flip,4,0.2,0.02,0.2,0.19479969143867493,0.019468950107693672,0.2031472623348236
1000,5.0,1.0338953100711687,1e-05,sbm_dpsgd,5,0.2,0.02,0.2,0.20416274666786194,0.030963892117142677,0.20373603701591492
1000,5.0,1.0338953100711687,1e-05,gaussian,5,0.2,0.02,0.2,0.19918948411941528,0.019933972507715225,0.20014092326164246
1000,5.0,1.0338953100711687,1e-05,edge_flip,5,0.2,0.02,0.2,0.20372062921524048,0.021320253610610962,0.1965029388666153
1000,5.0,1.0338953100711687,1e-05,sbm_dpsgd,6,0.2,0.02,0.2,0.2065647393465042,0.029109347611665726,0.2061922550201416
1000,5.0,1.0338953100711687,1e-05,gaussian,6,0.2,0.02,0.2,0.2025701105594635,0.020035356283187866,0.19999593496322632
1000,5.0,1.0338953100711687,1e-05,edge_flip,6,0.2,0.02,0.2,0.20667177438735962,0.018282432109117508,0.20324844121932983
1000,5.0,1.0338953100711687,1e-05,sbm_dpsgd,7,0.2,0.02,0.2,0.2036699503660202,0.029295245185494423,0.20281818509101868
1000,5.0,1.0338953100711687,1e-05,gaussian,7,0.2,0.02,0.2,0.19843697547912598,0.0199886504560709,0.2004152238368988
1000,5.0,1.0338953100711687,1e-05,edge_flip,7,0.2,0.02,0.2,0.19675588607788086,0.01812254823744297,0.20388926565647125
1000,5.0,1.0338953100711687,1e-05,sbm_dpsgd,8,0.2,0.02,0.2,0.2063038945198059,0.0315542034804821,0.20398862659931183
1000,5.0,1.0338953100711687,1e-05,gaussian,8,0.2,0.02,0.2,0.20228777825832367,0.02033178135752678,0.20007650554180145
1000,5.0,1.0338953100711687,1e-05,edge_flip,8,0.2,0.02,0.2,0.2000274658203125,0.017727041617035866,0.19827362895011902
1000,5.0,1.0338953100711687,1e-05,sbm_dpsgd,9,0.2,0.02,0.2,0.2045155167579651,0.02881714515388012,0.20456090569496155
1000,5.0,1.0338953100711687,1e-05,gaussian,9,0.2,0.02,0.2,0.20042084157466888,0.019892076030373573,0.2002178579568863
1000,5.0,1.0338953100711687,1e-05,edge_flip,9,0.2,0.02,0.2,0.20252329111099243,0.018619032576680183,0.1985771805047989
1000,5.0,1.0338953100711687,1e-05,sbm_dpsgd,10,0.2,0.02,0.2,0.20486022531986237,0.03226352483034134,0.20523229241371155
1000,5.0,1.0338953100711687,1e-05,gaussian,10,0.2,0.02,0.2,0.19981490075588226,0.020490052178502083,0.2003535032272339
1000,5.0,1.0338953100711687,1e-05,edge_flip,10,0.2,0.02,0.2,0.2049010843038559,0.02265824005007744,0.2014271467924118
1000,5.0,1.0338953100711687,1e-05,sbm_dpsgd,11,0.2,0.02,0.2,0.20701032876968384,0.03079686127603054,0.20456668734550476
1000,5.0,1.0338953100711687,1e-05,gaussian,11,0.2,0.02,0.2,0.2017664909362793,0.020160656422376633,0.19984784722328186
1000,5.0,1.0338953100711687,1e-05,edge_flip,11,0.2,0.02,0.2,0.20004431903362274,0.021741004660725594,0.20265820622444153
1000,5.0,1.0338953100711687,1e-05,sbm_dpsgd,12,0.2,0.02,0.2,0.2065470963716507,0.02733820490539074,0.20289556682109833
1000,5.0,1.0338953100711687,1e-05,gaussian,12,0.2,0.02,0.2,0.20065806806087494,0.019512919709086418,0.19806957244873047
1000,5.0,1.0338953100711687,1e-05,edge_flip,12,0.2,0.02,0.2,0.2042265385389328,0.02275080606341362,0.198897585272789
1000,5.0,1.0338953100711687,1e-05,sbm_dpsgd,13,0.2,0.02,0.2,0.20562127232551575,0.03155151754617691,0.2028876543045044
1000,5.0,1.0338953100711687,1e-05,gaussian,13,0.2,0.02,0.2,0.20157893002033234,0.020413516089320183,0.1999189853668213
1000,5.0,1.0338953100711687,1e-05,edge_flip,13,0.2,0.02,0.2,0.20132596790790558,0.015842078253626823,0.20346766710281372
1000,5.0,1.0338953100711687,1e-05,sbm_dpsgd,14,0.2,0.02,0.2,0.20449817180633545,0.03130117058753967,0.20249532163143158
1000,5.0,1.0338953100711687,1e-05,gaussian,14,0.2,0.02,0.2,0.2005094289779663,0.020389767363667488,0.19961531460285187
1000,5.0,1.0338953100711687,1e-05,edge_flip,14,0.2,0.02,0.2,0.2034170776605606,0.020739616826176643,0.201966792345047
1000,5.0,1.0338953100711687,1e-05,sbm_dpsgd,15,0.2,0.02,0.2,0.2050362527370453,0.0306667760014534,0.20429536700248718
1000,5.0,1.0338953100711687,1e-05,gaussian,15,0.2,0.02,0.2,0.20064908266067505,0.01984240487217903,0.1993836760520935
1000,5.0,1.0338953100711687,1e-05,edge_flip,15,0.2,0.02,0.2,0.19963958859443665,0.017819607630372047,0.20166324079036713
1000,5.0,1.0338953100711687,1e-05,sbm_dpsgd,16,0.2,0.02,0.2,0.2037479281425476,0.03033457137644291,0.20438581705093384
1000,5.0,1.0338953100711687,1e-05,gaussian,16,0.2,0.02,0.2,0.20025837421417236,0.0197259783744812,0.1985422670841217
1000,5.0,1.0338953100711687,1e-05,edge_flip,16,0.2,0.02,0.2,0.20082005858421326,0.02031886577606201,0.19624997675418854
1000,5.0,1.0338953100711687,1e-05,sbm_dpsgd,17,0.2,0.02,0.2,0.2041880488395691,0.03049737960100174,0.20843760669231415
1000,5.0,1.0338953100711687,1e-05,gaussian,17,0.2,0.02,0.2,0.2005816549062729,0.019727904349565506,0.2020094245672226
1000,5.0,1.0338953100711687,1e-05,edge_flip,17,0.2,0.02,0.2,0.19967332482337952,0.01677614450454712,0.20599722862243652
1000,5.0,1.0338953100711687,1e-05,sbm_dpsgd,18,0.2,0.02,0.2,0.20333173871040344,0.028639202937483788,0.20712101459503174
1000,5.0,1.0338953100711687,1e-05,gaussian,18,0.2,0.02,0.2,0.19715021550655365,0.01987570896744728,0.20175646245479584
1000,5.0,1.0338953100711687,1e-05,edge_flip,18,0.2,0.02,0.2,0.19336627423763275,0.021311838179826736,0.20252329111099243
1000,5.0,1.0338953100711687,1e-05,sbm_dpsgd,19,0.2,0.02,0.2,0.20534935593605042,0.027862844988703728,0.2054262012243271
1000,5.0,1.0338953100711687,1e-05,gaussian,19,0.2,0.02,0.2,0.20050488412380219,0.01949823834002018,0.20024773478507996
1000,5.0,1.0338953100711687,1e-05,edge_flip,19,0.2,0.02,0.2,0.20569367706775665,0.016843464225530624,0.1994878202676773
1000,10.0,0.5431122541136532,1e-05,sbm_dpsgd,0,0.2,0.02,0.2,0.20427192747592926,0.029366353526711464,0.2035849690437317
1000,10.0,0.5431122541136532,1e-05,gaussian,0,0.2,0.02,0.2,0.19948121905326843,0.01992056891322136,0.19895720481872559
1000,10.0,0.5431122541136532,1e-05,edge_flip,0,0.2,0.02,0.2,0.20448556542396545,0.019134823232889175,0.1992538869380951
1000,10.0,0.5431122541136532,1e-05,sbm_dpsgd,1,0.2,0.02,0.2,0.20589369535446167,0.02852904424071312,0.20446200668811798
1000,10.0,0.5431122541136532,1e-05,gaussian,1,0.2,0.02,0.2,0.20014387369155884,0.019702712073922157,0.1989923119544983
1000,10.0,0.5431122541136532,1e-05,edge_flip,1,0.2,0.02,0.2,0.2035481035709381,0.019134823232889175,0.19943533837795258
1000,10.0,0.5431122541136532,1e-05,sbm_dpsgd,2,0.2,0.02,0.2,0.20646421611309052,0.03087969869375229,0.20596003532409668
1000,10.0,0.5431122541136532,1e-05,gaussian,2,0.2,0.02,0.2,0.20094174146652222,0.02061907947063446,0.20191994309425354
1000,10.0,0.5431122541136532,1e-05,edge_flip,2,0.2,0.02,0.2,0.19783256947994232,0.017354175448417664,0.1916331797838211
1000,10.0,0.5431122541136532,1e-05,sbm_dpsgd,3,0.2,0.02,0.2,0.20637591183185577,0.030429139733314514,0.20376354455947876
1000,10.0,0.5431122541136532,1e-05,gaussian,3,0.2,0.02,0.2,0.2010250836610794,0.020236395299434662,0.19987301528453827
1000,10.0,0.5431122541136532,1e-05,edge_flip,3,0.2,0.02,0.2,0.1979837715625763,0.026498854160308838,0.1978023201227188
1000,10.0,0.5431122541136532,1e-05,sbm_dpsgd,4,0.2,0.02,0.2,0.20528870820999146,0.030074018985033035,0.20397134125232697
1000,10.0,0.5431122541136532,1e-05,gaussian,4,0.2,0.02,0.2,0.19954831898212433,0.020089682191610336,0.20025746524333954
1000,10.0,0.5431122541136532,1e-05,edge_flip,4,0.2,0.02,0.2,0.19626003503799438,0.01821431890130043,0.203306183218956
1000,10.0,0.5431122541136532,1e-05,sbm_dpsgd,5,0.2,0.02,0.2,0.20500847697257996,0.030261678621172905,0.20472173392772675
1000,10.0,0.5431122541136532,1e-05,gaussian,5,0.2,0.02,0.2,0.20129244029521942,0.020198587328195572,0.20097406208515167
1000,10.0,0.5431122541136532,1e-05,edge_flip,5,0.2,0.02,0.2,0.20917291939258575,0.018863199278712273,0.20427387952804565
1000,10.0,0.5431122541136532,1e-05,sbm_dpsgd,6,0.2,0.02,0.2,0.20024614036083221,0.029919179156422615,0.2069837898015976
1000,10.0,0.5431122541136532,1e-05,gaussian,6,0.2,0.02,0.2,0.19646024703979492,0.01997300796210766,0.20026595890522003
1000,10.0,0.5431122541136532,1e-05,edge_flip,6,0.2,0.02,0.2,0.1988305151462555,0.0196931604295969,0.19021184742450714
1000,10.0,0.5431122541136532,1e-05,sbm_dpsgd,7,0.2,0.02,0.2,0.2059960961341858,0.02899932488799095,0.20565924048423767
1000,10.0,0.5431122541136532,1e-05,gaussian,7,0.2,0.02,0.2,0.20078574120998383,0.019563909620046616,0.19936466217041016
1000,10.0,0.5431122541136532,1e-05,edge_flip,7,0.2,0.02,0.2,0.20082642138004303,0.02832477167248726,0.20188485085964203
1000,10.0,0.5431122541136532,1e-05,sbm_dpsgd,8,0.2,0.02,0.2,0.20538118481636047,0.02980933152139187,0.2045774906873703
1000,10.0,0.5431122541136532,1e-05,gaussian,8,0.2,0.02,0.2,0.19989651441574097,0.01955755427479744,0.19872179627418518
1000,10.0,0.5431122541136532,1e-05,edge_flip,8,0.2,0.02,0.2,0.204364612698555,0.021473808214068413,0.19901196658611298
1000,10.0,0.5431122541136532,1e-05,sbm_dpsgd,9,0.2,0.02,0.2,0.20445044338703156,0.029684605076909065,0.20402954518795013
1000,10.0,0.5431122541136532,1e-05,gaussian,9,0.2,0.02,0.2,0.19946856796741486,0.020035959780216217,0.1996709555387497
1000,10.0,0.5431122541136532,1e-05,edge_flip,9,0.2,0.02,0.2,0.202036052942276,0.014728476293385029,0.1973789483308792
1000,10.0,0.5431122541136532,1e-05,sbm_dpsgd,10,0.2,0.02,0.2,0.2042657881975174,0.030055450275540352,0.2030627429485321
1000,10.0,0.5431122541136532,1e-05,gaussian,10,0.2,0.02,0.2,0.20190317928791046,0.020293843001127243,0.19912052154541016
1000,10.0,0.5431122541136532,1e-05,edge_flip,10,0.2,0.02,0.2,0.19172389805316925,0.023616619408130646,0.1933266669511795
1000,10.0,0.5431122541136532,1e-05,sbm_dpsgd,11,0.2,0.02,0.2,0.20667040348052979,0.02851906232535839,0.20286256074905396
1000,10.0,0.5431122541136532,1e-05,gaussian,11,0.2,0.02,0.2,0.2006739377975464,0.019792422652244568,0.19964519143104553
1000,10.0,0.5431122541136532,1e-05,edge_flip,11,0.2,0.02,0.2,0.19792328774929047,0.014653025195002556,0.19810473918914795
1000,10.0,0.5431122541136532,1e-05,sbm_dpsgd,12,0.2,0.02,0.2,0.2048960030078888,0.02900760993361473,0.20257802307605743
1000,10.0,0.5431122541136532,1e-05,gaussian,12,0.2,0.02,0.2,0.20063923299312592,0.01965789869427681,0.19875743985176086
1000,10.0,0.5431122541136532,1e-05,edge_flip,12,0.2,0.02,0.2,0.20466701686382294,0.018410490825772285,0.1998889446258545
1000,10.0,0.5431122541136532,1e-05,sbm_dpsgd,13,0.2,0.02,0.2,0.20374751091003418,0.03024192713201046,0.20574025809764862
1000,10.0,0.5431122541136532,1e-05,gaussian,13,0.2,0.02,0.2,0.2003309279680252,0.019885703921318054,0.2007034868001938
1000,10.0,0.5431122541136532,1e-05,edge_flip,13,0.2,0.02,0.2,0.19849786162376404,0.022047236561775208,0.19492943584918976
1000,10.0,0.5431122541136532,1e-05,sbm_dpsgd,14,0.2,0.02,0.2,0.20492501556873322,0.03163350373506546,0.20355822145938873
1000,10.0,0.5431122541136532,1e-05,gaussian,14,0.2,0.02,0.2,0.20164914429187775,0.020667534321546555,0.19916830956935883
1000,10.0,0.5431122541136532,1e-05,edge_flip,14,0.2,0.02,0.2,0.20636050403118134,0.019210273399949074,0.20324569940567017
1000,10.0,0.5431122541136532,1e-05,sbm_dpsgd,15,0.2,0.02,0.2,0.20573849976062775,0.029550107195973396,0.20494455099105835
1000,10.0,0.5431122541136532,1e-05,gaussian,15,0.2,0.02,0.2,0.20081940293312073,0.02010325714945793,0.20022296905517578
1000,10.0,0.5431122541136532,1e-05,edge_flip,15,0.2,0.02,0.2,0.20850761234760284,0.02340535633265972,0.199919193983078
1000,10.0,0.5431122541136532,1e-05,sbm_dpsgd,16,0.2,0.02,0.2,0.20380789041519165,0.029890719801187515,0.20484989881515503
1000,10.0,0.5431122541136532,1e-05,gaussian,16,0.2,0.02,0.2,0.20041359961032867,0.01954430527985096,0.2001056671142578
1000,10.0,0.5431122541136532,1e-05,edge_flip,16,0.2,0.02,0.2,0.19786280393600464,0.022831927984952927,0.20155219733715057
1000,10.0,0.5431122541136532,1e-05,sbm_dpsgd,17,0.2,0.02,0.2,0.2053181529045105,0.030344823375344276,0.2040582001209259
1000,10.0,0.5431122541136532,1e-05,gaussian,17,0.2,0.02,0.2,0.20109623670578003,0.019819365814328194,0.20071426033973694
1000,10.0,0.5431122541136532,1e-05,edge_flip,17,0.2,0.02,0.2,0.2107454389333725,0.021006010472774506,0.1988305151462555
1000,10.0,0.5431122541136532,1e-05,sbm_dpsgd,18,0.2,0.02,0.2,0.20679622888565063,0.030315464362502098,0.20298761129379272
1000,10.0,0.5431122541136532,1e-05,gaussian,18,0.2,0.02,0.2,0.2029646933078766,0.02042529173195362,0.1995747685432434
1000,10.0,0.5431122541136532,1e-05,edge_flip,18,0.2,0.02,0.2,0.20264087617397308,0.021458717063069344,0.19852811098098755
1000,10.0,0.5431122541136532,1e-05,sbm_dpsgd,19,0.2,0.02,0.2,0.2047005593776703,0.029586540535092354,0.20640574395656586
1000,10.0,0.5431122541136532,1e-05,gaussian,19,0.2,0.02,0.2,0.2006823569536209,0.019856153056025505,0.20179753005504608
1000,10.0,0.5431122541136532,1e-05,edge_flip,19,0.2,0.02,0.2,0.19263112545013428,0.025427447631955147,0.2016126811504364
1000,20.0,0.40561225411365304,1e-05,sbm_dpsgd,0,0.2,0.02,0.2,0.2065776139497757,0.02931736595928669,0.2037205547094345
1000,20.0,0.40561225411365304,1e-05,gaussian,0,0.2,0.02,0.2,0.19854557514190674,0.01994522288441658,0.19969302415847778
1000,20.0,0.40561225411365304,1e-05,edge_flip,0,0.2,0.02,0.2,0.19758175313472748,0.022148750722408295,0.18996921181678772
1000,20.0,0.40561225411365304,1e-05,sbm_dpsgd,1,0.2,0.02,0.2,0.20447860658168793,0.029931209981441498,0.2069750279188156
1000,20.0,0.40561225411365304,1e-05,gaussian,1,0.2,0.02,0.2,0.2012527585029602,0.020073842257261276,0.1994803249835968
1000,20.0,0.40561225411365304,1e-05,edge_flip,1,0.2,0.02,0.2,0.21240617334842682,0.0275268517434597,0.19333474338054657
1000,20.0,0.40561225411365304,1e-05,sbm_dpsgd,2,0.2,0.02,0.2,0.2060956209897995,0.030236611142754555,0.2046271115541458
1000,20.0,0.40561225411365304,1e-05,gaussian,2,0.2,0.02,0.2,0.20206546783447266,0.02003837190568447,0.20045596361160278
1000,20.0,0.40561225411365304,1e-05,edge_flip,2,0.2,0.02,0.2,0.20888036489486694,0.02030939981341362,0.20847970247268677
1000,20.0,0.40561225411365304,1e-05,sbm_dpsgd,3,0.2,0.02,0.2,0.20172303915023804,0.029960041865706444,0.20382748544216156
1000,20.0,0.40561225411365304,1e-05,gaussian,3,0.2,0.02,0.2,0.19966626167297363,0.020043060183525085,0.19852206110954285
1000,20.0,0.40561225411365304,1e-05,edge_flip,3,0.2,0.02,0.2,0.1929340958595276,0.01423154678195715,0.2000257670879364
1000,20.0,0.40561225411365304,1e-05,sbm_dpsgd,4,0.2,0.02,0.2,0.20379149913787842,0.027805568650364876,0.20146000385284424
1000,20.0,0.40561225411365304,1e-05,gaussian,4,0.2,0.02,0.2,0.20125775039196014,0.02003690041601658,0.19919760525226593
1000,20.0,0.40561225411365304,1e-05,edge_flip,4,0.2,0.02,0.2,0.20102742314338684,0.017170509323477745,0.19525791704654694
1000,20.0,0.40561225411365304,1e-05,sbm_dpsgd,5,0.2,0.02,0.2,0.2046351134777069,0.030152468010783195,0.2039094865322113
1000,20.0,0.40561225411365304,1e-05,gaussian,5,0.2,0.02,0.2,0.19891999661922455,0.02014627866446972,0.19905486702919006
1000,20.0,0.40561225411365304,1e-05,edge_flip,5,0.2,0.02,0.2,0.20459330081939697,0.017250480130314827,0.20299066603183746
1000,20.0,0.40561225411365304,1e-05,sbm_dpsgd,6,0.2,0.02,0.2,0.20652858912944794,0.030494365841150284,0.20625142753124237
1000,20.0,0.40561225411365304,1e-05,gaussian,6,0.2,0.02,0.2,0.20088018476963043,0.02006998471915722,0.1995636224746704
1000,20.0,0.40561225411365304,1e-05,edge_flip,6,0.2,0.02,0.2,0.2060757428407669,0.030885664746165276,0.19473706185817719
1000,20.0,0.40561225411365304,1e-05,sbm_dpsgd,7,0.2,0.02,0.2,0.20758631825447083,0.030230296775698662,0.20395077764987946
1000,20.0,0.40561225411365304,1e-05,gaussian,7,0.2,0.02,0.2,0.20202529430389404,0.020164629444479942,0.2002520114183426
1000,20.0,0.40561225411365304,1e-05,edge_flip,7,0.2,0.02,0.2,0.20507408678531647,0.027306929230690002,0.19032980501651764
1000,20.0,0.40561225411365304,1e-05,sbm_dpsgd,8,0.2,0.02,0.2,0.2048475742340088,0.02944859117269516,0.2038293480873108
1000,20.0,0.40561225411365304,1e-05,gaussian,8,0.2,0.02,0.2,0.20032618939876556,0.020175080746412277,0.20021121203899384
1000,20.0,0.40561225411365304,1e-05,edge_flip,8,0.2,0.02,0.2,0.19193243980407715,0.018070191144943237,0.1939758062362671
1000,20.0,0.40561225411365304,1e-05,sbm_dpsgd,9,0.2,0.02,0.2,0.20337393879890442,0.03012007102370262,0.20837938785552979
1000,20.0,0.40561225411365304,1e-05,gaussian,9,0.2,0.02,0.2,0.20052802562713623,0.019806737080216408,0.20091333985328674
1000,20.0,0.40561225411365304,1e-05,edge_flip,9,0.2,0.02,0.2,0.19714102149009705,0.017090536653995514,0.20727771520614624
1000,20.0,0.40561225411365304,1e-05,sbm_dpsgd,10,0.2,0.02,0.2,0.20563118159770966,0.02920706197619438,0.2058846801519394
1000,20.0,0.40561225411365304,1e-05,gaussian,10,0.2,0.02,0.2,0.19993630051612854,0.019968701526522636,0.20077092945575714
1000,20.0,0.40561225411365304,1e-05,edge_flip,10,0.2,0.02,0.2,0.1958589106798172,0.013591772876679897,0.18271726369857788
1000,20.0,0.40561225411365304,1e-05,sbm_dpsgd,11,0.2,0.02,0.2,0.20728731155395508,0.031868040561676025,0.20366662740707397
1000,20.0,0.40561225411365304,1e-05,gaussian,11,0.2,0.02,0.2,0.19978711009025574,0.020369019359350204,0.19938664138317108
1000,20.0,0.40561225411365304,1e-05,edge_flip,11,0.2,0.02,0.2,0.1985032707452774,0.018250128254294395,0.19165198504924774
1000,20.0,0.40561225411365304,1e-05,sbm_dpsgd,12,0.2,0.02,0.2,0.20467892289161682,0.03269487991929054,0.20486479997634888
1000,20.0,0.40561225411365304,1e-05,gaussian,12,0.2,0.02,0.2,0.19947268068790436,0.019778013229370117,0.1995522826910019
1000,20.0,0.40561225411365304,1e-05,edge_flip,12,0.2,0.02,0.2,0.20291052758693695,0.021448997780680656,0.1979423463344574
1000,20.0,0.40561225411365304,1e-05,sbm_dpsgd,13,0.2,0.02,0.2,0.20538999140262604,0.03073020651936531,0.2059747278690338
1000,20.0,0.40561225411365304,1e-05,gaussian,13,0.2,0.02,0.2,0.19986416399478912,0.019994106143712997,0.20113946497440338
1000,20.0,0.40561225411365304,1e-05,edge_flip,13,0.2,0.02,0.2,0.20743799209594727,0.025387607514858246,0.2130872905254364
1000,20.0,0.40561225411365304,1e-05,sbm_dpsgd,14,0.2,0.02,0.2,0.20338240265846252,0.028353413566946983,0.20466278493404388
1000,20.0,0.40561225411365304,1e-05,gaussian,14,0.2,0.02,0.2,0.19886751472949982,0.019786307588219643,0.20042406022548676
1000,20.0,0.40561225411365304,1e-05,edge_flip,14,0.2,0.02,0.2,0.1982228010892868,0.020549315959215164,0.19990557432174683
1000,20.0,0.40561225411365304,1e-05,sbm_dpsgd,15,0.2,0.02,0.2,0.2058054804801941,0.029820585623383522,0.20512805879116058
1000,20.0,0.40561225411365304,1e-05,gaussian,15,0.2,0.02,0.2,0.20027095079421997,0.019942963495850563,0.20073777437210083
1000,20.0,0.40561225411365304,1e-05,edge_flip,15,0.2,0.02,0.2,0.2071174532175064,0.021369026973843575,0.213367760181427
1000,20.0,0.40561225411365304,1e-05,sbm_dpsgd,16,0.2,0.02,0.2,0.20523656904697418,0.028659988194704056,0.2068118005990982
1000,20.0,0.40561225411365304,1e-05,gaussian,16,0.2,0.02,0.2,0.2001422643661499,0.019994108006358147,0.2010747343301773
1000,20.0,0.40561225411365304,1e-05,edge_flip,16,0.2,0.02,0.2,0.20062676072120667,0.021548962220549583,0.20615588128566742
1000,20.0,0.40561225411365304,1e-05,sbm_dpsgd,17,0.2,0.02,0.2,0.2055615335702896,0.028109515085816383,0.20537644624710083
1000,20.0,0.40561225411365304,1e-05,gaussian,17,0.2,0.02,0.2,0.2000366598367691,0.020207751542329788,0.19967372715473175
1000,20.0,0.40561225411365304,1e-05,edge_flip,17,0.2,0.02,0.2,0.20555488765239716,0.019769590348005295,0.20479363203048706
1000,20.0,0.40561225411365304,1e-05,sbm_dpsgd,18,0.2,0.02,0.2,0.20359042286872864,0.028667066246271133,0.2035151869058609
1000,20.0,0.40561225411365304,1e-05,gaussian,18,0.2,0.02,0.2,0.19991552829742432,0.02071533165872097,0.2002905011177063
1000,20.0,0.40561225411365304,1e-05,edge_flip,18,0.2,0.02,0.2,0.20174860954284668,0.017810283228754997,0.19365528225898743
1000,20.0,0.40561225411365304,1e-05,sbm_dpsgd,19,0.2,0.02,0.2,0.20582157373428345,0.03103611245751381,0.207534059882164
1000,20.0,0.40561225411365304,1e-05,gaussian,19,0.2,0.02,0.2,0.19929365813732147,0.019863586872816086,0.20071075856685638
1000,20.0,0.40561225411365304,1e-05,edge_flip,19,0.2,0.02,0.2,0.19682049751281738,0.013611765578389168,0.2107234001159668
