N,sigma,epsilon,delta,method,rep,beta_true_00,beta_true_01,beta_true_11,beta_est_00,beta_est_01,beta_est_11
100,1.0,5.635918426327381,1e-05,sbm_dpsgd,0,0.2,0.02,0.2,0.21513119339942932,0.028254911303520203,0.23690548539161682
100,1.0,5.635918426327381,1e-05,gaussian,0,0.2,0.02,0.2,0.21282340586185455,0.016040053218603134,0.19439715147018433
100,1.0,5.635918426327381,1e-05,edge_flip,0,0.2,0.02,0.2,0.20771795511245728,0.014548715204000473,0.1970297247171402
100,1.0,5.635918426327381,1e-05,sbm_dpsgd,1,0.2,0.02,0.2,0.2115016132593155,0.03351923078298569,0.2054644674062729
100,1.0,5.635918426327381,1e-05,gaussian,1,0.2,0.02,0.2,0.21146485209465027,0.01672937721014023,0.22010478377342224
100,1.0,5.635918426327381,1e-05,edge_flip,1,0.2,0.02,0.2,0.20854012668132782,0.018174491822719574,0.22169487178325653
100,1.0,5.635918426327381,1e-05,sbm_dpsgd,2,0.2,0.02,0.2,0.17814870178699493,0.030839625746011734,0.22307929396629333
100,1.0,5.635918426327381,1e-05,gaussian,2,0.2,0.02,0.2,0.17575281858444214,0.02153155766427517,0.19671398401260376
100,1.0,5.635918426327381,1e-05,edge_flip,2,0.2,0.02,0.2,0.17894195020198822,0.020591676235198975,0.1970297247171402
100,1.0,5.635918426327381,1e-05,sbm_dpsgd,3,0.2,0.02,0.2,0.22603800892829895,0.035462312400341034,0.21124067902565002
100,1.0,5.635918426327381,1e-05,gaussian,3,0.2,0.02,0.2,0.19505921006202698,0.018657730892300606,0.20161911845207214
100,1.0,5.635918426327381,1e-05,edge_flip,3,0.2,0.02,0.2,0.1986740678548813,0.016965899616479874,0.20114058256149292
100,1.0,5.635918426327381,1e-05,sbm_dpsgd,4,0.2,0.02,0.2,0.1955765038728714,0.03182468190789223,0.20921334624290466
100,1.0,5.635918426327381,1e-05,gaussian,4,0.2,0.02,0.2,0.16548748314380646,0.020395366474986076,0.1959921419620514
100,1.0,5.635918426327381,1e-05,edge_flip,4,0.2,0.02,0.2,0.1690758913755417,0.018174491822719574,0.1970297247171402
100,1.0,5.635918426327381,1e-05,sbm_dpsgd,5,0.2,0.02,0.2,0.22599636018276215,0.04045039042830467,0.19550234079360962
100,1.0,5.635918426327381,1e-05,gaussian,5,0.2,0.02,0.2,0.20477396249771118,0.017484189942479134,0.18849581480026245
100,1.0,5.635918426327381,1e-05,edge_flip,5,0.2,0.02,0.2,0.20525144040584564,0.018174491822719574,0.1896301805973053
100,1.0,5.635918426327381,1e-05,sbm_dpsgd,6,0.2,0.02,0.2,0.17649073898792267,0.04519723355770111,0.20241613686084747
100,1.0,5.635918426327381,1e-05,gaussian,6,0.2,0.02,0.2,0.2054765522480011,0.022180655971169472,0.20130784809589386
100,1.0,5.635918426327381,1e-05,edge_flip,6,0.2,0.02,0.2,0.20771795511245728,0.02099454030394554,0.20525144040584564
100,1.0,5.635918426327381,1e-05,sbm_dpsgd,7,0.2,0.02,0.2,0.242606982588768,0.019952379167079926,0.2537660002708435
100,1.0,5.635918426327381,1e-05,gaussian,7,0.2,0.02,0.2,0.21357332170009613,0.01710466668009758,0.22627702355384827
100,1.0,5.635918426327381,1e-05,edge_flip,7,0.2,0.02,0.2,0.2175840139389038,0.016965899616479874,0.22580572962760925
100,1.0,5.635918426327381,1e-05,sbm_dpsgd,8,0.2,0.02,0.2,0.18972043693065643,0.03801333159208298,0.1985461562871933
100,1.0,5.635918426327381,1e-05,gaussian,8,0.2,0.02,0.2,0.20176008343696594,0.02028609625995159,0.1737910658121109
100,1.0,5.635918426327381,1e-05,edge_flip,8,0.2,0.02,0.2,0.20114058256149292,0.020188812166452408,0.17072023451328278
100,1.0,5.635918426327381,1e-05,sbm_dpsgd,9,0.2,0.02,0.2,0.20914848148822784,0.07146480679512024,0.1950918585062027
100,1.0,5.635918426327381,1e-05,gaussian,9,0.2,0.02,0.2,0.2136896401643753,0.02328331582248211,0.18906112015247345
100,1.0,5.635918426327381,1e-05,edge_flip,9,0.2,0.02,0.2,0.21182881295681,0.023008862510323524,0.1896301805973053
100,1.0,5.635918426327381,1e-05,sbm_dpsgd,10,0.2,0.02,0.2,0.1873241662979126,0.0647396594285965,0.20260289311408997
100,1.0,5.635918426327381,1e-05,gaussian,10,0.2,0.02,0.2,0.18627071380615234,0.02058992348611355,0.18992246687412262
100,1.0,5.635918426327381,1e-05,edge_flip,10,0.2,0.02,0.2,0.18880800902843475,0.024217454716563225,0.18880800902843475
100,1.0,5.635918426327381,1e-05,sbm_dpsgd,11,0.2,0.02,0.2,0.20354123413562775,0.03013012371957302,0.18615548312664032
100,1.0,5.635918426327381,1e-05,gaussian,11,0.2,0.02,0.2,0.20065653324127197,0.020504673942923546,0.20433391630649567
100,1.0,5.635918426327381,1e-05,edge_flip,11,0.2,0.02,0.2,0.20525144040584564,0.020591676235198975,0.20360709726810455
100,1.0,5.635918426327381,1e-05,sbm_dpsgd,12,0.2,0.02,0.2,0.22920438647270203,0.04361782595515251,0.231842502951622
100,1.0,5.635918426327381,1e-05,gaussian,12,0.2,0.02,0.2,0.19553597271442413,0.01720396988093853,0.2183661311864853
100,1.0,5.635918426327381,1e-05,edge_flip,12,0.2,0.02,0.2,0.1953853815793991,0.01736876368522644,0.21593967080116272
100,1.0,5.635918426327381,1e-05,sbm_dpsgd,13,0.2,0.02,0.2,0.17766745388507843,0.04091170057654381,0.24269889295101166
100,1.0,5.635918426327381,1e-05,gaussian,13,0.2,0.02,0.2,0.19001121819019318,0.02487974241375923,0.19813932478427887
100,1.0,5.635918426327381,1e-05,edge_flip,13,0.2,0.02,0.2,0.18880800902843475,0.024217454716563225,0.19785189628601074
100,1.0,5.635918426327381,1e-05,sbm_dpsgd,14,0.2,0.02,0.2,0.22946365177631378,0.025111200287938118,0.19036264717578888
100,1.0,5.635918426327381,1e-05,gaussian,14,0.2,0.02,0.2,0.2179049849510193,0.015413656830787659,0.1947653591632843
100,1.0,5.635918426327381,1e-05,edge_flip,14,0.2,0.02,0.2,0.21676184237003326,0.01495157927274704,0.19374103844165802
100,1.0,5.635918426327381,1e-05,sbm_dpsgd,15,0.2,0.02,0.2,0.22293098270893097,0.03314635902643204,0.19938117265701294
100,1.0,5.635918426327381,1e-05,gaussian,15,0.2,0.02,0.2,0.20504939556121826,0.01929319277405739,0.18901346623897552
100,1.0,5.635918426327381,1e-05,edge_flip,15,0.2,0.02,0.2,0.20360709726810455,0.018980219960212708,0.19209669530391693
100,1.0,5.635918426327381,1e-05,sbm_dpsgd,16,0.2,0.02,0.2,0.20578882098197937,0.017308181151747704,0.20556014776229858
100,1.0,5.635918426327381,1e-05,gaussian,16,0.2,0.02,0.2,0.2081596553325653,0.017466885969042778,0.20330806076526642
100,1.0,5.635918426327381,1e-05,edge_flip,16,0.2,0.02,0.2,0.20360709726810455,0.01736876368522644,0.20196275413036346
100,1.0,5.635918426327381,1e-05,sbm_dpsgd,17,0.2,0.02,0.2,0.2195320576429367,0.04084872081875801,0.20562411844730377
100,1.0,5.635918426327381,1e-05,gaussian,17,0.2,0.02,0.2,0.19964218139648438,0.02423880621790886,0.20400165021419525
100,1.0,5.635918426327381,1e-05,edge_flip,17,0.2,0.02,0.2,0.1970297247171402,0.021800270304083824,0.2060736119747162
100,1.0,5.635918426327381,1e-05,sbm_dpsgd,18,0.2,0.02,0.2,0.20265699923038483,0.04050762951374054,0.21313445270061493
100,1.0,5.635918426327381,1e-05,gaussian,18,0.2,0.02,0.2,0.19307765364646912,0.022176893427968025,0.2010171115398407
100,1.0,5.635918426327381,1e-05,edge_flip,18,0.2,0.02,0.2,0.1879858374595642,0.02099454030394554,0.19785189628601074
100,1.0,5.635918426327381,1e-05,sbm_dpsgd,19,0.2,0.02,0.2,0.2316671907901764,0.04556286334991455,0.20951654016971588
100,1.0,5.635918426327381,1e-05,gaussian,19,0.2,0.02,0.2,0.2109469473361969,0.018292773514986038,0.19024769961833954
100,1.0,5.635918426327381,1e-05,edge_flip,19,0.2,0.02,0.2,0.20854012668132782,0.01736876368522644,0.19045235216617584
100,2.0,2.668102829441137,1e-05,sbm_dpsgd,0,0.2,0.02,0.2,0.21110276877880096,0.06444527208805084,0.21739988029003143
100,2.0,2.668102829441137,1e-05,gaussian,0,0.2,0.02,0.2,0.19477365911006927,0.02343345619738102,0.1975446343421936
100,2.0,2.668102829441137,1e-05,edge_flip,0,0.2,0.02,0.2,0.1965402215719223,0.023807357996702194,0.2002924382686615
100,2.0,2.668102829441137,1e-05,sbm_dpsgd,1,0.2,0.02,0.2,0.1991502344608307,0.025331681594252586,0.2360805869102478
100,2.0,2.668102829441137,1e-05,gaussian,1,0.2,0.02,0.2,0.1820894330739975,0.01967848837375641,0.21021457016468048
100,2.0,2.668102829441137,1e-05,edge_flip,1,0.2,0.02,0.2,0.1843455582857132,0.013695158995687962,0.2303100973367691
100,2.0,2.668102829441137,1e-05,sbm_dpsgd,2,0.2,0.02,0.2,0.20409056544303894,0.03778352960944176,0.24301297962665558
100,2.0,2.668102829441137,1e-05,gaussian,2,0.2,0.02,0.2,0.19957315921783447,0.018535852432250977,0.21233750879764557
100,2.0,2.668102829441137,1e-05,edge_flip,2,0.2,0.02,0.2,0.1965402215719223,0.022428421303629875,0.2087348997592926
100,2.0,2.668102829441137,1e-05,sbm_dpsgd,3,0.2,0.02,0.2,0.26334449648857117,0.029372232034802437,0.16399838030338287
100,2.0,2.668102829441137,1e-05,gaussian,3,0.2,0.02,0.2,0.19929304718971252,0.019988175481557846,0.17850251495838165
100,2.0,2.668102829441137,1e-05,edge_flip,3,0.2,0.02,0.2,0.1984163224697113,0.02334771305322647,0.1599562019109726
100,2.0,2.668102829441137,1e-05,sbm_dpsgd,4,0.2,0.02,0.2,0.20677855610847473,0.04588214308023453,0.20834581553936005
100,2.0,2.668102829441137,1e-05,gaussian,4,0.2,0.02,0.2,0.20754267275333405,0.018825961276888847,0.19042447209358215
100,2.0,2.668102829441137,1e-05,edge_flip,4,0.2,0.02,0.2,0.2049826979637146,0.022428421303629875,0.1956021785736084
100,2.0,2.668102829441137,1e-05,sbm_dpsgd,5,0.2,0.02,0.2,0.23870858550071716,0.039702970534563065,0.19293063879013062
100,2.0,2.668102829441137,1e-05,gaussian,5,0.2,0.02,0.2,0.23991771042346954,0.019633062183856964,0.1776532679796219
100,2.0,2.668102829441137,1e-05,edge_flip,5,0.2,0.02,0.2,0.2265578806400299,0.012316222302615643,0.1721508800983429
100,2.0,2.668102829441137,1e-05,sbm_dpsgd,6,0.2,0.02,0.2,0.28579869866371155,0.054927002638578415,0.2550697922706604
100,2.0,2.668102829441137,1e-05,gaussian,6,0.2,0.02,0.2,0.20884361863136292,0.019296729937195778,0.20793159306049347
100,2.0,2.668102829441137,1e-05,edge_flip,6,0.2,0.02,0.2,0.2021685391664505,0.020589839667081833,0.2199915200471878
100,2.0,2.668102829441137,1e-05,sbm_dpsgd,7,0.2,0.02,0.2,0.25106754899024963,0.035723842680454254,0.2059180736541748
100,2.0,2.668102829441137,1e-05,gaussian,7,0.2,0.02,0.2,0.19991366565227509,0.017086677253246307,0.21306805312633514
100,2.0,2.668102829441137,1e-05,edge_flip,7,0.2,0.02,0.2,0.1965402215719223,0.01277586817741394,0.2012304812669754
100,2.0,2.668102829441137,1e-05,sbm_dpsgd,8,0.2,0.02,0.2,0.25657525658607483,0.04578482732176781,0.23430171608924866
100,2.0,2.668102829441137,1e-05,gaussian,8,0.2,0.02,0.2,0.20873695611953735,0.012573843821883202,0.2118200659751892
100,2.0,2.668102829441137,1e-05,edge_flip,8,0.2,0.02,0.2,0.2106110006570816,0.020589839667081833,0.2190534770488739
100,2.0,2.668102829441137,1e-05,sbm_dpsgd,9,0.2,0.02,0.2,0.21387670934200287,0.05570938065648079,0.20443223416805267
100,2.0,2.668102829441137,1e-05,gaussian,9,0.2,0.02,0.2,0.20960721373558044,0.022763065993785858,0.2023162841796875
100,2.0,2.668102829441137,1e-05,edge_flip,9,0.2,0.02,0.2,0.2284339815378189,0.025645939633250237,0.2049826979637146
100,2.0,2.668102829441137,1e-05,sbm_dpsgd,10,0.2,0.02,0.2,0.23910747468471527,0.02634762041270733,0.2963504195213318
100,2.0,2.668102829441137,1e-05,gaussian,10,0.2,0.02,0.2,0.21058741211891174,0.022171294316649437,0.2164023220539093
100,2.0,2.668102829441137,1e-05,edge_flip,10,0.2,0.02,0.2,0.2002924382686615,0.027024876326322556,0.2321861982345581
100,2.0,2.668102829441137,1e-05,sbm_dpsgd,11,0.2,0.02,0.2,0.1861312985420227,0.026198703795671463,0.18005293607711792
100,2.0,2.668102829441137,1e-05,gaussian,11,0.2,0.02,0.2,0.19641834497451782,0.020176680758595467,0.1952487975358963
100,2.0,2.668102829441137,1e-05,edge_flip,11,0.2,0.02,0.2,0.2059207409620285,0.027024876326322556,0.1965402215719223
100,2.0,2.668102829441137,1e-05,sbm_dpsgd,12,0.2,0.02,0.2,0.21245074272155762,0.027844861149787903,0.2203715294599533
100,2.0,2.668102829441137,1e-05,gaussian,12,0.2,0.02,0.2,0.18635086715221405,0.02020113728940487,0.20039992034435272
100,2.0,2.668102829441137,1e-05,edge_flip,12,0.2,0.02,0.2,0.1984163224697113,0.026565229520201683,0.1984163224697113
100,2.0,2.668102829441137,1e-05,sbm_dpsgd,13,0.2,0.02,0.2,0.23997822403907776,0.026703719049692154,0.20347987115383148
100,2.0,2.668102829441137,1e-05,gaussian,13,0.2,0.02,0.2,0.20990218222141266,0.018468694761395454,0.19946905970573425
100,2.0,2.668102829441137,1e-05,edge_flip,13,0.2,0.02,0.2,0.2181154191493988,0.02472664788365364,0.2106110006570816
100,2.0,2.668102829441137,1e-05,sbm_dpsgd,14,0.2,0.02,0.2,0.17678095400333405,0.04457985609769821,0.1798110157251358
100,2.0,2.668102829441137,1e-05,gaussian,14,0.2,0.02,0.2,0.1908147782087326,0.016909971833229065,0.1872040331363678
100,2.0,2.668102829441137,1e-05,edge_flip,14,0.2,0.02,0.2,0.1965402215719223,0.02150913141667843,0.1815313994884491
100,2.0,2.668102829441137,1e-05,sbm_dpsgd,15,0.2,0.02,0.2,0.26440760493278503,0.043232452124357224,0.26322779059410095
100,2.0,2.668102829441137,1e-05,gaussian,15,0.2,0.02,0.2,0.21013511717319489,0.021363254636526108,0.20746898651123047
100,2.0,2.668102829441137,1e-05,edge_flip,15,0.2,0.02,0.2,0.2143632173538208,0.02472664788365364,0.1937260627746582
100,2.0,2.668102829441137,1e-05,sbm_dpsgd,16,0.2,0.02,0.2,0.28719428181648254,0.07851219177246094,0.27555036544799805
100,2.0,2.668102829441137,1e-05,gaussian,16,0.2,0.02,0.2,0.1929028183221817,0.025478417053818703,0.20946641266345978
100,2.0,2.668102829441137,1e-05,edge_flip,16,0.2,0.02,0.2,0.2002924382686615,0.0228880662471056,0.2087348997592926
100,2.0,2.668102829441137,1e-05,sbm_dpsgd,17,0.2,0.02,0.2,0.17630460858345032,0.04725255072116852,0.2319122552871704
100,2.0,2.668102829441137,1e-05,gaussian,17,0.2,0.02,0.2,0.20008762180805206,0.023583706468343735,0.19225050508975983
100,2.0,2.668102829441137,1e-05,edge_flip,17,0.2,0.02,0.2,0.2106110006570816,0.01875125803053379,0.2040446400642395
100,2.0,2.668102829441137,1e-05,sbm_dpsgd,18,0.2,0.02,0.2,0.19397959113121033,0.039042454212903976,0.2619640827178955
100,2.0,2.668102829441137,1e-05,gaussian,18,0.2,0.02,0.2,0.18412025272846222,0.018316850066184998,0.16540266573429108
100,2.0,2.668102829441137,1e-05,edge_flip,18,0.2,0.02,0.2,0.1843455582857132,0.028403811156749725,0.1702747792005539
100,2.0,2.668102829441137,1e-05,sbm_dpsgd,19,0.2,0.02,0.2,0.24876053631305695,0.03420156240463257,0.1705837845802307
100,2.0,2.668102829441137,1e-05,gaussian,19,0.2,0.02,0.2,0.1930874139070511,0.023017611354589462,0.176528662443161
100,2.0,2.668102829441137,1e-05,edge_flip,19,0.2,0.02,0.2,0.1909119188785553,0.025186294689774513,0.2040446400642395
100,5.0,1.0338953100711687,1e-05,sbm_dpsgd,0,0.2,0.02,0.2,0.25496846437454224,0.04951097071170807,0.26806506514549255
100,5.0,1.0338953100711687,1e-05,gaussian,0,0.2,0.02,0.2,0.18579210340976715,0.014000474475324154,0.19218389689922333
100,5.0,1.0338953100711687,1e-05,edge_flip,0,0.2,0.02,0.2,0.20890915393829346,0.0,0.18658360838890076
100,5.0,1.0338953100711687,1e-05,sbm_dpsgd,1,0.2,0.02,0.2,0.16693226993083954,0.062223728746175766,0.2273625135421753
100,5.0,1.0338953100711687,1e-05,gaussian,1,0.2,0.02,0.2,0.23181061446666718,0.025233693420886993,0.17262764275074005
100,5.0,1.0338953100711687,1e-05,edge_flip,1,0.2,0.02,0.2,0.17799685895442963,0.02791762538254261,0.16254070401191711
100,5.0,1.0338953100711687,1e-05,sbm_dpsgd,2,0.2,0.02,0.2,0.2767076790332794,0.02628309465944767,0.15259282290935516
100,5.0,1.0338953100711687,1e-05,gaussian,2,0.2,0.02,0.2,0.20186206698417664,0.015559985302388668,0.1991041600704193
100,5.0,1.0338953100711687,1e-05,edge_flip,2,0.2,0.02,0.2,0.20032240450382233,0.0,0.22608265280723572
100,5.0,1.0338953100711687,1e-05,sbm_dpsgd,3,0.2,0.02,0.2,0.2584732174873352,0.043111056089401245,0.3279446065425873
100,5.0,1.0338953100711687,1e-05,gaussian,3,0.2,0.02,0.2,0.18572679162025452,0.027562353760004044,0.1802392601966858
100,5.0,1.0338953100711687,1e-05,edge_flip,3,0.2,0.02,0.2,0.20375710725784302,0.009404591284692287,0.18314890563488007
100,5.0,1.0338953100711687,1e-05,sbm_dpsgd,4,0.2,0.02,0.2,0.3368358314037323,0.05014433711767197,0.1643952578306198
100,5.0,1.0338953100711687,1e-05,gaussian,4,0.2,0.02,0.2,0.2204039841890335,0.01598677970468998,0.2091062068939209
100,5.0,1.0338953100711687,1e-05,edge_flip,4,0.2,0.02,0.2,0.2295173555612564,0.03464963659644127,0.19345299899578094
100,5.0,1.0338953100711687,1e-05,sbm_dpsgd,5,0.2,0.02,0.2,0.21560348570346832,0.07550958544015884,0.18511292338371277
100,5.0,1.0338953100711687,1e-05,gaussian,5,0.2,0.02,0.2,0.18689462542533875,0.019106827676296234,0.2048395574092865
100,5.0,1.0338953100711687,1e-05,edge_flip,5,0.2,0.02,0.2,0.19688770174980164,0.0,0.20203974843025208
100,5.0,1.0338953100711687,1e-05,sbm_dpsgd,6,0.2,0.02,0.2,0.17159196734428406,0.03479951620101929,0.20464883744716644
100,5.0,1.0338953100711687,1e-05,gaussian,6,0.2,0.02,0.2,0.17265698313713074,0.011015615426003933,0.19298771023750305
100,5.0,1.0338953100711687,1e-05,edge_flip,6,0.2,0.02,0.2,0.16769275069236755,0.027076123282313347,0.2484082132577896
100,5.0,1.0338953100711687,1e-05,sbm_dpsgd,7,0.2,0.02,0.2,0.24878434836864471,0.0722867026925087,0.1937115341424942
100,5.0,1.0338953100711687,1e-05,gaussian,7,0.2,0.02,0.2,0.18380862474441528,0.02489469014108181,0.1960846185684204
100,5.0,1.0338953100711687,1e-05,edge_flip,7,0.2,0.02,0.2,0.15223659574985504,0.031283631920814514,0.2071918100118637
100,5.0,1.0338953100711687,1e-05,sbm_dpsgd,8,0.2,0.02,0.2,0.30926263332366943,0.03866497799754143,0.18455733358860016
100,5.0,1.0338953100711687,1e-05,gaussian,8,0.2,0.02,0.2,0.20043887197971344,0.025472179055213928,0.22562885284423828
100,5.0,1.0338953100711687,1e-05,edge_flip,8,0.2,0.02,0.2,0.22093060612678528,0.015295102261006832,0.17971420288085938
100,5.0,1.0338953100711687,1e-05,sbm_dpsgd,9,0.2,0.02,0.2,0.1661202758550644,0.05991314724087715,0.22503994405269623
100,5.0,1.0338953100711687,1e-05,gaussian,9,0.2,0.02,0.2,0.19818046689033508,0.016191666945815086,0.1876557171344757
100,5.0,1.0338953100711687,1e-05,edge_flip,9,0.2,0.02,0.2,0.1883009523153305,0.01866110786795616,0.23123469948768616
100,5.0,1.0338953100711687,1e-05,sbm_dpsgd,10,0.2,0.02,0.2,0.1865949183702469,0.03227130323648453,0.32501062750816345
100,5.0,1.0338953100711687,1e-05,gaussian,10,0.2,0.02,0.2,0.17947237193584442,0.021014219149947166,0.19514808058738708
100,5.0,1.0338953100711687,1e-05,edge_flip,10,0.2,0.02,0.2,0.18314890563488007,0.0,0.13678045570850372
100,5.0,1.0338953100711687,1e-05,sbm_dpsgd,11,0.2,0.02,0.2,0.22327935695648193,0.02577359974384308,0.3132181167602539
100,5.0,1.0338953100711687,1e-05,gaussian,11,0.2,0.02,0.2,0.21253983676433563,0.009416359476745129,0.19587959349155426
100,5.0,1.0338953100711687,1e-05,edge_flip,11,0.2,0.02,0.2,0.1951703578233719,0.027076123282313347,0.1883009523153305
100,5.0,1.0338953100711687,1e-05,sbm_dpsgd,12,0.2,0.02,0.2,0.27611884474754333,0.04536501318216324,0.17865538597106934
100,5.0,1.0338953100711687,1e-05,gaussian,12,0.2,0.02,0.2,0.1961095631122589,0.02648196369409561,0.16580459475517273
100,5.0,1.0338953100711687,1e-05,edge_flip,12,0.2,0.02,0.2,0.15395395457744598,0.021185612305998802,0.17456215620040894
100,5.0,1.0338953100711687,1e-05,sbm_dpsgd,13,0.2,0.02,0.2,0.11543022841215134,0.09081819653511047,0.2551732361316681
100,5.0,1.0338953100711687,1e-05,gaussian,13,0.2,0.02,0.2,0.18688909709453583,0.018803199753165245,0.19318333268165588
100,5.0,1.0338953100711687,1e-05,edge_flip,13,0.2,0.02,0.2,0.20375710725784302,0.0077215880155563354,0.21234385669231415
100,5.0,1.0338953100711687,1e-05,sbm_dpsgd,14,0.2,0.02,0.2,0.34597793221473694,0.022792592644691467,0.2482481598854065
100,5.0,1.0338953100711687,1e-05,gaussian,14,0.2,0.02,0.2,0.1862305998802185,0.024105552583932877,0.2240365892648697
100,5.0,1.0338953100711687,1e-05,edge_flip,14,0.2,0.02,0.2,0.17627950012683868,0.01361209899187088,0.17799685895442963
100,5.0,1.0338953100711687,1e-05,sbm_dpsgd,15,0.2,0.02,0.2,0.23408840596675873,0.07276661694049835,0.2331191748380661
100,5.0,1.0338953100711687,1e-05,gaussian,15,0.2,0.02,0.2,0.1879374235868454,0.02805127389729023,0.1679481714963913
100,5.0,1.0338953100711687,1e-05,edge_flip,15,0.2,0.02,0.2,0.16769275069236755,0.014453601092100143,0.19001829624176025
100,5.0,1.0338953100711687,1e-05,sbm_dpsgd,16,0.2,0.02,0.2,0.37079304456710815,0.03226539492607117,0.29289510846138
100,5.0,1.0338953100711687,1e-05,gaussian,16,0.2,0.02,0.2,0.18172650039196014,0.022702094167470932,0.18116188049316406
100,5.0,1.0338953100711687,1e-05,edge_flip,16,0.2,0.02,0.2,0.20032240450382233,0.0,0.22436530888080597
100,5.0,1.0338953100711687,1e-05,sbm_dpsgd,17,0.2,0.02,0.2,0.1704195886850357,0.0297361109405756,0.26998379826545715
100,5.0,1.0338953100711687,1e-05,gaussian,17,0.2,0.02,0.2,0.20196428894996643,0.017890099436044693,0.20110784471035004
100,5.0,1.0338953100711687,1e-05,edge_flip,17,0.2,0.02,0.2,0.2140612006187439,0.0077215880155563354,0.22780001163482666
100,5.0,1.0338953100711687,1e-05,sbm_dpsgd,18,0.2,0.02,0.2,0.29182708263397217,0.06444820761680603,0.2722512185573578
100,5.0,1.0338953100711687,1e-05,gaussian,18,0.2,0.02,0.2,0.1809440404176712,0.017439596354961395,0.20343391597270966
100,5.0,1.0338953100711687,1e-05,edge_flip,18,0.2,0.02,0.2,0.2071918100118637,0.014453601092100143,0.12991105020046234
100,5.0,1.0338953100711687,1e-05,sbm_dpsgd,19,0.2,0.02,0.2,0.272670716047287,0.05285562947392464,0.3086718022823334
100,5.0,1.0338953100711687,1e-05,gaussian,19,0.2,0.02,0.2,0.21346202492713928,0.018405873328447342,0.2169925421476364
100,5.0,1.0338953100711687,1e-05,edge_flip,19,0.2,0.02,0.2,0.22780001163482666,0.010246092453598976,0.2776031494140625
100,10.0,0.5431122541136532,1e-05,sbm_dpsgd,0,0.2,0.02,0.2,0.2754857838153839,0.06645429134368896,0.17838215827941895
100,10.0,0.5431122541136532,1e-05,gaussian,0,0.2,0.02,0.2,0.21481013298034668,0.0030117882415652275,0.1890168935060501
100,10.0,0.5431122541136532,1e-05,edge_flip,0,0.2,0.02,0.2,0.16585925221443176,0.04276611655950546,0.28288552165031433
100,10.0,0.5431122541136532,1e-05,sbm_dpsgd,1,0.2,0.02,0.2,0.2940990924835205,0.06714016944169998,0.21155323088169098
100,10.0,0.5431122541136532,1e-05,gaussian,1,0.2,0.02,0.2,0.21696361899375916,0.007385467644780874,0.1415722370147705
100,10.0,0.5431122541136532,1e-05,edge_flip,1,0.2,0.02,0.2,0.31060224771499634,0.009567618370056152,0.19049635529518127
100,10.0,0.5431122541136532,1e-05,sbm_dpsgd,2,0.2,0.02,0.2,0.1840442717075348,0.04507393017411232,0.300636887550354
100,10.0,0.5431122541136532,1e-05,gaussian,2,0.2,0.02,0.2,0.18253229558467865,0.020076071843504906,0.20869916677474976
100,10.0,0.5431122541136532,1e-05,edge_flip,2,0.2,0.02,0.2,0.2058945596218109,0.033711981028318405,0.2982836961746216
100,10.0,0.5431122541136532,1e-05,sbm_dpsgd,3,0.2,0.02,0.2,0.2556324303150177,0.03397610783576965,0.17658166587352753
100,10.0,0.5431122541136532,1e-05,gaussian,3,0.2,0.02,0.2,0.1477939486503601,0.004982317332178354,0.20684199035167694
100,10.0,0.5431122541136532,1e-05,edge_flip,3,0.2,0.02,0.2,0.24900949001312256,0.059365369379520416,0.17201852798461914
100,10.0,0.5431122541136532,1e-05,sbm_dpsgd,4,0.2,0.02,0.2,0.12180408090353012,0.0183106642216444,0.3217010796070099
100,10.0,0.5431122541136532,1e-05,gaussian,4,0.2,0.02,0.2,0.1942531168460846,0.015712514519691467,0.20380602777004242
100,10.0,0.5431122541136532,1e-05,edge_flip,4,0.2,0.02,0.2,0.19973528385162354,0.0,0.24900949001312256
100,10.0,0.5431122541136532,1e-05,sbm_dpsgd,5,0.2,0.02,0.2,0.2895602881908417,0.03970438241958618,0.29263460636138916
100,10.0,0.5431122541136532,1e-05,gaussian,5,0.2,0.02,0.2,0.2160138487815857,0.0,0.1930258423089981
100,10.0,0.5431122541136532,1e-05,edge_flip,5,0.2,0.02,0.2,0.19049635529518127,0.0,0.27364659309387207
100,10.0,0.5431122541136532,1e-05,sbm_dpsgd,6,0.2,0.02,0.2,0.20924395322799683,0.03709429129958153,0.32865479588508606
100,10.0,0.5431122541136532,1e-05,gaussian,6,0.2,0.02,0.2,0.21930181980133057,0.02903483621776104,0.1929941624403
100,10.0,0.5431122541136532,1e-05,edge_flip,6,0.2,0.02,0.2,0.1011868566274643,0.05483829975128174,0.19665563106536865
100,10.0,0.5431122541136532,1e-05,sbm_dpsgd,7,0.2,0.02,0.2,0.2560288906097412,0.14135588705539703,0.27272140979766846
100,10.0,0.5431122541136532,1e-05,gaussian,7,0.2,0.02,0.2,0.1610739827156067,0.03485281765460968,0.23135006427764893
100,10.0,0.5431122541136532,1e-05,edge_flip,7,0.2,0.02,0.2,0.17201852798461914,0.0488022081553936,0.16893889009952545
100,10.0,0.5431122541136532,1e-05,sbm_dpsgd,8,0.2,0.02,0.2,0.4921272397041321,0.03794137015938759,0.3374957740306854
100,10.0,0.5431122541136532,1e-05,gaussian,8,0.2,0.02,0.2,0.2059135138988495,0.016986137256026268,0.2440890073776245
100,10.0,0.5431122541136532,1e-05,edge_flip,8,0.2,0.02,0.2,0.16585925221443176,0.0,0.23053166270256042
100,10.0,0.5431122541136532,1e-05,sbm_dpsgd,9,0.2,0.02,0.2,0.13104720413684845,0.017833184450864792,0.401477187871933
100,10.0,0.5431122541136532,1e-05,gaussian,9,0.2,0.02,0.2,0.22543911635875702,0.007493420969694853,0.189970925450325
100,10.0,0.5431122541136532,1e-05,edge_flip,9,0.2,0.02,0.2,0.2336113005876541,0.0,0.1289035975933075
100,10.0,0.5431122541136532,1e-05,sbm_dpsgd,10,0.2,0.02,0.2,0.48958319425582886,0.10425081104040146,0.4370495080947876
100,10.0,0.5431122541136532,1e-05,gaussian,10,0.2,0.02,0.2,0.21896855533123016,0.008343476802110672,0.2373170256614685
100,10.0,0.5431122541136532,1e-05,edge_flip,10,0.2,0.02,0.2,0.25824838876724243,0.024657845497131348,0.24592985212802887
100,10.0,0.5431122541136532,1e-05,sbm_dpsgd,11,0.2,0.02,0.2,0.22020681202411652,0.05677712336182594,0.26179251074790955
100,10.0,0.5431122541136532,1e-05,gaussian,11,0.2,0.02,0.2,0.2062305361032486,0.029769858345389366,0.19446103274822235
100,10.0,0.5431122541136532,1e-05,edge_flip,11,0.2,0.02,0.2,0.14122214913368225,0.0,0.24592985212802887
100,10.0,0.5431122541136532,1e-05,sbm_dpsgd,12,0.2,0.02,0.2,0.32477641105651855,0.20048853754997253,0.0939130112528801
100,10.0,0.5431122541136532,1e-05,gaussian,12,0.2,0.02,0.2,0.2093203067779541,0.007593587040901184,0.22009329497814178
100,10.0,0.5431122541136532,1e-05,edge_flip,12,0.2,0.02,0.2,0.22129274904727936,0.011076641269028187,0.25208911299705505
100,10.0,0.5431122541136532,1e-05,sbm_dpsgd,13,0.2,0.02,0.2,0.11953530460596085,0.025599783286452293,0.2643616497516632
100,10.0,0.5431122541136532,1e-05,gaussian,13,0.2,0.02,0.2,0.17756079137325287,0.006093356292694807,0.1892162561416626
100,10.0,0.5431122541136532,1e-05,edge_flip,13,0.2,0.02,0.2,0.22745202481746674,0.01711273193359375,0.2674873173236847
100,10.0,0.5431122541136532,1e-05,sbm_dpsgd,14,0.2,0.02,0.2,0.25831612944602966,0.07897567003965378,0.25410428643226624
100,10.0,0.5431122541136532,1e-05,gaussian,14,0.2,0.02,0.2,0.2110493928194046,0.016012076288461685,0.14978668093681335
100,10.0,0.5431122541136532,1e-05,edge_flip,14,0.2,0.02,0.2,0.1011868566274643,0.0563473217189312,0.14738142490386963
100,10.0,0.5431122541136532,1e-05,sbm_dpsgd,15,0.2,0.02,0.2,0.22452856600284576,0.10058251023292542,0.3503277003765106
100,10.0,0.5431122541136532,1e-05,gaussian,15,0.2,0.02,0.2,0.16371655464172363,0.02655157446861267,0.1644042283296585
100,10.0,0.5431122541136532,1e-05,edge_flip,15,0.2,0.02,0.2,0.12274432182312012,0.0,0.16277961432933807
100,10.0,0.5431122541136532,1e-05,sbm_dpsgd,16,0.2,0.02,0.2,0.286942720413208,0.06404392421245575,0.36436477303504944
100,10.0,0.5431122541136532,1e-05,gaussian,16,0.2,0.02,0.2,0.21978242695331573,0.036807481199502945,0.2041977196931839
100,10.0,0.5431122541136532,1e-05,edge_flip,16,0.2,0.02,0.2,0.19357599318027496,0.0005134823150001466,0.19049635529518127
100,10.0,0.5431122541136532,1e-05,sbm_dpsgd,17,0.2,0.02,0.2,0.19804446399211884,0.031415704637765884,0.48333874344825745
100,10.0,0.5431122541136532,1e-05,gaussian,17,0.2,0.02,0.2,0.1800144463777542,0.03527950495481491,0.21974827349185944
100,10.0,0.5431122541136532,1e-05,edge_flip,17,0.2,0.02,0.2,0.2705669403076172,0.0638924390077591,0.19665563106536865
100,10.0,0.5431122541136532,1e-05,sbm_dpsgd,18,0.2,0.02,0.2,0.2592849135398865,0.013899123296141624,0.5490909218788147
100,10.0,0.5431122541136532,1e-05,gaussian,18,0.2,0.02,0.2,0.20248471200466156,0.014665890485048294,0.22723603248596191
100,10.0,0.5431122541136532,1e-05,edge_flip,18,0.2,0.02,0.2,0.1011868566274643,0.0,0.21513347327709198
100,10.0,0.5431122541136532,1e-05,sbm_dpsgd,19,0.2,0.02,0.2,0.23001594841480255,0.039653245359659195,0.3326035439968109
100,10.0,0.5431122541136532,1e-05,gaussian,19,0.2,0.02,0.2,0.1936006098985672,0.015214326791465282,0.1891668736934662
100,10.0,0.5431122541136532,1e-05,edge_flip,19,0.2,0.02,0.2,0.1258239597082138,0.012585664168000221,0.21821311116218567
100,20.0,0.40561225411365304,1e-05,sbm_dpsgd,0,0.2,0.02,0.2,0.27774640917778015,0.05081261694431305,0.2254248708486557
100,20.0,0.40561225411365304,1e-05,gaussian,0,0.2,0.02,0.2,0.26265838742256165,0.019672006368637085,0.25440236926078796
100,20.0,0.40561225411365304,1e-05,edge_flip,0,0.2,0.02,0.2,0.20826628804206848,0.006174392066895962,0.24498800933361053
100,20.0,0.40561225411365304,1e-05,sbm_dpsgd,1,0.2,0.02,0.2,0.5239731669425964,0.026784541085362434,0.14876697957515717
100,20.0,0.40561225411365304,1e-05,gaussian,1,0.2,0.02,0.2,0.186897411942482,0.0,0.23284099996089935
100,20.0,0.40561225411365304,1e-05,edge_flip,1,0.2,0.02,0.2,0.23682762682437897,0.0,0.28987011313438416
100,20.0,0.40561225411365304,1e-05,sbm_dpsgd,2,0.2,0.02,0.2,0.372907817363739,0.014183803461492062,0.34230735898017883
100,20.0,0.40561225411365304,1e-05,gaussian,2,0.2,0.02,0.2,0.21495488286018372,8.11995705589652e-05,0.16829439997673035
100,20.0,0.40561225411365304,1e-05,edge_flip,2,0.2,0.02,0.2,0.2817097306251526,0.006174392066895962,0.13890303671360016
100,20.0,0.40561225411365304,1e-05,sbm_dpsgd,3,0.2,0.02,0.2,0.2318292111158371,0.06835735589265823,0.17027060687541962
100,20.0,0.40561225411365304,1e-05,gaussian,3,0.2,0.02,0.2,0.1816590577363968,0.029293203726410866,0.14995236694812775
100,20.0,0.40561225411365304,1e-05,edge_flip,3,0.2,0.02,0.2,0.2286672443151474,0.0,0.18786533176898956
100,20.0,0.40561225411365304,1e-05,sbm_dpsgd,4,0.2,0.02,0.2,0.20633375644683838,0.11818017810583115,0.5174865126609802
100,20.0,0.40561225411365304,1e-05,gaussian,4,0.2,0.02,0.2,0.21837352216243744,0.023641148582100868,0.22249776124954224
100,20.0,0.40561225411365304,1e-05,edge_flip,4,0.2,0.02,0.2,0.24906820058822632,0.0,0.23682762682437897
100,20.0,0.40561225411365304,1e-05,sbm_dpsgd,5,0.2,0.02,0.2,0.3777920603752136,0.03386606648564339,0.29897958040237427
100,20.0,0.40561225411365304,1e-05,gaussian,5,0.2,0.02,0.2,0.19621314108371735,0.012255251407623291,0.15663832426071167
100,20.0,0.40561225411365304,1e-05,edge_flip,5,0.2,0.02,0.2,0.14298322796821594,0.0,0.20010590553283691
100,20.0,0.40561225411365304,1e-05,sbm_dpsgd,6,0.2,0.02,0.2,0.38122522830963135,0.09465381503105164,0.42463061213493347
100,20.0,0.40561225411365304,1e-05,gaussian,6,0.2,0.02,0.2,0.23697428405284882,0.02422751858830452,0.19384007155895233
100,20.0,0.40561225411365304,1e-05,edge_flip,6,0.2,0.02,0.2,0.2980304956436157,0.03816309571266174,0.20826628804206848
100,20.0,0.40561225411365304,1e-05,sbm_dpsgd,7,0.2,0.02,0.2,0.2004666030406952,0.3415749669075012,0.2267373949289322
100,20.0,0.40561225411365304,1e-05,gaussian,7,0.2,0.02,0.2,0.16584694385528564,0.004547263029962778,0.16602806746959686
100,20.0,0.40561225411365304,1e-05,edge_flip,7,0.2,0.02,0.2,0.23682762682437897,0.036163803189992905,0.19602571427822113
100,20.0,0.40561225411365304,1e-05,sbm_dpsgd,8,0.2,0.02,0.2,0.2213677018880844,0.18018171191215515,0.31485214829444885
100,20.0,0.40561225411365304,1e-05,gaussian,8,0.2,0.02,0.2,0.21801725029945374,0.020792679861187935,0.18928402662277222
100,20.0,0.40561225411365304,1e-05,edge_flip,8,0.2,0.02,0.2,0.2041860967874527,0.0,0.3061908781528473
100,20.0,0.40561225411365304,1e-05,sbm_dpsgd,9,0.2,0.02,0.2,0.24581539630889893,0.397197425365448,0.3393046259880066
100,20.0,0.40561225411365304,1e-05,gaussian,9,0.2,0.02,0.2,0.24588383734226227,0.024419868364930153,0.17184263467788696
100,20.0,0.40561225411365304,1e-05,edge_flip,9,0.2,0.02,0.2,0.24906820058822632,0.07415038347244263,0.26130878925323486
100,20.0,0.40561225411365304,1e-05,sbm_dpsgd,10,0.2,0.02,0.2,0.3275219798088074,0.05157097056508064,0.23734943568706512
100,20.0,0.40561225411365304,1e-05,gaussian,10,0.2,0.02,0.2,0.20965057611465454,0.015841349959373474,0.23163042962551117
100,20.0,0.40561225411365304,1e-05,edge_flip,10,0.2,0.02,0.2,0.17154456675052643,0.06415391713380814,0.21234647929668427
100,20.0,0.40561225411365304,1e-05,sbm_dpsgd,11,0.2,0.02,0.2,0.3156968653202057,0.0484369695186615,0.2553378939628601
100,20.0,0.40561225411365304,1e-05,gaussian,11,0.2,0.02,0.2,0.16861407458782196,0.03877194970846176,0.15069833397865295
100,20.0,0.40561225411365304,1e-05,edge_flip,11,0.2,0.02,0.2,0.34291261434555054,0.0,0.21234647929668427
100,20.0,0.40561225411365304,1e-05,sbm_dpsgd,12,0.2,0.02,0.2,0.4026952087879181,0.07295850664377213,0.25056329369544983
100,20.0,0.40561225411365304,1e-05,gaussian,12,0.2,0.02,0.2,0.16269193589687347,0.024386368691921234,0.2615445554256439
100,20.0,0.40561225411365304,1e-05,edge_flip,12,0.2,0.02,0.2,0.14298322796821594,0.0,0.24906820058822632
100,20.0,0.40561225411365304,1e-05,sbm_dpsgd,13,0.2,0.02,0.2,0.2073758840560913,0.03784224018454552,0.2286500185728073
100,20.0,0.40561225411365304,1e-05,gaussian,13,0.2,0.02,0.2,0.18423044681549072,0.0,0.19872747361660004
100,20.0,0.40561225411365304,1e-05,edge_flip,13,0.2,0.02,0.2,0.16338418424129486,0.16411861777305603,0.11034169048070908
100,20.0,0.40561225411365304,1e-05,sbm_dpsgd,14,0.2,0.02,0.2,0.36918437480926514,0.06183767318725586,0.37731629610061646
100,20.0,0.40561225411365304,1e-05,gaussian,14,0.2,0.02,0.2,0.16829241812229156,0.0,0.15327492356300354
100,20.0,0.40561225411365304,1e-05,edge_flip,14,0.2,0.02,0.2,0.081780344247818,0.0,0.11442188173532486
100,20.0,0.40561225411365304,1e-05,sbm_dpsgd,15,0.2,0.02,0.2,0.26514407992362976,0.017122576013207436,0.49604013562202454
100,20.0,0.40561225411365304,1e-05,gaussian,15,0.2,0.02,0.2,0.16754403710365295,0.0323253832757473,0.23211142420768738
100,20.0,0.40561225411365304,1e-05,edge_flip,15,0.2,0.02,0.2,0.20826628804206848,0.14412567019462585,0.31843146681785583
100,20.0,0.40561225411365304,1e-05,sbm_dpsgd,16,0.2,0.02,0.2,0.40075135231018066,0.1506122499704361,0.36003488302230835
100,20.0,0.40561225411365304,1e-05,gaussian,16,0.2,0.02,0.2,0.15745367109775543,0.032550327479839325,0.1974010169506073
100,20.0,0.40561225411365304,1e-05,edge_flip,16,0.2,0.02,0.2,0.11850207298994064,0.046160269528627396,0.26946917176246643
100,20.0,0.40561225411365304,1e-05,sbm_dpsgd,17,0.2,0.02,0.2,0.33554843068122864,0.03123275376856327,0.2839100658893585
100,20.0,0.40561225411365304,1e-05,gaussian,17,0.2,0.02,0.2,0.1926732063293457,0.026977872475981712,0.22736820578575134
100,20.0,0.40561225411365304,1e-05,edge_flip,17,0.2,0.02,0.2,0.33883243799209595,0.0,0.24906820058822632
100,20.0,0.40561225411365304,1e-05,sbm_dpsgd,18,0.2,0.02,0.2,0.3563885986804962,0.033091746270656586,0.23422130942344666
100,20.0,0.40561225411365304,1e-05,gaussian,18,0.2,0.02,0.2,0.16297894716262817,0.03954223543405533,0.1988200545310974
100,20.0,0.40561225411365304,1e-05,edge_flip,18,0.2,0.02,0.2,0.08586053550243378,0.002175804227590561,0.16338418424129486
100,20.0,0.40561225411365304,1e-05,sbm_dpsgd,19,0.2,0.02,0.2,0.4874623417854309,0.017318470403552055,0.31593939661979675
100,20.0,0.40561225411365304,1e-05,gaussian,19,0.2,0.02,0.2,0.20386330783367157,0.017048604786396027,0.1691306233406067
100,20.0,0.40561225411365304,1e-05,edge_flip,19,0.2,0.02,0.2,0.1266624480485916,0.0,0.15930399298667908
200,1.0,5.635918426327381,1e-05,sbm_dpsgd,0,0.2,0.02,0.2,0.20117191970348358,0.042357634752988815,0.22138769924640656
200,1.0,5.635918426327381,1e-05,gaussian,0,0.2,0.02,0.2,0.1988902986049652,0.022191066294908524,0.21300330758094788
200,1.0,5.635918426327381,1e-05,edge_flip,0,0.2,0.02,0.2,0.1988692283630371,0.021800270304083824,0.21270497143268585
200,1.0,5.635918426327381,1e-05,sbm_dpsgd,1,0.2,0.02,0.2,0.207131490111351,0.028156472370028496,0.21350497007369995
200,1.0,5.635918426327381,1e-05,gaussian,1,0.2,0.02,0.2,0.20191076397895813,0.019658111035823822,0.21192818880081177
200,1.0,5.635918426327381,1e-05,edge_flip,1,0.2,0.02,0.2,0.202531635761261,0.018778787925839424,0.21392576396465302
200,1.0,5.635918426327381,1e-05,sbm_dpsgd,2,0.2,0.02,0.2,0.2131432294845581,0.035496268421411514,0.20772399008274078
200,1.0,5.635918426327381,1e-05,gaussian,2,0.2,0.02,0.2,0.21215538680553436,0.022489672526717186,0.2047927975654602
200,1.0,5.635918426327381,1e-05,edge_flip,2,0.2,0.02,0.2,0.21168763935565948,0.02280743047595024,0.20436283946037292
200,1.0,5.635918426327381,1e-05,sbm_dpsgd,3,0.2,0.02,0.2,0.1988217979669571,0.03282841295003891,0.20819765329360962
200,1.0,5.635918426327381,1e-05,gaussian,3,0.2,0.02,0.2,0.19508793950080872,0.019717389717698097,0.20271392166614532
200,1.0,5.635918426327381,1e-05,edge_flip,3,0.2,0.02,0.2,0.19459642469882965,0.01918165199458599,0.20334549248218536
200,1.0,5.635918426327381,1e-05,sbm_dpsgd,4,0.2,0.02,0.2,0.20122437179088593,0.03518061712384224,0.19744014739990234
200,1.0,5.635918426327381,1e-05,gaussian,4,0.2,0.02,0.2,0.1984308362007141,0.020205769687891006,0.19166603684425354
200,1.0,5.635918426327381,1e-05,edge_flip,4,0.2,0.02,0.2,0.1992761641740799,0.021095257252454758,0.19052709639072418
200,1.0,5.635918426327381,1e-05,sbm_dpsgd,5,0.2,0.02,0.2,0.2079973965883255,0.037068210542201996,0.20839250087738037
200,1.0,5.635918426327381,1e-05,gaussian,5,0.2,0.02,0.2,0.2090396285057068,0.020441779866814613,0.20144759118556976
200,1.0,5.635918426327381,1e-05,edge_flip,5,0.2,0.02,0.2,0.21189109981060028,0.021800270304083824,0.2021246999502182
200,1.0,5.635918426327381,1e-05,sbm_dpsgd,6,0.2,0.02,0.2,0.20370109379291534,0.02696605958044529,0.20592167973518372
200,1.0,5.635918426327381,1e-05,gaussian,6,0.2,0.02,0.2,0.20604468882083893,0.016805456951260567,0.19068172574043274
200,1.0,5.635918426327381,1e-05,edge_flip,6,0.2,0.02,0.2,0.20721136033535004,0.015958739444613457,0.1901201605796814
200,1.0,5.635918426327381,1e-05,sbm_dpsgd,7,0.2,0.02,0.2,0.2107575386762619,0.029407870024442673,0.20185430347919464
200,1.0,5.635918426327381,1e-05,gaussian,7,0.2,0.02,0.2,0.20665033161640167,0.02096710167825222,0.19512075185775757
200,1.0,5.635918426327381,1e-05,edge_flip,7,0.2,0.02,0.2,0.20639750361442566,0.020289529114961624,0.1931721568107605
200,1.0,5.635918426327381,1e-05,sbm_dpsgd,8,0.2,0.02,0.2,0.20498377084732056,0.030611366033554077,0.21124382317066193
200,1.0,5.635918426327381,1e-05,gaussian,8,0.2,0.02,0.2,0.19846628606319427,0.018569407984614372,0.20391611754894257
200,1.0,5.635918426327381,1e-05,edge_flip,8,0.2,0.02,0.2,0.19825883209705353,0.01918165199458599,0.20395590364933014
200,1.0,5.635918426327381,1e-05,sbm_dpsgd,9,0.2,0.02,0.2,0.20213375985622406,0.03609944507479668,0.200834721326828
200,1.0,5.635918426327381,1e-05,gaussian,9,0.2,0.02,0.2,0.20013901591300964,0.019225144758820534,0.1952957808971405
200,1.0,5.635918426327381,1e-05,edge_flip,9,0.2,0.02,0.2,0.20151430368423462,0.01978594809770584,0.19357909262180328
200,1.0,5.635918426327381,1e-05,sbm_dpsgd,10,0.2,0.02,0.2,0.21360014379024506,0.030904700979590416,0.1952415406703949
200,1.0,5.635918426327381,1e-05,gaussian,10,0.2,0.02,0.2,0.2046746462583542,0.018884234130382538,0.19104278087615967
200,1.0,5.635918426327381,1e-05,edge_flip,10,0.2,0.02,0.2,0.20354896783828735,0.018778787925839424,0.1899167001247406
200,1.0,5.635918426327381,1e-05,sbm_dpsgd,11,0.2,0.02,0.2,0.2143276333808899,0.03381667658686638,0.21154990792274475
200,1.0,5.635918426327381,1e-05,gaussian,11,0.2,0.02,0.2,0.2065262496471405,0.022601641714572906,0.19647136330604553
200,1.0,5.635918426327381,1e-05,edge_flip,11,0.2,0.02,0.2,0.20721136033535004,0.023915305733680725,0.19663110375404358
200,1.0,5.635918426327381,1e-05,sbm_dpsgd,12,0.2,0.02,0.2,0.21742576360702515,0.029318014159798622,0.20624105632305145
200,1.0,5.635918426327381,1e-05,gaussian,12,0.2,0.02,0.2,0.2053694874048233,0.018114883452653885,0.1973094344139099
200,1.0,5.635918426327381,1e-05,edge_flip,12,0.2,0.02,0.2,0.20395590364933014,0.01797305978834629,0.1964276283979416
200,1.0,5.635918426327381,1e-05,sbm_dpsgd,13,0.2,0.02,0.2,0.21779847145080566,0.03811713680624962,0.20911478996276855
200,1.0,5.635918426327381,1e-05,gaussian,13,0.2,0.02,0.2,0.21528376638889313,0.019742704927921295,0.19764180481433868
200,1.0,5.635918426327381,1e-05,edge_flip,13,0.2,0.02,0.2,0.21351884305477142,0.019886665046215057,0.1990727037191391
200,1.0,5.635918426327381,1e-05,sbm_dpsgd,14,0.2,0.02,0.2,0.20102117955684662,0.03966640308499336,0.2036614567041397
200,1.0,5.635918426327381,1e-05,gaussian,14,0.2,0.02,0.2,0.19686584174633026,0.01844906434416771,0.20064477622509003
200,1.0,5.635918426327381,1e-05,edge_flip,14,0.2,0.02,0.2,0.19683456420898438,0.01857735589146614,0.19846229255199432
200,1.0,5.635918426327381,1e-05,sbm_dpsgd,15,0.2,0.02,0.2,0.20320433378219604,0.035644590854644775,0.19748491048812866
200,1.0,5.635918426327381,1e-05,gaussian,15,0.2,0.02,0.2,0.2059668004512787,0.01860734075307846,0.2017260640859604
200,1.0,5.635918426327381,1e-05,edge_flip,15,0.2,0.02,0.2,0.20700789988040924,0.018980219960212708,0.20354896783828735
200,1.0,5.635918426327381,1e-05,sbm_dpsgd,16,0.2,0.02,0.2,0.2043767273426056,0.03195905312895775,0.20575517416000366
200,1.0,5.635918426327381,1e-05,gaussian,16,0.2,0.02,0.2,0.20530965924263,0.01818949170410633,0.19670253992080688
200,1.0,5.635918426327381,1e-05,edge_flip,16,0.2,0.02,0.2,0.2049732357263565,0.018174491822719574,0.1960206925868988
200,1.0,5.635918426327381,1e-05,sbm_dpsgd,17,0.2,0.02,0.2,0.21072523295879364,0.03612285852432251,0.19023530185222626
200,1.0,5.635918426327381,1e-05,gaussian,17,0.2,0.02,0.2,0.20545059442520142,0.021064436063170433,0.19470328092575073
200,1.0,5.635918426327381,1e-05,edge_flip,17,0.2,0.02,0.2,0.20639750361442566,0.020490961149334908,0.19439296424388885
200,1.0,5.635918426327381,1e-05,sbm_dpsgd,18,0.2,0.02,0.2,0.2111174464225769,0.040681205689907074,0.2115953266620636
200,1.0,5.635918426327381,1e-05,gaussian,18,0.2,0.02,0.2,0.2056608349084854,0.023752443492412567,0.2031218409538269
200,1.0,5.635918426327381,1e-05,edge_flip,18,0.2,0.02,0.2,0.2049732357263565,0.023210294544696808,0.20314203202724457
200,1.0,5.635918426327381,1e-05,sbm_dpsgd,19,0.2,0.02,0.2,0.19662976264953613,0.035659532994031906,0.20098963379859924
200,1.0,5.635918426327381,1e-05,gaussian,19,0.2,0.02,0.2,0.19323384761810303,0.01943887770175934,0.20071835815906525
200,1.0,5.635918426327381,1e-05,edge_flip,19,0.2,0.02,0.2,0.19235830008983612,0.018778787925839424,0.20273509621620178
200,2.0,2.668102829441137,1e-05,sbm_dpsgd,0,0.2,0.02,0.2,0.20444801449775696,0.025925027206540108,0.2144310474395752
200,2.0,2.668102829441137,1e-05,gaussian,0,0.2,0.02,0.2,0.20448774099349976,0.02040487714111805,0.19664055109024048
200,2.0,2.668102829441137,1e-05,edge_flip,0,0.2,0.02,0.2,0.20680195093154907,0.02173895388841629,0.19798046350479126
200,2.0,2.668102829441137,1e-05,sbm_dpsgd,1,0.2,0.02,0.2,0.20440851151943207,0.03135516867041588,0.21137432754039764
200,2.0,2.668102829441137,1e-05,gaussian,1,0.2,0.02,0.2,0.19732190668582916,0.020389368757605553,0.20240214467048645
200,2.0,2.668102829441137,1e-05,edge_flip,1,0.2,0.02,0.2,0.20146262645721436,0.021624041721224785,0.2012304812669754
200,2.0,2.668102829441137,1e-05,sbm_dpsgd,2,0.2,0.02,0.2,0.20789834856987,0.035814203321933746,0.19838528335094452
200,2.0,2.668102829441137,1e-05,gaussian,2,0.2,0.02,0.2,0.1961459070444107,0.020949961617588997,0.20054952800273895
200,2.0,2.668102829441137,1e-05,edge_flip,2,0.2,0.02,0.2,0.2021590620279312,0.022198598831892014,0.20633766055107117
200,2.0,2.668102829441137,1e-05,sbm_dpsgd,3,0.2,0.02,0.2,0.19322112202644348,0.029054872691631317,0.20140370726585388
200,2.0,2.668102829441137,1e-05,gaussian,3,0.2,0.02,0.2,0.1913830190896988,0.02158398926258087,0.20272861421108246
200,2.0,2.668102829441137,1e-05,edge_flip,3,0.2,0.02,0.2,0.19635546207427979,0.017831968143582344,0.20262335240840912
200,2.0,2.668102829441137,1e-05,sbm_dpsgd,4,0.2,0.02,0.2,0.1964532732963562,0.03993384540081024,0.20859874784946442
200,2.0,2.668102829441137,1e-05,gaussian,4,0.2,0.02,0.2,0.18576489388942719,0.019241591915488243,0.19860988855361938
200,2.0,2.668102829441137,1e-05,edge_flip,4,0.2,0.02,0.2,0.1849803924560547,0.014959183521568775,0.2007661908864975
200,2.0,2.668102829441137,1e-05,sbm_dpsgd,5,0.2,0.02,0.2,0.20511484146118164,0.04229733720421791,0.18945643305778503
200,2.0,2.668102829441137,1e-05,gaussian,5,0.2,0.02,0.2,0.2077864557504654,0.019380664452910423,0.19537173211574554
200,2.0,2.668102829441137,1e-05,edge_flip,5,0.2,0.02,0.2,0.2007661908864975,0.02392226830124855,0.19055184721946716
200,2.0,2.668102829441137,1e-05,sbm_dpsgd,6,0.2,0.02,0.2,0.21266339719295502,0.03653769940137863,0.20242688059806824
200,2.0,2.668102829441137,1e-05,gaussian,6,0.2,0.02,0.2,0.20847080647945404,0.019911788403987885,0.19937503337860107
200,2.0,2.668102829441137,1e-05,edge_flip,6,0.2,0.02,0.2,0.21028411388397217,0.01656794175505638,0.19473044574260712
200,2.0,2.668102829441137,1e-05,sbm_dpsgd,7,0.2,0.02,0.2,0.18738912045955658,0.032714661210775375,0.2141932249069214
200,2.0,2.668102829441137,1e-05,gaussian,7,0.2,0.02,0.2,0.19650617241859436,0.02185005135834217,0.19681061804294586
200,2.0,2.668102829441137,1e-05,edge_flip,7,0.2,0.02,0.2,0.1903197169303894,0.019210902974009514,0.19635546207427979
200,2.0,2.668102829441137,1e-05,sbm_dpsgd,8,0.2,0.02,0.2,0.19864238798618317,0.04000718519091606,0.19776006042957306
200,2.0,2.668102829441137,1e-05,gaussian,8,0.2,0.02,0.2,0.20215627551078796,0.0212326031178236,0.20151346921920776
200,2.0,2.668102829441137,1e-05,edge_flip,8,0.2,0.02,0.2,0.2116769701242447,0.02690996415913105,0.19844475388526917
200,2.0,2.668102829441137,1e-05,sbm_dpsgd,9,0.2,0.02,0.2,0.2099394053220749,0.030686359852552414,0.20312829315662384
200,2.0,2.668102829441137,1e-05,gaussian,9,0.2,0.02,0.2,0.20677095651626587,0.01855698972940445,0.20033685863018036
200,2.0,2.668102829441137,1e-05,edge_flip,9,0.2,0.02,0.2,0.21399840712547302,0.0179468784481287,0.19960547983646393
200,2.0,2.668102829441137,1e-05,sbm_dpsgd,10,0.2,0.02,0.2,0.21137234568595886,0.03316396102309227,0.22729039192199707
200,2.0,2.668102829441137,1e-05,gaussian,10,0.2,0.02,0.2,0.2047918736934662,0.021635662764310837,0.20107431709766388
200,2.0,2.668102829441137,1e-05,edge_flip,10,0.2,0.02,0.2,0.20146262645721436,0.021394219249486923,0.20146262645721436
200,2.0,2.668102829441137,1e-05,sbm_dpsgd,11,0.2,0.02,0.2,0.21372520923614502,0.0318584181368351,0.23245804011821747
200,2.0,2.668102829441137,1e-05,gaussian,11,0.2,0.02,0.2,0.20163504779338837,0.018657593056559563,0.2132532298564911
200,2.0,2.668102829441137,1e-05,edge_flip,11,0.2,0.02,0.2,0.20239120721817017,0.023577535524964333,0.21840915083885193
200,2.0,2.668102829441137,1e-05,sbm_dpsgd,12,0.2,0.02,0.2,0.21232011914253235,0.025195753201842308,0.1969059854745865
200,2.0,2.668102829441137,1e-05,gaussian,12,0.2,0.02,0.2,0.20318947732448578,0.0209517665207386,0.19529837369918823
200,2.0,2.668102829441137,1e-05,edge_flip,12,0.2,0.02,0.2,0.2077305167913437,0.01875125803053379,0.2016947716474533
200,2.0,2.668102829441137,1e-05,sbm_dpsgd,13,0.2,0.02,0.2,0.18740840256214142,0.02549702674150467,0.2092868983745575
200,2.0,2.668102829441137,1e-05,gaussian,13,0.2,0.02,0.2,0.18541733920574188,0.019174344837665558,0.2014523297548294
200,2.0,2.668102829441137,1e-05,edge_flip,13,0.2,0.02,0.2,0.18265895545482635,0.01714249886572361,0.2007661908864975
200,2.0,2.668102829441137,1e-05,sbm_dpsgd,14,0.2,0.02,0.2,0.20780348777770996,0.04157314449548721,0.23628263175487518
200,2.0,2.668102829441137,1e-05,gaussian,14,0.2,0.02,0.2,0.20972290635108948,0.02374340035021305,0.21335984766483307
200,2.0,2.668102829441137,1e-05,edge_flip,14,0.2,0.02,0.2,0.2077305167913437,0.02472664788365364,0.21190911531448364
200,2.0,2.668102829441137,1e-05,sbm_dpsgd,15,0.2,0.02,0.2,0.20014257729053497,0.032464273273944855,0.19937081634998322
200,2.0,2.668102829441137,1e-05,gaussian,15,0.2,0.02,0.2,0.19114883244037628,0.01807132177054882,0.1920701116323471
200,2.0,2.668102829441137,1e-05,edge_flip,15,0.2,0.02,0.2,0.18428395688533783,0.016682853922247887,0.1982126086950302
200,2.0,2.668102829441137,1e-05,sbm_dpsgd,16,0.2,0.02,0.2,0.2015295773744583,0.036483000963926315,0.21199820935726166
200,2.0,2.668102829441137,1e-05,gaussian,16,0.2,0.02,0.2,0.20366720855236053,0.020184265449643135,0.20071858167648315
200,2.0,2.668102829441137,1e-05,edge_flip,16,0.2,0.02,0.2,0.19658760726451874,0.02013019472360611,0.19914118945598602
200,2.0,2.668102829441137,1e-05,sbm_dpsgd,17,0.2,0.02,0.2,0.20318591594696045,0.037869688123464584,0.23512232303619385
200,2.0,2.668102829441137,1e-05,gaussian,17,0.2,0.02,0.2,0.20007915794849396,0.01998823508620262,0.20546691119670868
200,2.0,2.668102829441137,1e-05,edge_flip,17,0.2,0.02,0.2,0.20262335240840912,0.017831968143582344,0.20749837160110474
200,2.0,2.668102829441137,1e-05,sbm_dpsgd,18,0.2,0.02,0.2,0.19585061073303223,0.03753888979554176,0.19905956089496613
200,2.0,2.668102829441137,1e-05,gaussian,18,0.2,0.02,0.2,0.2086021900177002,0.020525971427559853,0.186363086104393
200,2.0,2.668102829441137,1e-05,edge_flip,18,0.2,0.02,0.2,0.20401620864868164,0.016682853922247887,0.18265895545482635
200,2.0,2.668102829441137,1e-05,sbm_dpsgd,19,0.2,0.02,0.2,0.2077419012784958,0.045906342566013336,0.19211430847644806
200,2.0,2.668102829441137,1e-05,gaussian,19,0.2,0.02,0.2,0.19658099114894867,0.01877449080348015,0.19388209283351898
200,2.0,2.668102829441137,1e-05,edge_flip,19,0.2,0.02,0.2,0.19705189764499664,0.016682853922247887,0.19310544431209564
200,5.0,1.0338953100711687,1e-05,sbm_dpsgd,0,0.2,0.02,0.2,0.18501515686511993,0.03318469598889351,0.21133287250995636
200,5.0,1.0338953100711687,1e-05,gaussian,0,0.2,0.02,0.2,0.20577186346054077,0.020654425024986267,0.21086521446704865
200,5.0,1.0338953100711687,1e-05,edge_flip,0,0.2,0.02,0.2,0.20079945027828217,0.007090461906045675,0.21014946699142456
200,5.0,1.0338953100711687,1e-05,sbm_dpsgd,1,0.2,0.02,0.2,0.2347557693719864,0.03282829374074936,0.2297850251197815
200,5.0,1.0338953100711687,1e-05,gaussian,1,0.2,0.02,0.2,0.20272932946681976,0.018233835697174072,0.20685704052448273
200,5.0,1.0338953100711687,1e-05,edge_flip,1,0.2,0.02,0.2,0.20717446506023407,0.012560222297906876,0.20802445709705353
200,5.0,1.0338953100711687,1e-05,sbm_dpsgd,2,0.2,0.02,0.2,0.20820410549640656,0.043337516486644745,0.23362545669078827
200,5.0,1.0338953100711687,1e-05,gaussian,2,0.2,0.02,0.2,0.20025920867919922,0.01815076917409897,0.20479850471019745
200,5.0,1.0338953100711687,1e-05,edge_flip,2,0.2,0.02,0.2,0.20207445323467255,0.02307899110019207,0.20419944822788239
200,5.0,1.0338953100711687,1e-05,sbm_dpsgd,3,0.2,0.02,0.2,0.22449328005313873,0.03554970398545265,0.19100449979305267
200,5.0,1.0338953100711687,1e-05,gaussian,3,0.2,0.02,0.2,0.20231875777244568,0.016120385378599167,0.19744175672531128
200,5.0,1.0338953100711687,1e-05,edge_flip,3,0.2,0.02,0.2,0.19399943947792053,0.029600629583001137,0.2046244591474533
200,5.0,1.0338953100711687,1e-05,sbm_dpsgd,4,0.2,0.02,0.2,0.17312926054000854,0.028751229867339134,0.20226892828941345
200,5.0,1.0338953100711687,1e-05,gaussian,4,0.2,0.02,0.2,0.1989741325378418,0.021984728053212166,0.20065082609653473
200,5.0,1.0338953100711687,1e-05,edge_flip,4,0.2,0.02,0.2,0.19102442264556885,0.0234997421503067,0.20037443935871124
200,5.0,1.0338953100711687,1e-05,sbm_dpsgd,5,0.2,0.02,0.2,0.20124004781246185,0.04547882452607155,0.2134365737438202
200,5.0,1.0338953100711687,1e-05,gaussian,5,0.2,0.02,0.2,0.19656622409820557,0.020373474806547165,0.20625881850719452
200,5.0,1.0338953100711687,1e-05,edge_flip,5,0.2,0.02,0.2,0.21142446994781494,0.0148743512108922,0.20844945311546326
200,5.0,1.0338953100711687,1e-05,sbm_dpsgd,6,0.2,0.02,0.2,0.22910402715206146,0.04943229258060455,0.19483056664466858
200,5.0,1.0338953100711687,1e-05,gaussian,6,0.2,0.02,0.2,0.19871561229228973,0.018345573917031288,0.201425701379776
200,5.0,1.0338953100711687,1e-05,edge_flip,6,0.2,0.02,0.2,0.1854994148015976,0.023920493200421333,0.20419944822788239
200,5.0,1.0338953100711687,1e-05,sbm_dpsgd,7,0.2,0.02,0.2,0.20988748967647552,0.02971871756017208,0.19592173397541046
200,5.0,1.0338953100711687,1e-05,gaussian,7,0.2,0.02,0.2,0.1991865634918213,0.020628301426768303,0.18966780602931976
200,5.0,1.0338953100711687,1e-05,edge_flip,7,0.2,0.02,0.2,0.188899427652359,0.02791762538254261,0.17487439513206482
200,5.0,1.0338953100711687,1e-05,sbm_dpsgd,8,0.2,0.02,0.2,0.22033140063285828,0.0222746841609478,0.24167267978191376
200,5.0,1.0338953100711687,1e-05,gaussian,8,0.2,0.02,0.2,0.20171299576759338,0.02155059017241001,0.2051423341035843
200,5.0,1.0338953100711687,1e-05,edge_flip,8,0.2,0.02,0.2,0.21269947290420532,0.014032850041985512,0.1935744285583496
200,5.0,1.0338953100711687,1e-05,sbm_dpsgd,9,0.2,0.02,0.2,0.23876915872097015,0.034712426364421844,0.24143166840076447
200,5.0,1.0338953100711687,1e-05,gaussian,9,0.2,0.02,0.2,0.2114151269197464,0.02314811572432518,0.20588800311088562
200,5.0,1.0338953100711687,1e-05,edge_flip,9,0.2,0.02,0.2,0.22077448666095734,0.02560349553823471,0.2343745082616806
200,5.0,1.0338953100711687,1e-05,sbm_dpsgd,10,0.2,0.02,0.2,0.2068973183631897,0.025855720043182373,0.18413016200065613
200,5.0,1.0338953100711687,1e-05,gaussian,10,0.2,0.02,0.2,0.1970338225364685,0.021338297054171562,0.20171542465686798
200,5.0,1.0338953100711687,1e-05,edge_flip,10,0.2,0.02,0.2,0.1952744424343109,0.0,0.2216244786977768
200,5.0,1.0338953100711687,1e-05,sbm_dpsgd,11,0.2,0.02,0.2,0.213411346077919,0.044720422476530075,0.18140780925750732
200,5.0,1.0338953100711687,1e-05,gaussian,11,0.2,0.02,0.2,0.19348549842834473,0.02168012596666813,0.19050979614257812
200,5.0,1.0338953100711687,1e-05,edge_flip,11,0.2,0.02,0.2,0.20249944925308228,0.012770597822964191,0.18974941968917847
200,5.0,1.0338953100711687,1e-05,sbm_dpsgd,12,0.2,0.02,0.2,0.2265031784772873,0.026501018553972244,0.21514514088630676
200,5.0,1.0338953100711687,1e-05,gaussian,12,0.2,0.02,0.2,0.19463129341602325,0.01910446584224701,0.20157413184642792
200,5.0,1.0338953100711687,1e-05,edge_flip,12,0.2,0.02,0.2,0.17699940502643585,0.0030933297239243984,0.2075994610786438
200,5.0,1.0338953100711687,1e-05,sbm_dpsgd,13,0.2,0.02,0.2,0.20710906386375427,0.04811511188745499,0.2240617871284485
200,5.0,1.0338953100711687,1e-05,gaussian,13,0.2,0.02,0.2,0.2071809470653534,0.018099214881658554,0.21374647319316864
200,5.0,1.0338953100711687,1e-05,edge_flip,13,0.2,0.02,0.2,0.2058994621038437,0.0024622033815830946,0.19782443344593048
200,5.0,1.0338953100711687,1e-05,sbm_dpsgd,14,0.2,0.02,0.2,0.23379284143447876,0.028962844982743263,0.20960737764835358
200,5.0,1.0338953100711687,1e-05,gaussian,14,0.2,0.02,0.2,0.20311163365840912,0.019517624750733376,0.19804228842258453
200,5.0,1.0338953100711687,1e-05,edge_flip,14,0.2,0.02,0.2,0.20249944925308228,0.033808138221502304,0.20674945414066315
200,5.0,1.0338953100711687,1e-05,sbm_dpsgd,15,0.2,0.02,0.2,0.20591053366661072,0.03668487071990967,0.21045243740081787
200,5.0,1.0338953100711687,1e-05,gaussian,15,0.2,0.02,0.2,0.20459513366222382,0.024199465289711952,0.2000763863325119
200,5.0,1.0338953100711687,1e-05,edge_flip,15,0.2,0.02,0.2,0.19272443652153015,0.016557354480028152,0.19909943640232086
200,5.0,1.0338953100711687,1e-05,sbm_dpsgd,16,0.2,0.02,0.2,0.20025280117988586,0.04783140495419502,0.178421750664711
200,5.0,1.0338953100711687,1e-05,gaussian,16,0.2,0.02,0.2,0.2015194445848465,0.020948845893144608,0.18880438804626465
200,5.0,1.0338953100711687,1e-05,edge_flip,16,0.2,0.02,0.2,0.19314943253993988,0.028548751026391983,0.19314943253993988
200,5.0,1.0338953100711687,1e-05,sbm_dpsgd,17,0.2,0.02,0.2,0.22346627712249756,0.04558325931429863,0.2321368306875229
200,5.0,1.0338953100711687,1e-05,gaussian,17,0.2,0.02,0.2,0.20202842354774475,0.01661650650203228,0.20069849491119385
200,5.0,1.0338953100711687,1e-05,edge_flip,17,0.2,0.02,0.2,0.2139744758605957,0.012770597822964191,0.21269947290420532
200,5.0,1.0338953100711687,1e-05,sbm_dpsgd,18,0.2,0.02,0.2,0.2386769950389862,0.04531841352581978,0.2372540980577469
200,5.0,1.0338953100711687,1e-05,gaussian,18,0.2,0.02,0.2,0.19939357042312622,0.01907951943576336,0.20709985494613647
200,5.0,1.0338953100711687,1e-05,edge_flip,18,0.2,0.02,0.2,0.2075994610786438,0.006038585212081671,0.18294940888881683
200,5.0,1.0338953100711687,1e-05,sbm_dpsgd,19,0.2,0.02,0.2,0.18005789816379547,0.0465189591050148,0.196433424949646
200,5.0,1.0338953100711687,1e-05,gaussian,19,0.2,0.02,0.2,0.20294742286205292,0.02088009938597679,0.19419501721858978
200,5.0,1.0338953100711687,1e-05,edge_flip,19,0.2,0.02,0.2,0.180824413895607,0.026655374094843864,0.22119948267936707
200,10.0,0.5431122541136532,1e-05,sbm_dpsgd,0,0.2,0.02,0.2,0.19979318976402283,0.03718850016593933,0.2163885235786438
200,10.0,0.5431122541136532,1e-05,gaussian,0,0.2,0.02,0.2,0.2197481393814087,0.02172892726957798,0.19168424606323242
200,10.0,0.5431122541136532,1e-05,edge_flip,0,0.2,0.02,0.2,0.19286052882671356,0.025035101920366287,0.1616130918264389
200,10.0,0.5431122541136532,1e-05,sbm_dpsgd,1,0.2,0.02,0.2,0.21291610598564148,0.04152875766158104,0.31753671169281006
200,10.0,0.5431122541136532,1e-05,gaussian,1,0.2,0.02,0.2,0.19938541948795319,0.02185271494090557,0.20103858411312103
200,10.0,0.5431122541136532,1e-05,edge_flip,1,0.2,0.02,0.2,0.19286052882671356,0.031825702637434006,0.16313736140727997
200,10.0,0.5431122541136532,1e-05,sbm_dpsgd,2,0.2,0.02,0.2,0.1812865436077118,0.028285657986998558,0.1766466349363327
200,10.0,0.5431122541136532,1e-05,gaussian,2,0.2,0.02,0.2,0.21007384359836578,0.026432838290929794,0.2073681503534317
200,10.0,0.5431122541136532,1e-05,edge_flip,2,0.2,0.02,0.2,0.16999654471874237,0.036352772265672684,0.22258369624614716
200,10.0,0.5431122541136532,1e-05,sbm_dpsgd,3,0.2,0.02,0.2,0.26754119992256165,0.033287715166807175,0.2098170518875122
200,10.0,0.5431122541136532,1e-05,gaussian,3,0.2,0.02,0.2,0.1871854066848755,0.01576841250061989,0.21037723124027252
200,10.0,0.5431122541136532,1e-05,edge_flip,3,0.2,0.02,0.2,0.16008882224559784,0.01635822094976902,0.23477782309055328
200,10.0,0.5431122541136532,1e-05,sbm_dpsgd,4,0.2,0.02,0.2,0.16017422080039978,0.0486098974943161,0.23042631149291992
200,10.0,0.5431122541136532,1e-05,gaussian,4,0.2,0.02,0.2,0.19156670570373535,0.024179011583328247,0.18828292191028595
200,10.0,0.5431122541136532,1e-05,edge_flip,4,0.2,0.02,0.2,0.23706422746181488,0.01673547737300396,0.1730450838804245
200,10.0,0.5431122541136532,1e-05,sbm_dpsgd,5,0.2,0.02,0.2,0.19265849888324738,0.07765208184719086,0.2185712456703186
200,10.0,0.5431122541136532,1e-05,gaussian,5,0.2,0.02,0.2,0.19333350658416748,0.023877348750829697,0.20668277144432068
200,10.0,0.5431122541136532,1e-05,edge_flip,5,0.2,0.02,0.2,0.1867634654045105,0.0,0.21724876761436462
200,10.0,0.5431122541136532,1e-05,sbm_dpsgd,6,0.2,0.02,0.2,0.24647805094718933,0.029153596609830856,0.19964531064033508
200,10.0,0.5431122541136532,1e-05,gaussian,6,0.2,0.02,0.2,0.1933058649301529,0.017523879185318947,0.1953023374080658
200,10.0,0.5431122541136532,1e-05,edge_flip,6,0.2,0.02,0.2,0.1959090530872345,0.01635822094976902,0.21724876761436462
200,10.0,0.5431122541136532,1e-05,sbm_dpsgd,7,0.2,0.02,0.2,0.20802322030067444,0.07737036049365997,0.1634783297777176
200,10.0,0.5431122541136532,1e-05,gaussian,7,0.2,0.02,0.2,0.18092405796051025,0.017913583666086197,0.17777422070503235
200,10.0,0.5431122541136532,1e-05,edge_flip,7,0.2,0.02,0.2,0.21572451293468475,0.002399760764092207,0.18523919582366943
200,10.0,0.5431122541136532,1e-05,sbm_dpsgd,8,0.2,0.02,0.2,0.20293554663658142,0.026145435869693756,0.21360328793525696
200,10.0,0.5431122541136532,1e-05,gaussian,8,0.2,0.02,0.2,0.192727729678154,0.027470439672470093,0.19979870319366455
200,10.0,0.5431122541136532,1e-05,edge_flip,8,0.2,0.02,0.2,0.19667118787765503,0.04012532904744148,0.19057412445545197
200,10.0,0.5431122541136532,1e-05,sbm_dpsgd,9,0.2,0.02,0.2,0.1885533481836319,0.04539068043231964,0.23089081048965454
200,10.0,0.5431122541136532,1e-05,gaussian,9,0.2,0.02,0.2,0.1946146935224533,0.01887647993862629,0.19220159947872162
200,10.0,0.5431122541136532,1e-05,edge_flip,9,0.2,0.02,0.2,0.2378263622522354,0.04276611655950546,0.22182157635688782
200,10.0,0.5431122541136532,1e-05,sbm_dpsgd,10,0.2,0.02,0.2,0.20624060928821564,0.03932758420705795,0.1999475061893463
200,10.0,0.5431122541136532,1e-05,gaussian,10,0.2,0.02,0.2,0.20004887878894806,0.02288111113011837,0.18373459577560425
200,10.0,0.5431122541136532,1e-05,edge_flip,10,0.2,0.02,0.2,0.19667118787765503,0.02126254513859749,0.1890498697757721
200,10.0,0.5431122541136532,1e-05,sbm_dpsgd,11,0.2,0.02,0.2,0.22557039558887482,0.030870763584971428,0.185529887676239
200,10.0,0.5431122541136532,1e-05,gaussian,11,0.2,0.02,0.2,0.2005053460597992,0.020596474409103394,0.19185104966163635
200,10.0,0.5431122541136532,1e-05,edge_flip,11,0.2,0.02,0.2,0.20657891035079956,0.01447194255888462,0.17685574293136597
200,10.0,0.5431122541136532,1e-05,sbm_dpsgd,12,0.2,0.02,0.2,0.2506685256958008,0.021425550803542137,0.24175475537776947
200,10.0,0.5431122541136532,1e-05,gaussian,12,0.2,0.02,0.2,0.19902634620666504,0.01848517917096615,0.2040213644504547
200,10.0,0.5431122541136532,1e-05,edge_flip,12,0.2,0.02,0.2,0.20581679046154022,0.008058595471084118,0.22944289445877075
200,10.0,0.5431122541136532,1e-05,sbm_dpsgd,13,0.2,0.02,0.2,0.27615123987197876,0.03746805340051651,0.2587335407733917
200,10.0,0.5431122541136532,1e-05,gaussian,13,0.2,0.02,0.2,0.19817909598350525,0.016350489109754562,0.1997314840555191
200,10.0,0.5431122541136532,1e-05,edge_flip,13,0.2,0.02,0.2,0.21648664772510529,0.01899901032447815,0.2027682512998581
200,10.0,0.5431122541136532,1e-05,sbm_dpsgd,14,0.2,0.02,0.2,0.21023119986057281,0.028834760189056396,0.2212548702955246
200,10.0,0.5431122541136532,1e-05,gaussian,14,0.2,0.02,0.2,0.2187034785747528,0.01682112365961075,0.20357736945152283
200,10.0,0.5431122541136532,1e-05,edge_flip,14,0.2,0.02,0.2,0.1959090530872345,0.0,0.22868075966835022
200,10.0,0.5431122541136532,1e-05,sbm_dpsgd,15,0.2,0.02,0.2,0.21989841759204865,0.04084184765815735,0.16192464530467987
200,10.0,0.5431122541136532,1e-05,gaussian,15,0.2,0.02,0.2,0.20403838157653809,0.01943819783627987,0.19351205229759216
200,10.0,0.5431122541136532,1e-05,edge_flip,15,0.2,0.02,0.2,0.17152081429958344,0.005040550604462624,0.15780243277549744
200,10.0,0.5431122541136532,1e-05,sbm_dpsgd,16,0.2,0.02,0.2,0.19690625369548798,0.046812091022729874,0.19563791155815125
200,10.0,0.5431122541136532,1e-05,gaussian,16,0.2,0.02,0.2,0.1896991729736328,0.025309929624199867,0.19005075097084045
200,10.0,0.5431122541136532,1e-05,edge_flip,16,0.2,0.02,0.2,0.22487010061740875,0.04238886386156082,0.24544768035411835
200,10.0,0.5431122541136532,1e-05,sbm_dpsgd,17,0.2,0.02,0.2,0.2156519591808319,0.05376904085278511,0.1927233189344406
200,10.0,0.5431122541136532,1e-05,gaussian,17,0.2,0.02,0.2,0.20512747764587402,0.01617603562772274,0.19325405359268188
200,10.0,0.5431122541136532,1e-05,edge_flip,17,0.2,0.02,0.2,0.14865683019161224,0.01748998835682869,0.17228294909000397
200,10.0,0.5431122541136532,1e-05,sbm_dpsgd,18,0.2,0.02,0.2,0.18200992047786713,0.04844271391630173,0.24319127202033997
200,10.0,0.5431122541136532,1e-05,gaussian,18,0.2,0.02,0.2,0.19715222716331482,0.01772177778184414,0.1967085748910904
200,10.0,0.5431122541136532,1e-05,edge_flip,18,0.2,0.02,0.2,0.22944289445877075,0.041257094591856,0.1844770759344101
200,10.0,0.5431122541136532,1e-05,sbm_dpsgd,19,0.2,0.02,0.2,0.23087731003761292,0.03759909048676491,0.21232707798480988
200,10.0,0.5431122541136532,1e-05,gaussian,19,0.2,0.02,0.2,0.21491371095180511,0.023521961644291878,0.21755655109882355
200,10.0,0.5431122541136532,1e-05,edge_flip,19,0.2,0.02,0.2,0.18295280635356903,0.029939426109194756,0.2187730371952057
200,20.0,0.40561225411365304,1e-05,sbm_dpsgd,0,0.2,0.02,0.2,0.2723403573036194,0.049002304673194885,0.2728983461856842
200,20.0,0.40561225411365304,1e-05,gaussian,0,0.2,0.02,0.2,0.2050427943468094,0.014315493404865265,0.19621224701404572
200,20.0,0.40561225411365304,1e-05,edge_flip,0,0.2,0.02,0.2,0.2637197971343994,0.00817368645220995,0.2223202884197235
200,20.0,0.40561225411365304,1e-05,sbm_dpsgd,1,0.2,0.02,0.2,0.2078687697649002,0.1035749614238739,0.20808646082878113
200,20.0,0.40561225411365304,1e-05,gaussian,1,0.2,0.02,0.2,0.20846746861934662,0.016535397619009018,0.20982280373573303
200,20.0,0.40561225411365304,1e-05,edge_flip,1,0.2,0.02,0.2,0.20414488017559052,0.030665742233395576,0.2606905698776245
200,20.0,0.40561225411365304,1e-05,sbm_dpsgd,2,0.2,0.02,0.2,0.24058593809604645,0.04077523946762085,0.35869666934013367
200,20.0,0.40561225411365304,1e-05,gaussian,2,0.2,0.02,0.2,0.2023746371269226,0.019512955099344254,0.2097008228302002
200,20.0,0.40561225411365304,1e-05,edge_flip,2,0.2,0.02,0.2,0.2314079850912094,0.02216874435544014,0.2112130969762802
200,20.0,0.40561225411365304,1e-05,sbm_dpsgd,3,0.2,0.02,0.2,0.2918357253074646,0.08175878971815109,0.3055298924446106
200,20.0,0.40561225411365304,1e-05,gaussian,3,0.2,0.02,0.2,0.19293013215065002,0.02173789218068123,0.19757521152496338
200,20.0,0.40561225411365304,1e-05,edge_flip,3,0.2,0.02,0.2,0.18495973944664001,0.03866291791200638,0.22333002090454102
200,20.0,0.40561225411365304,1e-05,sbm_dpsgd,4,0.2,0.02,0.2,0.19155585765838623,0.03902802616357803,0.1995747983455658
200,20.0,0.40561225411365304,1e-05,gaussian,4,0.2,0.02,0.2,0.19988659024238586,0.016956601291894913,0.20797528326511383
200,20.0,0.40561225411365304,1e-05,edge_flip,4,0.2,0.02,0.2,0.17486229538917542,0.04216168448328972,0.20313513278961182
200,20.0,0.40561225411365304,1e-05,sbm_dpsgd,5,0.2,0.02,0.2,0.2034139782190323,0.07612704485654831,0.1194256842136383
200,20.0,0.40561225411365304,1e-05,gaussian,5,0.2,0.02,0.2,0.21429823338985443,0.017400508746504784,0.19405576586723328
200,20.0,0.40561225411365304,1e-05,edge_flip,5,0.2,0.02,0.2,0.19808641076087952,0.01767033152282238,0.2061643749475479
200,20.0,0.40561225411365304,1e-05,sbm_dpsgd,6,0.2,0.02,0.2,0.20405282080173492,0.02538037672638893,0.22933728992938995
200,20.0,0.40561225411365304,1e-05,gaussian,6,0.2,0.02,0.2,0.20129331946372986,0.021781587973237038,0.197757750749588
200,20.0,0.40561225411365304,1e-05,edge_flip,6,0.2,0.02,0.2,0.14456996321678162,0.011172627098858356,0.19909615814685822
200,20.0,0.40561225411365304,1e-05,sbm_dpsgd,7,0.2,0.02,0.2,0.19218602776527405,0.057709816843271255,0.21103094518184662
200,20.0,0.40561225411365304,1e-05,gaussian,7,0.2,0.02,0.2,0.19587048888206482,0.01855223812162876,0.19922977685928345
200,20.0,0.40561225411365304,1e-05,edge_flip,7,0.2,0.02,0.2,0.2071741223335266,0.02316839061677456,0.18899871408939362
200,20.0,0.40561225411365304,1e-05,sbm_dpsgd,8,0.2,0.02,0.2,0.11524860560894012,0.059797901660203934,0.26256415247917175
200,20.0,0.40561225411365304,1e-05,gaussian,8,0.2,0.02,0.2,0.19961987435817719,0.019100883975625038,0.19401028752326965
200,20.0,0.40561225411365304,1e-05,edge_flip,8,0.2,0.02,0.2,0.20414488017559052,0.02766680158674717,0.16072587668895721
200,20.0,0.40561225411365304,1e-05,sbm_dpsgd,9,0.2,0.02,0.2,0.27186065912246704,0.03817787021398544,0.21583539247512817
200,20.0,0.40561225411365304,1e-05,gaussian,9,0.2,0.02,0.2,0.19970057904720306,0.01926232874393463,0.20248010754585266
200,20.0,0.40561225411365304,1e-05,edge_flip,9,0.2,0.02,0.2,0.2102033495903015,0.04016238823533058,0.1869792342185974
200,20.0,0.40561225411365304,1e-05,sbm_dpsgd,10,0.2,0.02,0.2,0.2407134622335434,0.07002289593219757,0.2529121935367584
200,20.0,0.40561225411365304,1e-05,gaussian,10,0.2,0.02,0.2,0.2173272669315338,0.023417023941874504,0.20217818021774292
200,20.0,0.40561225411365304,1e-05,edge_flip,10,0.2,0.02,0.2,0.2485736459493637,0.0,0.2303982377052307
200,20.0,0.40561225411365304,1e-05,sbm_dpsgd,11,0.2,0.02,0.2,0.26620936393737793,0.04324837401509285,0.16277645528316498
200,20.0,0.40561225411365304,1e-05,gaussian,11,0.2,0.02,0.2,0.19833722710609436,0.021843083202838898,0.21241842210292816
200,20.0,0.40561225411365304,1e-05,edge_flip,11,0.2,0.02,0.2,0.23443721234798431,0.011672450229525566,0.20919360220432281
200,20.0,0.40561225411365304,1e-05,sbm_dpsgd,12,0.2,0.02,0.2,0.17098863422870636,0.029828326776623726,0.1825195848941803
200,20.0,0.40561225411365304,1e-05,gaussian,12,0.2,0.02,0.2,0.20368564128875732,0.02251468040049076,0.19445805251598358
200,20.0,0.40561225411365304,1e-05,edge_flip,12,0.2,0.02,0.2,0.197076678276062,0.006674215663224459,0.2122228443622589
200,20.0,0.40561225411365304,1e-05,sbm_dpsgd,13,0.2,0.02,0.2,0.3127047121524811,0.06677818298339844,0.19126592576503754
200,20.0,0.40561225411365304,1e-05,gaussian,13,0.2,0.02,0.2,0.19257159531116486,0.02157057821750641,0.21171724796295166
200,20.0,0.40561225411365304,1e-05,edge_flip,13,0.2,0.02,0.2,0.16274535655975342,0.0,0.22938849031925201
200,20.0,0.40561225411365304,1e-05,sbm_dpsgd,14,0.2,0.02,0.2,0.33340325951576233,0.06519053876399994,0.2215852290391922
200,20.0,0.40561225411365304,1e-05,gaussian,14,0.2,0.02,0.2,0.19996963441371918,0.02187027782201767,0.2113005667924881
200,20.0,0.40561225411365304,1e-05,edge_flip,14,0.2,0.02,0.2,0.19404743611812592,0.014171567745506763,0.17486229538917542
200,20.0,0.40561225411365304,1e-05,sbm_dpsgd,15,0.2,0.02,0.2,0.1947205811738968,0.07400547713041306,0.2604288160800934
200,20.0,0.40561225411365304,1e-05,gaussian,15,0.2,0.02,0.2,0.20024065673351288,0.024778228253126144,0.21406272053718567
200,20.0,0.40561225411365304,1e-05,edge_flip,15,0.2,0.02,0.2,0.2374664545059204,0.0,0.14053098857402802
200,20.0,0.40561225411365304,1e-05,sbm_dpsgd,16,0.2,0.02,0.2,0.3600339889526367,0.015415462665259838,0.1916813850402832
200,20.0,0.40561225411365304,1e-05,gaussian,16,0.2,0.02,0.2,0.205788716673851,0.012547114863991737,0.19942566752433777
200,20.0,0.40561225411365304,1e-05,edge_flip,16,0.2,0.02,0.2,0.23443721234798431,0.014171567745506763,0.1768817901611328
200,20.0,0.40561225411365304,1e-05,sbm_dpsgd,17,0.2,0.02,0.2,0.2560548782348633,0.03187531977891922,0.26314041018486023
200,20.0,0.40561225411365304,1e-05,gaussian,17,0.2,0.02,0.2,0.2049723118543625,0.017887476831674576,0.20121021568775177
200,20.0,0.40561225411365304,1e-05,edge_flip,17,0.2,0.02,0.2,0.2061643749475479,0.0,0.2374664545059204
200,20.0,0.40561225411365304,1e-05,sbm_dpsgd,18,0.2,0.02,0.2,0.24633409082889557,0.05224812030792236,0.29563331604003906
200,20.0,0.40561225411365304,1e-05,gaussian,18,0.2,0.02,0.2,0.19896933436393738,0.024350348860025406,0.18471601605415344
200,20.0,0.40561225411365304,1e-05,edge_flip,18,0.2,0.02,0.2,0.2071741223335266,0.021668920293450356,0.146589457988739
200,20.0,0.40561225411365304,1e-05,sbm_dpsgd,19,0.2,0.02,0.2,0.2209128439426422,0.09375330805778503,0.29097211360931396
200,20.0,0.40561225411365304,1e-05,gaussian,19,0.2,0.02,0.2,0.19663766026496887,0.025049621239304543,0.18744078278541565
200,20.0,0.40561225411365304,1e-05,edge_flip,19,0.2,0.02,0.2,0.1758720427751541,0.04666009545326233,0.16981357336044312
500,1.0,5.635918426327381,1e-05,sbm_dpsgd,0,0.2,0.02,0.2,0.2003607302904129,0.03294659033417702,0.2074030041694641
500,1.0,5.635918426327381,1e-05,gaussian,0,0.2,0.02,0.2,0.19616788625717163,0.02013658732175827,0.19796384871006012
500,1.0,5.635918426327381,1e-05,edge_flip,0,0.2,0.02,0.2,0.19610454142093658,0.020301613956689835,0.19769009947776794
500,1.0,5.635918426327381,1e-05,sbm_dpsgd,1,0.2,0.02,0.2,0.1991005688905716,0.030954189598560333,0.20840667188167572
500,1.0,5.635918426327381,1e-05,gaussian,1,0.2,0.02,0.2,0.19363372027873993,0.019898006692528725,0.201318621635437
500,1.0,5.635918426327381,1e-05,edge_flip,1,0.2,0.02,0.2,0.1935158520936966,0.019576460123062134,0.20183199644088745
500,1.0,5.635918426327381,1e-05,sbm_dpsgd,2,0.2,0.02,0.2,0.20318232476711273,0.03470359370112419,0.20279332995414734
500,1.0,5.635918426327381,1e-05,gaussian,2,0.2,0.02,0.2,0.19917671382427216,0.02001897059381008,0.20172818005084991
500,1.0,5.635918426327381,1e-05,edge_flip,2,0.2,0.02,0.2,0.19856378436088562,0.02022104151546955,0.2013142704963684
500,1.0,5.635918426327381,1e-05,sbm_dpsgd,3,0.2,0.02,0.2,0.2062724083662033,0.029634682461619377,0.21180661022663116
500,1.0,5.635918426327381,1e-05,gaussian,3,0.2,0.02,0.2,0.20140795409679413,0.020306795835494995,0.2025952935218811
500,1.0,5.635918426327381,1e-05,edge_flip,3,0.2,0.02,0.2,0.2012171894311905,0.020446645095944405,0.20322342216968536
500,1.0,5.635918426327381,1e-05,sbm_dpsgd,4,0.2,0.02,0.2,0.19947345554828644,0.031167635694146156,0.20856329798698425
500,1.0,5.635918426327381,1e-05,gaussian,4,0.2,0.02,0.2,0.19671790301799774,0.019394613802433014,0.20419491827487946
500,1.0,5.635918426327381,1e-05,edge_flip,4,0.2,0.02,0.2,0.19671934843063354,0.019366970285773277,0.20387059450149536
500,1.0,5.635918426327381,1e-05,sbm_dpsgd,5,0.2,0.02,0.2,0.20675288140773773,0.03047870099544525,0.1987091600894928
500,1.0,5.635918426327381,1e-05,gaussian,5,0.2,0.02,0.2,0.19977864623069763,0.019834116101264954,0.19521811604499817
500,1.0,5.635918426327381,1e-05,edge_flip,5,0.2,0.02,0.2,0.2000199258327484,0.01983429305255413,0.19484254717826843
500,1.0,5.635918426327381,1e-05,sbm_dpsgd,6,0.2,0.02,0.2,0.20486457645893097,0.03269385173916817,0.20096980035305023
500,1.0,5.635918426327381,1e-05,gaussian,6,0.2,0.02,0.2,0.19987072050571442,0.01955810934305191,0.19522230327129364
500,1.0,5.635918426327381,1e-05,edge_flip,6,0.2,0.02,0.2,0.19946981966495514,0.01964091695845127,0.19536028802394867
500,1.0,5.635918426327381,1e-05,sbm_dpsgd,7,0.2,0.02,0.2,0.20325542986392975,0.03149767592549324,0.20429223775863647
500,1.0,5.635918426327381,1e-05,gaussian,7,0.2,0.02,0.2,0.1969885677099228,0.02004336006939411,0.19730634987354279
500,1.0,5.635918426327381,1e-05,edge_flip,7,0.2,0.02,0.2,0.19671934843063354,0.019963208585977554,0.1971723735332489
500,1.0,5.635918426327381,1e-05,sbm_dpsgd,8,0.2,0.02,0.2,0.2035401314496994,0.031878598034381866,0.20211392641067505
500,1.0,5.635918426327381,1e-05,gaussian,8,0.2,0.02,0.2,0.19865719974040985,0.01975158229470253,0.1989966183900833
500,1.0,5.635918426327381,1e-05,edge_flip,8,0.2,0.02,0.2,0.19921095669269562,0.01930251158773899,0.19859614968299866
500,1.0,5.635918426327381,1e-05,sbm_dpsgd,9,0.2,0.02,0.2,0.1999931037425995,0.033216625452041626,0.20158958435058594
500,1.0,5.635918426327381,1e-05,gaussian,9,0.2,0.02,0.2,0.1976495236158371,0.019892938435077667,0.19990165531635284
500,1.0,5.635918426327381,1e-05,edge_flip,9,0.2,0.02,0.2,0.19762538373470306,0.019753718748688698,0.1999228447675705
500,1.0,5.635918426327381,1e-05,sbm_dpsgd,10,0.2,0.02,0.2,0.2067759484052658,0.033072471618652344,0.20965620875358582
500,1.0,5.635918426327381,1e-05,gaussian,10,0.2,0.02,0.2,0.19942934811115265,0.020607909187674522,0.2016797959804535
500,1.0,5.635918426327381,1e-05,edge_flip,10,0.2,0.02,0.2,0.1994374692440033,0.020382188260555267,0.20205850899219513
500,1.0,5.635918426327381,1e-05,sbm_dpsgd,11,0.2,0.02,0.2,0.2048480212688446,0.032934412360191345,0.20504987239837646
500,1.0,5.635918426327381,1e-05,gaussian,11,0.2,0.02,0.2,0.19779269397258759,0.01923779398202896,0.20094165205955505
500,1.0,5.635918426327381,1e-05,edge_flip,11,0.2,0.02,0.2,0.19759303331375122,0.019270282238721848,0.2007318139076233
500,1.0,5.635918426327381,1e-05,sbm_dpsgd,12,0.2,0.02,0.2,0.20493431389331818,0.032975662499666214,0.202193021774292
500,1.0,5.635918426327381,1e-05,gaussian,12,0.2,0.02,0.2,0.19917121529579163,0.02043471857905388,0.195681631565094
500,1.0,5.635918426327381,1e-05,edge_flip,12,0.2,0.02,0.2,0.19859614968299866,0.020285500213503838,0.1955544352531433
500,1.0,5.635918426327381,1e-05,sbm_dpsgd,13,0.2,0.02,0.2,0.2061331570148468,0.03219934180378914,0.20961035788059235
500,1.0,5.635918426327381,1e-05,gaussian,13,0.2,0.02,0.2,0.20316733419895172,0.01950852759182453,0.2044416069984436
500,1.0,5.635918426327381,1e-05,edge_flip,13,0.2,0.02,0.2,0.20335285365581512,0.01964091695845127,0.20412945747375488
500,1.0,5.635918426327381,1e-05,sbm_dpsgd,14,0.2,0.02,0.2,0.20542968809604645,0.03017387166619301,0.20197194814682007
500,1.0,5.635918426327381,1e-05,gaussian,14,0.2,0.02,0.2,0.20151422917842865,0.019606132060289383,0.19671252369880676
500,1.0,5.635918426327381,1e-05,edge_flip,14,0.2,0.02,0.2,0.20176728069782257,0.0194958858191967,0.19714000821113586
500,1.0,5.635918426327381,1e-05,sbm_dpsgd,15,0.2,0.02,0.2,0.20258213579654694,0.03156270459294319,0.20110157132148743
500,1.0,5.635918426327381,1e-05,gaussian,15,0.2,0.02,0.2,0.2017006129026413,0.019749129191040993,0.19627860188484192
500,1.0,5.635918426327381,1e-05,edge_flip,15,0.2,0.02,0.2,0.20199379324913025,0.019914865493774414,0.19681642949581146
500,1.0,5.635918426327381,1e-05,sbm_dpsgd,16,0.2,0.02,0.2,0.2089865505695343,0.030326753854751587,0.20509129762649536
500,1.0,5.635918426327381,1e-05,gaussian,16,0.2,0.02,0.2,0.20335792005062103,0.02063639461994171,0.19915352761745453
500,1.0,5.635918426327381,1e-05,edge_flip,16,0.2,0.02,0.2,0.20370879769325256,0.020865624770522118,0.19966398179531097
500,1.0,5.635918426327381,1e-05,sbm_dpsgd,17,0.2,0.02,0.2,0.20651786029338837,0.03096795827150345,0.20348422229290009
500,1.0,5.635918426327381,1e-05,gaussian,17,0.2,0.02,0.2,0.2004231959581375,0.019465647637844086,0.1989605724811554
500,1.0,5.635918426327381,1e-05,edge_flip,17,0.2,0.02,0.2,0.20018170773983002,0.019173596054315567,0.19859614968299866
500,1.0,5.635918426327381,1e-05,sbm_dpsgd,18,0.2,0.02,0.2,0.20626254379749298,0.032005276530981064,0.20602037012577057
500,1.0,5.635918426327381,1e-05,gaussian,18,0.2,0.02,0.2,0.20006927847862244,0.021126260980963707,0.1992504894733429
500,1.0,5.635918426327381,1e-05,edge_flip,18,0.2,0.02,0.2,0.20005227625370026,0.02089785411953926,0.1991138756275177
500,1.0,5.635918426327381,1e-05,sbm_dpsgd,19,0.2,0.02,0.2,0.20493163168430328,0.031969644129276276,0.20131565630435944
500,1.0,5.635918426327381,1e-05,gaussian,19,0.2,0.02,0.2,0.19892914593219757,0.01993568241596222,0.19958531856536865
500,1.0,5.635918426327381,1e-05,edge_flip,19,0.2,0.02,0.2,0.19921095669269562,0.019673146307468414,0.1994374692440033
500,2.0,2.668102829441137,1e-05,sbm_dpsgd,0,0.2,0.02,0.2,0.2072605937719345,0.030918149277567863,0.201317697763443
500,2.0,2.668102829441137,1e-05,gaussian,0,0.2,0.02,0.2,0.20186291635036469,0.01959366723895073,0.19654732942581177
500,2.0,2.668102829441137,1e-05,edge_flip,0,0.2,0.02,0.2,0.2018211930990219,0.019357990473508835,0.20049209892749786
500,2.0,2.668102829441137,1e-05,sbm_dpsgd,1,0.2,0.02,0.2,0.2039441615343094,0.03192906826734543,0.20291104912757874
500,2.0,2.668102829441137,1e-05,gaussian,1,0.2,0.02,0.2,0.19813114404678345,0.020672034472227097,0.1988222301006317
500,2.0,2.668102829441137,1e-05,edge_flip,1,0.2,0.02,0.2,0.19716936349868774,0.01895350217819214,0.19735395908355713
500,2.0,2.668102829441137,1e-05,sbm_dpsgd,2,0.2,0.02,0.2,0.20504659414291382,0.030952468514442444,0.20712809264659882
500,2.0,2.668102829441137,1e-05,gaussian,2,0.2,0.02,0.2,0.2007187008857727,0.01957496628165245,0.19909295439720154
500,2.0,2.668102829441137,1e-05,edge_flip,2,0.2,0.02,0.2,0.20078745484352112,0.019707320258021355,0.19750162959098816
500,2.0,2.668102829441137,1e-05,sbm_dpsgd,3,0.2,0.02,0.2,0.1987544745206833,0.03268839046359062,0.20498378574848175
500,2.0,2.668102829441137,1e-05,gaussian,3,0.2,0.02,0.2,0.19708251953125,0.019618717953562737,0.2013615220785141
500,2.0,2.668102829441137,1e-05,edge_flip,3,0.2,0.02,0.2,0.19624638557434082,0.01911897398531437,0.2022642195224762
500,2.0,2.668102829441137,1e-05,sbm_dpsgd,4,0.2,0.02,0.2,0.20432420074939728,0.03213921934366226,0.20880594849586487
500,2.0,2.668102829441137,1e-05,gaussian,4,0.2,0.02,0.2,0.19968487322330475,0.020097509026527405,0.20208562910556793
500,2.0,2.668102829441137,1e-05,edge_flip,4,0.2,0.02,0.2,0.19827693700790405,0.020589839667081833,0.19835077226161957
500,2.0,2.668102829441137,1e-05,sbm_dpsgd,5,0.2,0.02,0.2,0.2025575190782547,0.030108535662293434,0.20486488938331604
500,2.0,2.668102829441137,1e-05,gaussian,5,0.2,0.02,0.2,0.19734050333499908,0.020232312381267548,0.200832337141037
500,2.0,2.668102829441137,1e-05,edge_flip,5,0.2,0.02,0.2,0.1956556737422943,0.019008658826351166,0.19812926650047302
500,2.0,2.668102829441137,1e-05,sbm_dpsgd,6,0.2,0.02,0.2,0.2022085040807724,0.031159989535808563,0.20308305323123932
500,2.0,2.668102829441137,1e-05,gaussian,6,0.2,0.02,0.2,0.19724075496196747,0.020259691402316093,0.19882051646709442
500,2.0,2.668102829441137,1e-05,edge_flip,6,0.2,0.02,0.2,0.1972062736749649,0.017482636496424675,0.20100897550582886
500,2.0,2.668102829441137,1e-05,sbm_dpsgd,7,0.2,0.02,0.2,0.20424853265285492,0.033622611314058304,0.21106906235218048
500,2.0,2.668102829441137,1e-05,gaussian,7,0.2,0.02,0.2,0.1980777531862259,0.019294584169983864,0.20444250106811523
500,2.0,2.668102829441137,1e-05,edge_flip,7,0.2,0.02,0.2,0.19794467091560364,0.01862255670130253,0.20296569168567657
500,2.0,2.668102829441137,1e-05,sbm_dpsgd,8,0.2,0.02,0.2,0.21141009032726288,0.032367706298828125,0.20511379837989807
500,2.0,2.668102829441137,1e-05,gaussian,8,0.2,0.02,0.2,0.20367558300495148,0.02088269405066967,0.20143234729766846
500,2.0,2.668102829441137,1e-05,edge_flip,8,0.2,0.02,0.2,0.20407326519489288,0.0185674000531435,0.20433171093463898
500,2.0,2.668102829441137,1e-05,sbm_dpsgd,9,0.2,0.02,0.2,0.2044340968132019,0.02868945524096489,0.20680548250675201
500,2.0,2.668102829441137,1e-05,gaussian,9,0.2,0.02,0.2,0.20221377909183502,0.019789954647421837,0.20137059688568115
500,2.0,2.668102829441137,1e-05,edge_flip,9,0.2,0.02,0.2,0.20196887850761414,0.018861573189496994,0.19979062676429749
500,2.0,2.668102829441137,1e-05,sbm_dpsgd,10,0.2,0.02,0.2,0.20599675178527832,0.032219987362623215,0.20267938077449799
500,2.0,2.668102829441137,1e-05,gaussian,10,0.2,0.02,0.2,0.1990746259689331,0.018365059047937393,0.19855903089046478
500,2.0,2.668102829441137,1e-05,edge_flip,10,0.2,0.02,0.2,0.19787082076072693,0.01946830563247204,0.20030750334262848
500,2.0,2.668102829441137,1e-05,sbm_dpsgd,11,0.2,0.02,0.2,0.20669859647750854,0.030479907989501953,0.2054692953824997
500,2.0,2.668102829441137,1e-05,gaussian,11,0.2,0.02,0.2,0.20227675139904022,0.020692365244030952,0.20187705755233765
500,2.0,2.668102829441137,1e-05,edge_flip,11,0.2,0.02,0.2,0.2030395269393921,0.02115979976952076,0.2027810961008072
500,2.0,2.668102829441137,1e-05,sbm_dpsgd,12,0.2,0.02,0.2,0.2060714215040207,0.034420717507600784,0.20438170433044434
500,2.0,2.668102829441137,1e-05,gaussian,12,0.2,0.02,0.2,0.19993802905082703,0.02107101120054722,0.1997993290424347
500,2.0,2.668102829441137,1e-05,edge_flip,12,0.2,0.02,0.2,0.2025226652622223,0.021288501098752022,0.1990153193473816
500,2.0,2.668102829441137,1e-05,sbm_dpsgd,13,0.2,0.02,0.2,0.20580437779426575,0.0318545363843441,0.20940084755420685
500,2.0,2.668102829441137,1e-05,gaussian,13,0.2,0.02,0.2,0.1992795169353485,0.019804172217845917,0.20240527391433716
500,2.0,2.668102829441137,1e-05,edge_flip,13,0.2,0.02,0.2,0.19953219592571259,0.02029566653072834,0.2063622623682022
500,2.0,2.668102829441137,1e-05,sbm_dpsgd,14,0.2,0.02,0.2,0.20355479419231415,0.03297558054327965,0.20541493594646454
500,2.0,2.668102829441137,1e-05,gaussian,14,0.2,0.02,0.2,0.19807279109954834,0.019924135878682137,0.19848956167697906
500,2.0,2.668102829441137,1e-05,edge_flip,14,0.2,0.02,0.2,0.19820310175418854,0.019744092598557472,0.19761238992214203
500,2.0,2.668102829441137,1e-05,sbm_dpsgd,15,0.2,0.02,0.2,0.2088589072227478,0.03313538804650307,0.20707491040229797
500,2.0,2.668102829441137,1e-05,gaussian,15,0.2,0.02,0.2,0.20063650608062744,0.020476175472140312,0.20188015699386597
500,2.0,2.668102829441137,1e-05,edge_flip,15,0.2,0.02,0.2,0.1987568885087967,0.02132527157664299,0.20100897550582886
500,2.0,2.668102829441137,1e-05,sbm_dpsgd,16,0.2,0.02,0.2,0.20330585539340973,0.028189614415168762,0.2032744139432907
500,2.0,2.668102829441137,1e-05,gaussian,16,0.2,0.02,0.2,0.20063741505146027,0.019899947568774223,0.19776718318462372
500,2.0,2.668102829441137,1e-05,edge_flip,16,0.2,0.02,0.2,0.20137816667556763,0.020865626633167267,0.19997522234916687
500,2.0,2.668102829441137,1e-05,sbm_dpsgd,17,0.2,0.02,0.2,0.2043818235397339,0.03155696392059326,0.2072983980178833
500,2.0,2.668102829441137,1e-05,gaussian,17,0.2,0.02,0.2,0.198246568441391,0.020492738112807274,0.2058303952217102
500,2.0,2.668102829441137,1e-05,edge_flip,17,0.2,0.02,0.2,0.19624638557434082,0.02014858089387417,0.2062884271144867
500,2.0,2.668102829441137,1e-05,sbm_dpsgd,18,0.2,0.02,0.2,0.20437829196453094,0.0354037769138813,0.21098612248897552
500,2.0,2.668102829441137,1e-05,gaussian,18,0.2,0.02,0.2,0.20009420812129974,0.021312156692147255,0.2032202184200287
500,2.0,2.668102829441137,1e-05,edge_flip,18,0.2,0.02,0.2,0.20222730934619904,0.01961539126932621,0.2060299962759018
500,2.0,2.668102829441137,1e-05,sbm_dpsgd,19,0.2,0.02,0.2,0.20231246948242188,0.03163402900099754,0.21078650653362274
500,2.0,2.668102829441137,1e-05,gaussian,19,0.2,0.02,0.2,0.19949381053447723,0.020985668525099754,0.20214781165122986
500,2.0,2.668102829441137,1e-05,edge_flip,19,0.2,0.02,0.2,0.19879381358623505,0.02112302929162979,0.2006397694349289
500,5.0,1.0338953100711687,1e-05,sbm_dpsgd,0,0.2,0.02,0.2,0.2061471790075302,0.030728768557310104,0.1997264325618744
500,5.0,1.0338953100711687,1e-05,gaussian,0,0.2,0.02,0.2,0.19913767278194427,0.019548948854207993,0.1962077021598816
500,5.0,1.0338953100711687,1e-05,edge_flip,0,0.2,0.02,0.2,0.1927674412727356,0.017785947769880295,0.20114865899085999
500,5.0,1.0338953100711687,1e-05,sbm_dpsgd,1,0.2,0.02,0.2,0.2020834982395172,0.028360705822706223,0.20507849752902985
500,5.0,1.0338953100711687,1e-05,gaussian,1,0.2,0.02,0.2,0.1985965371131897,0.019568469375371933,0.199041947722435
500,5.0,1.0338953100711687,1e-05,edge_flip,1,0.2,0.02,0.2,0.1956738382577896,0.01970457099378109,0.1905369609594345
500,5.0,1.0338953100711687,1e-05,sbm_dpsgd,2,0.2,0.02,0.2,0.20677639544010162,0.030160456895828247,0.20195305347442627
500,5.0,1.0338953100711687,1e-05,gaussian,2,0.2,0.02,0.2,0.20256762206554413,0.019385438412427902,0.19664673507213593
500,5.0,1.0338953100711687,1e-05,edge_flip,2,0.2,0.02,0.2,0.1979043185710907,0.019637249410152435,0.19743119180202484
500,5.0,1.0338953100711687,1e-05,sbm_dpsgd,3,0.2,0.02,0.2,0.21142546832561493,0.03135448694229126,0.20539027452468872
500,5.0,1.0338953100711687,1e-05,gaussian,3,0.2,0.02,0.2,0.20234908163547516,0.019881604239344597,0.1972668170928955
500,5.0,1.0338953100711687,1e-05,edge_flip,3,0.2,0.02,0.2,0.20216251909732819,0.023912077769637108,0.1967552751302719
500,5.0,1.0338953100711687,1e-05,sbm_dpsgd,4,0.2,0.02,0.2,0.20445726811885834,0.036674898117780685,0.20536550879478455
500,5.0,1.0338953100711687,1e-05,gaussian,4,0.2,0.02,0.2,0.20063160359859467,0.01985638029873371,0.2024107277393341
500,5.0,1.0338953100711687,1e-05,edge_flip,4,0.2,0.02,0.2,0.20466336607933044,0.020680712535977364,0.20270323753356934
500,5.0,1.0338953100711687,1e-05,sbm_dpsgd,5,0.2,0.02,0.2,0.19744838774204254,0.029170211404561996,0.2012166529893875
500,5.0,1.0338953100711687,1e-05,gaussian,5,0.2,0.02,0.2,0.1977592259645462,0.020139385014772415,0.19614288210868835
500,5.0,1.0338953100711687,1e-05,edge_flip,5,0.2,0.02,0.2,0.20155420899391174,0.019401630386710167,0.19939130544662476
500,5.0,1.0338953100711687,1e-05,sbm_dpsgd,6,0.2,0.02,0.2,0.19845779240131378,0.03295515477657318,0.20189915597438812
500,5.0,1.0338953100711687,1e-05,gaussian,6,0.2,0.02,0.2,0.19178467988967896,0.01959136128425598,0.20009388029575348
500,5.0,1.0338953100711687,1e-05,edge_flip,6,0.2,0.02,0.2,0.19195635616779327,0.01718006655573845,0.2092595249414444
500,5.0,1.0338953100711687,1e-05,sbm_dpsgd,7,0.2,0.02,0.2,0.2057172805070877,0.03272029757499695,0.20459875464439392
500,5.0,1.0338953100711687,1e-05,gaussian,7,0.2,0.02,0.2,0.20036499202251434,0.019105467945337296,0.20258666574954987
500,5.0,1.0338953100711687,1e-05,edge_flip,7,0.2,0.02,0.2,0.2031763792037964,0.019199669361114502,0.20256806910037994
500,5.0,1.0338953100711687,1e-05,sbm_dpsgd,8,0.2,0.02,0.2,0.20463740825653076,0.03363955765962601,0.1997516006231308
500,5.0,1.0338953100711687,1e-05,gaussian,8,0.2,0.02,0.2,0.1966860145330429,0.01933009922504425,0.19867956638336182
500,5.0,1.0338953100711687,1e-05,edge_flip,8,0.2,0.02,0.2,0.19121286273002625,0.023104237392544746,0.19533587992191315
500,5.0,1.0338953100711687,1e-05,sbm_dpsgd,9,0.2,0.02,0.2,0.2027929276227951,0.038482002913951874,0.20580679178237915
500,5.0,1.0338953100711687,1e-05,gaussian,9,0.2,0.02,0.2,0.19841666519641876,0.021140368655323982,0.20064853131771088
500,5.0,1.0338953100711687,1e-05,edge_flip,9,0.2,0.02,0.2,0.1956738382577896,0.021858815103769302,0.20067553222179413
500,5.0,1.0338953100711687,1e-05,sbm_dpsgd,10,0.2,0.02,0.2,0.20313479006290436,0.03368692100048065,0.20237170159816742
500,5.0,1.0338953100711687,1e-05,gaussian,10,0.2,0.02,0.2,0.19796685874462128,0.019150491803884506,0.19654519855976105
500,5.0,1.0338953100711687,1e-05,edge_flip,10,0.2,0.02,0.2,0.1947275698184967,0.016877125948667526,0.1937813013792038
500,5.0,1.0338953100711687,1e-05,sbm_dpsgd,11,0.2,0.02,0.2,0.21092574298381805,0.03158823028206825,0.20401321351528168
500,5.0,1.0338953100711687,1e-05,gaussian,11,0.2,0.02,0.2,0.20071856677532196,0.020609334111213684,0.2004387527704239
500,5.0,1.0338953100711687,1e-05,edge_flip,11,0.2,0.02,0.2,0.20337915420532227,0.019805550575256348,0.20865119993686676
500,5.0,1.0338953100711687,1e-05,sbm_dpsgd,12,0.2,0.02,0.2,0.20038658380508423,0.03208621218800545,0.2066071480512619
500,5.0,1.0338953100711687,1e-05,gaussian,12,0.2,0.02,0.2,0.20016789436340332,0.020259669050574303,0.19882994890213013
500,5.0,1.0338953100711687,1e-05,edge_flip,12,0.2,0.02,0.2,0.19770154356956482,0.02394573763012886,0.1989181786775589
500,5.0,1.0338953100711687,1e-05,sbm_dpsgd,13,0.2,0.02,0.2,0.21140959858894348,0.03099936433136463,0.19547505676746368
500,5.0,1.0338953100711687,1e-05,gaussian,13,0.2,0.02,0.2,0.20119468867778778,0.020597152411937714,0.19677601754665375
500,5.0,1.0338953100711687,1e-05,edge_flip,13,0.2,0.02,0.2,0.19601178169250488,0.01839182712137699,0.1918211728334427
500,5.0,1.0338953100711687,1e-05,sbm_dpsgd,14,0.2,0.02,0.2,0.2105480432510376,0.032129254192113876,0.20385202765464783
500,5.0,1.0338953100711687,1e-05,gaussian,14,0.2,0.02,0.2,0.2062450647354126,0.018883267417550087,0.19962862133979797
500,5.0,1.0338953100711687,1e-05,edge_flip,14,0.2,0.02,0.2,0.20763735473155975,0.020546071231365204,0.20148661732673645
500,5.0,1.0338953100711687,1e-05,sbm_dpsgd,15,0.2,0.02,0.2,0.2047119289636612,0.034816354513168335,0.2040187418460846
500,5.0,1.0338953100711687,1e-05,gaussian,15,0.2,0.02,0.2,0.1998639851808548,0.02011748217046261,0.2020050436258316
500,5.0,1.0338953100711687,1e-05,edge_flip,15,0.2,0.02,0.2,0.1876305639743805,0.016708824783563614,0.20026998221874237
500,5.0,1.0338953100711687,1e-05,sbm_dpsgd,16,0.2,0.02,0.2,0.2065856009721756,0.0321858711540699,0.2110242396593094
500,5.0,1.0338953100711687,1e-05,gaussian,16,0.2,0.02,0.2,0.20079781115055084,0.02055187337100506,0.20289349555969238
500,5.0,1.0338953100711687,1e-05,edge_flip,16,0.2,0.02,0.2,0.19972926378250122,0.021623194217681885,0.20452818274497986
500,5.0,1.0338953100711687,1e-05,sbm_dpsgd,17,0.2,0.02,0.2,0.20467783510684967,0.03031579777598381,0.2096138298511505
500,5.0,1.0338953100711687,1e-05,gaussian,17,0.2,0.02,0.2,0.20048250257968903,0.019355544820427895,0.20053085684776306
500,5.0,1.0338953100711687,1e-05,edge_flip,17,0.2,0.02,0.2,0.20033757388591766,0.017483007162809372,0.20493373274803162
500,5.0,1.0338953100711687,1e-05,sbm_dpsgd,18,0.2,0.02,0.2,0.20760248601436615,0.028805900365114212,0.20447278022766113
500,5.0,1.0338953100711687,1e-05,gaussian,18,0.2,0.02,0.2,0.19979152083396912,0.019702402874827385,0.19935886561870575
500,5.0,1.0338953100711687,1e-05,edge_flip,18,0.2,0.02,0.2,0.1967552751302719,0.01893038861453533,0.20013479888439178
500,5.0,1.0338953100711687,1e-05,sbm_dpsgd,19,0.2,0.02,0.2,0.20624086260795593,0.03407713398337364,0.20861849188804626
500,5.0,1.0338953100711687,1e-05,gaussian,19,0.2,0.02,0.2,0.20144392549991608,0.01949010044336319,0.2049332708120346
500,5.0,1.0338953100711687,1e-05,edge_flip,19,0.2,0.02,0.2,0.20216251909732819,0.022834956645965576,0.2039874643087387
500,10.0,0.5431122541136532,1e-05,sbm_dpsgd,0,0.2,0.02,0.2,0.2043311446905136,0.034361232072114944,0.21762187778949738
500,10.0,0.5431122541136532,1e-05,gaussian,0,0.2,0.02,0.2,0.2019004076719284,0.021108102053403854,0.20308881998062134
500,10.0,0.5431122541136532,1e-05,edge_flip,0,0.2,0.02,0.2,0.20674052834510803,0.02163979969918728,0.19461986422538757
500,10.0,0.5431122541136532,1e-05,sbm_dpsgd,1,0.2,0.02,0.2,0.2026718705892563,0.033276136964559555,0.2086157649755478
500,10.0,0.5431122541136532,1e-05,gaussian,1,0.2,0.02,0.2,0.19271916151046753,0.01940876431763172,0.20243816077709198
500,10.0,0.5431122541136532,1e-05,edge_flip,1,0.2,0.02,0.2,0.198983296751976,0.026166869327425957,0.2012862265110016
500,10.0,0.5431122541136532,1e-05,sbm_dpsgd,2,0.2,0.02,0.2,0.19931243360042572,0.036760371178388596,0.1999414712190628
500,10.0,0.5431122541136532,1e-05,gaussian,2,0.2,0.02,0.2,0.20290611684322357,0.020148172974586487,0.19789177179336548
500,10.0,0.5431122541136532,1e-05,edge_flip,2,0.2,0.02,0.2,0.19195331633090973,0.02200196497142315,0.20080140233039856
500,10.0,0.5431122541136532,1e-05,sbm_dpsgd,3,0.2,0.02,0.2,0.20143334567546844,0.03198941424489021,0.213482066988945
500,10.0,0.5431122541136532,1e-05,gaussian,3,0.2,0.02,0.2,0.19781707227230072,0.019021540880203247,0.20152318477630615
500,10.0,0.5431122541136532,1e-05,edge_flip,3,0.2,0.02,0.2,0.2152249962091446,0.026287591084837914,0.20952828228473663
500,10.0,0.5431122541136532,1e-05,sbm_dpsgd,4,0.2,0.02,0.2,0.21894317865371704,0.03575688600540161,0.1989080011844635
500,10.0,0.5431122541136532,1e-05,gaussian,4,0.2,0.02,0.2,0.20017248392105103,0.020583201199769974,0.19523334503173828
500,10.0,0.5431122541136532,1e-05,edge_flip,4,0.2,0.02,0.2,0.1959531307220459,0.022967740893363953,0.18577177822589874
500,10.0,0.5431122541136532,1e-05,sbm_dpsgd,5,0.2,0.02,0.2,0.21353338658809662,0.029592271894216537,0.21147462725639343
500,10.0,0.5431122541136532,1e-05,gaussian,5,0.2,0.02,0.2,0.1993802934885025,0.02087758667767048,0.1967119574546814
500,10.0,0.5431122541136532,1e-05,edge_flip,5,0.2,0.02,0.2,0.19861967861652374,0.02568398043513298,0.20080140233039856
500,10.0,0.5431122541136532,1e-05,sbm_dpsgd,6,0.2,0.02,0.2,0.2026173621416092,0.029207542538642883,0.20355188846588135
500,10.0,0.5431122541136532,1e-05,gaussian,6,0.2,0.02,0.2,0.20273132622241974,0.01884092390537262,0.20314747095108032
500,10.0,0.5431122541136532,1e-05,edge_flip,6,0.2,0.02,0.2,0.206255704164505,0.019647890701889992,0.21061913669109344
500,10.0,0.5431122541136532,1e-05,sbm_dpsgd,7,0.2,0.02,0.2,0.20777854323387146,0.028558475896716118,0.21441368758678436
500,10.0,0.5431122541136532,1e-05,gaussian,7,0.2,0.02,0.2,0.19773097336292267,0.019803961738944054,0.19810113310813904
500,10.0,0.5431122541136532,1e-05,edge_flip,7,0.2,0.02,0.2,0.20783138275146484,0.005945964250713587,0.19583192467689514
500,10.0,0.5431122541136532,1e-05,sbm_dpsgd,8,0.2,0.02,0.2,0.1964663714170456,0.03670983761548996,0.2016448825597763
500,10.0,0.5431122541136532,1e-05,gaussian,8,0.2,0.02,0.2,0.1982274353504181,0.019582398235797882,0.19872455298900604
500,10.0,0.5431122541136532,1e-05,edge_flip,8,0.2,0.02,0.2,0.21280086040496826,0.03353089839220047,0.19461986422538757
500,10.0,0.5431122541136532,1e-05,sbm_dpsgd,9,0.2,0.02,0.2,0.20799709856510162,0.0314498245716095,0.2142811417579651
500,10.0,0.5431122541136532,1e-05,gaussian,9,0.2,0.02,0.2,0.20018109679222107,0.019941296428442,0.19859211146831512
500,10.0,0.5431122541136532,1e-05,edge_flip,9,0.2,0.02,0.2,0.19861967861652374,0.016146957874298096,0.18880194425582886
500,10.0,0.5431122541136532,1e-05,sbm_dpsgd,10,0.2,0.02,0.2,0.2102074772119522,0.02970171719789505,0.20859695971012115
500,10.0,0.5431122541136532,1e-05,gaussian,10,0.2,0.02,0.2,0.2012830227613449,0.02111203595995903,0.19822360575199127
500,10.0,0.5431122541136532,1e-05,edge_flip,10,0.2,0.02,0.2,0.19558951258659363,0.03564353287220001,0.20419518649578094
500,10.0,0.5431122541136532,1e-05,sbm_dpsgd,11,0.2,0.02,0.2,0.20432037115097046,0.031215716153383255,0.2005760222673416
500,10.0,0.5431122541136532,1e-05,gaussian,11,0.2,0.02,0.2,0.19917434453964233,0.01926383748650551,0.1976546198129654
500,10.0,0.5431122541136532,1e-05,edge_flip,11,0.2,0.02,0.2,0.2043163925409317,0.017414536327123642,0.1850445419549942
500,10.0,0.5431122541136532,1e-05,sbm_dpsgd,12,0.2,0.02,0.2,0.1980239450931549,0.03121265396475792,0.20515108108520508
500,10.0,0.5431122541136532,1e-05,gaussian,12,0.2,0.02,0.2,0.2029360979795456,0.020607847720384598,0.20057164132595062
500,10.0,0.5431122541136532,1e-05,edge_flip,12,0.2,0.02,0.2,0.19668038189411163,0.016448762267827988,0.20104381442070007
500,10.0,0.5431122541136532,1e-05,sbm_dpsgd,13,0.2,0.02,0.2,0.2081521600484848,0.029285505414009094,0.20049716532230377
500,10.0,0.5431122541136532,1e-05,gaussian,13,0.2,0.02,0.2,0.20262974500656128,0.019755642861127853,0.20154263079166412
500,10.0,0.5431122541136532,1e-05,edge_flip,13,0.2,0.02,0.2,0.17934782803058624,0.02381279319524765,0.19183211028575897
500,10.0,0.5431122541136532,1e-05,sbm_dpsgd,14,0.2,0.02,0.2,0.20579490065574646,0.0299987830221653,0.2086372822523117
500,10.0,0.5431122541136532,1e-05,gaussian,14,0.2,0.02,0.2,0.19864389300346375,0.019704733043909073,0.19822156429290771
500,10.0,0.5431122541136532,1e-05,edge_flip,14,0.2,0.02,0.2,0.20722535252571106,0.015482987277209759,0.20213466882705688
500,10.0,0.5431122541136532,1e-05,sbm_dpsgd,15,0.2,0.02,0.2,0.21085406839847565,0.030568571761250496,0.21749122440814972
500,10.0,0.5431122541136532,1e-05,gaussian,15,0.2,0.02,0.2,0.20222459733486176,0.019067030400037766,0.20595647394657135
500,10.0,0.5431122541136532,1e-05,edge_flip,15,0.2,0.02,0.2,0.20674052834510803,0.018501032143831253,0.19837726652622223
500,10.0,0.5431122541136532,1e-05,sbm_dpsgd,16,0.2,0.02,0.2,0.199713334441185,0.030766775831580162,0.2101871222257614
500,10.0,0.5431122541136532,1e-05,gaussian,16,0.2,0.02,0.2,0.2026502788066864,0.01998823881149292,0.20158298313617706
500,10.0,0.5431122541136532,1e-05,edge_flip,16,0.2,0.02,0.2,0.20916466414928436,0.02526145428419113,0.1833476424217224
500,10.0,0.5431122541136532,1e-05,sbm_dpsgd,17,0.2,0.02,0.2,0.21044236421585083,0.03282961621880531,0.2049209624528885
500,10.0,0.5431122541136532,1e-05,gaussian,17,0.2,0.02,0.2,0.19825568795204163,0.019168712198734283,0.19829951226711273
500,10.0,0.5431122541136532,1e-05,edge_flip,17,0.2,0.02,0.2,0.1951046884059906,0.01059375423938036,0.20758897066116333
500,10.0,0.5431122541136532,1e-05,sbm_dpsgd,18,0.2,0.02,0.2,0.20192155241966248,0.03437018021941185,0.19990378618240356
500,10.0,0.5431122541136532,1e-05,gaussian,18,0.2,0.02,0.2,0.2026168406009674,0.02012183889746666,0.2001485377550125
500,10.0,0.5431122541136532,1e-05,edge_flip,18,0.2,0.02,0.2,0.21983084082603455,0.020010055974125862,0.18637780845165253
500,10.0,0.5431122541136532,1e-05,sbm_dpsgd,19,0.2,0.02,0.2,0.20142623782157898,0.027774399146437645,0.2136901468038559
500,10.0,0.5431122541136532,1e-05,gaussian,19,0.2,0.02,0.2,0.19730998575687408,0.019576705992221832,0.20210957527160645
500,10.0,0.5431122541136532,1e-05,edge_flip,19,0.2,0.02,0.2,0.2006801962852478,0.01783706247806549,0.17983265221118927
500,20.0,0.40561225411365304,1e-05,sbm_dpsgd,0,0.2,0.02,0.2,0.19482079148292542,0.027633436024188995,0.20114831626415253
500,20.0,0.40561225411365304,1e-05,gaussian,0,0.2,0.02,0.2,0.19742493331432343,0.02101394534111023,0.20118486881256104
500,20.0,0.40561225411365304,1e-05,edge_flip,0,0.2,0.02,0.2,0.21150749921798706,0.01449145469814539,0.19191603362560272
500,20.0,0.40561225411365304,1e-05,sbm_dpsgd,1,0.2,0.02,0.2,0.21835264563560486,0.04304468259215355,0.2248115986585617
500,20.0,0.40561225411365304,1e-05,gaussian,1,0.2,0.02,0.2,0.19785183668136597,0.02078142762184143,0.19853638112545013
500,20.0,0.40561225411365304,1e-05,edge_flip,1,0.2,0.02,0.2,0.178587406873703,0.025687500834465027,0.23270483314990997
500,20.0,0.40561225411365304,1e-05,sbm_dpsgd,2,0.2,0.02,0.2,0.19414140284061432,0.04103311151266098,0.1968187540769577
500,20.0,0.40561225411365304,1e-05,gaussian,2,0.2,0.02,0.2,0.20248456299304962,0.01871402934193611,0.20200403034687042
500,20.0,0.40561225411365304,1e-05,edge_flip,2,0.2,0.02,0.2,0.18838313221931458,0.014971285127103329,0.21311336755752563
500,20.0,0.40561225411365304,1e-05,sbm_dpsgd,3,0.2,0.02,0.2,0.19770491123199463,0.03516862168908119,0.20258024334907532
500,20.0,0.40561225411365304,1e-05,gaussian,3,0.2,0.02,0.2,0.19717304408550262,0.019853105768561363,0.19545064866542816
500,20.0,0.40561225411365304,1e-05,edge_flip,3,0.2,0.02,0.2,0.2087775468826294,0.025607530027627945,0.21054399013519287
500,20.0,0.40561225411365304,1e-05,sbm_dpsgd,4,0.2,0.02,0.2,0.21049244701862335,0.02951592579483986,0.20001283288002014
500,20.0,0.40561225411365304,1e-05,gaussian,4,0.2,0.02,0.2,0.2007899135351181,0.019711114466190338,0.19744811952114105
500,20.0,0.40561225411365304,1e-05,edge_flip,4,0.2,0.02,0.2,0.20668992400169373,0.020329393446445465,0.19609126448631287
500,20.0,0.40561225411365304,1e-05,sbm_dpsgd,5,0.2,0.02,0.2,0.2220812886953354,0.03346937894821167,0.2342015653848648
500,20.0,0.40561225411365304,1e-05,gaussian,5,0.2,0.02,0.2,0.20239169895648956,0.02111283876001835,0.19966617226600647
500,20.0,0.40561225411365304,1e-05,edge_flip,5,0.2,0.02,0.2,0.18099619448184967,0.009133347310125828,0.2010694146156311
500,20.0,0.40561225411365304,1e-05,sbm_dpsgd,6,0.2,0.02,0.2,0.19682608544826508,0.03573000431060791,0.2212740182876587
500,20.0,0.40561225411365304,1e-05,gaussian,6,0.2,0.02,0.2,0.1999225616455078,0.01912112720310688,0.20337443053722382
500,20.0,0.40561225411365304,1e-05,edge_flip,6,0.2,0.02,0.2,0.21086515486240387,0.03216521441936493,0.21471922099590302
500,20.0,0.40561225411365304,1e-05,sbm_dpsgd,7,0.2,0.02,0.2,0.1934739649295807,0.02638690173625946,0.230743870139122
500,20.0,0.40561225411365304,1e-05,gaussian,7,0.2,0.02,0.2,0.201564222574234,0.01959291100502014,0.19989241659641266
500,20.0,0.40561225411365304,1e-05,edge_flip,7,0.2,0.02,0.2,0.20588698983192444,0.027206964790821075,0.22162440419197083
500,20.0,0.40561225411365304,1e-05,sbm_dpsgd,8,0.2,0.02,0.2,0.23381540179252625,0.03010009601712227,0.20671173930168152
500,20.0,0.40561225411365304,1e-05,gaussian,8,0.2,0.02,0.2,0.2008962482213974,0.019665034487843513,0.20586811006069183
500,20.0,0.40561225411365304,1e-05,edge_flip,8,0.2,0.02,0.2,0.19577008485794067,0.022008800879120827,0.19239778816699982
500,20.0,0.40561225411365304,1e-05,sbm_dpsgd,9,0.2,0.02,0.2,0.21208499372005463,0.03276708349585533,0.2208080142736435
500,20.0,0.40561225411365304,1e-05,gaussian,9,0.2,0.02,0.2,0.19944041967391968,0.018912117928266525,0.20055153965950012
500,20.0,0.40561225411365304,1e-05,edge_flip,9,0.2,0.02,0.2,0.21359512209892273,0.01849004253745079,0.19079191982746124
500,20.0,0.40561225411365304,1e-05,sbm_dpsgd,10,0.2,0.02,0.2,0.2076960802078247,0.03903598710894585,0.20819877088069916
500,20.0,0.40561225411365304,1e-05,gaussian,10,0.2,0.02,0.2,0.19693639874458313,0.01999701000750065,0.20413126051425934
500,20.0,0.40561225411365304,1e-05,edge_flip,10,0.2,0.02,0.2,0.215040385723114,0.03592388704419136,0.2168068289756775
500,20.0,0.40561225411365304,1e-05,sbm_dpsgd,11,0.2,0.02,0.2,0.2164466381072998,0.03083430416882038,0.21002186834812164
500,20.0,0.40561225411365304,1e-05,gaussian,11,0.2,0.02,0.2,0.1984056681394577,0.019360583275556564,0.19903643429279327
500,20.0,0.40561225411365304,1e-05,edge_flip,11,0.2,0.02,0.2,0.19914239645004272,0.01529117301106453,0.20492348074913025
500,20.0,0.40561225411365304,1e-05,sbm_dpsgd,12,0.2,0.02,0.2,0.19746367633342743,0.026431091129779816,0.2260953187942505
500,20.0,0.40561225411365304,1e-05,gaussian,12,0.2,0.02,0.2,0.1998671591281891,0.02039637789130211,0.19918158650398254
500,20.0,0.40561225411365304,1e-05,edge_flip,12,0.2,0.02,0.2,0.18228086829185486,0.004175098147243261,0.2158433198928833
500,20.0,0.40561225411365304,1e-05,sbm_dpsgd,13,0.2,0.02,0.2,0.2045692503452301,0.03781094402074814,0.21876344084739685
500,20.0,0.40561225411365304,1e-05,gaussian,13,0.2,0.02,0.2,0.20073434710502625,0.019389737397432327,0.2016514390707016
500,20.0,0.40561225411365304,1e-05,edge_flip,13,0.2,0.02,0.2,0.20331762731075287,0.0275268517434597,0.1928795427083969
500,20.0,0.40561225411365304,1e-05,sbm_dpsgd,14,0.2,0.02,0.2,0.20881301164627075,0.03823929652571678,0.19755594432353973
500,20.0,0.40561225411365304,1e-05,gaussian,14,0.2,0.02,0.2,0.19543318450450897,0.01873144507408142,0.20051421225070953
500,20.0,0.40561225411365304,1e-05,edge_flip,14,0.2,0.02,0.2,0.19689418375492096,0.01593094691634178,0.2227485179901123
500,20.0,0.40561225411365304,1e-05,sbm_dpsgd,15,0.2,0.02,0.2,0.20563726127147675,0.04503009468317032,0.2087014615535736
500,20.0,0.40561225411365304,1e-05,gaussian,15,0.2,0.02,0.2,0.19632793962955475,0.019594134762883186,0.2009078562259674
500,20.0,0.40561225411365304,1e-05,edge_flip,15,0.2,0.02,0.2,0.19207660853862762,0.03816309571266174,0.1943248212337494
500,20.0,0.40561225411365304,1e-05,sbm_dpsgd,16,0.2,0.02,0.2,0.2182939648628235,0.03943680226802826,0.1953592300415039
500,20.0,0.40561225411365304,1e-05,gaussian,16,0.2,0.02,0.2,0.2036101371049881,0.020462507382035255,0.19863229990005493
500,20.0,0.40561225411365304,1e-05,edge_flip,16,0.2,0.02,0.2,0.18918606638908386,0.025207670405507088,0.20492348074913025
500,20.0,0.40561225411365304,1e-05,sbm_dpsgd,17,0.2,0.02,0.2,0.1936013549566269,0.039251625537872314,0.2133816033601761
500,20.0,0.40561225411365304,1e-05,gaussian,17,0.2,0.02,0.2,0.19956403970718384,0.019322961568832397,0.20194876194000244
500,20.0,0.40561225411365304,1e-05,edge_flip,17,0.2,0.02,0.2,0.21182867884635925,0.035044196993112564,0.21247102320194244
500,20.0,0.40561225411365304,1e-05,sbm_dpsgd,18,0.2,0.02,0.2,0.20814092457294464,0.03042699210345745,0.20328748226165771
500,20.0,0.40561225411365304,1e-05,gaussian,18,0.2,0.02,0.2,0.20174823701381683,0.020885104313492775,0.19985860586166382
500,20.0,0.40561225411365304,1e-05,edge_flip,18,0.2,0.02,0.2,0.20235410332679749,0.02120908349752426,0.19496716558933258
500,20.0,0.40561225411365304,1e-05,sbm_dpsgd,19,0.2,0.02,0.2,0.1975695937871933,0.032622549682855606,0.19987301528453827
500,20.0,0.40561225411365304,1e-05,gaussian,19,0.2,0.02,0.2,0.1955110877752304,0.020074954256415367,0.19837237894535065
500,20.0,0.40561225411365304,1e-05,edge_flip,19,0.2,0.02,0.2,0.2158433198928833,0.007373968604952097,0.19239778816699982
1000,1.0,5.635918426327381,1e-05,sbm_dpsgd,0,0.2,0.02,0.2,0.20524677634239197,0.03247200325131416,0.20258831977844238
1000,1.0,5.635918426327381,1e-05,gaussian,0,0.2,0.02,0.2,0.19963830709457397,0.02016480825841427,0.19807015359401703
1000,1.0,5.635918426327381,1e-05,edge_flip,0,0.2,0.02,0.2,0.19982989132404327,0.020140469074249268,0.19785189628601074
1000,1.0,5.635918426327381,1e-05,sbm_dpsgd,1,0.2,0.02,0.2,0.20598697662353516,0.031949374824762344,0.20426221191883087
1000,1.0,5.635918426327381,1e-05,gaussian,1,0.2,0.02,0.2,0.19994597136974335,0.020028788596391678,0.19903923571109772
1000,1.0,5.635918426327381,1e-05,edge_flip,1,0.2,0.02,0.2,0.19987833499908447,0.02020895667374134,0.19901446998119354
1000,1.0,5.635918426327381,1e-05,sbm_dpsgd,2,0.2,0.02,0.2,0.2047768533229828,0.03261894732713699,0.20402798056602478
1000,1.0,5.635918426327381,1e-05,gaussian,2,0.2,0.02,0.2,0.2002411037683487,0.02010994590818882,0.19839292764663696
1000,1.0,5.635918426327381,1e-05,edge_flip,2,0.2,0.02,0.2,0.20010438561439514,0.02036607265472412,0.19833630323410034
1000,1.0,5.635918426327381,1e-05,sbm_dpsgd,3,0.2,0.02,0.2,0.20465926826000214,0.03245840594172478,0.20131921768188477
1000,1.0,5.635918426327381,1e-05,gaussian,3,0.2,0.02,0.2,0.20086504518985748,0.020322145894169807,0.1961212307214737
1000,1.0,5.635918426327381,1e-05,edge_flip,3,0.2,0.02,0.2,0.20096823573112488,0.02040233090519905,0.19593042135238647
1000,1.0,5.635918426327381,1e-05,sbm_dpsgd,4,0.2,0.02,0.2,0.20640474557876587,0.032193370163440704,0.20682920515537262
1000,1.0,5.635918426327381,1e-05,gaussian,4,0.2,0.02,0.2,0.20096231997013092,0.0199465099722147,0.19991187751293182
1000,1.0,5.635918426327381,1e-05,edge_flip,4,0.2,0.02,0.2,0.201008602976799,0.019693290814757347,0.19997520744800568
1000,1.0,5.635918426327381,1e-05,sbm_dpsgd,5,0.2,0.02,0.2,0.20578071475028992,0.03166038170456886,0.20393621921539307
1000,1.0,5.635918426327381,1e-05,gaussian,5,0.2,0.02,0.2,0.19906911253929138,0.020093906670808792,0.2005210816860199
1000,1.0,5.635918426327381,1e-05,edge_flip,5,0.2,0.02,0.2,0.19927282631397247,0.020168669521808624,0.20089557766914368
1000,1.0,5.635918426327381,1e-05,sbm_dpsgd,6,0.2,0.02,0.2,0.20506460964679718,0.032188862562179565,0.2044934183359146
1000,1.0,5.635918426327381,1e-05,gaussian,6,0.2,0.02,0.2,0.1993427723646164,0.020291319116950035,0.20106913149356842
1000,1.0,5.635918426327381,1e-05,edge_flip,6,0.2,0.02,0.2,0.19927282631397247,0.02013644017279148,0.20097631216049194
1000,1.0,5.635918426327381,1e-05,sbm_dpsgd,7,0.2,0.02,0.2,0.20566518604755402,0.03284541144967079,0.20560245215892792
1000,1.0,5.635918426327381,1e-05,gaussian,7,0.2,0.02,0.2,0.1994493156671524,0.020351935178041458,0.2018539011478424
1000,1.0,5.635918426327381,1e-05,edge_flip,7,0.2,0.02,0.2,0.19945043325424194,0.020325787365436554,0.2017109990119934
1000,1.0,5.635918426327381,1e-05,sbm_dpsgd,8,0.2,0.02,0.2,0.20435000956058502,0.03254401311278343,0.20296113193035126
1000,1.0,5.635918426327381,1e-05,gaussian,8,0.2,0.02,0.2,0.19902370870113373,0.020006492733955383,0.19903819262981415
1000,1.0,5.635918426327381,1e-05,edge_flip,8,0.2,0.02,0.2,0.1989014446735382,0.019963208585977554,0.19923245906829834
1000,1.0,5.635918426327381,1e-05,sbm_dpsgd,9,0.2,0.02,0.2,0.20388968288898468,0.03089374303817749,0.20327012240886688
1000,1.0,5.635918426327381,1e-05,gaussian,9,0.2,0.02,0.2,0.19950008392333984,0.020077791064977646,0.19788804650306702
1000,1.0,5.635918426327381,1e-05,edge_flip,9,0.2,0.02,0.2,0.19945043325424194,0.019878607243299484,0.19813446700572968
1000,1.0,5.635918426327381,1e-05,sbm_dpsgd,10,0.2,0.02,0.2,0.20505081117153168,0.0307464562356472,0.20669862627983093
1000,1.0,5.635918426327381,1e-05,gaussian,10,0.2,0.02,0.2,0.1996636688709259,0.019637420773506165,0.20105937123298645
1000,1.0,5.635918426327381,1e-05,edge_flip,10,0.2,0.02,0.2,0.1997249275445938,0.019681204110383987,0.20106512308120728
1000,1.0,5.635918426327381,1e-05,sbm_dpsgd,11,0.2,0.02,0.2,0.20435254275798798,0.032786279916763306,0.2053382843732834
1000,1.0,5.635918426327381,1e-05,gaussian,11,0.2,0.02,0.2,0.19932419061660767,0.020600296556949615,0.19952526688575745
1000,1.0,5.635918426327381,1e-05,edge_flip,11,0.2,0.02,0.2,0.1996038258075714,0.020587649196386337,0.19945043325424194
1000,1.0,5.635918426327381,1e-05,sbm_dpsgd,12,0.2,0.02,0.2,0.2046978622674942,0.030928557738661766,0.20501960813999176
1000,1.0,5.635918426327381,1e-05,gaussian,12,0.2,0.02,0.2,0.1993969827890396,0.020094430074095726,0.20055581629276276
1000,1.0,5.635918426327381,1e-05,edge_flip,12,0.2,0.02,0.2,0.19958768784999847,0.01987054944038391,0.2004273235797882
1000,1.0,5.635918426327381,1e-05,sbm_dpsgd,13,0.2,0.02,0.2,0.20614035427570343,0.031366851180791855,0.20392683148384094
1000,1.0,5.635918426327381,1e-05,gaussian,13,0.2,0.02,0.2,0.2000608742237091,0.01958254538476467,0.20001086592674255
1000,1.0,5.635918426327381,1e-05,edge_flip,13,0.2,0.02,0.2,0.19976529479026794,0.019632861018180847,0.1998702585697174
1000,1.0,5.635918426327381,1e-05,sbm_dpsgd,14,0.2,0.02,0.2,0.20566760003566742,0.030746256932616234,0.20334751904010773
1000,1.0,5.635918426327381,1e-05,gaussian,14,0.2,0.02,0.2,0.20084552466869354,0.019709860906004906,0.19864405691623688
1000,1.0,5.635918426327381,1e-05,edge_flip,14,0.2,0.02,0.2,0.20080676674842834,0.01954423077404499,0.19849777221679688
1000,1.0,5.635918426327381,1e-05,sbm_dpsgd,15,0.2,0.02,0.2,0.2032606303691864,0.03168899565935135,0.2036377638578415
1000,1.0,5.635918426327381,1e-05,gaussian,15,0.2,0.02,0.2,0.2001388669013977,0.01977955549955368,0.1997983604669571
1000,1.0,5.635918426327381,1e-05,edge_flip,15,0.2,0.02,0.2,0.19976529479026794,0.019733576104044914,0.1995796114206314
1000,1.0,5.635918426327381,1e-05,sbm_dpsgd,16,0.2,0.02,0.2,0.20465360581874847,0.03237726539373398,0.2050447165966034
1000,1.0,5.635918426327381,1e-05,gaussian,16,0.2,0.02,0.2,0.19988426566123962,0.01981770433485508,0.20053721964359283
1000,1.0,5.635918426327381,1e-05,edge_flip,16,0.2,0.02,0.2,0.19982989132404327,0.019814148545265198,0.20084713399410248
1000,1.0,5.635918426327381,1e-05,sbm_dpsgd,17,0.2,0.02,0.2,0.2050982415676117,0.0314837247133255,0.20555324852466583
1000,1.0,5.635918426327381,1e-05,gaussian,17,0.2,0.02,0.2,0.20085836946964264,0.02002754807472229,0.19973422586917877
1000,1.0,5.635918426327381,1e-05,edge_flip,17,0.2,0.02,0.2,0.2011297047138214,0.02012435533106327,0.1997976005077362
1000,1.0,5.635918426327381,1e-05,sbm_dpsgd,18,0.2,0.02,0.2,0.20409032702445984,0.03173048794269562,0.20655053853988647
1000,1.0,5.635918426327381,1e-05,gaussian,18,0.2,0.02,0.2,0.19929754734039307,0.019835466518998146,0.2020925134420395
1000,1.0,5.635918426327381,1e-05,edge_flip,18,0.2,0.02,0.2,0.1992163062095642,0.01968926191329956,0.20227614045143127
1000,1.0,5.635918426327381,1e-05,sbm_dpsgd,19,0.2,0.02,0.2,0.20555299520492554,0.03250495716929436,0.2029843032360077
1000,1.0,5.635918426327381,1e-05,gaussian,19,0.2,0.02,0.2,0.20046170055866241,0.020535582676529884,0.19990240037441254
1000,1.0,5.635918426327381,1e-05,edge_flip,19,0.2,0.02,0.2,0.20046769082546234,0.020708506926894188,0.19978144764900208
1000,2.0,2.668102829441137,1e-05,sbm_dpsgd,0,0.2,0.02,0.2,0.20525890588760376,0.03198985755443573,0.20378123223781586
1000,2.0,2.668102829441137,1e-05,gaussian,0,0.2,0.02,0.2,0.20085309445858002,0.019862929359078407,0.2004050463438034
1000,2.0,2.668102829441137,1e-05,edge_flip,0,0.2,0.02,0.2,0.20099098980426788,0.020157773047685623,0.19982114434242249
1000,2.0,2.668102829441137,1e-05,sbm_dpsgd,1,0.2,0.02,0.2,0.20611584186553955,0.03150523081421852,0.2031811773777008
1000,2.0,2.668102829441137,1e-05,gaussian,1,0.2,0.02,0.2,0.19856993854045868,0.020010141655802727,0.19837719202041626
1000,2.0,2.668102829441137,1e-05,edge_flip,1,0.2,0.02,0.2,0.19842103123664856,0.02151372656226158,0.19849471747875214
1000,2.0,2.668102829441137,1e-05,sbm_dpsgd,2,0.2,0.02,0.2,0.2032499760389328,0.0299031101167202,0.20695161819458008
1000,2.0,2.668102829441137,1e-05,gaussian,2,0.2,0.02,0.2,0.1988433301448822,0.01972794346511364,0.20152771472930908
1000,2.0,2.668102829441137,1e-05,edge_flip,2,0.2,0.02,0.2,0.19894607365131378,0.020309455692768097,0.2015436738729477
1000,2.0,2.668102829441137,1e-05,sbm_dpsgd,3,0.2,0.02,0.2,0.2059634029865265,0.03115529753267765,0.2032204121351242
1000,2.0,2.668102829441137,1e-05,gaussian,3,0.2,0.02,0.2,0.2009093463420868,0.02009511925280094,0.19898614287376404
1000,2.0,2.668102829441137,1e-05,edge_flip,3,0.2,0.02,0.2,0.20041067898273468,0.019560234621167183,0.1983104944229126
1000,2.0,2.668102829441137,1e-05,sbm_dpsgd,4,0.2,0.02,0.2,0.20350299775600433,0.03311668336391449,0.2066165655851364
1000,2.0,2.668102829441137,1e-05,gaussian,4,0.2,0.02,0.2,0.1978796273469925,0.020470410585403442,0.2018347978591919
1000,2.0,2.668102829441137,1e-05,edge_flip,4,0.2,0.02,0.2,0.1983104944229126,0.020240509882569313,0.20170027017593384
1000,2.0,2.668102829441137,1e-05,sbm_dpsgd,5,0.2,0.02,0.2,0.2059212625026703,0.030775107443332672,0.20507657527923584
1000,2.0,2.668102829441137,1e-05,gaussian,5,0.2,0.02,0.2,0.20052775740623474,0.019936149939894676,0.20080266892910004
1000,2.0,2.668102829441137,1e-05,edge_flip,5,0.2,0.02,0.2,0.20101863145828247,0.020410578697919846,0.20102784037590027
1000,2.0,2.668102829441137,1e-05,sbm_dpsgd,6,0.2,0.02,0.2,0.20666897296905518,0.031375702470541,0.20766866207122803
1000,2.0,2.668102829441137,1e-05,gaussian,6,0.2,0.02,0.2,0.20140495896339417,0.019680272787809372,0.20212554931640625
1000,2.0,2.668102829441137,1e-05,edge_flip,6,0.2,0.02,0.2,0.20221610367298126,0.02097594179213047,0.20162656903266907
1000,2.0,2.668102829441137,1e-05,sbm_dpsgd,7,0.2,0.02,0.2,0.20500043034553528,0.03120388090610504,0.20586977899074554
1000,2.0,2.668102829441137,1e-05,gaussian,7,0.2,0.02,0.2,0.19871270656585693,0.0197893213480711,0.20133402943611145
1000,2.0,2.668102829441137,1e-05,edge_flip,7,0.2,0.02,0.2,0.19815389811992645,0.02036001719534397,0.20170027017593384
1000,2.0,2.668102829441137,1e-05,sbm_dpsgd,8,0.2,0.02,0.2,0.20553718507289886,0.031462542712688446,0.20207375288009644
1000,2.0,2.668102829441137,1e-05,gaussian,8,0.2,0.02,0.2,0.20020629465579987,0.019715379923582077,0.1983235478401184
1000,2.0,2.668102829441137,1e-05,edge_flip,8,0.2,0.02,0.2,0.20040147006511688,0.019022449851036072,0.197159081697464
1000,2.0,2.668102829441137,1e-05,sbm_dpsgd,9,0.2,0.02,0.2,0.20417656004428864,0.03359818086028099,0.20555353164672852
1000,2.0,2.668102829441137,1e-05,gaussian,9,0.2,0.02,0.2,0.19906261563301086,0.02007419615983963,0.20141832530498505
1000,2.0,2.668102829441137,1e-05,edge_flip,9,0.2,0.02,0.2,0.19854998588562012,0.020948363468050957,0.20044751465320587
1000,2.0,2.668102829441137,1e-05,sbm_dpsgd,10,0.2,0.02,0.2,0.20498764514923096,0.03107069991528988,0.2080935686826706
1000,2.0,2.668102829441137,1e-05,gaussian,10,0.2,0.02,0.2,0.20156997442245483,0.01954561099410057,0.20160801708698273
1000,2.0,2.668102829441137,1e-05,edge_flip,10,0.2,0.02,0.2,0.20145155489444733,0.018617961555719376,0.20118442177772522
1000,2.0,2.668102829441137,1e-05,sbm_dpsgd,11,0.2,0.02,0.2,0.20488016307353973,0.0324036106467247,0.2026451826095581
1000,2.0,2.668102829441137,1e-05,gaussian,11,0.2,0.02,0.2,0.2007417380809784,0.020092995837330818,0.19768026471138
1000,2.0,2.668102829441137,1e-05,edge_flip,11,0.2,0.02,0.2,0.2014976143836975,0.02060362882912159,0.1977578103542328
1000,2.0,2.668102829441137,1e-05,sbm_dpsgd,12,0.2,0.02,0.2,0.2058129608631134,0.03285212069749832,0.205300435423851
1000,2.0,2.668102829441137,1e-05,gaussian,12,0.2,0.02,0.2,0.20076823234558105,0.019855843856930733,0.1992887556552887
1000,2.0,2.668102829441137,1e-05,edge_flip,12,0.2,0.02,0.2,0.20081597566604614,0.018571997061371803,0.1998027265071869
1000,2.0,2.668102829441137,1e-05,sbm_dpsgd,13,0.2,0.02,0.2,0.20568788051605225,0.03148934617638588,0.20604091882705688
1000,2.0,2.668102829441137,1e-05,gaussian,13,0.2,0.02,0.2,0.19988113641738892,0.02000385709106922,0.200469970703125
1000,2.0,2.668102829441137,1e-05,edge_flip,13,0.2,0.02,0.2,0.19930531084537506,0.019261464476585388,0.20146076381206512
1000,2.0,2.668102829441137,1e-05,sbm_dpsgd,14,0.2,0.02,0.2,0.20360475778579712,0.03108273632824421,0.20396843552589417
1000,2.0,2.668102829441137,1e-05,gaussian,14,0.2,0.02,0.2,0.20065557956695557,0.020058657974004745,0.19939596951007843
1000,2.0,2.668102829441137,1e-05,edge_flip,14,0.2,0.02,0.2,0.2009080946445465,0.02029566653072834,0.19931453466415405
1000,2.0,2.668102829441137,1e-05,sbm_dpsgd,15,0.2,0.02,0.2,0.20477372407913208,0.030481725931167603,0.20640185475349426
1000,2.0,2.668102829441137,1e-05,gaussian,15,0.2,0.02,0.2,0.19957032799720764,0.020175719633698463,0.19895631074905396
1000,2.0,2.668102829441137,1e-05,edge_flip,15,0.2,0.02,0.2,0.19961850345134735,0.01994633674621582,0.1991579383611679
1000,2.0,2.668102829441137,1e-05,sbm_dpsgd,16,0.2,0.02,0.2,0.2030745893716812,0.03127269446849823,0.20408174395561218
1000,2.0,2.668102829441137,1e-05,gaussian,16,0.2,0.02,0.2,0.1988028585910797,0.01979144662618637,0.1995139867067337
1000,2.0,2.668102829441137,1e-05,edge_flip,16,0.2,0.02,0.2,0.1980249434709549,0.019601602107286453,0.1997935175895691
1000,2.0,2.668102829441137,1e-05,sbm_dpsgd,17,0.2,0.02,0.2,0.20466645061969757,0.03271915763616562,0.20310986042022705
1000,2.0,2.668102829441137,1e-05,gaussian,17,0.2,0.02,0.2,0.1988171488046646,0.02017761580646038,0.19938641786575317
1000,2.0,2.668102829441137,1e-05,edge_flip,17,0.2,0.02,0.2,0.19898292422294617,0.020530086010694504,0.1991763561964035
1000,2.0,2.668102829441137,1e-05,sbm_dpsgd,18,0.2,0.02,0.2,0.20557382702827454,0.030505945906043053,0.20386497676372528
1000,2.0,2.668102829441137,1e-05,gaussian,18,0.2,0.02,0.2,0.20059579610824585,0.01963302493095398,0.1993565410375595
1000,2.0,2.668102829441137,1e-05,edge_flip,18,0.2,0.02,0.2,0.19990405440330505,0.01934879645705223,0.19821837544441223
1000,2.0,2.668102829441137,1e-05,sbm_dpsgd,19,0.2,0.02,0.2,0.20434525609016418,0.03224720433354378,0.2045448124408722
1000,2.0,2.668102829441137,1e-05,gaussian,19,0.2,0.02,0.2,0.20192691683769226,0.020229589194059372,0.19941797852516174
1000,2.0,2.668102829441137,1e-05,edge_flip,19,0.2,0.02,0.2,0.2018200159072876,0.020121000707149506,0.19884474575519562
1000,5.0,1.0338953100711687,1e-05,sbm_dpsgd,0,0.2,0.02,0.2,0.20405210554599762,0.033100225031375885,0.20056313276290894
1000,5.0,1.0338953100711687,1e-05,gaussian,0,0.2,0.02,0.2,0.19953523576259613,0.020120421424508095,0.19851845502853394
1000,5.0,1.0338953100711687,1e-05,edge_flip,0,0.2,0.02,0.2,0.19955527782440186,0.021757833659648895,0.20361943542957306
1000,5.0,1.0338953100711687,1e-05,sbm_dpsgd,1,0.2,0.02,0.2,0.20452648401260376,0.03275243565440178,0.20226778090000153
1000,5.0,1.0338953100711687,1e-05,gaussian,1,0.2,0.02,0.2,0.200692817568779,0.019766507670283318,0.19916166365146637
1000,5.0,1.0338953100711687,1e-05,edge_flip,1,0.2,0.02,0.2,0.2007020115852356,0.019755059853196144,0.20208483934402466
1000,5.0,1.0338953100711687,1e-05,sbm_dpsgd,2,0.2,0.02,0.2,0.20459416508674622,0.031635548919439316,0.20593921840190887
1000,5.0,1.0338953100711687,1e-05,gaussian,2,0.2,0.02,0.2,0.20017582178115845,0.0201888270676136,0.2009052336215973
1000,5.0,1.0338953100711687,1e-05,edge_flip,2,0.2,0.02,0.2,0.20429399609565735,0.022187000140547752,0.20311352610588074
1000,5.0,1.0338953100711687,1e-05,sbm_dpsgd,3,0.2,0.02,0.2,0.20555570721626282,0.031684085726737976,0.20508259534835815
1000,5.0,1.0338953100711687,1e-05,gaussian,3,0.2,0.02,0.2,0.20076286792755127,0.02015102468430996,0.20059829950332642
1000,5.0,1.0338953100711687,1e-05,edge_flip,3,0.2,0.02,0.2,0.20060083270072937,0.019283819943666458,0.20294488966464996
1000,5.0,1.0338953100711687,1e-05,sbm_dpsgd,4,0.2,0.02,0.2,0.20359379053115845,0.03241861239075661,0.2048516571521759
1000,5.0,1.0338953100711687,1e-05,gaussian,4,0.2,0.02,0.2,0.1992441564798355,0.019887758418917656,0.2008994221687317
1000,5.0,1.0338953100711687,1e-05,edge_flip,4,0.2,0.02,0.2,0.20082005858421326,0.019746646285057068,0.20326530933380127
1000,5.0,1.0338953100711687,1e-05,sbm_dpsgd,5,0.2,0.02,0.2,0.2025611400604248,0.030195677652955055,0.20395611226558685
1000,5.0,1.0338953100711687,1e-05,gaussian,5,0.2,0.02,0.2,0.19918401539325714,0.019870005548000336,0.20012862980365753
1000,5.0,1.0338953100711687,1e-05,edge_flip,5,0.2,0.02,0.2,0.20046591758728027,0.021185612305998802,0.2005165070295334
1000,5.0,1.0338953100711687,1e-05,sbm_dpsgd,6,0.2,0.02,0.2,0.20667454600334167,0.030703606083989143,0.20526374876499176
1000,5.0,1.0338953100711687,1e-05,gaussian,6,0.2,0.02,0.2,0.20245228707790375,0.020103542134165764,0.2000044584274292
1000,5.0,1.0338953100711687,1e-05,edge_flip,6,0.2,0.02,0.2,0.20232093334197998,0.020588146522641182,0.20085377991199493
1000,5.0,1.0338953100711687,1e-05,sbm_dpsgd,7,0.2,0.02,0.2,0.20370373129844666,0.031563758850097656,0.2033744603395462
1000,5.0,1.0338953100711687,1e-05,gaussian,7,0.2,0.02,0.2,0.19834117591381073,0.020151320844888687,0.20028580725193024
1000,5.0,1.0338953100711687,1e-05,edge_flip,7,0.2,0.02,0.2,0.1987626850605011,0.017710212618112564,0.19694139063358307
1000,5.0,1.0338953100711687,1e-05,sbm_dpsgd,8,0.2,0.02,0.2,0.20673687756061554,0.03328878432512283,0.20565877854824066
1000,5.0,1.0338953100711687,1e-05,gaussian,8,0.2,0.02,0.2,0.2021903693675995,0.020194517448544502,0.20004424452781677
1000,5.0,1.0338953100711687,1e-05,edge_flip,8,0.2,0.02,0.2,0.2066211849451065,0.021623194217681885,0.1991674154996872
1000,5.0,1.0338953100711687,1e-05,sbm_dpsgd,9,0.2,0.02,0.2,0.20579692721366882,0.03189631924033165,0.20605185627937317
1000,5.0,1.0338953100711687,1e-05,gaussian,9,0.2,0.02,0.2,0.20047518610954285,0.019997574388980865,0.20044924318790436
1000,5.0,1.0338953100711687,1e-05,edge_flip,9,0.2,0.02,0.2,0.1976833939552307,0.017053840681910515,0.20279312133789062
1000,5.0,1.0338953100711687,1e-05,sbm_dpsgd,10,0.2,0.02,0.2,0.20398135483264923,0.03363737463951111,0.2056121975183487
1000,5.0,1.0338953100711687,1e-05,gaussian,10,0.2,0.02,0.2,0.19964036345481873,0.02046336978673935,0.2004319578409195
1000,5.0,1.0338953100711687,1e-05,edge_flip,10,0.2,0.02,0.2,0.19854344427585602,0.019603589549660683,0.19673903286457062
1000,5.0,1.0338953100711687,1e-05,sbm_dpsgd,11,0.2,0.02,0.2,0.2066878378391266,0.031988609582185745,0.20397654175758362
1000,5.0,1.0338953100711687,1e-05,gaussian,11,0.2,0.02,0.2,0.20175786316394806,0.02015414461493492,0.19984598457813263
1000,5.0,1.0338953100711687,1e-05,edge_flip,11,0.2,0.02,0.2,0.2029111683368683,0.01843390241265297,0.20420967042446136
1000,5.0,1.0338953100711687,1e-05,sbm_dpsgd,12,0.2,0.02,0.2,0.20639191567897797,0.031707871705293655,0.20191673934459686
1000,5.0,1.0338953100711687,1e-05,gaussian,12,0.2,0.02,0.2,0.20091798901557922,0.019471555948257446,0.19793228805065155
1000,5.0,1.0338953100711687,1e-05,edge_flip,12,0.2,0.02,0.2,0.19657039642333984,0.018652694299817085,0.19909995794296265
1000,5.0,1.0338953100711687,1e-05,sbm_dpsgd,13,0.2,0.02,0.2,0.20573627948760986,0.0327414944767952,0.20520059764385223
1000,5.0,1.0338953100711687,1e-05,gaussian,13,0.2,0.02,0.2,0.20163555443286896,0.020311055704951286,0.19982454180717468
1000,5.0,1.0338953100711687,1e-05,edge_flip,13,0.2,0.02,0.2,0.2040073126554489,0.01964566484093666,0.19913367927074432
1000,5.0,1.0338953100711687,1e-05,sbm_dpsgd,14,0.2,0.02,0.2,0.2063502073287964,0.031338274478912354,0.20385488867759705
1000,5.0,1.0338953100711687,1e-05,gaussian,14,0.2,0.02,0.2,0.200039342045784,0.020403265953063965,0.19979330897331238
1000,5.0,1.0338953100711687,1e-05,edge_flip,14,0.2,0.02,0.2,0.19947095215320587,0.021320253610610962,0.20036473870277405
1000,5.0,1.0338953100711687,1e-05,sbm_dpsgd,15,0.2,0.02,0.2,0.20569559931755066,0.03052498586475849,0.20562635362148285
1000,5.0,1.0338953100711687,1e-05,gaussian,15,0.2,0.02,0.2,0.20071899890899658,0.01993618905544281,0.19944484531879425
1000,5.0,1.0338953100711687,1e-05,edge_flip,15,0.2,0.02,0.2,0.201966792345047,0.021968210116028786,0.19314704835414886
1000,5.0,1.0338953100711687,1e-05,sbm_dpsgd,16,0.2,0.02,0.2,0.206120103597641,0.031222553923726082,0.20538456737995148
1000,5.0,1.0338953100711687,1e-05,gaussian,16,0.2,0.02,0.2,0.20011326670646667,0.019624875858426094,0.19882318377494812
1000,5.0,1.0338953100711687,1e-05,edge_flip,16,0.2,0.02,0.2,0.20071887969970703,0.017954247072339058,0.20103928446769714
1000,5.0,1.0338953100711687,1e-05,sbm_dpsgd,17,0.2,0.02,0.2,0.20385520160198212,0.03284565731883049,0.20621928572654724
1000,5.0,1.0338953100711687,1e-05,gaussian,17,0.2,0.02,0.2,0.20032121241092682,0.019627168774604797,0.20189012587070465
1000,5.0,1.0338953100711687,1e-05,edge_flip,17,0.2,0.02,0.2,0.19952154159545898,0.02080693654716015,0.20360258221626282
1000,5.0,1.0338953100711687,1e-05,sbm_dpsgd,18,0.2,0.02,0.2,0.20418357849121094,0.033242061734199524,0.20861080288887024
1000,5.0,1.0338953100711687,1e-05,gaussian,18,0.2,0.02,0.2,0.19714823365211487,0.019951120018959045,0.20180675387382507
1000,5.0,1.0338953100711687,1e-05,edge_flip,18,0.2,0.02,0.2,0.19793635606765747,0.02355864830315113,0.19994314014911652
1000,5.0,1.0338953100711687,1e-05,sbm_dpsgd,19,0.2,0.02,0.2,0.20504507422447205,0.03168264403939247,0.2051752358675003
1000,5.0,1.0338953100711687,1e-05,gaussian,19,0.2,0.02,0.2,0.20067453384399414,0.019479811191558838,0.20031915605068207
1000,5.0,1.0338953100711687,1e-05,edge_flip,19,0.2,0.02,0.2,0.20078632235527039,0.019847625866532326,0.2021017074584961
1000,10.0,0.5431122541136532,1e-05,sbm_dpsgd,0,0.2,0.02,0.2,0.20360927283763885,0.032281193882226944,0.20459529757499695
1000,10.0,0.5431122541136532,1e-05,gaussian,0,0.2,0.02,0.2,0.19892126321792603,0.020130103453993797,0.19938291609287262
1000,10.0,0.5431122541136532,1e-05,edge_flip,0,0.2,0.02,0.2,0.2033364176750183,0.022952649742364883,0.19934462010860443
1000,10.0,0.5431122541136532,1e-05,sbm_dpsgd,1,0.2,0.02,0.2,0.2041928768157959,0.03202107548713684,0.2050720900297165
1000,10.0,0.5431122541136532,1e-05,gaussian,1,0.2,0.02,0.2,0.2003900110721588,0.019635776057839394,0.19959557056427002
1000,10.0,0.5431122541136532,1e-05,edge_flip,1,0.2,0.02,0.2,0.19647172093391418,0.02381279319524765,0.20049376785755157
1000,10.0,0.5431122541136532,1e-05,sbm_dpsgd,2,0.2,0.02,0.2,0.20764167606830597,0.0327102355659008,0.2074182778596878
1000,10.0,0.5431122541136532,1e-05,gaussian,2,0.2,0.02,0.2,0.20062647759914398,0.020685775205492973,0.2018980085849762
1000,10.0,0.5431122541136532,1e-05,edge_flip,2,0.2,0.02,0.2,0.19765111804008484,0.022469762712717056,0.1971672624349594
1000,10.0,0.5431122541136532,1e-05,sbm_dpsgd,3,0.2,0.02,0.2,0.2064872533082962,0.03331241384148598,0.20542296767234802
1000,10.0,0.5431122541136532,1e-05,gaussian,3,0.2,0.02,0.2,0.2012505680322647,0.02006647177040577,0.2000255286693573
1000,10.0,0.5431122541136532,1e-05,edge_flip,3,0.2,0.02,0.2,0.19895148277282715,0.02832477167248726,0.20360858738422394
1000,10.0,0.5431122541136532,1e-05,sbm_dpsgd,4,0.2,0.02,0.2,0.20295193791389465,0.0305868498980999,0.20512522757053375
1000,10.0,0.5431122541136532,1e-05,gaussian,4,0.2,0.02,0.2,0.1997791826725006,0.019962584599852562,0.20006364583969116
1000,10.0,0.5431122541136532,1e-05,edge_flip,4,0.2,0.02,0.2,0.2039412409067154,0.019451716914772987,0.2037295550107956
1000,10.0,0.5431122541136532,1e-05,sbm_dpsgd,5,0.2,0.02,0.2,0.20372124016284943,0.030297094956040382,0.20552365481853485
1000,10.0,0.5431122541136532,1e-05,gaussian,5,0.2,0.02,0.2,0.20090657472610474,0.020038247108459473,0.20127858221530914
1000,10.0,0.5431122541136532,1e-05,edge_flip,5,0.2,0.02,0.2,0.19408269226551056,0.023978784680366516,0.20433436334133148
1000,10.0,0.5431122541136532,1e-05,sbm_dpsgd,6,0.2,0.02,0.2,0.2020653784275055,0.032206252217292786,0.20109006762504578
1000,10.0,0.5431122541136532,1e-05,gaussian,6,0.2,0.02,0.2,0.1966065913438797,0.019853148609399796,0.20021823048591614
1000,10.0,0.5431122541136532,1e-05,edge_flip,6,0.2,0.02,0.2,0.19060498476028442,0.024099506437778473,0.2005542516708374
1000,10.0,0.5431122541136532,1e-05,sbm_dpsgd,7,0.2,0.02,0.2,0.20668074488639832,0.029955267906188965,0.20516237616539001
1000,10.0,0.5431122541136532,1e-05,gaussian,7,0.2,0.02,0.2,0.20125256478786469,0.01944655552506447,0.1993260681629181
1000,10.0,0.5431122541136532,1e-05,edge_flip,7,0.2,0.02,0.2,0.20049376785755157,0.018304860219359398,0.19771160185337067
1000,10.0,0.5431122541136532,1e-05,sbm_dpsgd,8,0.2,0.02,0.2,0.20533668994903564,0.033573683351278305,0.20576211810112
1000,10.0,0.5431122541136532,1e-05,gaussian,8,0.2,0.02,0.2,0.19992585480213165,0.019733035936951637,0.1986413151025772
1000,10.0,0.5431122541136532,1e-05,edge_flip,8,0.2,0.02,0.2,0.19520160555839539,0.018380310386419296,0.19420365989208221
1000,10.0,0.5431122541136532,1e-05,sbm_dpsgd,9,0.2,0.02,0.2,0.20376431941986084,0.03254516050219536,0.2042398452758789
1000,10.0,0.5431122541136532,1e-05,gaussian,9,0.2,0.02,0.2,0.1999984085559845,0.02014840394258499,0.19974735379219055
1000,10.0,0.5431122541136532,1e-05,edge_flip,9,0.2,0.02,0.2,0.20279207825660706,0.023510988801717758,0.2028827965259552
1000,10.0,0.5431122541136532,1e-05,sbm_dpsgd,10,0.2,0.02,0.2,0.20564287900924683,0.0316769964993,0.2030833512544632
1000,10.0,0.5431122541136532,1e-05,gaussian,10,0.2,0.02,0.2,0.2019089013338089,0.02020423859357834,0.199149951338768
1000,10.0,0.5431122541136532,1e-05,edge_flip,10,0.2,0.02,0.2,0.20128002762794495,0.025804702192544937,0.20548352599143982
1000,10.0,0.5431122541136532,1e-05,sbm_dpsgd,11,0.2,0.02,0.2,0.20374108850955963,0.03379557281732559,0.2049090713262558
1000,10.0,0.5431122541136532,1e-05,gaussian,11,0.2,0.02,0.2,0.2009396106004715,0.01970491372048855,0.1999424248933792
1000,10.0,0.5431122541136532,1e-05,edge_flip,11,0.2,0.02,0.2,0.19994942843914032,0.02568398043513298,0.20363882184028625
1000,10.0,0.5431122541136532,1e-05,sbm_dpsgd,12,0.2,0.02,0.2,0.20602275431156158,0.03155859187245369,0.20391447842121124
1000,10.0,0.5431122541136532,1e-05,gaussian,12,0.2,0.02,0.2,0.20071545243263245,0.019639702513813972,0.19837646186351776
1000,10.0,0.5431122541136532,1e-05,edge_flip,12,0.2,0.02,0.2,0.1969253420829773,0.022258499637246132,0.19749991595745087
1000,10.0,0.5431122541136532,1e-05,sbm_dpsgd,13,0.2,0.02,0.2,0.20460030436515808,0.031367357820272446,0.20486299693584442
1000,10.0,0.5431122541136532,1e-05,gaussian,13,0.2,0.02,0.2,0.20008216798305511,0.019827134907245636,0.20076628029346466
1000,10.0,0.5431122541136532,1e-05,edge_flip,13,0.2,0.02,0.2,0.21274134516716003,0.02343553677201271,0.202036052942276
1000,10.0,0.5431122541136532,1e-05,sbm_dpsgd,14,0.2,0.02,0.2,0.20755194127559662,0.03370838239789009,0.20476046204566956
1000,10.0,0.5431122541136532,1e-05,gaussian,14,0.2,0.02,0.2,0.2013484388589859,0.020635874941945076,0.19890481233596802
1000,10.0,0.5431122541136532,1e-05,edge_flip,14,0.2,0.02,0.2,0.20920315384864807,0.023646799847483635,0.19913291931152344
1000,10.0,0.5431122541136532,1e-05,sbm_dpsgd,15,0.2,0.02,0.2,0.20841483771800995,0.03335179388523102,0.20381873846054077
1000,10.0,0.5431122541136532,1e-05,gaussian,15,0.2,0.02,0.2,0.20060645043849945,0.020117247477173805,0.20023390650749207
1000,10.0,0.5431122541136532,1e-05,edge_flip,15,0.2,0.02,0.2,0.2049996703863144,0.016961829736828804,0.20131027698516846
1000,10.0,0.5431122541136532,1e-05,sbm_dpsgd,16,0.2,0.02,0.2,0.2089257836341858,0.032788924872875214,0.20203492045402527
1000,10.0,0.5431122541136532,1e-05,gaussian,16,0.2,0.02,0.2,0.19998756051063538,0.0196952223777771,0.20032721757888794
1000,10.0,0.5431122541136532,1e-05,edge_flip,16,0.2,0.02,0.2,0.1994958221912384,0.02415986731648445,0.20137076079845428
1000,10.0,0.5431122541136532,1e-05,sbm_dpsgd,17,0.2,0.02,0.2,0.20385293662548065,0.03127455338835716,0.20658612251281738
1000,10.0,0.5431122541136532,1e-05,gaussian,17,0.2,0.02,0.2,0.2008662074804306,0.0198508333414793,0.20059430599212646
1000,10.0,0.5431122541136532,1e-05,edge_flip,17,0.2,0.02,0.2,0.19976799190044403,0.023978784680366516,0.19834665954113007
1000,10.0,0.5431122541136532,1e-05,sbm_dpsgd,18,0.2,0.02,0.2,0.2049446702003479,0.03313962742686272,0.20295020937919617
1000,10.0,0.5431122541136532,1e-05,gaussian,18,0.2,0.02,0.2,0.20258831977844238,0.020365767180919647,0.19978059828281403
1000,10.0,0.5431122541136532,1e-05,edge_flip,18,0.2,0.02,0.2,0.21301351487636566,0.026634665206074715,0.200977623462677
1000,10.0,0.5431122541136532,1e-05,sbm_dpsgd,19,0.2,0.02,0.2,0.2044561803340912,0.031023969873785973,0.20937423408031464
1000,10.0,0.5431122541136532,1e-05,gaussian,19,0.2,0.02,0.2,0.20084352791309357,0.01975051686167717,0.20165522396564484
1000,10.0,0.5431122541136532,1e-05,edge_flip,19,0.2,0.02,0.2,0.19837690889835358,0.014034326188266277,0.20188485085964203
1000,20.0,0.40561225411365304,1e-05,sbm_dpsgd,0,0.2,0.02,0.2,0.2035321444272995,0.03093695640563965,0.20248408615589142
1000,20.0,0.40561225411365304,1e-05,gaussian,0,0.2,0.02,0.2,0.19939720630645752,0.019676778465509415,0.1996346265077591
1000,20.0,0.40561225411365304,1e-05,edge_flip,0,0.2,0.02,0.2,0.19049006700515747,0.01831010729074478,0.20271019637584686
1000,20.0,0.40561225411365304,1e-05,sbm_dpsgd,1,0.2,0.02,0.2,0.20967604219913483,0.03353703394532204,0.20719286799430847
1000,20.0,0.40561225411365304,1e-05,gaussian,1,0.2,0.02,0.2,0.20127694308757782,0.019773852080106735,0.20043586194515228
1000,20.0,0.40561225411365304,1e-05,edge_flip,1,0.2,0.02,0.2,0.20463337004184723,0.019029852002859116,0.20811910927295685
1000,20.0,0.40561225411365304,1e-05,sbm_dpsgd,2,0.2,0.02,0.2,0.2090258002281189,0.03182709962129593,0.2057388424873352
1000,20.0,0.40561225411365304,1e-05,gaussian,2,0.2,0.02,0.2,0.20214316248893738,0.019931728020310402,0.20016831159591675
1000,20.0,0.40561225411365304,1e-05,edge_flip,2,0.2,0.02,0.2,0.1930142194032669,0.014451469294726849,0.19505758583545685
1000,20.0,0.40561225411365304,1e-05,sbm_dpsgd,3,0.2,0.02,0.2,0.2099575698375702,0.03079790621995926,0.203164204955101
1000,20.0,0.40561225411365304,1e-05,gaussian,3,0.2,0.02,0.2,0.199823260307312,0.02036900818347931,0.19880160689353943
1000,20.0,0.40561225411365304,1e-05,edge_flip,3,0.2,0.02,0.2,0.20415256917476654,0.03446440026164055,0.19886386394500732
1000,20.0,0.40561225411365304,1e-05,sbm_dpsgd,4,0.2,0.02,0.2,0.20754201710224152,0.029916368424892426,0.20343759655952454
1000,20.0,0.40561225411365304,1e-05,gaussian,4,0.2,0.02,0.2,0.20085301995277405,0.01992715150117874,0.19896641373634338
1000,20.0,0.40561225411365304,1e-05,edge_flip,4,0.2,0.02,0.2,0.19024966657161713,0.028286583721637726,0.18492089211940765
1000,20.0,0.40561225411365304,1e-05,sbm_dpsgd,5,0.2,0.02,0.2,0.19921739399433136,0.03849751874804497,0.20315290987491608
1000,20.0,0.40561225411365304,1e-05,gaussian,5,0.2,0.02,0.2,0.19929096102714539,0.02007063291966915,0.19907861948013306
1000,20.0,0.40561225411365304,1e-05,edge_flip,5,0.2,0.02,0.2,0.19593903422355652,0.013651751913130283,0.19922445714473724
1000,20.0,0.40561225411365304,1e-05,sbm_dpsgd,6,0.2,0.02,0.2,0.2054479569196701,0.03540787100791931,0.20012076199054718
1000,20.0,0.40561225411365304,1e-05,gaussian,6,0.2,0.02,0.2,0.20034536719322205,0.020039696246385574,0.1990288347005844
1000,20.0,0.40561225411365304,1e-05,edge_flip,6,0.2,0.02,0.2,0.19714102149009705,0.020189443603157997,0.19173210859298706
1000,20.0,0.40561225411365304,1e-05,sbm_dpsgd,7,0.2,0.02,0.2,0.20742002129554749,0.02945827692747116,0.20445317029953003
1000,20.0,0.40561225411365304,1e-05,gaussian,7,0.2,0.02,0.2,0.20127709209918976,0.020396126434206963,0.20000948011875153
1000,20.0,0.40561225411365304,1e-05,edge_flip,7,0.2,0.02,0.2,0.18788577616214752,0.01615086942911148,0.19802246987819672
1000,20.0,0.40561225411365304,1e-05,sbm_dpsgd,8,0.2,0.02,0.2,0.20799265801906586,0.03190271556377411,0.20462073385715485
1000,20.0,0.40561225411365304,1e-05,gaussian,8,0.2,0.02,0.2,0.20048034191131592,0.020030807703733444,0.20002779364585876
1000,20.0,0.40561225411365304,1e-05,edge_flip,8,0.2,0.02,0.2,0.19221289455890656,0.016530735418200493,0.2021092027425766
1000,20.0,0.40561225411365304,1e-05,sbm_dpsgd,9,0.2,0.02,0.2,0.20868776738643646,0.03197585046291351,0.2089012712240219
1000,20.0,0.40561225411365304,1e-05,gaussian,9,0.2,0.02,0.2,0.2005687654018402,0.019930796697735786,0.2005196213722229
1000,20.0,0.40561225411365304,1e-05,edge_flip,9,0.2,0.02,0.2,0.19658009707927704,0.01685062237083912,0.2037118524312973
1000,20.0,0.40561225411365304,1e-05,sbm_dpsgd,10,0.2,0.02,0.2,0.20532652735710144,0.034814976155757904,0.2013631910085678
1000,20.0,0.40561225411365304,1e-05,gaussian,10,0.2,0.02,0.2,0.19992774724960327,0.019869515672326088,0.2010641098022461
1000,20.0,0.40561225411365304,1e-05,edge_flip,10,0.2,0.02,0.2,0.19389566779136658,0.02034938707947731,0.20924095809459686
1000,20.0,0.40561225411365304,1e-05,sbm_dpsgd,11,0.2,0.02,0.2,0.20710347592830658,0.030438294634222984,0.20556975901126862
1000,20.0,0.40561225411365304,1e-05,gaussian,11,0.2,0.02,0.2,0.19997376203536987,0.02042023092508316,0.19879770278930664
1000,20.0,0.40561225411365304,1e-05,edge_flip,11,0.2,0.02,0.2,0.19525791704654694,0.020469343289732933,0.21188531816005707
1000,20.0,0.40561225411365304,1e-05,sbm_dpsgd,12,0.2,0.02,0.2,0.20656457543373108,0.030080951750278473,0.20119628310203552
1000,20.0,0.40561225411365304,1e-05,gaussian,12,0.2,0.02,0.2,0.19946669042110443,0.019771860912442207,0.1992470622062683
1000,20.0,0.40561225411365304,1e-05,edge_flip,12,0.2,0.02,0.2,0.2049538940191269,0.02748686634004116,0.19317448139190674
1000,20.0,0.40561225411365304,1e-05,sbm_dpsgd,13,0.2,0.02,0.2,0.209861159324646,0.03175196051597595,0.2067137211561203
1000,20.0,0.40561225411365304,1e-05,gaussian,13,0.2,0.02,0.2,0.19948698580265045,0.020157745108008385,0.20081299543380737
1000,20.0,0.40561225411365304,1e-05,edge_flip,13,0.2,0.02,0.2,0.19581884145736694,0.02410805970430374,0.2149703949689865
1000,20.0,0.40561225411365304,1e-05,sbm_dpsgd,14,0.2,0.02,0.2,0.2016141712665558,0.03305445984005928,0.20774240791797638
1000,20.0,0.40561225411365304,1e-05,gaussian,14,0.2,0.02,0.2,0.19923345744609833,0.0196770578622818,0.2005007416009903
1000,20.0,0.40561225411365304,1e-05,edge_flip,14,0.2,0.02,0.2,0.19714102149009705,0.014811341650784016,0.19617943465709686
1000,20.0,0.40561225411365304,1e-05,sbm_dpsgd,15,0.2,0.02,0.2,0.20845471322536469,0.030671441927552223,0.20620951056480408
1000,20.0,0.40561225411365304,1e-05,gaussian,15,0.2,0.02,0.2,0.20066936314105988,0.01983192376792431,0.2002703845500946
1000,20.0,0.40561225411365304,1e-05,edge_flip,15,0.2,0.02,0.2,0.20615588128566742,0.018290113657712936,0.206276074051857
1000,20.0,0.40561225411365304,1e-05,sbm_dpsgd,16,0.2,0.02,0.2,0.1999802142381668,0.03204208239912987,0.20595745742321014
1000,20.0,0.40561225411365304,1e-05,gaussian,16,0.2,0.02,0.2,0.19995416700839996,0.019910410046577454,0.2010299265384674
1000,20.0,0.40561225411365304,1e-05,edge_flip,16,0.2,0.02,0.2,0.20695719122886658,0.01918979547917843,0.21284690499305725
1000,20.0,0.40561225411365304,1e-05,sbm_dpsgd,17,0.2,0.02,0.2,0.19968482851982117,0.03292563930153847,0.20639756321907043
1000,20.0,0.40561225411365304,1e-05,gaussian,17,0.2,0.02,0.2,0.20053081214427948,0.01993020996451378,0.19985553622245789
1000,20.0,0.40561225411365304,1e-05,edge_flip,17,0.2,0.02,0.2,0.19337481260299683,0.010312930680811405,0.20174860954284668
1000,20.0,0.40561225411365304,1e-05,sbm_dpsgd,18,0.2,0.02,0.2,0.2103937417268753,0.03264310583472252,0.20588979125022888
1000,20.0,0.40561225411365304,1e-05,gaussian,18,0.2,0.02,0.2,0.20118887722492218,0.020682843402028084,0.20010453462600708
1000,20.0,0.40561225411365304,1e-05,edge_flip,18,0.2,0.02,0.2,0.20775851607322693,0.018689971417188644,0.2031509280204773
1000,20.0,0.40561225411365304,1e-05,sbm_dpsgd,19,0.2,0.02,0.2,0.20118696987628937,0.03256971761584282,0.20649653673171997
1000,20.0,0.40561225411365304,1e-05,gaussian,19,0.2,0.02,0.2,0.19889886677265167,0.020246418192982674,0.2006043642759323
1000,20.0,0.40561225411365304,1e-05,edge_flip,19,0.2,0.02,0.2,0.18115468323230743,0.011412542313337326,0.20583534240722656
