N,sigma,epsilon,rep,method,dp_type,delta,flip_prob,n_flipped,frac_flipped,epochs,beta_true_00,beta_true_01,beta_true_11,beta_est_00,beta_est_01,beta_est_11,nmi
100,0.5,75.26107361311833,0,edge_flip_pure_dp,pure,0.0,2.0631510616831042e-33,0,0.0,245,0.2,0.02,0.2,0.20326530612244897,0.0172,0.2179591836734694,1.0
100,0.5,75.26107361311833,0,edge_flip_approx_dp,approx,1e-05,2.0631304301724875e-33,0,0.0,245,0.2,0.02,0.2,0.20326530612244897,0.0172,0.2179591836734694,1.0
100,0.5,75.26107361311833,1,edge_flip_pure_dp,pure,0.0,2.0631510616831042e-33,0,0.0,237,0.2,0.02,0.2,0.20081632653061224,0.0264,0.19428571428571428,1.0
100,0.5,75.26107361311833,1,edge_flip_approx_dp,approx,1e-05,2.0631304301724875e-33,0,0.0,237,0.2,0.02,0.2,0.20081632653061224,0.0264,0.19428571428571428,1.0
100,0.5,75.26107361311833,2,edge_flip_pure_dp,pure,0.0,2.0631510616831042e-33,0,0.0,294,0.2,0.02,0.2,0.21306122448979592,0.0164,0.20244897959183675,1.0
100,0.5,75.26107361311833,2,edge_flip_approx_dp,approx,1e-05,2.0631304301724875e-33,0,0.0,294,0.2,0.02,0.2,0.21306122448979592,0.0164,0.20244897959183675,1.0
100,0.5,75.26107361311833,3,edge_flip_pure_dp,pure,0.0,2.0631510616831042e-33,0,0.0,654,0.2,0.02,0.2,0.19215686274509805,0.023209283713485393,0.22959183673469388,0.9291252238549075
100,0.5,75.26107361311833,3,edge_flip_approx_dp,approx,1e-05,2.0631304301724875e-33,0,0.0,654,0.2,0.02,0.2,0.19215686274509805,0.023209283713485393,0.22959183673469388,0.9291252238549075
100,0.5,75.26107361311833,4,edge_flip_pure_dp,pure,0.0,2.0631510616831042e-33,0,0.0,350,0.2,0.02,0.2,0.2057142857142857,0.0188,0.1893877551020408,1.0
100,0.5,75.26107361311833,4,edge_flip_approx_dp,approx,1e-05,2.0631304301724875e-33,0,0.0,350,0.2,0.02,0.2,0.2057142857142857,0.0188,0.1893877551020408,1.0
100,0.5,75.26107361311833,5,edge_flip_pure_dp,pure,0.0,2.0631510616831042e-33,0,0.0,551,0.2,0.02,0.2,0.19020408163265307,0.0188,0.19510204081632654,1.0
100,0.5,75.26107361311833,5,edge_flip_approx_dp,approx,1e-05,2.0631304301724875e-33,0,0.0,551,0.2,0.02,0.2,0.19020408163265307,0.0188,0.19510204081632654,1.0
100,0.5,75.26107361311833,6,edge_flip_pure_dp,pure,0.0,2.0631510616831042e-33,0,0.0,954,0.2,0.02,0.2,0.06949152542372881,0.10916666666666666,0.2064102564102564,0.019622102805851988
100,0.5,75.26107361311833,6,edge_flip_approx_dp,approx,1e-05,2.0631304301724875e-33,0,0.0,954,0.2,0.02,0.2,0.06949152542372881,0.10916666666666666,0.2064102564102564,0.019622102805851988
100,0.5,75.26107361311833,7,edge_flip_pure_dp,pure,0.0,2.0631510616831042e-33,0,0.0,214,0.2,0.02,0.2,0.19673469387755102,0.0188,0.21551020408163266,1.0
100,0.5,75.26107361311833,7,edge_flip_approx_dp,approx,1e-05,2.0631304301724875e-33,0,0.0,214,0.2,0.02,0.2,0.19673469387755102,0.0188,0.21551020408163266,1.0
100,0.5,75.26107361311833,8,edge_flip_pure_dp,pure,0.0,2.0631510616831042e-33,0,0.0,227,0.2,0.02,0.2,0.10626262626262627,0.0,0.0,0.0
100,0.5,75.26107361311833,8,edge_flip_approx_dp,approx,1e-05,2.0631304301724875e-33,0,0.0,227,0.2,0.02,0.2,0.10626262626262627,0.0,0.0,0.0
100,0.5,75.26107361311833,9,edge_flip_pure_dp,pure,0.0,2.0631510616831042e-33,0,0.0,456,0.2,0.02,0.2,0.2,0.0184,0.20979591836734693,1.0
100,0.5,75.26107361311833,9,edge_flip_approx_dp,approx,1e-05,2.0631304301724875e-33,0,0.0,456,0.2,0.02,0.2,0.2,0.0184,0.20979591836734693,1.0
100,0.5,75.26107361311833,10,edge_flip_pure_dp,pure,0.0,2.0631510616831042e-33,0,0.0,171,0.2,0.02,0.2,0.19510204081632654,0.0176,0.2,1.0
100,0.5,75.26107361311833,10,edge_flip_approx_dp,approx,1e-05,2.0631304301724875e-33,0,0.0,171,0.2,0.02,0.2,0.19510204081632654,0.0176,0.2,1.0
100,0.5,75.26107361311833,11,edge_flip_pure_dp,pure,0.0,2.0631510616831042e-33,0,0.0,199,0.2,0.02,0.2,0.11252525252525253,0.0,0.0,0.0
100,0.5,75.26107361311833,11,edge_flip_approx_dp,approx,1e-05,2.0631304301724875e-33,0,0.0,199,0.2,0.02,0.2,0.11252525252525253,0.0,0.0,0.0
100,0.5,75.26107361311833,12,edge_flip_pure_dp,pure,0.0,2.0631510616831042e-33,0,0.0,181,0.2,0.02,0.2,0.18448979591836734,0.0188,0.19755102040816327,1.0
100,0.5,75.26107361311833,12,edge_flip_approx_dp,approx,1e-05,2.0631304301724875e-33,0,0.0,181,0.2,0.02,0.2,0.18448979591836734,0.0188,0.19755102040816327,1.0
100,0.5,75.26107361311833,13,edge_flip_pure_dp,pure,0.0,2.0631510616831042e-33,0,0.0,656,0.2,0.02,0.2,0.21877551020408162,0.0232,0.1893877551020408,1.0
100,0.5,75.26107361311833,13,edge_flip_approx_dp,approx,1e-05,2.0631304301724875e-33,0,0.0,656,0.2,0.02,0.2,0.21877551020408162,0.0232,0.1893877551020408,1.0
100,0.5,75.26107361311833,14,edge_flip_pure_dp,pure,0.0,2.0631510616831042e-33,0,0.0,533,0.2,0.02,0.2,0.20816326530612245,0.022,0.17877551020408164,1.0
100,0.5,75.26107361311833,14,edge_flip_approx_dp,approx,1e-05,2.0631304301724875e-33,0,0.0,533,0.2,0.02,0.2,0.20816326530612245,0.022,0.17877551020408164,1.0
100,0.5,75.26107361311833,15,edge_flip_pure_dp,pure,0.0,2.0631510616831042e-33,0,0.0,268,0.2,0.02,0.2,0.19183673469387755,0.0176,0.19428571428571428,1.0
100,0.5,75.26107361311833,15,edge_flip_approx_dp,approx,1e-05,2.0631304301724875e-33,0,0.0,268,0.2,0.02,0.2,0.19183673469387755,0.0176,0.19428571428571428,1.0
100,0.5,75.26107361311833,16,edge_flip_pure_dp,pure,0.0,2.0631510616831042e-33,0,0.0,775,0.2,0.02,0.2,0.1926530612244898,0.0212,0.19346938775510203,1.0
100,0.5,75.26107361311833,16,edge_flip_approx_dp,approx,1e-05,2.0631304301724875e-33,0,0.0,775,0.2,0.02,0.2,0.1926530612244898,0.0212,0.19346938775510203,1.0
100,0.5,75.26107361311833,17,edge_flip_pure_dp,pure,0.0,2.0631510616831042e-33,0,0.0,243,0.2,0.02,0.2,0.19755102040816327,0.0244,0.18857142857142858,1.0
100,0.5,75.26107361311833,17,edge_flip_approx_dp,approx,1e-05,2.0631304301724875e-33,0,0.0,243,0.2,0.02,0.2,0.19755102040816327,0.0244,0.18857142857142858,1.0
100,0.5,75.26107361311833,18,edge_flip_pure_dp,pure,0.0,2.0631510616831042e-33,0,0.0,247,0.2,0.02,0.2,0.20326530612244897,0.02,0.18775510204081633,1.0
100,0.5,75.26107361311833,18,edge_flip_approx_dp,approx,1e-05,2.0631304301724875e-33,0,0.0,247,0.2,0.02,0.2,0.20326530612244897,0.02,0.18775510204081633,1.0
100,0.5,75.26107361311833,19,edge_flip_pure_dp,pure,0.0,2.0631510616831042e-33,0,0.0,127,0.2,0.02,0.2,0.18448979591836734,0.0152,0.1926530612244898,1.0
100,0.5,75.26107361311833,19,edge_flip_approx_dp,approx,1e-05,2.0631304301724875e-33,0,0.0,127,0.2,0.02,0.2,0.18448979591836734,0.0152,0.1926530612244898,1.0
100,1.0,27.449962502007253,0,edge_flip_pure_dp,pure,0.0,1.1984854251634343e-12,0,0.0,245,0.2,0.02,0.2,0.2032653061217377,0.01719999999884274,0.21795918367279335,1.0
100,1.0,27.449962502007253,0,edge_flip_approx_dp,approx,1e-05,1.1984734403091827e-12,0,0.0,245,0.2,0.02,0.2,0.2032653061217377,0.017199999998842756,0.21795918367279335,1.0
100,1.0,27.449962502007253,1,edge_flip_pure_dp,pure,0.0,1.1984854251634343e-12,0,0.0,237,0.2,0.02,0.2,0.2008163265298951,0.026399999998864793,0.1942857142849815,1.0
100,1.0,27.449962502007253,1,edge_flip_approx_dp,approx,1e-05,1.1984734403091827e-12,0,0.0,237,0.2,0.02,0.2,0.2008163265298951,0.026399999998864807,0.1942857142849815,1.0
100,1.0,27.449962502007253,2,edge_flip_pure_dp,pure,0.0,1.1984854251634343e-12,0,0.0,294,0.2,0.02,0.2,0.21306122448910814,0.016399999998840824,0.2024489795911235,1.0
100,1.0,27.449962502007253,2,edge_flip_approx_dp,approx,1e-05,1.1984734403091827e-12,0,0.0,294,0.2,0.02,0.2,0.21306122448910814,0.01639999999884084,0.2024489795911235,1.0
100,1.0,27.449962502007253,3,edge_flip_pure_dp,pure,0.0,1.1984854251634343e-12,0,0.0,654,0.2,0.02,0.2,0.19215686274436017,0.02320928371234254,0.22959183673404573,0.9291252238549075
100,1.0,27.449962502007253,3,edge_flip_approx_dp,approx,1e-05,1.1984734403091827e-12,0,0.0,654,0.2,0.02,0.2,0.19215686274436017,0.023209283712342554,0.22959183673404573,0.9291252238549075
100,1.0,27.449962502007253,4,edge_flip_pure_dp,pure,0.0,1.1984854251634343e-12,0,0.0,350,0.2,0.02,0.2,0.2057142857135803,0.01879999999884658,0.1893877551012963,1.0
100,1.0,27.449962502007253,4,edge_flip_approx_dp,approx,1e-05,1.1984734403091827e-12,0,0.0,350,0.2,0.02,0.2,0.2057142857135803,0.018799999998846594,0.1893877551012963,1.0
100,1.0,27.449962502007253,5,edge_flip_pure_dp,pure,0.0,1.1984854251634343e-12,0,0.0,551,0.2,0.02,0.2,0.1902040816319105,0.01879999999884658,0.1951020408155957,1.0
100,1.0,27.449962502007253,5,edge_flip_approx_dp,approx,1e-05,1.1984734403091827e-12,0,0.0,551,0.2,0.02,0.2,0.1902040816319105,0.018799999998846594,0.1951020408155957,1.0
100,1.0,27.449962502007253,6,edge_flip_pure_dp,pure,0.0,1.1984854251634343e-12,0,0.0,954,0.2,0.02,0.2,0.0694915254226969,0.10916666666572984,0.20641025640955268,0.019622102805851988
100,1.0,27.449962502007253,6,edge_flip_approx_dp,approx,1e-05,1.1984734403091827e-12,0,0.0,954,0.2,0.02,0.2,0.06949152542269692,0.10916666666572986,0.20641025640955268,0.019622102805851988
100,1.0,27.449962502007253,7,edge_flip_pure_dp,pure,0.0,1.1984854251634343e-12,0,0.0,214,0.2,0.02,0.2,0.1967346938768241,0.01879999999884658,0.21551020408095073,1.0
100,1.0,27.449962502007253,7,edge_flip_approx_dp,approx,1e-05,1.1984734403091827e-12,0,0.0,214,0.2,0.02,0.2,0.1967346938768241,0.018799999998846594,0.21551020408095073,1.0
100,1.0,27.449962502007253,8,edge_flip_pure_dp,pure,0.0,1.1984854251634343e-12,0,0.0,227,0.2,0.02,0.2,0.1062626262616825,0.0,0.0,0.0
100,1.0,27.449962502007253,8,edge_flip_approx_dp,approx,1e-05,1.1984734403091827e-12,0,0.0,227,0.2,0.02,0.2,0.10626262626168251,0.0,0.0,0.0
100,1.0,27.449962502007253,9,edge_flip_pure_dp,pure,0.0,1.1984854251634343e-12,0,0.0,456,0.2,0.02,0.2,0.19999999999928092,0.018399999998845618,0.20979591836665132,1.0
100,1.0,27.449962502007253,9,edge_flip_approx_dp,approx,1e-05,1.1984734403091827e-12,0,0.0,456,0.2,0.02,0.2,0.19999999999928092,0.01839999999884563,0.20979591836665132,1.0
100,1.0,27.449962502007253,10,edge_flip_pure_dp,pure,0.0,1.1984854251634343e-12,0,0.0,171,0.2,0.02,0.2,0.1951020408155957,0.0175999999988437,0.19999999999928092,1.0
100,1.0,27.449962502007253,10,edge_flip_approx_dp,approx,1e-05,1.1984734403091827e-12,0,0.0,171,0.2,0.02,0.2,0.1951020408155957,0.017599999998843714,0.19999999999928092,1.0
100,1.0,27.449962502007253,11,edge_flip_pure_dp,pure,0.0,1.1984854251634343e-12,0,0.0,199,0.2,0.02,0.2,0.11252525252432376,0.0,0.0,0.0
100,1.0,27.449962502007253,11,edge_flip_approx_dp,approx,1e-05,1.1984734403091827e-12,0,0.0,199,0.2,0.02,0.2,0.11252525252432377,0.0,0.0,0.0
100,1.0,27.449962502007253,12,edge_flip_pure_dp,pure,0.0,1.1984854251634343e-12,0,0.0,181,0.2,0.02,0.2,0.18448979591761108,0.01879999999884658,0.19755102040743833,1.0
100,1.0,27.449962502007253,12,edge_flip_approx_dp,approx,1e-05,1.1984734403091827e-12,0,0.0,181,0.2,0.02,0.2,0.18448979591761108,0.018799999998846594,0.19755102040743833,1.0
100,1.0,27.449962502007253,13,edge_flip_pure_dp,pure,0.0,1.1984854251634343e-12,0,0.0,656,0.2,0.02,0.2,0.21877551020340752,0.02319999999885712,0.1893877551012963,1.0
100,1.0,27.449962502007253,13,edge_flip_approx_dp,approx,1e-05,1.1984734403091827e-12,0,0.0,656,0.2,0.02,0.2,0.21877551020340752,0.023199999998857135,0.1893877551012963,1.0
100,1.0,27.449962502007253,14,edge_flip_pure_dp,pure,0.0,1.1984854251634343e-12,0,0.0,533,0.2,0.02,0.2,0.20816326530542292,0.021999999998854245,0.17877551020331167,1.0
100,1.0,27.449962502007253,14,edge_flip_approx_dp,approx,1e-05,1.1984734403091827e-12,0,0.0,533,0.2,0.02,0.2,0.20816326530542292,0.02199999999885426,0.17877551020331167,1.0
100,1.0,27.449962502007253,15,edge_flip_pure_dp,pure,0.0,1.1984854251634343e-12,0,0.0,268,0.2,0.02,0.2,0.1918367346931389,0.0175999999988437,0.1942857142849815,1.0
100,1.0,27.449962502007253,15,edge_flip_approx_dp,approx,1e-05,1.1984734403091827e-12,0,0.0,268,0.2,0.02,0.2,0.1918367346931389,0.017599999998843714,0.1942857142849815,1.0
100,1.0,27.449962502007253,16,edge_flip_pure_dp,pure,0.0,1.1984854251634343e-12,0,0.0,775,0.2,0.02,0.2,0.1926530612237531,0.02119999999885233,0.19346938775436728,1.0
100,1.0,27.449962502007253,16,edge_flip_approx_dp,approx,1e-05,1.1984734403091827e-12,0,0.0,775,0.2,0.02,0.2,0.1926530612237531,0.021199999998852345,0.19346938775436728,1.0
100,1.0,27.449962502007253,17,edge_flip_pure_dp,pure,0.0,1.1984854251634343e-12,0,0.0,243,0.2,0.02,0.2,0.19755102040743833,0.02439999999886,0.1885714285706821,1.0
100,1.0,27.449962502007253,17,edge_flip_approx_dp,approx,1e-05,1.1984734403091827e-12,0,0.0,243,0.2,0.02,0.2,0.19755102040743833,0.024399999998860014,0.1885714285706821,1.0
100,1.0,27.449962502007253,18,edge_flip_pure_dp,pure,0.0,1.1984854251634343e-12,0,0.0,247,0.2,0.02,0.2,0.2032653061217377,0.019999999998849455,0.1877551020400679,1.0
100,1.0,27.449962502007253,18,edge_flip_approx_dp,approx,1e-05,1.1984734403091827e-12,0,0.0,247,0.2,0.02,0.2,0.2032653061217377,0.01999999999884947,0.1877551020400679,1.0
100,1.0,27.449962502007253,19,edge_flip_pure_dp,pure,0.0,1.1984854251634343e-12,0,0.0,127,0.2,0.02,0.2,0.18448979591761108,0.015199999998837949,0.1926530612237531,1.0
100,1.0,27.449962502007253,19,edge_flip_approx_dp,approx,1e-05,1.1984734403091827e-12,0,0.0,127,0.2,0.02,0.2,0.18448979591761108,0.01519999999883796,0.1926530612237531,1.0
100,2.0,11.732851621374003,0,edge_flip_pure_dp,pure,0.0,8.025716197608862e-06,0,0.0,245,0.2,0.02,0.2,0.20326054302911642,0.017192250244044905,0.2179546564417049,1.0
100,2.0,11.732851621374003,0,edge_flip_approx_dp,approx,1e-05,8.025635940446885e-06,0,0.0,245,0.2,0.02,0.2,0.20326054307674812,0.017192250321543708,0.21795465648697793,1.0
100,2.0,11.732851621374003,1,edge_flip_pure_dp,pure,0.0,8.025716197608862e-06,0,0.0,237,0.2,0.02,0.2,0.20081152412701836,0.026392397919593344,0.1942808070547568,1.0
100,2.0,11.732851621374003,1,edge_flip_approx_dp,approx,1e-05,8.025635940446885e-06,0,0.0,237,0.2,0.02,0.2,0.20081152417504314,0.026392397995615366,0.19428080710382992,1.0
100,2.0,11.732851621374003,2,edge_flip_pure_dp,pure,0.0,8.025716197608862e-06,1,0.00020202020202020202,220,0.2,0.02,0.2,0.21305661863750874,0.01639223740269287,0.20326054302911642,1.0
100,2.0,11.732851621374003,2,edge_flip_approx_dp,approx,1e-05,8.025635940446885e-06,0,0.0,294,0.2,0.02,0.2,0.21305661868356798,0.016392237480320086,0.20244420344284647,1.0
100,2.0,11.732851621374003,3,edge_flip_pure_dp,pure,0.0,8.025716197608862e-06,0,0.0,654,0.2,0.02,0.2,0.1921519213424755,0.023201630416689874,0.22958749622667077,0.9291252238549075
100,2.0,11.732851621374003,3,edge_flip_approx_dp,approx,1e-05,8.025635940446885e-06,0,0.0,654,0.2,0.02,0.2,0.1921519213918903,0.02320163049322407,0.22958749627007652,0.9291252238549075
100,2.0,11.732851621374003,4,edge_flip_pure_dp,pure,0.0,8.025716197608862e-06,0,0.0,350,0.2,0.02,0.2,0.2057095619312145,0.01879227592674898,0.18938276925056066,1.0
100,2.0,11.732851621374003,4,edge_flip_approx_dp,approx,1e-05,8.025635940446885e-06,0,0.0,350,0.2,0.02,0.2,0.20570956197845308,0.018792276003990954,0.18938276930041997,1.0
100,2.0,11.732851621374003,5,edge_flip_pure_dp,pure,0.0,8.025716197608862e-06,0,0.0,551,0.2,0.02,0.2,0.19019910888459338,0.01879227592674898,0.19509714668878952,1.0
100,2.0,11.732851621374003,5,edge_flip_approx_dp,approx,1e-05,8.025635940446885e-06,0,0.0,551,0.2,0.02,0.2,0.19019910893432163,0.018792276003990954,0.19509714673773157,1.0
100,2.0,11.732851621374003,6,edge_flip_pure_dp,pure,0.0,8.025716197608862e-06,0,0.0,954,0.2,0.02,0.2,0.06948461503513195,0.10916039313113964,0.20640554379869108,0.019622102805851988
100,2.0,11.732851621374003,6,edge_flip_approx_dp,approx,1e-05,8.025635940446885e-06,0,0.0,954,0.2,0.02,0.2,0.06948461510423694,0.10916039319387599,0.20640554384581794,0.019622102805851988
100,2.0,11.732851621374003,7,edge_flip_pure_dp,pure,0.0,8.025716197608862e-06,0,0.0,214,0.2,0.02,0.2,0.1967298259568549,0.01879227592674898,0.21550563753960683,1.0
100,2.0,11.732851621374003,7,edge_flip_approx_dp,approx,1e-05,8.025635940446885e-06,0,0.0,214,0.2,0.02,0.2,0.19672982600553487,0.018792276003990954,0.21550563758527297,1.0
100,2.0,11.732851621374003,8,edge_flip_pure_dp,pure,0.0,8.025716197608862e-06,0,0.0,227,0.2,0.02,0.2,0.10625630611234278,0.0,0.0,0.0
100,2.0,11.732851621374003,8,edge_flip_approx_dp,approx,1e-05,8.025635940446885e-06,0,0.0,227,0.2,0.02,0.2,0.1062563061755453,0.0,0.0,0.0
100,2.0,11.732851621374003,9,edge_flip_pure_dp,pure,0.0,8.025716197608862e-06,0,0.0,456,0.2,0.02,0.2,0.19999518449298567,0.01839226950607296,0.20979126010137797,1.0
100,2.0,11.732851621374003,9,edge_flip_approx_dp,approx,1e-05,8.025635940446885e-06,0,0.0,456,0.2,0.02,0.2,0.1999951845411415,0.01839226958337914,0.20979126014796137,1.0
100,2.0,11.732851621374003,10,edge_flip_pure_dp,pure,0.0,8.025716197608862e-06,0,0.0,171,0.2,0.02,0.2,0.19509714668878952,0.017592256664720925,0.19999518449298567,1.0
100,2.0,11.732851621374003,10,edge_flip_approx_dp,approx,1e-05,8.025635940446885e-06,0,0.0,171,0.2,0.02,0.2,0.19509714673773157,0.017592256742155518,0.1999951845411415,1.0
100,2.0,11.732851621374003,11,edge_flip_pure_dp,pure,0.0,8.025716197608862e-06,0,0.0,199,0.2,0.02,0.2,0.1125190329007047,0.0,0.0,0.0
100,2.0,11.732851621374003,11,edge_flip_approx_dp,approx,1e-05,8.025635940446885e-06,0,0.0,199,0.2,0.02,0.2,0.11251903296290194,0.0,0.0,0.0
100,2.0,11.732851621374003,12,edge_flip_pure_dp,pure,0.0,8.025716197608862e-06,0,0.0,181,0.2,0.02,0.2,0.1844847314463645,0.01879227592674898,0.1975461655908876,1.0
100,2.0,11.732851621374003,12,edge_flip_approx_dp,approx,1e-05,8.025635940446885e-06,0,0.0,181,0.2,0.02,0.2,0.18448473149701003,0.018792276003990954,0.19754616563943656,1.0
100,2.0,11.732851621374003,13,edge_flip_pure_dp,pure,0.0,8.025716197608862e-06,0,0.0,656,0.2,0.02,0.2,0.21877099607573758,0.02319234655418519,0.18938276925056066,1.0
100,2.0,11.732851621374003,13,edge_flip_approx_dp,approx,1e-05,8.025635940446885e-06,0,0.0,656,0.2,0.02,0.2,0.21877099612087958,0.023192346630720874,0.18938276930041997,1.0
100,2.0,11.732851621374003,14,edge_flip_pure_dp,pure,0.0,8.025716197608862e-06,0,0.0,533,0.2,0.02,0.2,0.2081585808333126,0.021992327292157134,0.17877035400813568,1.0
100,2.0,11.732851621374003,14,edge_flip_approx_dp,approx,1e-05,8.025635940446885e-06,0,0.0,533,0.2,0.02,0.2,0.20815858088015807,0.021992327368885442,0.17877035405969846,1.0
100,2.0,11.732851621374003,15,edge_flip_pure_dp,pure,0.0,8.025716197608862e-06,0,0.0,268,0.2,0.02,0.2,0.19183178815265875,0.017592256664720925,0.1942808070547568,1.0
100,2.0,11.732851621374003,15,edge_flip_approx_dp,approx,1e-05,8.025635940446885e-06,0,0.0,268,0.2,0.02,0.2,0.19183178820212493,0.017592256742155518,0.19428080710382992,1.0
100,2.0,11.732851621374003,16,edge_flip_pure_dp,pure,0.0,8.025716197608862e-06,0,0.0,775,0.2,0.02,0.2,0.19264812778669144,0.021192314450805095,0.19346446742072412,1.0
100,2.0,11.732851621374003,16,edge_flip_approx_dp,approx,1e-05,8.025635940446885e-06,0,0.0,775,0.2,0.02,0.2,0.1926481278360266,0.02119231452766182,0.19346446746992824,1.0
100,2.0,11.732851621374003,17,edge_flip_pure_dp,pure,0.0,8.025716197608862e-06,0,0.0,243,0.2,0.02,0.2,0.1975461655908876,0.024392365816213252,0.188566429616528,1.0
100,2.0,11.732851621374003,17,edge_flip_approx_dp,approx,1e-05,8.025635940446885e-06,0,0.0,243,0.2,0.02,0.2,0.19754616563943656,0.024392365892556313,0.18856642966651832,1.0
100,2.0,11.732851621374003,18,edge_flip_pure_dp,pure,0.0,8.025716197608862e-06,0,0.0,247,0.2,0.02,0.2,0.20326054302911642,0.01999229518877704,0.1877500899824953,1.0
100,2.0,11.732851621374003,18,edge_flip_approx_dp,approx,1e-05,8.025635940446885e-06,0,0.0,247,0.2,0.02,0.2,0.20326054307674812,0.019992295265826385,0.18775009003261667,1.0
100,2.0,11.732851621374003,19,edge_flip_pure_dp,pure,0.0,8.025716197608862e-06,0,0.0,127,0.2,0.02,0.2,0.1844847314463645,0.01519221814066481,0.19264812778669144,1.0
100,2.0,11.732851621374003,19,edge_flip_approx_dp,approx,1e-05,8.025635940446885e-06,0,0.0,127,0.2,0.02,0.2,0.18448473149701003,0.015192218218484653,0.1926481278360266,1.0
100,5.0,4.150006096013556,0,edge_flip_pure_dp,pure,0.0,0.015519663438340655,71,0.014343434343434344,192,0.2,0.02,0.2,0.20386953416252254,0.015357007744901055,0.21229429848222317,1.0
100,5.0,4.150006096013556,0,edge_flip_approx_dp,approx,1e-05,0.015519508241706273,64,0.01292929292929293,227,0.2,0.02,0.2,0.20134220053754429,0.014531536354737742,0.2173492476173374,1.0
100,5.0,4.150006096013556,1,edge_flip_pure_dp,pure,0.0,0.015519663438340655,75,0.015151515151515152,413,0.2,0.02,0.2,0.19375981697888178,0.027741411294860994,0.1979721991387321,1.0
100,5.0,4.150006096013556,1,edge_flip_approx_dp,approx,1e-05,0.015519508241706273,54,0.01090909090909091,590,0.2,0.02,0.2,0.19039001043031745,0.02278780274326261,0.19881477205126116,1.0
100,5.0,4.150006096013556,2,edge_flip_pure_dp,pure,0.0,0.015519663438340655,91,0.018383838383838384,267,0.2,0.02,0.2,0.209766869186313,0.020310769164885032,0.19712972270676205,1.0
100,5.0,4.150006096013556,2,edge_flip_approx_dp,approx,1e-05,0.015519508241706273,77,0.015555555555555555,407,0.2,0.02,0.2,0.20892448599639368,0.015357162993590228,0.2047121051859218,1.0
100,5.0,4.150006096013556,3,edge_flip_pure_dp,pure,0.0,0.015519663438340655,89,0.01797979797979798,787,0.2,0.02,0.2,0.20049962843464228,0.025264530584869008,0.22914382712162445,1.0
100,5.0,4.150006096013556,3,edge_flip_approx_dp,approx,1e-05,0.015519508241706273,67,0.013535353535353536,687,0.2,0.02,0.2,0.11546069116525719,0.02568166581075567,0.0,0.018639764244343528
100,5.0,4.150006096013556,4,edge_flip_pure_dp,pure,0.0,0.015519663438340655,88,0.017777777777777778,450,0.2,0.02,0.2,0.1092866624137218,0.0,0.0,0.0
100,5.0,4.150006096013556,4,edge_flip_approx_dp,approx,1e-05,0.015519508241706273,90,0.01818181818181818,332,0.2,0.02,0.2,0.11053773702615015,0.0,0.0,0.0
100,5.0,4.150006096013556,5,edge_flip_pure_dp,pure,0.0,0.015519663438340655,64,0.01292929292929293,532,0.2,0.02,0.2,0.1887049583870614,0.014944194293235723,0.19544476984282189,1.0
100,5.0,4.150006096013556,5,edge_flip_approx_dp,approx,1e-05,0.015519508241706273,67,0.013535353535353536,301,0.2,0.02,0.2,0.18702010578193992,0.01907248286842642,0.1912324865924118,1.0
100,5.0,4.150006096013556,6,edge_flip_pure_dp,pure,0.0,0.015519663438340655,82,0.016565656565656565,944,0.2,0.02,0.2,0.18533505265918115,0.09791969807796731,0.0555936821357913,0.001154464004799172
100,5.0,4.150006096013556,6,edge_flip_approx_dp,approx,1e-05,0.015519508241706273,90,0.01818181818181818,921,0.2,0.02,0.2,0.15818845993798897,0.08675244496426195,0.026152453239231346,0.000356311672099125
100,5.0,4.150006096013556,7,edge_flip_pure_dp,pure,0.0,0.015519663438340655,67,0.013535353535353536,273,0.2,0.02,0.2,0.20134210486661236,0.018659515358223702,0.20892439275434294,1.0
100,5.0,4.150006096013556,7,edge_flip_approx_dp,approx,1e-05,0.015519508241706273,84,0.01696969696969697,167,0.2,0.02,0.2,0.0,0.0,0.11324812750723155,0.0
100,5.0,4.150006096013556,8,edge_flip_pure_dp,pure,0.0,0.015519663438340655,78,0.01575757575757576,299,0.2,0.02,0.2,0.1069932543489144,0.0,0.0,0.0
100,5.0,4.150006096013556,8,edge_flip_approx_dp,approx,1e-05,0.015519508241706273,62,0.012525252525252526,321,0.2,0.02,0.2,0.0,0.0,0.10407449818664836,0.0
100,5.0,4.150006096013556,9,edge_flip_pure_dp,pure,0.0,0.015519663438340655,95,0.01919191919191919,406,0.2,0.02,0.2,0.21819163350601364,0.023613276778207678,0.19712972270676205,1.0
100,5.0,4.150006096013556,9,edge_flip_approx_dp,approx,1e-05,0.015519508241706273,86,0.017373737373737375,407,0.2,0.02,0.2,0.2173492476173374,0.01783404291014769,0.2021846766996387,1.0
100,5.0,4.150006096013556,10,edge_flip_pure_dp,pure,0.0,0.015519663438340655,86,0.017373737373737375,351,0.2,0.02,0.2,0.20386953416252254,0.019897955713219697,0.19123238768297157,1.0
100,5.0,4.150006096013556,10,edge_flip_approx_dp,approx,1e-05,0.015519508241706273,70,0.014141414141414142,197,0.2,0.02,0.2,0.19881477205126116,0.016182789632442712,0.19544486740288367,1.0
100,5.0,4.150006096013556,11,edge_flip_pure_dp,pure,0.0,0.015519663438340655,96,0.019393939393939394,209,0.2,0.02,0.2,0.19119934939152178,0.02693296430308423,0.22180726152655184,0.9291252238549075
100,5.0,4.150006096013556,11,edge_flip_approx_dp,approx,1e-05,0.015519508241706273,81,0.016363636363636365,161,0.2,0.02,0.2,0.0,0.0,0.11533304326190953,0.0
100,5.0,4.150006096013556,12,edge_flip_pure_dp,pure,0.0,0.015519663438340655,72,0.014545454545454545,303,0.2,0.02,0.2,0.10219794657704438,0.0,0.0,0.0
100,5.0,4.150006096013556,12,edge_flip_approx_dp,approx,1e-05,0.015519508241706273,68,0.013737373737373737,299,0.2,0.02,0.2,0.0,0.0,0.10178109085650257,0.0
100,5.0,4.150006096013556,13,edge_flip_pure_dp,pure,0.0,0.015519663438340655,80,0.01616161616161616,337,0.2,0.02,0.2,0.22707273922636473,0.02280317787185843,0.19038991125100155,0.9291252238549075
100,5.0,4.150006096013556,13,edge_flip_approx_dp,approx,1e-05,0.015519508241706273,94,0.01898989898989899,741,0.2,0.02,0.2,0.22707282665484332,0.027346094354406172,0.1863428210241778,0.9291252238549075
100,5.0,4.150006096013556,14,edge_flip_pure_dp,pure,0.0,0.015519663438340655,79,0.01595959595959596,629,0.2,0.02,0.2,0.1769102883394805,0.021549209519881027,0.209766869186313,1.0
100,5.0,4.150006096013556,14,edge_flip_approx_dp,approx,1e-05,0.015519508241706273,78,0.01575757575757576,394,0.2,0.02,0.2,0.20134220053754429,0.02443905602096758,0.1785953441609962,1.0
100,5.0,4.150006096013556,15,edge_flip_pure_dp,pure,0.0,0.015519663438340655,69,0.013939393939393939,253,0.2,0.02,0.2,0.0,0.0,0.10365738807283091,0.0
100,5.0,4.150006096013556,15,edge_flip_approx_dp,approx,1e-05,0.015519508241706273,65,0.013131313131313131,220,0.2,0.02,0.2,0.1871522589054057,0.012891846475336024,0.19899028791836418,0.9291252238549075
100,5.0,4.150006096013556,16,edge_flip_pure_dp,pure,0.0,0.015519663438340655,71,0.014343434343434344,461,0.2,0.02,0.2,0.18786248195509134,0.014944194293235723,0.1979721991387321,1.0
100,5.0,4.150006096013556,16,edge_flip_approx_dp,approx,1e-05,0.015519508241706273,87,0.017575757575757574,773,0.2,0.02,0.2,0.0,0.20513334326696897,0.1044921831817261,0.0
100,5.0,4.150006096013556,17,edge_flip_pure_dp,pure,0.0,0.015519663438340655,90,0.01818181818181818,296,0.2,0.02,0.2,0.2077659876603841,0.029410836161819713,0.18067665356475843,0.9291252238549075
100,5.0,4.150006096013556,17,edge_flip_approx_dp,approx,1e-05,0.015519508241706273,78,0.01575757575757576,206,0.2,0.02,0.2,0.20513334326696897,0.025694180311083867,0.18229563161803816,0.9291252238549075
100,5.0,4.150006096013556,18,edge_flip_pure_dp,pure,0.0,0.015519663438340655,100,0.020202020202020204,320,0.2,0.02,0.2,0.20639696345843275,0.02485171713320368,0.1861775290911512,1.0
100,5.0,4.150006096013556,18,edge_flip_approx_dp,approx,1e-05,0.015519508241706273,69,0.013939393939393939,270,0.2,0.02,0.2,0.2038696290238274,0.01742122959072144,0.18617762961984555,1.0
100,5.0,4.150006096013556,19,edge_flip_pure_dp,pure,0.0,0.015519663438340655,69,0.013939393939393939,337,0.2,0.02,0.2,0.0,0.0,0.09886208030096089,0.0
100,5.0,4.150006096013556,19,edge_flip_approx_dp,approx,1e-05,0.015519508241706273,86,0.017373737373737375,466,0.2,0.02,0.2,0.0,0.0,0.10365751503571276,0.0
100,10.0,1.9953178628215948,0,edge_flip_pure_dp,pure,0.0,0.11969539354136688,581,0.11737373737373738,224,0.2,0.02,0.2,0.0,0.0,0.10823535539766051,0.0
100,10.0,1.9953178628215948,0,edge_flip_approx_dp,approx,1e-05,0.11969419658743147,592,0.1195959595959596,269,0.2,0.02,0.2,0.0,0.0,0.11965748787286505,0.0
100,10.0,1.9953178628215948,1,edge_flip_pure_dp,pure,0.0,0.11969539354136688,619,0.12505050505050505,187,0.2,0.02,0.2,0.0,0.0,0.12071870339515878,0.0
100,10.0,1.9953178628215948,1,edge_flip_approx_dp,approx,1e-05,0.11969419658743147,572,0.11555555555555555,418,0.2,0.02,0.2,0.2121111100056946,0.01276979552699988,0.19164292560157092,0.6770006327837454
100,10.0,1.9953178628215948,2,edge_flip_pure_dp,pure,0.0,0.11969539354136688,593,0.11979797979797979,279,0.2,0.02,0.2,0.1903663535991776,0.013021938586103437,0.21075817086647616,0.6725550808455241
100,10.0,1.9953178628215948,2,edge_flip_approx_dp,approx,1e-05,0.11969419658743147,572,0.11555555555555555,425,0.2,0.02,0.2,0.0,0.014296599854380693,0.12199165911111072,0.015051733759203989
100,10.0,1.9953178628215948,3,edge_flip_pure_dp,pure,0.0,0.11969539354136688,621,0.12545454545454546,294,0.2,0.02,0.2,0.10982897429095816,0.0,0.0,0.0
100,10.0,1.9953178628215948,3,edge_flip_approx_dp,approx,1e-05,0.11969419658743147,546,0.1103030303030303,487,0.2,0.02,0.2,0.09947171208958136,0.0,0.0,0.0
100,10.0,1.9953178628215948,4,edge_flip_pure_dp,pure,0.0,0.11969539354136688,594,0.12,323,0.2,0.02,0.2,0.110625783737607,0.0,0.0,0.0
100,10.0,1.9953178628215948,4,edge_flip_approx_dp,approx,1e-05,0.11969419658743147,636,0.12848484848484848,314,0.2,0.02,0.2,0.0,0.0,0.12125110175049272,0.0
100,10.0,1.9953178628215948,5,edge_flip_pure_dp,pure,0.0,0.11969539354136688,574,0.11595959595959596,789,0.2,0.02,0.2,0.0,0.03868926772962699,0.14386811468727206,0.007075971200995503
100,10.0,1.9953178628215948,5,edge_flip_approx_dp,approx,1e-05,0.11969419658743147,564,0.11393939393939394,370,0.2,0.02,0.2,0.0,0.0,0.09522207508257424,0.0
100,10.0,1.9953178628215948,6,edge_flip_pure_dp,pure,0.0,0.11969539354136688,601,0.12141414141414142,411,0.2,0.02,0.2,0.0,0.0,0.10956337114207522,0.0
100,10.0,1.9953178628215948,6,edge_flip_approx_dp,approx,1e-05,0.11969419658743147,586,0.11838383838383838,1000,0.2,0.02,0.2,0.16601208101508716,0.06031459215124993,0.0,0.007075971200995503
100,10.0,1.9953178628215948,7,edge_flip_pure_dp,pure,0.0,0.11969539354136688,628,0.12686868686868688,335,0.2,0.02,0.2,0.11690811127955249,0.26759724472742574,0.0,0.018639764244343528
100,10.0,1.9953178628215948,7,edge_flip_approx_dp,approx,1e-05,0.11969419658743147,589,0.11898989898989899,262,0.2,0.02,0.2,0.11168941848472677,0.0,0.0,0.0
100,10.0,1.9953178628215948,8,edge_flip_pure_dp,pure,0.0,0.11969539354136688,588,0.11878787878787879,170,0.2,0.02,0.2,0.09761122944234282,0.0,0.0,0.0
100,10.0,1.9953178628215948,8,edge_flip_approx_dp,approx,1e-05,0.11969419658743147,597,0.1206060606060606,306,0.2,0.02,0.2,0.0,0.0,0.1100958046070991,0.0
100,10.0,1.9953178628215948,9,edge_flip_pure_dp,pure,0.0,0.11969539354136688,600,0.12121212121212122,997,0.2,0.02,0.2,0.12516390774404584,0.014398638512093633,0.0,0.011231596720452399
100,10.0,1.9953178628215948,9,edge_flip_approx_dp,approx,1e-05,0.11969419658743147,559,0.11292929292929293,170,0.2,0.02,0.2,0.10159653059308489,0.0,0.0,0.0
100,10.0,1.9953178628215948,10,edge_flip_pure_dp,pure,0.0,0.11969539354136688,587,0.11858585858585859,496,0.2,0.02,0.2,0.0982074814092229,0.29415755961571993,0.0,0.018639764244343528
100,10.0,1.9953178628215948,10,edge_flip_approx_dp,approx,1e-05,0.11969419658743147,582,0.11757575757575757,125,0.2,0.02,0.2,0.10929899766828526,0.0,0.0,0.0
100,10.0,1.9953178628215948,11,edge_flip_pure_dp,pure,0.0,0.11969539354136688,605,0.12222222222222222,217,0.2,0.02,0.2,0.11992189394850995,0.0,0.0,0.0
100,10.0,1.9953178628215948,11,edge_flip_approx_dp,approx,1e-05,0.11969419658743147,585,0.11818181818181818,216,0.2,0.02,0.2,0.11673586243054769,0.0,0.0,0.0
100,10.0,1.9953178628215948,12,edge_flip_pure_dp,pure,0.0,0.11969539354136688,603,0.12181818181818181,247,0.2,0.02,0.2,0.10504811761106521,0.0,0.0,0.0
100,10.0,1.9953178628215948,12,edge_flip_approx_dp,approx,1e-05,0.11969419658743147,596,0.1204040404040404,490,0.2,0.02,0.2,0.10265893984483668,0.0,0.0,0.0
100,10.0,1.9953178628215948,13,edge_flip_pure_dp,pure,0.0,0.11969539354136688,555,0.11212121212121212,315,0.2,0.02,0.2,0.0,0.0,0.10796975224877756,0.0
100,10.0,1.9953178628215948,13,edge_flip_approx_dp,approx,1e-05,0.11969419658743147,639,0.1290909090909091,591,0.2,0.02,0.2,0.26909338415970646,0.16683838225354478,0.041740240117286345,0.0029536865490922917
100,10.0,1.9953178628215948,14,edge_flip_pure_dp,pure,0.0,0.11969539354136688,568,0.11474747474747475,675,0.2,0.02,0.2,0.14057859598882771,0.03142980196510437,0.0,7.84044000653094e-16
100,10.0,1.9953178628215948,14,edge_flip_approx_dp,approx,1e-05,0.11969419658743147,588,0.11878787878787879,278,0.2,0.02,0.2,0.11168941848472677,0.0,0.0,0.0
100,10.0,1.9953178628215948,15,edge_flip_pure_dp,pure,0.0,0.11969539354136688,581,0.11737373737373738,723,0.2,0.02,0.2,0.10398570501553343,0.0,0.0,0.0
100,10.0,1.9953178628215948,15,edge_flip_approx_dp,approx,1e-05,0.11969419658743147,560,0.11313131313131314,726,0.2,0.02,0.2,0.36852685509571803,0.17569957590277113,0.07406640321271944,0.0
100,10.0,1.9953178628215948,16,edge_flip_pure_dp,pure,0.0,0.11969539354136688,553,0.11171717171717171,509,0.2,0.02,0.2,0.0,0.05298990043000857,0.15893091294531772,0.0014615125060597647
100,10.0,1.9953178628215948,16,edge_flip_approx_dp,approx,1e-05,0.11969419658743147,605,0.12222222222222222,968,0.2,0.02,0.2,0.22087801336232454,0.11391968889007519,0.025818918596312433,0.002611220469271829
100,10.0,1.9953178628215948,17,edge_flip_pure_dp,pure,0.0,0.11969539354136688,649,0.13111111111111112,226,0.2,0.02,0.2,0.12178111599069055,0.0,0.0,0.0
100,10.0,1.9953178628215948,17,edge_flip_approx_dp,approx,1e-05,0.11969419658743147,622,0.12565656565656566,566,0.2,0.02,0.2,0.08135245186305871,0.20071154005529301,0.26369205981256505,1.3346998331843798e-15
100,10.0,1.9953178628215948,18,edge_flip_pure_dp,pure,0.0,0.11969539354136688,623,0.12585858585858586,218,0.2,0.02,0.2,0.1087665616954264,0.0,0.0,0.0
100,10.0,1.9953178628215948,18,edge_flip_approx_dp,approx,1e-05,0.11969419658743147,593,0.11979797979797979,354,0.2,0.02,0.2,0.10876779304240937,0.0,0.0,0.0
100,10.0,1.9953178628215948,19,edge_flip_pure_dp,pure,0.0,0.11969539354136688,553,0.11171717171717171,246,0.2,0.02,0.2,0.7191225978284272,0.1806404691223987,0.07724528311893701,0.007848505707418938
100,10.0,1.9953178628215948,19,edge_flip_approx_dp,approx,1e-05,0.11969419658743147,608,0.12282828282828283,666,0.2,0.02,0.2,0.0,0.28087809182619666,0.09983488259910873,0.018639764244343528
200,0.5,75.26107361311833,0,edge_flip_pure_dp,pure,0.0,2.0631510616831042e-33,0,0.0,244,0.2,0.02,0.2,0.10919597989949749,0.0,0.0,0.0
200,0.5,75.26107361311833,0,edge_flip_approx_dp,approx,1e-05,2.0631304301724875e-33,0,0.0,244,0.2,0.02,0.2,0.10919597989949749,0.0,0.0,0.0
200,0.5,75.26107361311833,1,edge_flip_pure_dp,pure,0.0,2.0631510616831042e-33,0,0.0,271,0.2,0.02,0.2,0.2016161616161616,0.0197,0.19373737373737374,1.0
200,0.5,75.26107361311833,1,edge_flip_approx_dp,approx,1e-05,2.0631304301724875e-33,0,0.0,271,0.2,0.02,0.2,0.2016161616161616,0.0197,0.19373737373737374,1.0
200,0.5,75.26107361311833,2,edge_flip_pure_dp,pure,0.0,2.0631510616831042e-33,0,0.0,285,0.2,0.02,0.2,0.20242424242424242,0.0186,0.2014141414141414,1.0
200,0.5,75.26107361311833,2,edge_flip_approx_dp,approx,1e-05,2.0631304301724875e-33,0,0.0,285,0.2,0.02,0.2,0.20242424242424242,0.0186,0.2014141414141414,1.0
200,0.5,75.26107361311833,3,edge_flip_pure_dp,pure,0.0,2.0631510616831042e-33,0,0.0,183,0.2,0.02,0.2,0.19777777777777777,0.0219,0.20040404040404042,1.0
200,0.5,75.26107361311833,3,edge_flip_approx_dp,approx,1e-05,2.0631304301724875e-33,0,0.0,183,0.2,0.02,0.2,0.19777777777777777,0.0219,0.20040404040404042,1.0
200,0.5,75.26107361311833,4,edge_flip_pure_dp,pure,0.0,2.0631510616831042e-33,0,0.0,514,0.2,0.02,0.2,0.201010101010101,0.019,0.2107070707070707,1.0
200,0.5,75.26107361311833,4,edge_flip_approx_dp,approx,1e-05,2.0631304301724875e-33,0,0.0,514,0.2,0.02,0.2,0.201010101010101,0.019,0.2107070707070707,1.0
200,0.5,75.26107361311833,5,edge_flip_pure_dp,pure,0.0,2.0631510616831042e-33,0,0.0,332,0.2,0.02,0.2,0.18646464646464647,0.0201,0.19252525252525252,1.0
200,0.5,75.26107361311833,5,edge_flip_approx_dp,approx,1e-05,2.0631304301724875e-33,0,0.0,332,0.2,0.02,0.2,0.18646464646464647,0.0201,0.19252525252525252,1.0
200,0.5,75.26107361311833,6,edge_flip_pure_dp,pure,0.0,2.0631510616831042e-33,0,0.0,259,0.2,0.02,0.2,0.19838383838383838,0.0228,0.19535353535353536,1.0
200,0.5,75.26107361311833,6,edge_flip_approx_dp,approx,1e-05,2.0631304301724875e-33,0,0.0,259,0.2,0.02,0.2,0.19838383838383838,0.0228,0.19535353535353536,1.0
200,0.5,75.26107361311833,7,edge_flip_pure_dp,pure,0.0,2.0631510616831042e-33,0,0.0,247,0.2,0.02,0.2,0.19454545454545455,0.018,0.19252525252525252,1.0
200,0.5,75.26107361311833,7,edge_flip_approx_dp,approx,1e-05,2.0631304301724875e-33,0,0.0,247,0.2,0.02,0.2,0.19454545454545455,0.018,0.19252525252525252,1.0
200,0.5,75.26107361311833,8,edge_flip_pure_dp,pure,0.0,2.0631510616831042e-33,0,0.0,291,0.2,0.02,0.2,0.19676767676767676,0.02,0.19656565656565655,1.0
200,0.5,75.26107361311833,8,edge_flip_approx_dp,approx,1e-05,2.0631304301724875e-33,0,0.0,291,0.2,0.02,0.2,0.19676767676767676,0.02,0.19656565656565655,1.0
200,0.5,75.26107361311833,9,edge_flip_pure_dp,pure,0.0,2.0631510616831042e-33,0,0.0,295,0.2,0.02,0.2,0.20363636363636364,0.0201,0.1874747474747475,1.0
200,0.5,75.26107361311833,9,edge_flip_approx_dp,approx,1e-05,2.0631304301724875e-33,0,0.0,295,0.2,0.02,0.2,0.20363636363636364,0.0201,0.1874747474747475,1.0
200,0.5,75.26107361311833,10,edge_flip_pure_dp,pure,0.0,2.0631510616831042e-33,0,0.0,336,0.2,0.02,0.2,0.20525252525252524,0.0203,0.19474747474747475,1.0
200,0.5,75.26107361311833,10,edge_flip_approx_dp,approx,1e-05,2.0631304301724875e-33,0,0.0,336,0.2,0.02,0.2,0.20525252525252524,0.0203,0.19474747474747475,1.0
200,0.5,75.26107361311833,11,edge_flip_pure_dp,pure,0.0,2.0631510616831042e-33,0,0.0,543,0.2,0.02,0.2,0.21252525252525253,0.0178,0.20242424242424242,1.0
200,0.5,75.26107361311833,11,edge_flip_approx_dp,approx,1e-05,2.0631304301724875e-33,0,0.0,543,0.2,0.02,0.2,0.21252525252525253,0.0178,0.20242424242424242,1.0
200,0.5,75.26107361311833,12,edge_flip_pure_dp,pure,0.0,2.0631510616831042e-33,0,0.0,303,0.2,0.02,0.2,0.06430745814307458,0.09610613741775428,0.13498312710911137,0.0007195674037132582
200,0.5,75.26107361311833,12,edge_flip_approx_dp,approx,1e-05,2.0631304301724875e-33,0,0.0,303,0.2,0.02,0.2,0.06430745814307458,0.09610613741775428,0.13498312710911137,0.0007195674037132582
200,0.5,75.26107361311833,13,edge_flip_pure_dp,pure,0.0,2.0631510616831042e-33,0,0.0,239,0.2,0.02,0.2,0.201010101010101,0.0218,0.1987878787878788,1.0
200,0.5,75.26107361311833,13,edge_flip_approx_dp,approx,1e-05,2.0631304301724875e-33,0,0.0,239,0.2,0.02,0.2,0.201010101010101,0.0218,0.1987878787878788,1.0
200,0.5,75.26107361311833,14,edge_flip_pure_dp,pure,0.0,2.0631510616831042e-33,0,0.0,213,0.2,0.02,0.2,0.20020202020202021,0.0203,0.20202020202020202,1.0
200,0.5,75.26107361311833,14,edge_flip_approx_dp,approx,1e-05,2.0631304301724875e-33,0,0.0,213,0.2,0.02,0.2,0.20020202020202021,0.0203,0.20202020202020202,1.0
200,0.5,75.26107361311833,15,edge_flip_pure_dp,pure,0.0,2.0631510616831042e-33,0,0.0,251,0.2,0.02,0.2,0.19777777777777777,0.0184,0.20565656565656565,1.0
200,0.5,75.26107361311833,15,edge_flip_approx_dp,approx,1e-05,2.0631304301724875e-33,0,0.0,251,0.2,0.02,0.2,0.19777777777777777,0.0184,0.20565656565656565,1.0
200,0.5,75.26107361311833,16,edge_flip_pure_dp,pure,0.0,2.0631510616831042e-33,0,0.0,441,0.2,0.02,0.2,0.19494949494949496,0.021,0.19515151515151516,1.0
200,0.5,75.26107361311833,16,edge_flip_approx_dp,approx,1e-05,2.0631304301724875e-33,0,0.0,441,0.2,0.02,0.2,0.19494949494949496,0.021,0.19515151515151516,1.0
200,0.5,75.26107361311833,17,edge_flip_pure_dp,pure,0.0,2.0631510616831042e-33,0,0.0,364,0.2,0.02,0.2,0.1987878787878788,0.0194,0.201010101010101,1.0
200,0.5,75.26107361311833,17,edge_flip_approx_dp,approx,1e-05,2.0631304301724875e-33,0,0.0,364,0.2,0.02,0.2,0.1987878787878788,0.0194,0.201010101010101,1.0
200,0.5,75.26107361311833,18,edge_flip_pure_dp,pure,0.0,2.0631510616831042e-33,0,0.0,361,0.2,0.02,0.2,0.2191919191919192,0.0222,0.19272727272727272,1.0
200,0.5,75.26107361311833,18,edge_flip_approx_dp,approx,1e-05,2.0631304301724875e-33,0,0.0,361,0.2,0.02,0.2,0.2191919191919192,0.0222,0.19272727272727272,1.0
200,0.5,75.26107361311833,19,edge_flip_pure_dp,pure,0.0,2.0631510616831042e-33,0,0.0,253,0.2,0.02,0.2,0.19676767676767676,0.0196,0.19313131313131313,1.0
200,0.5,75.26107361311833,19,edge_flip_approx_dp,approx,1e-05,2.0631304301724875e-33,0,0.0,253,0.2,0.02,0.2,0.19676767676767676,0.0196,0.19313131313131313,1.0
200,1.0,27.449962502007253,0,edge_flip_pure_dp,pure,0.0,1.1984854251634343e-12,0,0.0,244,0.2,0.02,0.2,0.10919597989856074,0.0,0.0,0.0
200,1.0,27.449962502007253,0,edge_flip_approx_dp,approx,1e-05,1.1984734403091827e-12,0,0.0,244,0.2,0.02,0.2,0.10919597989856075,0.0,0.0,0.0
200,1.0,27.449962502007253,1,edge_flip_pure_dp,pure,0.0,1.1984854251634343e-12,0,0.0,271,0.2,0.02,0.2,0.2016161616154464,0.019699999998848732,0.19373737373663963,1.0
200,1.0,27.449962502007253,1,edge_flip_approx_dp,approx,1e-05,1.1984734403091827e-12,0,0.0,271,0.2,0.02,0.2,0.2016161616154464,0.019699999998848746,0.19373737373663963,1.0
200,1.0,27.449962502007253,2,edge_flip_pure_dp,pure,0.0,1.1984854251634343e-12,0,0.0,285,0.2,0.02,0.2,0.20242424242352913,0.018599999998846095,0.2014141414134257,1.0
200,1.0,27.449962502007253,2,edge_flip_approx_dp,approx,1e-05,1.1984734403091827e-12,0,0.0,285,0.2,0.02,0.2,0.20242424242352913,0.01859999999884611,0.2014141414134257,1.0
200,1.0,27.449962502007253,3,edge_flip_pure_dp,pure,0.0,1.1984854251634343e-12,0,0.0,183,0.2,0.02,0.2,0.19777777777705335,0.021899999998854006,0.2004040404033223,1.0
200,1.0,27.449962502007253,3,edge_flip_approx_dp,approx,1e-05,1.1984734403091827e-12,0,0.0,183,0.2,0.02,0.2,0.19777777777705335,0.02189999999885402,0.2004040404033223,1.0
200,1.0,27.449962502007253,4,edge_flip_pure_dp,pure,0.0,1.1984854251634343e-12,0,0.0,514,0.2,0.02,0.2,0.20101010100938432,0.018999999998847057,0.2107070707063773,1.0
200,1.0,27.449962502007253,4,edge_flip_approx_dp,approx,1e-05,1.1984734403091827e-12,0,0.0,514,0.2,0.02,0.2,0.20101010100938432,0.01899999999884707,0.2107070707063773,1.0
200,1.0,27.449962502007253,5,edge_flip_pure_dp,pure,0.0,1.1984854251634343e-12,0,0.0,332,0.2,0.02,0.2,0.18646464646389493,0.020099999998849694,0.1925252525245155,1.0
200,1.0,27.449962502007253,5,edge_flip_approx_dp,approx,1e-05,1.1984734403091827e-12,0,0.0,332,0.2,0.02,0.2,0.18646464646389493,0.020099999998849708,0.1925252525245155,1.0
200,1.0,27.449962502007253,6,edge_flip_pure_dp,pure,0.0,1.1984854251634343e-12,0,0.0,259,0.2,0.02,0.2,0.1983838383831154,0.022799999998856166,0.19535353535280514,1.0
200,1.0,27.449962502007253,6,edge_flip_approx_dp,approx,1e-05,1.1984734403091827e-12,0,0.0,259,0.2,0.02,0.2,0.1983838383831154,0.02279999999885618,0.19535353535280514,1.0
200,1.0,27.449962502007253,7,edge_flip_pure_dp,pure,0.0,1.1984854251634343e-12,0,0.0,247,0.2,0.02,0.2,0.19454545454472238,0.01799999999884466,0.1925252525245155,1.0
200,1.0,27.449962502007253,7,edge_flip_approx_dp,approx,1e-05,1.1984734403091827e-12,0,0.0,247,0.2,0.02,0.2,0.19454545454472238,0.017999999998844673,0.1925252525245155,1.0
200,1.0,27.449962502007253,8,edge_flip_pure_dp,pure,0.0,1.1984854251634343e-12,0,0.0,291,0.2,0.02,0.2,0.19676767676694992,0.019999999998849455,0.19656565656492922,1.0
200,1.0,27.449962502007253,8,edge_flip_approx_dp,approx,1e-05,1.1984734403091827e-12,0,0.0,291,0.2,0.02,0.2,0.19676767676694992,0.01999999999884947,0.19656565656492922,1.0
200,1.0,27.449962502007253,9,edge_flip_pure_dp,pure,0.0,1.1984854251634343e-12,0,0.0,295,0.2,0.02,0.2,0.20363636363565327,0.020099999998849694,0.18747474747399837,1.0
200,1.0,27.449962502007253,9,edge_flip_approx_dp,approx,1e-05,1.1984734403091827e-12,0,0.0,295,0.2,0.02,0.2,0.20363636363565327,0.020099999998849708,0.18747474747399837,1.0
200,1.0,27.449962502007253,10,edge_flip_pure_dp,pure,0.0,1.1984854251634343e-12,0,0.0,336,0.2,0.02,0.2,0.20525252525181875,0.020299999998850172,0.19474747474674306,1.0
200,1.0,27.449962502007253,10,edge_flip_approx_dp,approx,1e-05,1.1984734403091827e-12,0,0.0,336,0.2,0.02,0.2,0.20525252525181875,0.020299999998850186,0.19474747474674306,1.0
200,1.0,27.449962502007253,11,edge_flip_pure_dp,pure,0.0,1.1984854251634343e-12,0,0.0,543,0.2,0.02,0.2,0.21252525252456347,0.01779999999884418,0.20242424242352913,1.0
200,1.0,27.449962502007253,11,edge_flip_approx_dp,approx,1e-05,1.1984734403091827e-12,0,0.0,543,0.2,0.02,0.2,0.21252525252456347,0.017799999998844195,0.20242424242352913,1.0
200,1.0,27.449962502007253,12,edge_flip_pure_dp,pure,0.0,1.1984854251634343e-12,0,0.0,303,0.2,0.02,0.2,0.06430745814203023,0.09610613741678616,0.13498312710823643,0.0007195674037132582
200,1.0,27.449962502007253,12,edge_flip_approx_dp,approx,1e-05,1.1984734403091827e-12,0,0.0,303,0.2,0.02,0.2,0.06430745814203025,0.09610613741678617,0.13498312710823643,0.0007195674037132582
200,1.0,27.449962502007253,13,edge_flip_pure_dp,pure,0.0,1.1984854251634343e-12,0,0.0,239,0.2,0.02,0.2,0.20101010100938432,0.021799999998853768,0.19878787878715679,1.0
200,1.0,27.449962502007253,13,edge_flip_approx_dp,approx,1e-05,1.1984734403091827e-12,0,0.0,239,0.2,0.02,0.2,0.20101010100938432,0.02179999999885378,0.19878787878715679,1.0
200,1.0,27.449962502007253,14,edge_flip_pure_dp,pure,0.0,1.1984854251634343e-12,0,0.0,213,0.2,0.02,0.2,0.2002020202013016,0.020299999998850172,0.20202020201948775,1.0
200,1.0,27.449962502007253,14,edge_flip_approx_dp,approx,1e-05,1.1984734403091827e-12,0,0.0,213,0.2,0.02,0.2,0.2002020202013016,0.020299999998850186,0.20202020201948775,1.0
200,1.0,27.449962502007253,15,edge_flip_pure_dp,pure,0.0,1.1984854251634343e-12,0,0.0,251,0.2,0.02,0.2,0.19777777777705335,0.018399999998845618,0.20565656565586013,1.0
200,1.0,27.449962502007253,15,edge_flip_approx_dp,approx,1e-05,1.1984734403091827e-12,0,0.0,251,0.2,0.02,0.2,0.19777777777705335,0.01839999999884563,0.20565656565586013,1.0
200,1.0,27.449962502007253,16,edge_flip_pure_dp,pure,0.0,1.1984854251634343e-12,0,0.0,441,0.2,0.02,0.2,0.19494949494876376,0.02099999999885185,0.19515151515078444,1.0
200,1.0,27.449962502007253,16,edge_flip_approx_dp,approx,1e-05,1.1984734403091827e-12,0,0.0,441,0.2,0.02,0.2,0.19494949494876376,0.020999999998851864,0.19515151515078444,1.0
200,1.0,27.449962502007253,17,edge_flip_pure_dp,pure,0.0,1.1984854251634343e-12,0,0.0,364,0.2,0.02,0.2,0.19878787878715679,0.019399999998848016,0.20101010100938432,1.0
200,1.0,27.449962502007253,17,edge_flip_approx_dp,approx,1e-05,1.1984734403091827e-12,0,0.0,364,0.2,0.02,0.2,0.19878787878715679,0.01939999999884803,0.20101010100938432,1.0
200,1.0,27.449962502007253,18,edge_flip_pure_dp,pure,0.0,1.1984854251634343e-12,0,0.0,361,0.2,0.02,0.2,0.2191919191912461,0.02219999999885473,0.1927272727265362,1.0
200,1.0,27.449962502007253,18,edge_flip_approx_dp,approx,1e-05,1.1984734403091827e-12,0,0.0,361,0.2,0.02,0.2,0.2191919191912461,0.022199999998854743,0.1927272727265362,1.0
200,1.0,27.449962502007253,19,edge_flip_pure_dp,pure,0.0,1.1984854251634343e-12,0,0.0,253,0.2,0.02,0.2,0.19676767676694992,0.019599999998848493,0.19313131313057758,1.0
200,1.0,27.449962502007253,19,edge_flip_approx_dp,approx,1e-05,1.1984734403091827e-12,0,0.0,253,0.2,0.02,0.2,0.19676767676694992,0.019599999998848507,0.19313131313057758,1.0
200,2.0,11.732851621374003,0,edge_flip_pure_dp,pure,0.0,8.025716197608862e-06,0,0.0,244,0.2,0.02,0.2,0.10918970683449739,0.0,0.0,0.0
200,2.0,11.732851621374003,0,edge_flip_approx_dp,approx,1e-05,8.025635940446885e-06,0,0.0,244,0.2,0.02,0.2,0.10918970689722904,0.0,0.0,0.0
200,2.0,11.732851621374003,1,edge_flip_pure_dp,pure,0.0,8.025716197608862e-06,0,0.0,271,0.2,0.02,0.2,0.2016113720512726,0.019692290373270024,0.19373245770462375,1.0
200,2.0,11.732851621374003,1,edge_flip_approx_dp,approx,1e-05,8.025635940446885e-06,0,0.0,271,0.2,0.02,0.2,0.20161137209916902,0.019692290450367526,0.19373245775378486,1.0
200,2.0,11.732851621374003,2,edge_flip_pure_dp,pure,0.0,8.025716197608862e-06,0,0.0,285,0.2,0.02,0.2,0.2024194658304161,0.01859227271641097,0.20140934860648674,1.0
200,2.0,11.732851621374003,2,edge_flip_approx_dp,approx,1e-05,8.025635940446885e-06,1,5.0251256281407036e-05,278,0.2,0.02,0.2,0.20241946587818277,0.018592272793685045,0.20161137209916902,1.0
200,2.0,11.732851621374003,3,edge_flip_pure_dp,pure,0.0,8.025716197608862e-06,0,0.0,183,0.2,0.02,0.2,0.19777292660034113,0.02189232568698813,0.2003992313825574,1.0
200,2.0,11.732851621374003,3,edge_flip_approx_dp,approx,1e-05,8.025635940446885e-06,0,0.0,183,0.2,0.02,0.2,0.19777292664885365,0.02189232576373249,0.2003992314306484,1.0
200,2.0,11.732851621374003,4,edge_flip_pure_dp,pure,0.0,8.025716197608862e-06,0,0.0,514,0.2,0.02,0.2,0.201005301716915,0.018992279137086992,0.2107024270666367,1.0
200,2.0,11.732851621374003,4,edge_flip_approx_dp,approx,1e-05,8.025635940446885e-06,0,0.0,514,0.2,0.02,0.2,0.2010053017649087,0.01899227921429686,0.21070242711307383,1.0
200,2.0,11.732851621374003,5,edge_flip_pure_dp,pure,0.0,8.025716197608862e-06,1,5.0251256281407036e-05,348,0.2,0.02,0.2,0.18666163713711836,0.020092296793946043,0.19252031703590852,1.0
200,2.0,11.732851621374003,5,edge_flip_approx_dp,approx,1e-05,8.025635940446885e-06,0,0.0,332,0.2,0.02,0.2,0.186459613742661,0.02009229687097934,0.1925203170852642,1.0
200,2.0,11.732851621374003,6,edge_flip_pure_dp,pure,0.0,8.025716197608862e-06,1,5.0251256281407036e-05,263,0.2,0.02,0.2,0.1983789969346987,0.022892341738678178,0.1953486452629107,1.0
200,2.0,11.732851621374003,6,edge_flip_approx_dp,approx,1e-05,8.025635940446885e-06,0,0.0,259,0.2,0.02,0.2,0.19837899698311398,0.022792340210109067,0.1953486453118124,1.0
200,2.0,11.732851621374003,7,edge_flip_pure_dp,pure,0.0,8.025716197608862e-06,0,0.0,247,0.2,0.02,0.2,0.19454055148376723,0.01799226308539694,0.19252031703590852,1.0
200,2.0,11.732851621374003,7,edge_flip_approx_dp,approx,1e-05,8.025635940446885e-06,0,0.0,247,0.2,0.02,0.2,0.19454055153279862,0.01799226316276733,0.1925203170852642,1.0
200,2.0,11.732851621374003,8,edge_flip_pure_dp,pure,0.0,8.025716197608862e-06,1,5.0251256281407036e-05,342,0.2,0.02,0.2,0.19676280937641177,0.020092296793946043,0.1965607859316259,1.0
200,2.0,11.732851621374003,8,edge_flip_approx_dp,approx,1e-05,8.025635940446885e-06,0,0.0,291,0.2,0.02,0.2,0.19676280942508645,0.019992295265826385,0.196560785980333,1.0
200,2.0,11.732851621374003,9,edge_flip_pure_dp,pure,0.0,8.025716197608862e-06,0,0.0,295,0.2,0.02,0.2,0.2036316064991313,0.020092296793946043,0.18746973091626185,1.0
200,2.0,11.732851621374003,9,edge_flip_approx_dp,approx,1e-05,8.025635940446885e-06,1,5.0251256281407036e-05,265,0.2,0.02,0.2,0.20363160654670343,0.019992295265826385,0.18746973096642822,1.0
200,2.0,11.732851621374003,10,edge_flip_pure_dp,pure,0.0,8.025716197608862e-06,0,0.0,336,0.2,0.02,0.2,0.20524779405741822,0.02029230000428405,0.1947425749285531,1.0
200,2.0,11.732851621374003,10,edge_flip_approx_dp,approx,1e-05,8.025635940446885e-06,0,0.0,336,0.2,0.02,0.2,0.20524779410473093,0.020292300081285245,0.19474257497755207,1.0
200,2.0,11.732851621374003,11,edge_flip_pure_dp,pure,0.0,8.025716197608862e-06,0,0.0,543,0.2,0.02,0.2,0.2125206380697095,0.017792259875058933,0.2024194658304161,1.0
200,2.0,11.732851621374003,11,edge_flip_approx_dp,approx,1e-05,8.025635940446885e-06,0,0.0,543,0.2,0.02,0.2,0.21252063811585478,0.017792259952461423,0.20241946587818277,1.0
200,2.0,11.732851621374003,12,edge_flip_pure_dp,pure,0.0,8.025716197608862e-06,0,0.0,303,0.2,0.02,0.2,0.06430046454143654,0.09609965423865989,0.1349772679714055,0.0007195674037132582
200,2.0,11.732851621374003,12,edge_flip_approx_dp,approx,1e-05,8.025635940446885e-06,0,0.0,303,0.2,0.02,0.2,0.06430046461137368,0.09609965430349272,0.13497726802999782,0.0007195674037132582
200,2.0,11.732851621374003,13,edge_flip_pure_dp,pure,0.0,8.025716197608862e-06,0,0.0,239,0.2,0.02,0.2,0.201005301716915,0.021792324081819126,0.19878304382427045,1.0
200,2.0,11.732851621374003,13,edge_flip_approx_dp,approx,1e-05,8.025635940446885e-06,0,0.0,239,0.2,0.02,0.2,0.2010053017649087,0.021792324158579537,0.19878304387262086,1.0
200,2.0,11.732851621374003,14,edge_flip_pure_dp,pure,0.0,8.025716197608862e-06,1,5.0251256281407036e-05,253,0.2,0.02,0.2,0.20019720793777154,0.02029230000428405,0.20221744238563022,1.0
200,2.0,11.732851621374003,14,edge_flip_approx_dp,approx,1e-05,8.025635940446885e-06,0,0.0,213,0.2,0.02,0.2,0.20019720798589496,0.020292300081285245,0.2020154189886759,1.0
200,2.0,11.732851621374003,15,edge_flip_pure_dp,pure,0.0,8.025716197608862e-06,0,0.0,251,0.2,0.02,0.2,0.19777292660034113,0.01839226950607296,0.20565184094698996,1.0
200,2.0,11.732851621374003,15,edge_flip_approx_dp,approx,1e-05,8.025635940446885e-06,0,0.0,251,0.2,0.02,0.2,0.19777292664885365,0.01839226958337914,0.2056518409942378,1.0
200,2.0,11.732851621374003,16,edge_flip_pure_dp,pure,0.0,8.025716197608862e-06,0,0.0,441,0.2,0.02,0.2,0.19494459837333897,0.020992311240467087,0.19514662181812484,1.0
200,2.0,11.732851621374003,16,edge_flip_approx_dp,approx,1e-05,8.025635940446885e-06,0,0.0,441,0.2,0.02,0.2,0.1949445984223055,0.020992311317355915,0.19514662186705894,1.0
200,2.0,11.732851621374003,17,edge_flip_pure_dp,pure,0.0,8.025716197608862e-06,0,0.0,364,0.2,0.02,0.2,0.19878304382427045,0.01939228555776301,0.201005301716915,1.0
200,2.0,11.732851621374003,17,edge_flip_approx_dp,approx,1e-05,8.025635940446885e-06,0,0.0,364,0.2,0.02,0.2,0.19878304387262086,0.01939228563490867,0.2010053017649087,1.0
200,2.0,11.732851621374003,18,edge_flip_pure_dp,pure,0.0,8.025716197608862e-06,2,0.00010050251256281407,375,0.2,0.02,0.2,0.219389435192429,0.02229233210766415,0.1927223404806944,1.0
200,2.0,11.732851621374003,18,edge_flip_approx_dp,approx,1e-05,8.025635940446885e-06,0,0.0,361,0.2,0.02,0.2,0.2191874117927183,0.02219233057919135,0.19272234053001766,1.0
200,2.0,11.732851621374003,19,edge_flip_pure_dp,pure,0.0,8.025716197608862e-06,0,0.0,253,0.2,0.02,0.2,0.19676280937641177,0.01959228876810102,0.19312638737026613,1.0
200,2.0,11.732851621374003,19,edge_flip_approx_dp,approx,1e-05,8.025635940446885e-06,0,0.0,253,0.2,0.02,0.2,0.19676280942508645,0.019592288845214575,0.19312638741952454,1.0
200,5.0,4.150006096013556,0,edge_flip_pure_dp,pure,0.0,0.015519663438340655,309,0.015527638190954774,295,0.2,0.02,0.2,0.0,0.0,0.1097979384007597,0.0
200,5.0,4.150006096013556,0,edge_flip_approx_dp,approx,1e-05,0.015519508241706273,300,0.01507537688442211,283,0.2,0.02,0.2,0.19539380824154462,0.02154936278498388,0.19768721557169042,1.0
200,5.0,4.150006096013556,1,edge_flip_pure_dp,pure,0.0,0.015519663438340655,269,0.013517587939698492,211,0.2,0.02,0.2,0.19872957694121024,0.01742107500322771,0.19268331931580893,1.0
200,5.0,4.150006096013556,1,edge_flip_approx_dp,approx,1e-05,0.015519508241706273,304,0.01527638190954774,315,0.2,0.02,0.2,0.20373347126025662,0.01927888952813954,0.19247492618499543,1.0
200,5.0,4.150006096013556,2,edge_flip_pure_dp,pure,0.0,0.015519663438340655,315,0.015829145728643215,266,0.2,0.02,0.2,0.2018569515750385,0.018969125446972705,0.20331639307082502,1.0
200,5.0,4.150006096013556,2,edge_flip_approx_dp,approx,1e-05,0.015519508241706273,324,0.01628140703517588,467,0.2,0.02,0.2,0.20248252180744983,0.018350059559430493,0.20206553865651422,1.0
200,5.0,4.150006096013556,3,edge_flip_pure_dp,pure,0.0,0.015519663438340655,313,0.0157286432160804,238,0.2,0.02,0.2,0.19977203515248632,0.02144600615696469,0.20143996829052807,1.0
200,5.0,4.150006096013556,3,edge_flip_approx_dp,approx,1e-05,0.015519508241706273,309,0.015527638190954774,404,0.2,0.02,0.2,0.19789570714715823,0.02072373614613139,0.20102308077917522,1.0
200,5.0,4.150006096013556,4,edge_flip_pure_dp,pure,0.0,0.015519663438340655,311,0.015628140703517587,277,0.2,0.02,0.2,0.21144756711877852,0.019278735535721705,0.20039751007925197,1.0
200,5.0,4.150006096013556,4,edge_flip_approx_dp,approx,1e-05,0.015519508241706273,307,0.01542713567839196,711,0.2,0.02,0.2,0.200189114477304,0.01927888952813954,0.2104052016752262,1.0
200,5.0,4.150006096013556,5,edge_flip_pure_dp,pure,0.0,0.015519663438340655,342,0.017185929648241206,625,0.2,0.02,0.2,0.1855946034791315,0.022271633060295355,0.19518521902287156,1.0
200,5.0,4.150006096013556,5,edge_flip_approx_dp,approx,1e-05,0.015519508241706273,313,0.0157286432160804,364,0.2,0.02,0.2,0.18851358625110723,0.02051732948641827,0.19101548515672082,1.0
200,5.0,4.150006096013556,6,edge_flip_pure_dp,pure,0.0,0.015519663438340655,306,0.015376884422110553,389,0.2,0.02,0.2,0.198521085298955,0.02278764987487702,0.19872957694121024,1.0
200,5.0,4.150006096013556,6,edge_flip_approx_dp,approx,1e-05,0.015519508241706273,295,0.014824120603015075,233,0.2,0.02,0.2,0.19685324926981923,0.02216858276412324,0.19476833351514122,1.0
200,5.0,4.150006096013556,7,edge_flip_pure_dp,pure,0.0,0.015519663438340655,294,0.014773869346733668,618,0.2,0.02,0.2,0.19080689453551197,0.01834990526947471,0.19226633603129847,1.0
200,5.0,4.150006096013556,7,edge_flip_approx_dp,approx,1e-05,0.015519508241706273,299,0.015025125628140703,696,0.2,0.02,0.2,0.19226643460952764,0.018556466219143614,0.19226643460952764,1.0
200,5.0,4.150006096013556,8,edge_flip_pure_dp,pure,0.0,0.015519663438340655,330,0.016582914572864323,433,0.2,0.02,0.2,0.19768711872993414,0.021962022971546355,0.19664466051865806,1.0
200,5.0,4.150006096013556,8,edge_flip_approx_dp,approx,1e-05,0.015519508241706273,290,0.01457286432160804,473,0.2,0.02,0.2,0.1999806229018362,0.01824685622957393,0.19268341776046322,1.0
200,5.0,4.150006096013556,9,edge_flip_pure_dp,pure,0.0,0.015519663438340655,351,0.01763819095477387,291,0.2,0.02,0.2,0.20560980113563243,0.02320046332654235,0.18976443632423587,1.0
200,5.0,4.150006096013556,9,edge_flip_approx_dp,approx,1e-05,0.015519508241706273,305,0.015326633165829147,395,0.2,0.02,0.2,0.20269101338291762,0.019382092857996098,0.18705414522283262,1.0
200,5.0,4.150006096013556,10,edge_flip_pure_dp,pure,0.0,0.015519663438340655,295,0.014824120603015075,240,0.2,0.02,0.2,0.2066522593469085,0.018453108632391038,0.19581069394963718,1.0
200,5.0,4.150006096013556,10,edge_flip_approx_dp,approx,1e-05,0.015519508241706273,280,0.01407035175879397,289,0.2,0.02,0.2,0.19414285878873783,0.018556466219143614,0.20498442071306341,1.0
200,5.0,4.150006096013556,11,edge_flip_pure_dp,pure,0.0,0.015519663438340655,346,0.017386934673366834,559,0.2,0.02,0.2,0.2043588512821011,0.019588345624470704,0.21415795846809635,1.0
200,5.0,4.150006096013556,11,edge_flip_approx_dp,approx,1e-05,0.015519508241706273,320,0.016080402010050253,302,0.2,0.02,0.2,0.2051929122885312,0.019382092857996098,0.2133240837317754,1.0
200,5.0,4.150006096013556,12,edge_flip_pure_dp,pure,0.0,0.015519663438340655,319,0.016030150753768846,425,0.2,0.02,0.2,0.10694558414930327,0.0,0.0,0.0
200,5.0,4.150006096013556,12,edge_flip_approx_dp,approx,1e-05,0.015519508241706273,301,0.015125628140703517,493,0.2,0.02,0.2,0.09220412218782663,0.14139914402519407,0.17540888190275214,0.0006571740448198092
200,5.0,4.150006096013556,13,edge_flip_pure_dp,pure,0.0,0.015519663438340655,301,0.015125628140703517,429,0.2,0.02,0.2,0.19872957694121024,0.019278735535721705,0.20248242650180417,1.0
200,5.0,4.150006096013556,13,edge_flip_approx_dp,approx,1e-05,0.015519508241706273,292,0.014673366834170854,311,0.2,0.02,0.2,0.19893816502449724,0.021033346135701073,0.1956022998170124,1.0
200,5.0,4.150006096013556,14,edge_flip_pure_dp,pure,0.0,0.015519663438340655,300,0.01507537688442211,360,0.2,0.02,0.2,0.20248242650180417,0.020104362439052368,0.1991465602257207,1.0
200,5.0,4.150006096013556,14,edge_flip_approx_dp,approx,1e-05,0.015519508241706273,341,0.0171356783919598,267,0.2,0.02,0.2,0.2016485555055786,0.020826939475987953,0.2016485555055786,1.0
200,5.0,4.150006096013556,15,edge_flip_pure_dp,pure,0.0,0.015519663438340655,318,0.015979899497487435,272,0.2,0.02,0.2,0.19977203515248632,0.018659515358223702,0.20623527606239808,1.0
200,5.0,4.150006096013556,15,edge_flip_approx_dp,approx,1e-05,0.015519508241706273,338,0.01698492462311558,394,0.2,0.02,0.2,0.200189114477304,0.018659669549000172,0.207486319618677,1.0
200,5.0,4.150006096013556,16,edge_flip_pure_dp,pure,0.0,0.015519663438340655,301,0.015125628140703517,551,0.2,0.02,0.2,0.10647883527179222,0.0,0.0,0.0
200,5.0,4.150006096013556,16,edge_flip_approx_dp,approx,1e-05,0.015519508241706273,283,0.014221105527638191,492,0.2,0.02,0.2,0.0,0.0,0.10637523939130811,0.0
200,5.0,4.150006096013556,17,edge_flip_pure_dp,pure,0.0,0.015519663438340655,350,0.017587939698492462,461,0.2,0.02,0.2,0.19706164380316848,0.020104362439052368,0.20519281785112198,1.0
200,5.0,4.150006096013556,17,edge_flip_approx_dp,approx,1e-05,0.015519508241706273,331,0.01663316582914573,576,0.2,0.02,0.2,0.2008145892037074,0.018659669549000172,0.20248252180744983,1.0
200,5.0,4.150006096013556,18,edge_flip_pure_dp,pure,0.0,0.015519663438340655,320,0.016080402010050253,242,0.2,0.02,0.2,0.2191617578822216,0.023922886866956677,0.19038991125100155,1.0
200,5.0,4.150006096013556,18,edge_flip_approx_dp,approx,1e-05,0.015519508241706273,295,0.014824120603015075,584,0.2,0.02,0.2,0.2172854236656636,0.022271786093979805,0.19289190933593103,1.0
200,5.0,4.150006096013556,19,edge_flip_pure_dp,pure,0.0,0.015519663438340655,324,0.01628140703517588,371,0.2,0.02,0.2,0.19435125245385068,0.021136396068215692,0.19518521902287156,1.0
200,5.0,4.150006096013556,19,edge_flip_approx_dp,approx,1e-05,0.015519508241706273,290,0.01457286432160804,526,0.2,0.02,0.2,0.18955604412844623,0.018969279538569854,0.19601928296794802,1.0
200,10.0,1.9953178628215948,0,edge_flip_pure_dp,pure,0.0,0.11969539354136688,2377,0.11944723618090453,306,0.2,0.02,0.2,0.1108646931026826,0.0,0.0,0.0
200,10.0,1.9953178628215948,0,edge_flip_approx_dp,approx,1e-05,0.11969419658743147,2343,0.11773869346733669,704,0.2,0.02,0.2,0.10035797058456598,0.20075505508462838,0.34348435130442617,0.0008790103721648125
200,10.0,1.9953178628215948,1,edge_flip_pure_dp,pure,0.0,0.11969539354136688,2331,0.1171356783919598,494,0.2,0.02,0.2,0.12698548359403758,0.05295077139468204,0.014926184645941448,0.0006571740448198092
200,10.0,1.9953178628215948,1,edge_flip_approx_dp,approx,1e-05,0.11969419658743147,2373,0.1192462311557789,335,0.2,0.02,0.2,0.1054337499382939,0.21921564530492543,0.0,0.009600256094804405
200,10.0,1.9953178628215948,2,edge_flip_pure_dp,pure,0.0,0.11969539354136688,2369,0.11904522613065327,241,0.2,0.02,0.2,0.11046829041314372,0.0,0.0,0.0
200,10.0,1.9953178628215948,2,edge_flip_approx_dp,approx,1e-05,0.11969419658743147,2417,0.1214572864321608,218,0.2,0.02,0.2,0.10729830486881803,0.0,0.0,0.0
200,10.0,1.9953178628215948,3,edge_flip_pure_dp,pure,0.0,0.11969539354136688,2476,0.12442211055276382,164,0.2,0.02,0.2,0.0,0.0,0.11562152537714895,0.0
200,10.0,1.9953178628215948,3,edge_flip_approx_dp,approx,1e-05,0.11969419658743147,2304,0.11577889447236181,723,0.2,0.02,0.2,0.28087809182619666,0.18584838007082094,0.09796530097635188,0.0023762540622565085
200,10.0,1.9953178628215948,4,edge_flip_pure_dp,pure,0.0,0.11969539354136688,2417,0.1214572864321608,322,0.2,0.02,0.2,0.11859454554869044,0.0,0.0,0.0
200,10.0,1.9953178628215948,4,edge_flip_approx_dp,approx,1e-05,0.11969419658743147,2356,0.11839195979899497,408,0.2,0.02,0.2,0.032239762231721265,0.090662029159519,0.1653605054398572,0.01808246218632819
200,10.0,1.9953178628215948,5,edge_flip_pure_dp,pure,0.0,0.11969539354136688,2482,0.12472361809045227,325,0.2,0.02,0.2,0.110137954838528,0.0,0.0,0.0
200,10.0,1.9953178628215948,5,edge_flip_approx_dp,approx,1e-05,0.11969419658743147,2399,0.12055276381909548,236,0.2,0.02,0.2,0.10412709333343836,0.0,0.0,0.0
200,10.0,1.9953178628215948,6,edge_flip_pure_dp,pure,0.0,0.11969539354136688,2316,0.1163819095477387,278,0.2,0.02,0.2,0.10762740447144854,0.0,0.0,0.0
200,10.0,1.9953178628215948,6,edge_flip_approx_dp,approx,1e-05,0.11969419658743147,2392,0.12020100502512562,309,0.2,0.02,0.2,0.19996761437588148,0.02492897219461133,0.19697279561826023,0.8079616479391555
200,10.0,1.9953178628215948,7,edge_flip_pure_dp,pure,0.0,0.11969539354136688,2332,0.1171859296482412,608,0.2,0.02,0.2,0.0,0.23903489605358166,0.09809171755087479,0.009600256094804405
200,10.0,1.9953178628215948,7,edge_flip_approx_dp,approx,1e-05,0.11969419658743147,2390,0.12010050251256281,813,0.2,0.02,0.2,0.0,0.05490862402196205,0.12820504288901724,0.0006571740448198092
200,10.0,1.9953178628215948,8,edge_flip_pure_dp,pure,0.0,0.11969539354136688,2363,0.11874371859296483,292,0.2,0.02,0.2,0.0,0.0,0.1075613373565254,0.0
200,10.0,1.9953178628215948,8,edge_flip_approx_dp,approx,1e-05,0.11969419658743147,2324,0.11678391959798995,370,0.2,0.02,0.2,0.0,0.0,0.10326822354260637,0.0
200,10.0,1.9953178628215948,9,edge_flip_pure_dp,pure,0.0,0.11969539354136688,2467,0.12396984924623115,424,0.2,0.02,0.2,0.0,0.23771689047809474,0.1123474853676756,0.018639764244342397
200,10.0,1.9953178628215948,9,edge_flip_approx_dp,approx,1e-05,0.11969419658743147,2337,0.11743718592964825,347,0.2,0.02,0.2,0.0,0.0,0.10452349477536084,0.0
200,10.0,1.9953178628215948,10,edge_flip_pure_dp,pure,0.0,0.11969539354136688,2367,0.11894472361809046,313,0.2,0.02,0.2,0.20146206065557312,0.019201195844865095,0.19907163231562672,1.0
200,10.0,1.9953178628215948,10,edge_flip_approx_dp,approx,1e-05,0.11969419658743147,2371,0.11914572864321608,219,0.2,0.02,0.2,0.2062438418906346,0.014338202723582348,0.19774456787662043,0.9192068641040878
200,10.0,1.9953178628215948,11,edge_flip_pure_dp,pure,0.0,0.11969539354136688,2486,0.12492462311557789,691,0.2,0.02,0.2,0.02669518869059732,0.0562955213343917,0.13925727983122974,0.0053726218753252135
200,10.0,1.9953178628215948,11,edge_flip_approx_dp,approx,1e-05,0.11969419658743147,2329,0.11703517587939699,225,0.2,0.02,0.2,0.11278185814874539,0.0,0.0,0.0
200,10.0,1.9953178628215948,12,edge_flip_pure_dp,pure,0.0,0.11969539354136688,2374,0.1192964824120603,250,0.2,0.02,0.2,0.0,0.0,0.10782560581621797,0.0
200,10.0,1.9953178628215948,12,edge_flip_approx_dp,approx,1e-05,0.11969419658743147,2395,0.12035175879396985,591,0.2,0.02,0.2,0.4269593639420655,0.1845103416345764,0.10043612147993221,0.00608278271369239
200,10.0,1.9953178628215948,13,edge_flip_pure_dp,pure,0.0,0.11969539354136688,2367,0.11894472361809046,402,0.2,0.02,0.2,0.0,0.0,0.11033615618329745,0.0
200,10.0,1.9953178628215948,13,edge_flip_approx_dp,approx,1e-05,0.11969419658743147,2358,0.11849246231155779,319,0.2,0.02,0.2,0.0,0.2324290267023407,0.10610109243311283,0.009600256094804405
200,10.0,1.9953178628215948,14,edge_flip_pure_dp,pure,0.0,0.11969539354136688,2395,0.12035175879396985,261,0.2,0.02,0.2,0.11106289444745203,0.0,0.0,0.0
200,10.0,1.9953178628215948,14,edge_flip_approx_dp,approx,1e-05,0.11969419658743147,2438,0.12251256281407036,527,0.2,0.02,0.2,0.0,0.05486024691474641,0.13407024260745282,0.00019664218159073888
200,10.0,1.9953178628215948,15,edge_flip_pure_dp,pure,0.0,0.11969539354136688,2411,0.12115577889447236,931,0.2,0.02,0.2,0.11019649332748871,0.22081333982266388,1.0,0.027265941786516902
200,10.0,1.9953178628215948,15,edge_flip_approx_dp,approx,1e-05,0.11969419658743147,2394,0.12030150753768844,235,0.2,0.02,0.2,0.109874914241314,0.0,0.0,0.0
200,10.0,1.9953178628215948,16,edge_flip_pure_dp,pure,0.0,0.11969539354136688,2383,0.11974874371859297,624,0.2,0.02,0.2,0.17990241194969575,0.10995466149534026,0.052871455782533744,0.0011774845616201906
200,10.0,1.9953178628215948,16,edge_flip_approx_dp,approx,1e-05,0.11969419658743147,2379,0.11954773869346734,147,0.2,0.02,0.2,0.1074304386827922,0.0,0.0,0.0
200,10.0,1.9953178628215948,17,edge_flip_pure_dp,pure,0.0,0.11969539354136688,2454,0.12331658291457287,497,0.2,0.02,0.2,0.12390007149890586,0.049839734324560056,0.0,0.00028885224794644027
200,10.0,1.9953178628215948,17,edge_flip_approx_dp,approx,1e-05,0.11969419658743147,2430,0.1221105527638191,936,0.2,0.02,0.2,0.0,0.07824923050418503,0.14501700087637312,0.009520712391179213
200,10.0,1.9953178628215948,18,edge_flip_pure_dp,pure,0.0,0.11969539354136688,2394,0.12030150753768844,475,0.2,0.02,0.2,0.12183503542692994,0.03292288357624735,0.0,0.02267898825975681
200,10.0,1.9953178628215948,18,edge_flip_approx_dp,approx,1e-05,0.11969419658743147,2380,0.11959798994974874,153,0.2,0.02,0.2,0.21739913903402822,0.024856054315924917,0.19907257944131015,0.9192068641040878
200,10.0,1.9953178628215948,19,edge_flip_pure_dp,pure,0.0,0.11969539354136688,2471,0.12417085427135678,225,0.2,0.02,0.2,0.0,0.0,0.11040222329822061,0.0
200,10.0,1.9953178628215948,19,edge_flip_approx_dp,approx,1e-05,0.11969419658743147,2375,0.11934673366834171,278,0.2,0.02,0.2,0.0,0.0,0.10776077321772756,0.0
500,0.5,75.26107361311833,0,edge_flip_pure_dp,pure,0.0,2.0631510616831042e-33,0,0.0,240,0.2,0.02,0.2,0.20096385542168674,0.020096,0.20179919678714858,1.0
500,0.5,75.26107361311833,0,edge_flip_approx_dp,approx,1e-05,2.0631304301724875e-33,0,0.0,240,0.2,0.02,0.2,0.20096385542168674,0.020096,0.20179919678714858,1.0
500,0.5,75.26107361311833,1,edge_flip_pure_dp,pure,0.0,2.0631510616831042e-33,0,0.0,212,0.2,0.02,0.2,0.20048192771084336,0.020448,0.20022489959839357,1.0
500,0.5,75.26107361311833,1,edge_flip_approx_dp,approx,1e-05,2.0631304301724875e-33,0,0.0,212,0.2,0.02,0.2,0.20048192771084336,0.020448,0.20022489959839357,1.0
500,0.5,75.26107361311833,2,edge_flip_pure_dp,pure,0.0,2.0631510616831042e-33,0,0.0,194,0.2,0.02,0.2,0.19900401606425702,0.019792,0.19736546184738957,1.0
500,0.5,75.26107361311833,2,edge_flip_approx_dp,approx,1e-05,2.0631304301724875e-33,0,0.0,194,0.2,0.02,0.2,0.19900401606425702,0.019792,0.19736546184738957,1.0
500,0.5,75.26107361311833,3,edge_flip_pure_dp,pure,0.0,2.0631510616831042e-33,0,0.0,234,0.2,0.02,0.2,0.2020562248995984,0.0208,0.19514859437751003,1.0
500,0.5,75.26107361311833,3,edge_flip_approx_dp,approx,1e-05,2.0631304301724875e-33,0,0.0,234,0.2,0.02,0.2,0.2020562248995984,0.0208,0.19514859437751003,1.0
500,0.5,75.26107361311833,4,edge_flip_pure_dp,pure,0.0,2.0631510616831042e-33,0,0.0,189,0.2,0.02,0.2,0.20224899598393575,0.01936,0.2002570281124498,1.0
500,0.5,75.26107361311833,4,edge_flip_approx_dp,approx,1e-05,2.0631304301724875e-33,0,0.0,189,0.2,0.02,0.2,0.20224899598393575,0.01936,0.2002570281124498,1.0
500,0.5,75.26107361311833,5,edge_flip_pure_dp,pure,0.0,2.0631510616831042e-33,0,0.0,184,0.2,0.02,0.2,0.20080321285140562,0.01968,0.19980722891566266,1.0
500,0.5,75.26107361311833,5,edge_flip_approx_dp,approx,1e-05,2.0631304301724875e-33,0,0.0,184,0.2,0.02,0.2,0.20080321285140562,0.01968,0.19980722891566266,1.0
500,0.5,75.26107361311833,6,edge_flip_pure_dp,pure,0.0,2.0631510616831042e-33,0,0.0,178,0.2,0.02,0.2,0.1998714859437751,0.02008,0.19893975903614458,1.0
500,0.5,75.26107361311833,6,edge_flip_approx_dp,approx,1e-05,2.0631304301724875e-33,0,0.0,178,0.2,0.02,0.2,0.1998714859437751,0.02008,0.19893975903614458,1.0
500,0.5,75.26107361311833,7,edge_flip_pure_dp,pure,0.0,2.0631510616831042e-33,0,0.0,318,0.2,0.02,0.2,0.1998714859437751,0.01952,0.19579116465863453,1.0
500,0.5,75.26107361311833,7,edge_flip_approx_dp,approx,1e-05,2.0631304301724875e-33,0,0.0,318,0.2,0.02,0.2,0.1998714859437751,0.01952,0.19579116465863453,1.0
500,0.5,75.26107361311833,8,edge_flip_pure_dp,pure,0.0,2.0631510616831042e-33,0,0.0,317,0.2,0.02,0.2,0.20131726907630523,0.020448,0.2,1.0
500,0.5,75.26107361311833,8,edge_flip_approx_dp,approx,1e-05,2.0631304301724875e-33,0,0.0,317,0.2,0.02,0.2,0.20131726907630523,0.020448,0.2,1.0
500,0.5,75.26107361311833,9,edge_flip_pure_dp,pure,0.0,2.0631510616831042e-33,0,0.0,134,0.2,0.02,0.2,0.20019277108433736,0.02072,0.1968835341365462,1.0
500,0.5,75.26107361311833,9,edge_flip_approx_dp,approx,1e-05,2.0631304301724875e-33,0,0.0,134,0.2,0.02,0.2,0.20019277108433736,0.02072,0.1968835341365462,1.0
500,0.5,75.26107361311833,10,edge_flip_pure_dp,pure,0.0,2.0631510616831042e-33,0,0.0,98,0.2,0.02,0.2,0.19823293172690762,0.020272,0.19810441767068274,1.0
500,0.5,75.26107361311833,10,edge_flip_approx_dp,approx,1e-05,2.0631304301724875e-33,0,0.0,98,0.2,0.02,0.2,0.19823293172690762,0.020272,0.19810441767068274,1.0
500,0.5,75.26107361311833,11,edge_flip_pure_dp,pure,0.0,2.0631510616831042e-33,0,0.0,213,0.2,0.02,0.2,0.2029558232931727,0.020256,0.19893975903614458,1.0
500,0.5,75.26107361311833,11,edge_flip_approx_dp,approx,1e-05,2.0631304301724875e-33,0,0.0,213,0.2,0.02,0.2,0.2029558232931727,0.020256,0.19893975903614458,1.0
500,0.5,75.26107361311833,12,edge_flip_pure_dp,pure,0.0,2.0631510616831042e-33,0,0.0,295,0.2,0.02,0.2,0.19669076305220884,0.01992,0.19681927710843372,1.0
500,0.5,75.26107361311833,12,edge_flip_approx_dp,approx,1e-05,2.0631304301724875e-33,0,0.0,295,0.2,0.02,0.2,0.19669076305220884,0.01992,0.19681927710843372,1.0
500,0.5,75.26107361311833,13,edge_flip_pure_dp,pure,0.0,2.0631510616831042e-33,0,0.0,275,0.2,0.02,0.2,0.19919678714859437,0.020512,0.2034698795180723,1.0
500,0.5,75.26107361311833,13,edge_flip_approx_dp,approx,1e-05,2.0631304301724875e-33,0,0.0,275,0.2,0.02,0.2,0.19919678714859437,0.020512,0.2034698795180723,1.0
500,0.5,75.26107361311833,14,edge_flip_pure_dp,pure,0.0,2.0631510616831042e-33,0,0.0,246,0.2,0.02,0.2,0.2002570281124498,0.020288,0.2000963855421687,1.0
500,0.5,75.26107361311833,14,edge_flip_approx_dp,approx,1e-05,2.0631304301724875e-33,0,0.0,246,0.2,0.02,0.2,0.2002570281124498,0.020288,0.2000963855421687,1.0
500,0.5,75.26107361311833,15,edge_flip_pure_dp,pure,0.0,2.0631510616831042e-33,0,0.0,136,0.2,0.02,0.2,0.20221686746987952,0.019792,0.19791164658634539,1.0
500,0.5,75.26107361311833,15,edge_flip_approx_dp,approx,1e-05,2.0631304301724875e-33,0,0.0,136,0.2,0.02,0.2,0.20221686746987952,0.019792,0.19791164658634539,1.0
500,0.5,75.26107361311833,16,edge_flip_pure_dp,pure,0.0,2.0631510616831042e-33,0,0.0,484,0.2,0.02,0.2,0.20099598393574297,0.01952,0.20131726907630523,1.0
500,0.5,75.26107361311833,16,edge_flip_approx_dp,approx,1e-05,2.0631304301724875e-33,0,0.0,484,0.2,0.02,0.2,0.20099598393574297,0.01952,0.20131726907630523,1.0
500,0.5,75.26107361311833,17,edge_flip_pure_dp,pure,0.0,2.0631510616831042e-33,0,0.0,291,0.2,0.02,0.2,0.2059116465863454,0.020704,0.19855421686746988,1.0
500,0.5,75.26107361311833,17,edge_flip_approx_dp,approx,1e-05,2.0631304301724875e-33,0,0.0,291,0.2,0.02,0.2,0.2059116465863454,0.020704,0.19855421686746988,1.0
500,0.5,75.26107361311833,18,edge_flip_pure_dp,pure,0.0,2.0631510616831042e-33,0,0.0,233,0.2,0.02,0.2,0.19926104417670681,0.019344,0.19942168674698796,1.0
500,0.5,75.26107361311833,18,edge_flip_approx_dp,approx,1e-05,2.0631304301724875e-33,0,0.0,233,0.2,0.02,0.2,0.19926104417670681,0.019344,0.19942168674698796,1.0
500,0.5,75.26107361311833,19,edge_flip_pure_dp,pure,0.0,2.0631510616831042e-33,0,0.0,356,0.2,0.02,0.2,0.20382329317269077,0.020144,0.20122088353413656,1.0
500,0.5,75.26107361311833,19,edge_flip_approx_dp,approx,1e-05,2.0631304301724875e-33,0,0.0,356,0.2,0.02,0.2,0.20382329317269077,0.020144,0.20122088353413656,1.0
500,1.0,27.449962502007253,0,edge_flip_pure_dp,pure,0.0,1.1984854251634343e-12,0,0.0,240,0.2,0.02,0.2,0.20096385542096995,0.020095999998849683,0.2017991967864338,1.0
500,1.0,27.449962502007253,0,edge_flip_approx_dp,approx,1e-05,1.1984734403091827e-12,0,0.0,240,0.2,0.02,0.2,0.20096385542096995,0.020095999998849697,0.2017991967864338,1.0
500,1.0,27.449962502007253,1,edge_flip_pure_dp,pure,0.0,1.1984854251634343e-12,0,0.0,212,0.2,0.02,0.2,0.20048192771012543,0.020447999998850528,0.200224899597675,1.0
500,1.0,27.449962502007253,1,edge_flip_approx_dp,approx,1e-05,1.1984734403091827e-12,0,0.0,212,0.2,0.02,0.2,0.20048192771012543,0.020447999998850542,0.200224899597675,1.0
500,1.0,27.449962502007253,2,edge_flip_pure_dp,pure,0.0,1.1984854251634343e-12,0,0.0,194,0.2,0.02,0.2,0.19900401606353554,0.019791999998848956,0.19736546184666415,1.0
500,1.0,27.449962502007253,2,edge_flip_approx_dp,approx,1e-05,1.1984734403091827e-12,0,0.0,194,0.2,0.02,0.2,0.19900401606353554,0.01979199999884897,0.19736546184666415,1.0
500,1.0,27.449962502007253,3,edge_flip_pure_dp,pure,0.0,1.1984854251634343e-12,0,0.0,234,0.2,0.02,0.2,0.20205622489888425,0.02079999999885137,0.1951485943767793,1.0
500,1.0,27.449962502007253,3,edge_flip_approx_dp,approx,1e-05,1.1984734403091827e-12,0,0.0,234,0.2,0.02,0.2,0.20205622489888425,0.020799999998851383,0.1951485943767793,1.0
500,1.0,27.449962502007253,4,edge_flip_pure_dp,pure,0.0,1.1984854251634343e-12,0,0.0,189,0.2,0.02,0.2,0.20224899598322205,0.019359999998847917,0.20025702811173132,1.0
500,1.0,27.449962502007253,4,edge_flip_approx_dp,approx,1e-05,1.1984734403091827e-12,0,0.0,189,0.2,0.02,0.2,0.20224899598322205,0.01935999999884793,0.20025702811173132,1.0
500,1.0,27.449962502007253,5,edge_flip_pure_dp,pure,0.0,1.1984854251634343e-12,0,0.0,184,0.2,0.02,0.2,0.20080321285068845,0.019679999998848688,0.1998072289149431,1.0
500,1.0,27.449962502007253,5,edge_flip_approx_dp,approx,1e-05,1.1984734403091827e-12,0,0.0,184,0.2,0.02,0.2,0.20080321285068845,0.019679999998848702,0.1998072289149431,1.0
500,1.0,27.449962502007253,6,edge_flip_pure_dp,pure,0.0,1.1984854251634343e-12,0,0.0,178,0.2,0.02,0.2,0.1998714859430557,0.020079999998849647,0.19893975903542294,1.0
500,1.0,27.449962502007253,6,edge_flip_approx_dp,approx,1e-05,1.1984734403091827e-12,0,0.0,178,0.2,0.02,0.2,0.1998714859430557,0.02007999999884966,0.19893975903542294,1.0
500,1.0,27.449962502007253,7,edge_flip_pure_dp,pure,0.0,1.1984854251634343e-12,0,0.0,318,0.2,0.02,0.2,0.1998714859430557,0.019519999998848302,0.19579116465790536,1.0
500,1.0,27.449962502007253,7,edge_flip_approx_dp,approx,1e-05,1.1984734403091827e-12,0,0.0,318,0.2,0.02,0.2,0.1998714859430557,0.019519999998848316,0.19579116465790536,1.0
500,1.0,27.449962502007253,8,edge_flip_pure_dp,pure,0.0,1.1984854251634343e-12,0,0.0,317,0.2,0.02,0.2,0.2013172690755893,0.020447999998850528,0.19999999999928092,1.0
500,1.0,27.449962502007253,8,edge_flip_approx_dp,approx,1e-05,1.1984734403091827e-12,0,0.0,317,0.2,0.02,0.2,0.2013172690755893,0.020447999998850542,0.19999999999928092,1.0
500,1.0,27.449962502007253,9,edge_flip_pure_dp,pure,0.0,1.1984854251634343e-12,0,0.0,134,0.2,0.02,0.2,0.20019277108361874,0.020719999998851178,0.19688353413581963,1.0
500,1.0,27.449962502007253,9,edge_flip_approx_dp,approx,1e-05,1.1984734403091827e-12,0,0.0,134,0.2,0.02,0.2,0.20019277108361874,0.020719999998851192,0.19688353413581963,1.0
500,1.0,27.449962502007253,10,edge_flip_pure_dp,pure,0.0,1.1984854251634343e-12,0,0.0,98,0.2,0.02,0.2,0.19823293172618428,0.020271999998850106,0.1981044176699591,1.0
500,1.0,27.449962502007253,10,edge_flip_approx_dp,approx,1e-05,1.1984734403091827e-12,0,0.0,98,0.2,0.02,0.2,0.19823293172618428,0.02027199999885012,0.1981044176699591,1.0
500,1.0,27.449962502007253,11,edge_flip_pure_dp,pure,0.0,1.1984854251634343e-12,0,0.0,213,0.2,0.02,0.2,0.20295582329246067,0.020255999998850065,0.19893975903542294,1.0
500,1.0,27.449962502007253,11,edge_flip_approx_dp,approx,1e-05,1.1984734403091827e-12,0,0.0,213,0.2,0.02,0.2,0.20295582329246067,0.02025599999885008,0.19893975903542294,1.0
500,1.0,27.449962502007253,12,edge_flip_pure_dp,pure,0.0,1.1984854251634343e-12,0,0.0,295,0.2,0.02,0.2,0.1966907630514818,0.01991999999884926,0.196819277107707,1.0
500,1.0,27.449962502007253,12,edge_flip_approx_dp,approx,1e-05,1.1984734403091827e-12,0,0.0,295,0.2,0.02,0.2,0.1966907630514818,0.019919999998849275,0.196819277107707,1.0
500,1.0,27.449962502007253,13,edge_flip_pure_dp,pure,0.0,1.1984854251634343e-12,0,0.0,275,0.2,0.02,0.2,0.19919678714787337,0.02051199999885068,0.20346987951736153,1.0
500,1.0,27.449962502007253,13,edge_flip_approx_dp,approx,1e-05,1.1984734403091827e-12,0,0.0,275,0.2,0.02,0.2,0.19919678714787337,0.020511999998850693,0.20346987951736153,1.0
500,1.0,27.449962502007253,14,edge_flip_pure_dp,pure,0.0,1.1984854251634343e-12,0,0.0,246,0.2,0.02,0.2,0.20025702811173132,0.020287999998850146,0.20009638554144982,1.0
500,1.0,27.449962502007253,14,edge_flip_approx_dp,approx,1e-05,1.1984734403091827e-12,0,0.0,246,0.2,0.02,0.2,0.20025702811173132,0.02028799999885016,0.20009638554144982,1.0
500,1.0,27.449962502007253,15,edge_flip_pure_dp,pure,0.0,1.1984854251634343e-12,0,0.0,136,0.2,0.02,0.2,0.20221686746916573,0.019791999998848956,0.1979116465856213,1.0
500,1.0,27.449962502007253,15,edge_flip_approx_dp,approx,1e-05,1.1984734403091827e-12,0,0.0,136,0.2,0.02,0.2,0.20221686746916573,0.01979199999884897,0.1979116465856213,1.0
500,1.0,27.449962502007253,16,edge_flip_pure_dp,pure,0.0,1.1984854251634343e-12,0,0.0,484,0.2,0.02,0.2,0.20099598393502627,0.019519999998848302,0.2013172690755893,1.0
500,1.0,27.449962502007253,16,edge_flip_approx_dp,approx,1e-05,1.1984734403091827e-12,0,0.0,484,0.2,0.02,0.2,0.20099598393502627,0.019519999998848316,0.2013172690755893,1.0
500,1.0,27.449962502007253,17,edge_flip_pure_dp,pure,0.0,1.1984854251634343e-12,0,0.0,291,0.2,0.02,0.2,0.20591164658564048,0.02070399999885114,0.19855421686674732,1.0
500,1.0,27.449962502007253,17,edge_flip_approx_dp,approx,1e-05,1.1984734403091827e-12,0,0.0,291,0.2,0.02,0.2,0.20591164658564048,0.020703999998851155,0.19855421686674732,1.0
500,1.0,27.449962502007253,18,edge_flip_pure_dp,pure,0.0,1.1984854251634343e-12,0,0.0,233,0.2,0.02,0.2,0.19926104417598595,0.01934399999884788,0.19942168674626748,1.0
500,1.0,27.449962502007253,18,edge_flip_approx_dp,approx,1e-05,1.1984734403091827e-12,0,0.0,233,0.2,0.02,0.2,0.19926104417598595,0.019343999998847894,0.19942168674626748,1.0
500,1.0,27.449962502007253,19,edge_flip_pure_dp,pure,0.0,1.1984854251634343e-12,0,0.0,356,0.2,0.02,0.2,0.20382329317198083,0.020143999998849797,0.20122088353342038,1.0
500,1.0,27.449962502007253,19,edge_flip_approx_dp,approx,1e-05,1.1984734403091827e-12,0,0.0,356,0.2,0.02,0.2,0.20382329317198083,0.02014399999884981,0.20122088353342038,1.0
500,2.0,11.732851621374003,0,edge_flip_pure_dp,pure,0.0,8.025716197608862e-06,2,1.6032064128256513e-05,145,0.2,0.02,0.2,0.2009590553861809,0.020120297243393363,0.2017944101602834,1.0
500,2.0,11.732851621374003,0,edge_flip_approx_dp,approx,1e-05,8.025635940446885e-06,1,8.016032064128256e-06,148,0.2,0.02,0.2,0.200959055434182,0.020104297063597697,0.20179441020815045,1.0
500,2.0,11.732851621374003,1,edge_flip_pure_dp,pure,0.0,8.025716197608862e-06,2,1.6032064128256513e-05,212,0.2,0.02,0.2,0.20047711993958328,0.020472302893588264,0.20022008770139788,1.0
500,2.0,11.732851621374003,1,edge_flip_approx_dp,approx,1e-05,8.025635940446885e-06,1,8.016032064128256e-06,208,0.2,0.02,0.2,0.20050924901742978,0.020440302456911617,0.2002200877495176,1.0
500,2.0,11.732851621374003,2,edge_flip_pure_dp,pure,0.0,8.025716197608862e-06,0,0.0,194,0.2,0.02,0.2,0.19899918457001725,0.01978429185002551,0.1973606040515854,1.0
500,2.0,11.732851621374003,2,edge_flip_approx_dp,approx,1e-05,8.025635940446885e-06,0,0.0,194,0.2,0.02,0.2,0.19899918461833296,0.019784291927108247,0.19736060410016412,1.0
500,2.0,11.732851621374003,3,edge_flip_pure_dp,pure,0.0,8.025716197608862e-06,0,0.0,234,0.2,0.02,0.2,0.20205144239846884,0.020792308030129075,0.19514370099723635,1.0
500,2.0,11.732851621374003,3,edge_flip_approx_dp,approx,1e-05,8.025635940446885e-06,2,1.6032064128256513e-05,352,0.2,0.02,0.2,0.20205144244629458,0.020792308107050007,0.19520795910570699,1.0
500,2.0,11.732851621374003,4,edge_flip_pure_dp,pure,0.0,8.025716197608862e-06,0,0.0,189,0.2,0.02,0.2,0.20224421657710787,0.019352284915695406,0.20025221673117108,1.0
500,2.0,11.732851621374003,4,edge_flip_approx_dp,approx,1e-05,8.025635940446885e-06,0,0.0,189,0.2,0.02,0.2,0.2022442166249027,0.019352284992847486,0.20025221677928565,1.0
500,2.0,11.732851621374003,5,edge_flip_pure_dp,pure,0.0,8.025716197608862e-06,1,8.016032064128256e-06,240,0.2,0.02,0.2,0.200798410237315,0.019688290309063265,0.19980241031434665,1.0
500,2.0,11.732851621374003,5,edge_flip_approx_dp,approx,1e-05,8.025635940446885e-06,1,8.016032064128256e-06,147,0.2,0.02,0.2,0.20079841028534193,0.019672290129336936,0.1997702813327654,1.0
500,2.0,11.732851621374003,6,edge_flip_pure_dp,pure,0.0,8.025716197608862e-06,3,2.404809619238477e-05,285,0.2,0.02,0.2,0.19893492651047093,0.02008829672973928,0.19986666837389297,1.0
500,2.0,11.732851621374003,6,edge_flip_approx_dp,approx,1e-05,8.025635940446885e-06,0,0.0,178,0.2,0.02,0.2,0.19986666842206943,0.02007229654994875,0.19893492655879694,1.0
500,2.0,11.732851621374003,7,edge_flip_pure_dp,pure,0.0,8.025716197608862e-06,2,1.6032064128256513e-05,332,0.2,0.02,0.2,0.19986666837389297,0.019544287997619897,0.19578628159269984,1.0
500,2.0,11.732851621374003,7,edge_flip_approx_dp,approx,1e-05,8.025635940446885e-06,2,1.6032064128256513e-05,233,0.2,0.02,0.2,0.19986666842206943,0.019528287817916688,0.1958184106712993,1.0
500,2.0,11.732851621374003,8,edge_flip_pure_dp,pure,0.0,8.025716197608862e-06,2,1.6032064128256513e-05,369,0.2,0.02,0.2,0.20128034568391265,0.020440302379934182,0.1999630554632125,1.0
500,2.0,11.732851621374003,8,edge_flip_approx_dp,approx,1e-05,8.025635940446885e-06,1,8.016032064128256e-06,557,0.2,0.02,0.2,0.2013124747616302,0.020456302713736087,0.1999951845411415,1.0
500,2.0,11.732851621374003,9,edge_flip_pure_dp,pure,0.0,8.025716197608862e-06,1,8.016032064128256e-06,120,0.2,0.02,0.2,0.20018795867162473,0.020728307002820915,0.19687866860498776,1.0
500,2.0,11.732851621374003,9,edge_flip_approx_dp,approx,1e-05,8.025635940446885e-06,4,3.2064128256513025e-05,122,0.2,0.02,0.2,0.20025221677928565,0.020744307336576593,0.19687866865364387,1.0
500,2.0,11.732851621374003,10,edge_flip_pure_dp,pure,0.0,8.025716197608862e-06,1,8.016032064128256e-06,318,0.2,0.02,0.2,0.19822808785546106,0.020280299811663773,0.19809957173636839,1.0
500,2.0,11.732851621374003,10,edge_flip_approx_dp,approx,1e-05,8.025635940446885e-06,1,8.016032064128256e-06,255,0.2,0.02,0.2,0.19822808790390056,0.02028029988866689,0.1980995717848285,1.0
500,2.0,11.732851621374003,11,edge_flip_pure_dp,pure,0.0,8.025716197608862e-06,1,8.016032064128256e-06,297,0.2,0.02,0.2,0.2029510552321177,0.02024829929800969,0.1989670555402441,1.0
500,2.0,11.732851621374003,11,edge_flip_approx_dp,approx,1e-05,8.025635940446885e-06,0,0.0,213,0.2,0.02,0.2,0.20295105527979906,0.020248299375017945,0.19893492655879694,1.0
500,2.0,11.732851621374003,12,edge_flip_pure_dp,pure,0.0,8.025716197608862e-06,1,8.016032064128256e-06,288,0.2,0.02,0.2,0.19668589442634873,0.019912293904641835,0.19684653957521459,1.0
500,2.0,11.732851621374003,12,edge_flip_approx_dp,approx,1e-05,8.025635940446885e-06,2,1.6032064128256513e-05,263,0.2,0.02,0.2,0.19668589447503576,0.019928294238528495,0.19684653962387583,1.0
500,2.0,11.732851621374003,13,edge_flip_pure_dp,pure,0.0,8.025716197608862e-06,0,0.0,275,0.2,0.02,0.2,0.1991919587486563,0.020504303407242342,0.2034651197084885,1.0
500,2.0,11.732851621374003,13,edge_flip_approx_dp,approx,1e-05,8.025635940446885e-06,1,8.016032064128256e-06,206,0.2,0.02,0.2,0.19919195879694107,0.020504303484209504,0.20349724878585534,1.0
500,2.0,11.732851621374003,14,edge_flip_pure_dp,pure,0.0,8.025716197608862e-06,3,2.404809619238477e-05,317,0.2,0.02,0.2,0.20028434576094425,0.020312300325317854,0.2000915715823052,1.0
500,2.0,11.732851621374003,14,edge_flip_approx_dp,approx,1e-05,8.025635940446885e-06,0,0.0,246,0.2,0.02,0.2,0.20025221677928565,0.02028029988866689,0.20009157163044555,1.0
500,2.0,11.732851621374003,15,edge_flip_pure_dp,pure,0.0,8.025716197608862e-06,1,8.016032064128256e-06,259,0.2,0.02,0.2,0.20224421657710787,0.01978429185002551,0.19790679755772936,1.0
500,2.0,11.732851621374003,15,edge_flip_approx_dp,approx,1e-05,8.025635940446885e-06,0,0.0,136,0.2,0.02,0.2,0.20221208759513468,0.019784291927108247,0.1979067976062204,1.0
500,2.0,11.732851621374003,16,edge_flip_pure_dp,pure,0.0,8.025716197608862e-06,0,0.0,484,0.2,0.02,0.2,0.20099118441595407,0.019512287483965815,0.20131247471368582,1.0
500,2.0,11.732851621374003,16,edge_flip_approx_dp,approx,1e-05,8.025635940446885e-06,0,0.0,484,0.2,0.02,0.2,0.20099118446395003,0.01951228756109221,0.2013124747616302,1.0
500,2.0,11.732851621374003,17,edge_flip_pure_dp,pure,0.0,8.025716197608862e-06,0,0.0,291,0.2,0.02,0.2,0.20590692597124974,0.020696306489166833,0.19854937815319282,1.0
500,2.0,11.732851621374003,17,edge_flip_approx_dp,approx,1e-05,8.025635940446885e-06,1,8.016032064128256e-06,230,0.2,0.02,0.2,0.20590692601845664,0.020712306822927646,0.19854937820158072,1.0
500,2.0,11.732851621374003,18,edge_flip_pure_dp,pure,0.0,8.025716197608862e-06,0,0.0,233,0.2,0.02,0.2,0.19925621680820266,0.01933628465886837,0.19941686195706854,1.0
500,2.0,11.732851621374003,18,edge_flip_approx_dp,approx,1e-05,8.025635940446885e-06,1,8.016032064128256e-06,89,0.2,0.02,0.2,0.1992562168564771,0.019336284736023016,0.1994489910350852,1.0
500,2.0,11.732851621374003,19,edge_flip_pure_dp,pure,0.0,8.025716197608862e-06,2,1.6032064128256513e-05,216,0.2,0.02,0.2,0.2038185390359934,0.020168298013874486,0.2012160876243663,1.0
500,2.0,11.732851621374003,19,edge_flip_approx_dp,approx,1e-05,8.025635940446885e-06,0,0.0,356,0.2,0.02,0.2,0.20381853908353553,0.020136297577246637,0.20121608767232615,1.0
500,5.0,4.150006096013556,0,edge_flip_pure_dp,pure,0.0,0.015519663438340655,1941,0.015559118236472946,215,0.2,0.02,0.2,0.20229352805002596,0.01988144317515309,0.20013827709755633,1.0
500,5.0,4.150006096013556,0,edge_flip_approx_dp,approx,1e-05,0.015519508241706273,1927,0.01544689378757515,149,0.2,0.02,0.2,0.20066889629554918,0.020393485490590394,0.20027100393947572,1.0
500,5.0,4.150006096013556,1,edge_flip_pure_dp,pure,0.0,0.015519663438340655,1976,0.015839679358717437,307,0.2,0.02,0.2,0.19957459607921813,0.021152908606282307,0.20020459251147846,1.0
500,5.0,4.150006096013556,1,edge_flip_approx_dp,approx,1e-05,0.015519508241706273,1902,0.015246492985971943,204,0.2,0.02,0.2,0.20053626551019138,0.020327435359482195,0.2003704770284941,1.0
500,5.0,4.150006096013556,2,edge_flip_pure_dp,pure,0.0,0.015519663438340655,1950,0.0156312625250501,300,0.2,0.02,0.2,0.19887828423303563,0.02050891962168439,0.1964246139179164,1.0
500,5.0,4.150006096013556,2,edge_flip_approx_dp,approx,1e-05,0.015519508241706273,2008,0.016096192384769538,123,0.2,0.02,0.2,0.1989446960858974,0.020987936670564186,0.19785049210669534,1.0
500,5.0,4.150006096013556,3,edge_flip_pure_dp,pure,0.0,0.015519663438340655,1892,0.015166332665330661,324,0.2,0.02,0.2,0.19443515150025217,0.020806145306883433,0.20235984346394809,1.0
500,5.0,4.150006096013556,3,edge_flip_approx_dp,approx,1e-05,0.015519508241706273,2030,0.01627254509018036,137,0.2,0.02,0.2,0.20196204645278804,0.021912638506078972,0.19552945336293331,1.0
500,5.0,4.150006096013556,4,edge_flip_pure_dp,pure,0.0,0.015519663438340655,1925,0.015430861723446893,224,0.2,0.02,0.2,0.20308931301709163,0.019270479266688397,0.1993756498374517,1.0
500,5.0,4.150006096013556,4,edge_flip_approx_dp,approx,1e-05,0.015519508241706273,1939,0.01554308617234469,277,0.2,0.02,0.2,0.20232678111252206,0.01953483378618381,0.20033731933215462,1.0
500,5.0,4.150006096013556,5,edge_flip_pure_dp,pure,0.0,0.015519663438340655,1899,0.015222444889779559,197,0.2,0.02,0.2,0.19957459607921813,0.01988144317515309,0.2010998505994274,1.0
500,5.0,4.150006096013556,5,edge_flip_approx_dp,approx,1e-05,0.015519508241706273,1913,0.015334669338677354,223,0.2,0.02,0.2,0.2011331040443016,0.01925412072897396,0.19907732687125526,1.0
500,5.0,4.150006096013556,6,edge_flip_pure_dp,pure,0.0,0.015519663438340655,1873,0.015014028056112225,249,0.2,0.02,0.2,0.19867933799126922,0.019518167337687593,0.19950828066529597,1.0
500,5.0,4.150006096013556,6,edge_flip_approx_dp,approx,1e-05,0.015519508241706273,1958,0.015695390781563127,209,0.2,0.02,0.2,0.19867943451518175,0.019650421515623157,0.19993942697608114,1.0
500,5.0,4.150006096013556,7,edge_flip_pure_dp,pure,0.0,0.015519663438340655,1951,0.01563927855711423,284,0.2,0.02,0.2,0.19977354232098457,0.019947493327419536,0.1955293558299675,1.0
500,5.0,4.150006096013556,7,edge_flip_approx_dp,approx,1e-05,0.015519508241706273,1945,0.015591182364729459,344,0.2,0.02,0.2,0.20000574236876004,0.019055970335649368,0.1957615572373095,1.0
500,5.0,4.150006096013556,8,edge_flip_pure_dp,pure,0.0,0.015519663438340655,1923,0.015414829659318638,447,0.2,0.02,0.2,0.20149774308296023,0.020426356931351326,0.20020459251147846,1.0
500,5.0,4.150006096013556,8,edge_flip_approx_dp,approx,1e-05,0.015519508241706273,1992,0.015967935871743485,352,0.2,0.02,0.2,0.20176310027475128,0.02031092282670515,0.2029899350393112,1.0
500,5.0,4.150006096013556,9,edge_flip_pure_dp,pure,0.0,0.015519663438340655,1912,0.015326653306613227,173,0.2,0.02,0.2,0.19950828066529597,0.020211693936485354,0.19785039531724247,1.0
500,5.0,4.150006096013556,9,edge_flip_approx_dp,approx,1e-05,0.015519508241706273,1991,0.01595991983967936,242,0.2,0.02,0.2,0.20093415786626487,0.020872348941124837,0.19798312289205314,1.0
500,5.0,4.150006096013556,10,edge_flip_pure_dp,pure,0.0,0.015519663438340655,1986,0.015919839679358717,240,0.2,0.02,0.2,0.1993756498374517,0.02070707007848375,0.19794986843812568,1.0
500,5.0,4.150006096013556,10,edge_flip_approx_dp,approx,1e-05,0.015519508241706273,1935,0.015511022044088177,278,0.2,0.02,0.2,0.19861311912250285,0.020228360162819897,0.19785049210669534,1.0
500,5.0,4.150006096013556,11,edge_flip_pure_dp,pure,0.0,0.015519663438340655,1927,0.01544689378757515,345,0.2,0.02,0.2,0.20375246715631307,0.020030056017752606,0.1984803917495028,1.0
500,5.0,4.150006096013556,11,edge_flip_approx_dp,approx,1e-05,0.015519508241706273,1924,0.015422845691382766,154,0.2,0.02,0.2,0.20076836938456755,0.019320170860082163,0.20405098132217386,1.0
500,5.0,4.150006096013556,12,edge_flip_pure_dp,pure,0.0,0.015519663438340655,2013,0.01613627254509018,308,0.2,0.02,0.2,0.19672303328056603,0.021235471296615377,0.1959935637274225,1.0
500,5.0,4.150006096013556,12,edge_flip_approx_dp,approx,1e-05,0.015519508241706273,2012,0.016128256513026053,364,0.2,0.02,0.2,0.1988783806932185,0.020112772433380548,0.1977178613213375,1.0
500,5.0,4.150006096013556,13,edge_flip_pure_dp,pure,0.0,0.015519663438340655,1991,0.01595991983967936,292,0.2,0.02,0.2,0.19957459607921813,0.020855682921083273,0.20385194027719628,1.0
500,5.0,4.150006096013556,13,edge_flip_approx_dp,approx,1e-05,0.015519508241706273,1903,0.015254509018036072,270,0.2,0.02,0.2,0.19864627681884228,0.020443023088921545,0.20295677734297177,1.0
500,5.0,4.150006096013556,14,edge_flip_pure_dp,pure,0.0,0.015519663438340655,1963,0.015735470941883767,266,0.2,0.02,0.2,0.2009672197715831,0.021235471296615377,0.2005030118741281,1.0
500,5.0,4.150006096013556,14,edge_flip_approx_dp,approx,1e-05,0.015519508241706273,1931,0.015478957915831664,402,0.2,0.02,0.2,0.19987311158340224,0.020261385228374,0.19977363849438384,1.0
500,5.0,4.150006096013556,15,edge_flip_pure_dp,pure,0.0,0.015519663438340655,1902,0.015246492985971943,266,0.2,0.02,0.2,0.2038187825702352,0.019369554495088075,0.19844723404254172,1.0
500,5.0,4.150006096013556,15,edge_flip_approx_dp,approx,1e-05,0.015519508241706273,1912,0.015326653306613227,317,0.2,0.02,0.2,0.20182941566743018,0.019270633261751016,0.19785049210669534,1.0
500,5.0,4.150006096013556,16,edge_flip_pure_dp,pure,0.0,0.015519663438340655,1886,0.015118236472945891,311,0.2,0.02,0.2,0.20172984703168775,0.018956741043422747,0.20139826996207702,1.0
500,5.0,4.150006096013556,16,edge_flip_approx_dp,approx,1e-05,0.015519508241706273,2004,0.016064128256513027,368,0.2,0.02,0.2,0.20103363095528323,0.020294410293928096,0.20259204268323772,1.0
500,5.0,4.150006096013556,17,edge_flip_pure_dp,pure,0.0,0.015519663438340655,1958,0.015695390781563127,149,0.2,0.02,0.2,0.20633876829927658,0.02074009515461698,0.1980161838520478,1.0
500,5.0,4.150006096013556,17,edge_flip_approx_dp,approx,1e-05,0.015519508241706273,1998,0.016016032064128258,316,0.2,0.02,0.2,0.20623938928057803,0.021169574531111734,0.1987125922115212,1.0
500,5.0,4.150006096013556,18,edge_flip_pure_dp,pure,0.0,0.015519663438340655,1999,0.016024048096192386,99,0.2,0.02,0.2,0.19954143837225705,0.0196502676422205,0.19911038818176316,1.0
500,5.0,4.150006096013556,18,edge_flip_approx_dp,approx,1e-05,0.015519508241706273,1983,0.015895791583166334,129,0.2,0.02,0.2,0.19967416540536548,0.019699959113954307,0.20007205776143897,1.0
500,5.0,4.150006096013556,19,edge_flip_pure_dp,pure,0.0,0.015519663438340655,1886,0.015118236472945891,249,0.2,0.02,0.2,0.20514509084867802,0.018742078048556775,0.20100037747854418,1.0
500,5.0,4.150006096013556,19,edge_flip_approx_dp,approx,1e-05,0.015519508241706273,1961,0.01571943887775551,283,0.2,0.02,0.2,0.20534413147941266,0.019997184703941205,0.2009010001699254,1.0
500,10.0,1.9953178628215948,0,edge_flip_pure_dp,pure,0.0,0.11969539354136688,14939,0.11975150300601202,474,0.2,0.02,0.2,0.20214110870609073,0.020910352107926824,0.20053596967621504,1.0
500,10.0,1.9953178628215948,0,edge_flip_approx_dp,approx,1e-05,0.11969419658743147,15118,0.12118637274549098,383,0.2,0.02,0.2,0.20404286272390304,0.02025975317007122,0.20438078566662893,1.0
500,10.0,1.9953178628215948,1,edge_flip_pure_dp,pure,0.0,0.11969539354136688,15072,0.12081763527054108,569,0.2,0.02,0.2,0.11181838978046695,0.0,0.0,0.0
500,10.0,1.9953178628215948,1,edge_flip_approx_dp,approx,1e-05,0.11969419658743147,14819,0.11878957915831663,421,0.2,0.02,0.2,0.1101017660217382,0.0,0.0,0.0
500,10.0,1.9953178628215948,2,edge_flip_pure_dp,pure,0.0,0.11969539354136688,14948,0.11982364729458918,410,0.2,0.02,0.2,0.20057821017700123,0.019479919789302844,0.19445333756300187,1.0
500,10.0,1.9953178628215948,2,edge_flip_approx_dp,approx,1e-05,0.11969419658743147,14877,0.11925450901803607,303,0.2,0.02,0.2,0.20235324801027374,0.017083361989183764,0.196608557983934,1.0
500,10.0,1.9953178628215948,3,edge_flip_pure_dp,pure,0.0,0.11969539354136688,14978,0.12006412825651303,428,0.2,0.02,0.2,0.0,0.0,0.1109647338081654,0.0
500,10.0,1.9953178628215948,3,edge_flip_approx_dp,approx,1e-05,0.11969419658743147,15011,0.12032865731462926,533,0.2,0.02,0.2,0.1118828450989986,0.0,0.0,0.0
500,10.0,1.9953178628215948,4,edge_flip_pure_dp,pure,0.0,0.11969539354136688,14859,0.11911022044088176,412,0.2,0.02,0.2,0.20666084229021447,0.018722632091207808,0.20176094419901489,1.0
500,10.0,1.9953178628215948,4,edge_flip_approx_dp,approx,1e-05,0.11969419658743147,15086,0.12092985971943888,387,0.2,0.02,0.2,0.20239548837811444,0.0196917891840847,0.20133947918209613,1.0
500,10.0,1.9953178628215948,5,edge_flip_pure_dp,pure,0.0,0.11969539354136688,15054,0.12067334669338678,431,0.2,0.02,0.2,0.20024028617071166,0.02160453249784728,0.19800153962904285,1.0
500,10.0,1.9953178628215948,5,edge_flip_approx_dp,approx,1e-05,0.11969419658743147,14889,0.11935070140280561,429,0.2,0.02,0.2,0.2010015562393703,0.02017561035733247,0.20387390125254012,1.0
500,10.0,1.9953178628215948,6,edge_flip_pure_dp,pure,0.0,0.11969539354136688,14779,0.11846893787575151,306,0.2,0.02,0.2,0.09177804636244531,0.13173101856807462,0.1749981484038414,8.064309592839943e-05
500,10.0,1.9953178628215948,6,edge_flip_approx_dp,approx,1e-05,0.11969419658743147,14936,0.11972745490981963,383,0.2,0.02,0.2,0.10947996918411473,0.0,0.0,0.0
500,10.0,1.9953178628215948,7,edge_flip_pure_dp,pure,0.0,0.11969539354136688,15089,0.12095390781563126,577,0.2,0.02,0.2,0.10920472705045732,0.0,0.0,0.0
500,10.0,1.9953178628215948,7,edge_flip_approx_dp,approx,1e-05,0.11969419658743147,14872,0.11921442885771544,629,0.2,0.02,0.2,0.10761457867124433,0.0,0.0,0.0
500,10.0,1.9953178628215948,8,edge_flip_pure_dp,pure,0.0,0.11969539354136688,15009,0.120312625250501,411,0.2,0.02,0.2,0.0,0.0,0.11114389617272252,0.0
500,10.0,1.9953178628215948,8,edge_flip_approx_dp,approx,1e-05,0.11969419658743147,14932,0.11969539078156313,317,0.2,0.02,0.2,0.11015443467565898,0.19446381818018973,0.0,0.011446555441083917
500,10.0,1.9953178628215948,9,edge_flip_pure_dp,pure,0.0,0.11969539354136688,14991,0.1201683366733467,666,0.2,0.02,0.2,0.10948927904122452,0.0,0.0,0.0
500,10.0,1.9953178628215948,9,edge_flip_approx_dp,approx,1e-05,0.11969419658743147,14894,0.11939078156312626,637,0.2,0.02,0.2,0.0,0.0,0.10884763341704004,0.0
500,10.0,1.9953178628215948,10,edge_flip_pure_dp,pure,0.0,0.11969539354136688,15024,0.12043286573146293,341,0.2,0.02,0.2,0.2012118176887943,0.02189903326932869,0.19491798307165006,1.0
500,10.0,1.9953178628215948,10,edge_flip_approx_dp,approx,1e-05,0.11969419658743147,14747,0.1182124248496994,526,0.2,0.02,0.2,0.19931194152574092,0.01889243246306667,0.19352501113156048,1.0
500,10.0,1.9953178628215948,11,edge_flip_pure_dp,pure,0.0,0.11969539354136688,14988,0.12014428857715431,392,0.2,0.02,0.2,0.0,0.0,0.10986868169558074,0.0
500,10.0,1.9953178628215948,11,edge_flip_approx_dp,approx,1e-05,0.11969419658743147,14980,0.12008016032064128,361,0.2,0.02,0.2,0.20526783339128435,0.01956557496497661,0.20290237279220324,1.0
500,10.0,1.9953178628215948,12,edge_flip_pure_dp,pure,0.0,0.11969539354136688,14985,0.12012024048096193,509,0.2,0.02,0.2,0.0,0.0,0.10831945419029276,0.0
500,10.0,1.9953178628215948,12,edge_flip_approx_dp,approx,1e-05,0.11969419658743147,14829,0.11886973947895792,361,0.2,0.02,0.2,0.10754080616508564,0.0,0.0,0.0
500,10.0,1.9953178628215948,13,edge_flip_pure_dp,pure,0.0,0.11969539354136688,15005,0.12028056112224449,426,0.2,0.02,0.2,0.11207132488337111,0.0,0.0,0.0
500,10.0,1.9953178628215948,13,edge_flip_approx_dp,approx,1e-05,0.11969419658743147,15078,0.12086573146292585,360,0.2,0.02,0.2,0.11212524047637722,0.0,0.0,0.0
500,10.0,1.9953178628215948,14,edge_flip_pure_dp,pure,0.0,0.11969539354136688,14930,0.11967935871743487,518,0.2,0.02,0.2,0.0,0.0,0.10997407132179081,0.0
500,10.0,1.9953178628215948,14,edge_flip_approx_dp,approx,1e-05,0.11969419658743147,14728,0.11806012024048096,314,0.2,0.02,0.2,0.10706655433977959,0.0,0.0,0.0
500,10.0,1.9953178628215948,15,edge_flip_pure_dp,pure,0.0,0.11969539354136688,14865,0.11915831663326654,367,0.2,0.02,0.2,0.0,0.0,0.10979490895723369,0.0
500,10.0,1.9953178628215948,15,edge_flip_approx_dp,approx,1e-05,0.11969419658743147,14947,0.11981563126252505,278,0.2,0.02,0.2,0.202311007642433,0.01864000402485045,0.2001567488825556,1.0
500,10.0,1.9953178628215948,16,edge_flip_pure_dp,pure,0.0,0.11969539354136688,14949,0.1198316633266533,379,0.2,0.02,0.2,0.0,0.0,0.10959466866743456,0.0
500,10.0,1.9953178628215948,16,edge_flip_approx_dp,approx,1e-05,0.11969419658743147,15080,0.12088176352705411,605,0.2,0.02,0.2,0.138620693620101,0.09633716382677035,0.056528326265833664,1.3745063015346564e-05
500,10.0,1.9953178628215948,17,edge_flip_pure_dp,pure,0.0,0.11969539354136688,14789,0.11854909819639278,303,0.2,0.02,0.2,0.20818150031851773,0.018722632091207808,0.1974946536196084,1.0
500,10.0,1.9953178628215948,17,edge_flip_approx_dp,approx,1e-05,0.11969419658743147,15100,0.12104208416833667,379,0.2,0.02,0.2,0.20860482245070228,0.022952323177710905,0.1960594332020045,1.0
500,10.0,1.9953178628215948,18,edge_flip_pure_dp,pure,0.0,0.11969539354136688,14834,0.11890981963927856,467,0.2,0.02,0.2,0.0,0.0,0.10823514248932471,0.0
500,10.0,1.9953178628215948,18,edge_flip_approx_dp,approx,1e-05,0.11969419658743147,15235,0.12212424849699399,504,0.2,0.02,0.2,0.20315581499924765,0.02326785872548117,0.20163516175698123,1.0
500,10.0,1.9953178628215948,19,edge_flip_pure_dp,pure,0.0,0.11969539354136688,14760,0.11831663326653306,346,0.2,0.02,0.2,0.20666084229021447,0.016682162460229497,0.19947995715656,1.0
500,10.0,1.9953178628215948,19,edge_flip_approx_dp,approx,1e-05,0.11969419658743147,14913,0.11954308617234469,429,0.2,0.02,0.2,0.20835138024365787,0.017735468787909,0.1980869708583597,1.0
