N,sigma,epsilon,delta,method,rep,beta_true_00,beta_true_01,beta_true_11,beta_est_00,beta_est_01,beta_est_11
100,1.0,5.635918426327381,1e-05,sbm_dpsgd,0,0.2,0.02,0.2,0.20904535055160522,0.022222505882382393,0.19651639461517334
100,1.0,5.635918426327381,1e-05,gaussian,0,0.2,0.02,0.2,0.20914088189601898,0.01671566814184189,0.19633489847183228
100,1.0,5.635918426327381,1e-05,edge_flip,0,0.2,0.02,0.2,0.2060736119747162,0.016965899616479874,0.1986740678548813
100,1.0,5.635918426327381,1e-05,sbm_dpsgd,1,0.2,0.02,0.2,0.22275719046592712,0.03497719019651413,0.24843977391719818
100,1.0,5.635918426327381,1e-05,gaussian,1,0.2,0.02,0.2,0.21041953563690186,0.016446825116872787,0.21554143726825714
100,1.0,5.635918426327381,1e-05,edge_flip,1,0.2,0.02,0.2,0.21265098452568054,0.016965899616479874,0.2192283570766449
100,1.0,5.635918426327381,1e-05,sbm_dpsgd,2,0.2,0.02,0.2,0.18700377643108368,0.04111245274543762,0.21222570538520813
100,1.0,5.635918426327381,1e-05,gaussian,2,0.2,0.02,0.2,0.17831774055957794,0.02235332317650318,0.19655443727970123
100,1.0,5.635918426327381,1e-05,edge_flip,2,0.2,0.02,0.2,0.1764754354953766,0.02220313437283039,0.20031841099262238
100,1.0,5.635918426327381,1e-05,sbm_dpsgd,3,0.2,0.02,0.2,0.21530407667160034,0.03879271447658539,0.21828097105026245
100,1.0,5.635918426327381,1e-05,gaussian,3,0.2,0.02,0.2,0.19424302875995636,0.017773961648344994,0.1993102729320526
100,1.0,5.635918426327381,1e-05,edge_flip,3,0.2,0.02,0.2,0.19374103844165802,0.019383084028959274,0.2044292688369751
100,1.0,5.635918426327381,1e-05,sbm_dpsgd,4,0.2,0.02,0.2,0.17501592636108398,0.029937749728560448,0.21528644859790802
100,1.0,5.635918426327381,1e-05,gaussian,4,0.2,0.02,0.2,0.1674787849187851,0.017463691532611847,0.19992376863956451
100,1.0,5.635918426327381,1e-05,edge_flip,4,0.2,0.02,0.2,0.1674315482378006,0.01736876368522644,0.19785189628601074
100,1.0,5.635918426327381,1e-05,sbm_dpsgd,5,0.2,0.02,0.2,0.20241504907608032,0.025579923763871193,0.20426630973815918
100,1.0,5.635918426327381,1e-05,gaussian,5,0.2,0.02,0.2,0.2048160433769226,0.01775023713707924,0.18952472507953644
100,1.0,5.635918426327381,1e-05,edge_flip,5,0.2,0.02,0.2,0.2060736119747162,0.016563035547733307,0.1879858374595642
100,1.0,5.635918426327381,1e-05,sbm_dpsgd,6,0.2,0.02,0.2,0.22664040327072144,0.032125841826200485,0.20743432641029358
100,1.0,5.635918426327381,1e-05,gaussian,6,0.2,0.02,0.2,0.2050236612558365,0.021876955404877663,0.20400622487068176
100,1.0,5.635918426327381,1e-05,edge_flip,6,0.2,0.02,0.2,0.2060736119747162,0.019383084028959274,0.20771795511245728
100,1.0,5.635918426327381,1e-05,sbm_dpsgd,7,0.2,0.02,0.2,0.20611654222011566,0.031910255551338196,0.22813501954078674
100,1.0,5.635918426327381,1e-05,gaussian,7,0.2,0.02,0.2,0.2177092581987381,0.018223753198981285,0.22294482588768005
100,1.0,5.635918426327381,1e-05,edge_flip,7,0.2,0.02,0.2,0.2175840139389038,0.01616017147898674,0.2249835580587387
100,1.0,5.635918426327381,1e-05,sbm_dpsgd,8,0.2,0.02,0.2,0.22024431824684143,0.04010854288935661,0.1940833330154419
100,1.0,5.635918426327381,1e-05,gaussian,8,0.2,0.02,0.2,0.20049944519996643,0.018506808206439018,0.17589034140110016
100,1.0,5.635918426327381,1e-05,edge_flip,8,0.2,0.02,0.2,0.202784925699234,0.019383084028959274,0.17236457765102386
100,1.0,5.635918426327381,1e-05,sbm_dpsgd,9,0.2,0.02,0.2,0.2392999827861786,0.02372562885284424,0.2007177770137787
100,1.0,5.635918426327381,1e-05,gaussian,9,0.2,0.02,0.2,0.20745226740837097,0.025798922404646873,0.1868962198495865
100,1.0,5.635918426327381,1e-05,edge_flip,9,0.2,0.02,0.2,0.20936229825019836,0.023814590647816658,0.18634149432182312
100,1.0,5.635918426327381,1e-05,sbm_dpsgd,10,0.2,0.02,0.2,0.20083488523960114,0.023150723427534103,0.22125940024852753
100,1.0,5.635918426327381,1e-05,gaussian,10,0.2,0.02,0.2,0.19241726398468018,0.022912058979272842,0.1884320229291916
100,1.0,5.635918426327381,1e-05,edge_flip,10,0.2,0.02,0.2,0.1896301805973053,0.021800270304083824,0.1879858374595642
100,1.0,5.635918426327381,1e-05,sbm_dpsgd,11,0.2,0.02,0.2,0.20741057395935059,0.0392330177128315,0.21426793932914734
100,1.0,5.635918426327381,1e-05,gaussian,11,0.2,0.02,0.2,0.20273886620998383,0.021837003529071808,0.20589353144168854
100,1.0,5.635918426327381,1e-05,edge_flip,11,0.2,0.02,0.2,0.2044292688369751,0.02099454030394554,0.2044292688369751
100,1.0,5.635918426327381,1e-05,sbm_dpsgd,12,0.2,0.02,0.2,0.21275465190410614,0.037849053740501404,0.23885224759578705
100,1.0,5.635918426327381,1e-05,gaussian,12,0.2,0.02,0.2,0.1955718696117401,0.017085593193769455,0.21399420499801636
100,1.0,5.635918426327381,1e-05,edge_flip,12,0.2,0.02,0.2,0.1953853815793991,0.019383084028959274,0.21429532766342163
100,1.0,5.635918426327381,1e-05,sbm_dpsgd,13,0.2,0.02,0.2,0.201302170753479,0.03490166738629341,0.20138828456401825
100,1.0,5.635918426327381,1e-05,gaussian,13,0.2,0.02,0.2,0.1902492344379425,0.025721820071339607,0.19698676466941833
100,1.0,5.635918426327381,1e-05,edge_flip,13,0.2,0.02,0.2,0.1896301805973053,0.025426046922802925,0.1953853815793991
100,1.0,5.635918426327381,1e-05,sbm_dpsgd,14,0.2,0.02,0.2,0.24026338756084442,0.023934151977300644,0.20509837567806244
100,1.0,5.635918426327381,1e-05,gaussian,14,0.2,0.02,0.2,0.21631819009780884,0.016332531347870827,0.19197013974189758
100,1.0,5.635918426327381,1e-05,edge_flip,14,0.2,0.02,0.2,0.21676184237003326,0.015354443341493607,0.19291886687278748
100,1.0,5.635918426327381,1e-05,sbm_dpsgd,15,0.2,0.02,0.2,0.21516947448253632,0.03891053795814514,0.1873639076948166
100,1.0,5.635918426327381,1e-05,gaussian,15,0.2,0.02,0.2,0.2049037516117096,0.020009266212582588,0.18769091367721558
100,1.0,5.635918426327381,1e-05,edge_flip,15,0.2,0.02,0.2,0.202784925699234,0.020591676235198975,0.1912745237350464
100,1.0,5.635918426327381,1e-05,sbm_dpsgd,16,0.2,0.02,0.2,0.21339020133018494,0.04292713478207588,0.1982520967721939
100,1.0,5.635918426327381,1e-05,gaussian,16,0.2,0.02,0.2,0.2090427726507187,0.01677325926721096,0.19773218035697937
100,1.0,5.635918426327381,1e-05,edge_flip,16,0.2,0.02,0.2,0.2044292688369751,0.017771627753973007,0.20360709726810455
100,1.0,5.635918426327381,1e-05,sbm_dpsgd,17,0.2,0.02,0.2,0.20648765563964844,0.04090453311800957,0.23021841049194336
100,1.0,5.635918426327381,1e-05,gaussian,17,0.2,0.02,0.2,0.20021076500415802,0.02568264864385128,0.20204322040081024
100,1.0,5.635918426327381,1e-05,edge_flip,17,0.2,0.02,0.2,0.20196275413036346,0.021800270304083824,0.20031841099262238
100,1.0,5.635918426327381,1e-05,sbm_dpsgd,18,0.2,0.02,0.2,0.20152871310710907,0.03557859733700752,0.20316214859485626
100,1.0,5.635918426327381,1e-05,gaussian,18,0.2,0.02,0.2,0.19127362966537476,0.02109239622950554,0.2005223035812378
100,1.0,5.635918426327381,1e-05,edge_flip,18,0.2,0.02,0.2,0.1879858374595642,0.02220313437283039,0.19949623942375183
100,1.0,5.635918426327381,1e-05,sbm_dpsgd,19,0.2,0.02,0.2,0.22142073512077332,0.03702004998922348,0.19881519675254822
100,1.0,5.635918426327381,1e-05,gaussian,19,0.2,0.02,0.2,0.21177850663661957,0.014975414611399174,0.18881478905677795
100,1.0,5.635918426327381,1e-05,edge_flip,19,0.2,0.02,0.2,0.20689578354358673,0.016965899616479874,0.1896301805973053
100,2.0,2.668102829441137,1e-05,sbm_dpsgd,0,0.2,0.02,0.2,0.1947801262140274,0.05741092935204506,0.20685753226280212
100,2.0,2.668102829441137,1e-05,gaussian,0,0.2,0.02,0.2,0.18880681693553925,0.01809185929596424,0.20490312576293945
100,2.0,2.668102829441137,1e-05,edge_flip,0,0.2,0.02,0.2,0.1956021785736084,0.019210902974009514,0.1890358179807663
100,2.0,2.668102829441137,1e-05,sbm_dpsgd,1,0.2,0.02,0.2,0.21221409738063812,0.036411359906196594,0.22321385145187378
100,2.0,2.668102829441137,1e-05,gaussian,1,0.2,0.02,0.2,0.186315655708313,0.022189978510141373,0.2157554030418396
100,2.0,2.668102829441137,1e-05,edge_flip,1,0.2,0.02,0.2,0.1712128221988678,0.02334771305322647,0.2378145009279251
100,2.0,2.668102829441137,1e-05,sbm_dpsgd,2,0.2,0.02,0.2,0.20492082834243774,0.04163495451211929,0.2189325988292694
100,2.0,2.668102829441137,1e-05,gaussian,2,0.2,0.02,0.2,0.2006601244211197,0.01438028272241354,0.21208669245243073
100,2.0,2.668102829441137,1e-05,edge_flip,2,0.2,0.02,0.2,0.2096729576587677,0.013695158995687962,0.2040446400642395
100,2.0,2.668102829441137,1e-05,sbm_dpsgd,3,0.2,0.02,0.2,0.22692959010601044,0.03671308979392052,0.19013607501983643
100,2.0,2.668102829441137,1e-05,gaussian,3,0.2,0.02,0.2,0.20321215689182281,0.01591838151216507,0.18217122554779053
100,2.0,2.668102829441137,1e-05,edge_flip,3,0.2,0.02,0.2,0.1937260627746582,0.0228880662471056,0.1721508800983429
100,2.0,2.668102829441137,1e-05,sbm_dpsgd,4,0.2,0.02,0.2,0.2081303894519806,0.03322180360555649,0.19278575479984283
100,2.0,2.668102829441137,1e-05,gaussian,4,0.2,0.02,0.2,0.2036256045103073,0.01988045871257782,0.19480712711811066
100,2.0,2.668102829441137,1e-05,edge_flip,4,0.2,0.02,0.2,0.1993543803691864,0.02748452126979828,0.1899738609790802
100,2.0,2.668102829441137,1e-05,sbm_dpsgd,5,0.2,0.02,0.2,0.21615353226661682,0.038635656237602234,0.17234066128730774
100,2.0,2.668102829441137,1e-05,gaussian,5,0.2,0.02,0.2,0.24033281207084656,0.01573638617992401,0.17952083051204681
100,2.0,2.668102829441137,1e-05,edge_flip,5,0.2,0.02,0.2,0.2218676209449768,0.021968776360154152,0.1843455582857132
100,2.0,2.668102829441137,1e-05,sbm_dpsgd,6,0.2,0.02,0.2,0.2214895635843277,0.05171530693769455,0.20129404962062836
100,2.0,2.668102829441137,1e-05,gaussian,6,0.2,0.02,0.2,0.21609966456890106,0.019373130053281784,0.21100524067878723
100,2.0,2.668102829441137,1e-05,edge_flip,6,0.2,0.02,0.2,0.2059207409620285,0.025186294689774513,0.1974782794713974
100,2.0,2.668102829441137,1e-05,sbm_dpsgd,7,0.2,0.02,0.2,0.217037633061409,0.04722759127616882,0.22424179315567017
100,2.0,2.668102829441137,1e-05,gaussian,7,0.2,0.02,0.2,0.20826001465320587,0.017934372648596764,0.20412908494472504
100,2.0,2.668102829441137,1e-05,edge_flip,7,0.2,0.02,0.2,0.1946641206741333,0.020589839667081833,0.1974782794713974
100,2.0,2.668102829441137,1e-05,sbm_dpsgd,8,0.2,0.02,0.2,0.21591626107692719,0.02410895749926567,0.2243822067975998
100,2.0,2.668102829441137,1e-05,gaussian,8,0.2,0.02,0.2,0.20169800519943237,0.01524098590016365,0.21003258228302002
100,2.0,2.668102829441137,1e-05,edge_flip,8,0.2,0.02,0.2,0.2115490585565567,0.025645939633250237,0.2012304812669754
100,2.0,2.668102829441137,1e-05,sbm_dpsgd,9,0.2,0.02,0.2,0.21454794704914093,0.04658393934369087,0.21837179362773895
100,2.0,2.668102829441137,1e-05,gaussian,9,0.2,0.02,0.2,0.2003350406885147,0.023279109969735146,0.20358127355575562
100,2.0,2.668102829441137,1e-05,edge_flip,9,0.2,0.02,0.2,0.2049826979637146,0.031161684542894363,0.2124871015548706
100,2.0,2.668102829441137,1e-05,sbm_dpsgd,10,0.2,0.02,0.2,0.23616816103458405,0.037193529307842255,0.23267950117588043
100,2.0,2.668102829441137,1e-05,gaussian,10,0.2,0.02,0.2,0.21158762276172638,0.021214380860328674,0.20935922861099243
100,2.0,2.668102829441137,1e-05,edge_flip,10,0.2,0.02,0.2,0.2059207409620285,0.02334771305322647,0.227495938539505
100,2.0,2.668102829441137,1e-05,sbm_dpsgd,11,0.2,0.02,0.2,0.22474713623523712,0.03710760176181793,0.19965945184230804
100,2.0,2.668102829441137,1e-05,gaussian,11,0.2,0.02,0.2,0.1987045258283615,0.019871950149536133,0.19742076098918915
100,2.0,2.668102829441137,1e-05,edge_flip,11,0.2,0.02,0.2,0.1927880197763443,0.02013019472360611,0.1946641206741333
100,2.0,2.668102829441137,1e-05,sbm_dpsgd,12,0.2,0.02,0.2,0.19184379279613495,0.02860705368220806,0.20436592400074005
100,2.0,2.668102829441137,1e-05,gaussian,12,0.2,0.02,0.2,0.1953967809677124,0.015031811781227589,0.20815706253051758
100,2.0,2.668102829441137,1e-05,edge_flip,12,0.2,0.02,0.2,0.1890358179807663,0.004502250347286463,0.2171773612499237
100,2.0,2.668102829441137,1e-05,sbm_dpsgd,13,0.2,0.02,0.2,0.2066662609577179,0.03529597446322441,0.191032275557518
100,2.0,2.668102829441137,1e-05,gaussian,13,0.2,0.02,0.2,0.22043852508068085,0.021336998790502548,0.20834599435329437
100,2.0,2.668102829441137,1e-05,edge_flip,13,0.2,0.02,0.2,0.227495938539505,0.012316222302615643,0.1956021785736084
100,2.0,2.668102829441137,1e-05,sbm_dpsgd,14,0.2,0.02,0.2,0.20533214509487152,0.0161699540913105,0.2141415774822235
100,2.0,2.668102829441137,1e-05,gaussian,14,0.2,0.02,0.2,0.1978549063205719,0.017637643963098526,0.1854914426803589
100,2.0,2.668102829441137,1e-05,edge_flip,14,0.2,0.02,0.2,0.2021685391664505,0.011396931484341621,0.1655845195055008
100,2.0,2.668102829441137,1e-05,sbm_dpsgd,15,0.2,0.02,0.2,0.22532299160957336,0.04201105237007141,0.2186829149723053
100,2.0,2.668102829441137,1e-05,gaussian,15,0.2,0.02,0.2,0.20324616134166718,0.021266207098960876,0.20028188824653625
100,2.0,2.668102829441137,1e-05,edge_flip,15,0.2,0.02,0.2,0.2134251594543457,0.014154803939163685,0.1974782794713974
100,2.0,2.668102829441137,1e-05,sbm_dpsgd,16,0.2,0.02,0.2,0.21838855743408203,0.050519801676273346,0.21343296766281128
100,2.0,2.668102829441137,1e-05,gaussian,16,0.2,0.02,0.2,0.19899913668632507,0.022656941786408424,0.21701088547706604
100,2.0,2.668102829441137,1e-05,edge_flip,16,0.2,0.02,0.2,0.2021685391664505,0.026565229520201683,0.2115490585565567
100,2.0,2.668102829441137,1e-05,sbm_dpsgd,17,0.2,0.02,0.2,0.22965718805789948,0.019457736983895302,0.1975916624069214
100,2.0,2.668102829441137,1e-05,gaussian,17,0.2,0.02,0.2,0.2007330358028412,0.02596125192940235,0.18843133747577667
100,2.0,2.668102829441137,1e-05,edge_flip,17,0.2,0.02,0.2,0.1984163224697113,0.028403811156749725,0.1993543803691864
100,2.0,2.668102829441137,1e-05,sbm_dpsgd,18,0.2,0.02,0.2,0.20459701120853424,0.03679726645350456,0.19447800517082214
100,2.0,2.668102829441137,1e-05,gaussian,18,0.2,0.02,0.2,0.19616636633872986,0.0207285787910223,0.17292538285255432
100,2.0,2.668102829441137,1e-05,edge_flip,18,0.2,0.02,0.2,0.1890358179807663,0.026565229520201683,0.1937260627746582
100,2.0,2.668102829441137,1e-05,sbm_dpsgd,19,0.2,0.02,0.2,0.20360316336154938,0.04935423657298088,0.19280843436717987
100,2.0,2.668102829441137,1e-05,gaussian,19,0.2,0.02,0.2,0.19977542757987976,0.022593440487980843,0.17127829790115356
100,2.0,2.668102829441137,1e-05,edge_flip,19,0.2,0.02,0.2,0.1843455582857132,0.037596721202135086,0.1759030818939209
100,5.0,1.0338953100711687,1e-05,sbm_dpsgd,0,0.2,0.02,0.2,0.2060580849647522,0.09121014922857285,0.19158188998699188
100,5.0,1.0338953100711687,1e-05,gaussian,0,0.2,0.02,0.2,0.18760350346565247,0.024214696139097214,0.19122886657714844
100,5.0,1.0338953100711687,1e-05,edge_flip,0,0.2,0.02,0.2,0.16082334518432617,0.03212513402104378,0.1951703578233719
100,5.0,1.0338953100711687,1e-05,sbm_dpsgd,1,0.2,0.02,0.2,0.2373523712158203,0.011442182585597038,0.19184426963329315
100,5.0,1.0338953100711687,1e-05,gaussian,1,0.2,0.02,0.2,0.20256675779819489,0.02108290046453476,0.17239011824131012
100,5.0,1.0338953100711687,1e-05,edge_flip,1,0.2,0.02,0.2,0.2363867610692978,0.0035140803083777428,0.23466940224170685
100,5.0,1.0338953100711687,1e-05,sbm_dpsgd,2,0.2,0.02,0.2,0.19222284853458405,0.03617694228887558,0.21144339442253113
100,5.0,1.0338953100711687,1e-05,gaussian,2,0.2,0.02,0.2,0.1839122474193573,0.02372690476477146,0.20886173844337463
100,5.0,1.0338953100711687,1e-05,edge_flip,2,0.2,0.02,0.2,0.22436530888080597,0.040540147572755814,0.22608265280723572
100,5.0,1.0338953100711687,1e-05,sbm_dpsgd,3,0.2,0.02,0.2,0.17525693774223328,0.0420464463531971,0.21360653638839722
100,5.0,1.0338953100711687,1e-05,gaussian,3,0.2,0.02,0.2,0.1848444938659668,0.020955856889486313,0.20184026658535004
100,5.0,1.0338953100711687,1e-05,edge_flip,3,0.2,0.02,0.2,0.2295173555612564,0.022027114406228065,0.21921326220035553
100,5.0,1.0338953100711687,1e-05,sbm_dpsgd,4,0.2,0.02,0.2,0.28000912070274353,0.04291399568319321,0.2143566608428955
100,5.0,1.0338953100711687,1e-05,gaussian,4,0.2,0.02,0.2,0.20512820780277252,0.015959326177835464,0.19533754885196686
100,5.0,1.0338953100711687,1e-05,edge_flip,4,0.2,0.02,0.2,0.19001829624176025,0.031283631920814514,0.15738865733146667
100,5.0,1.0338953100711687,1e-05,sbm_dpsgd,5,0.2,0.02,0.2,0.19305118918418884,0.04986174777150154,0.19130289554595947
100,5.0,1.0338953100711687,1e-05,gaussian,5,0.2,0.02,0.2,0.18574774265289307,0.0125699108466506,0.20843830704689026
100,5.0,1.0338953100711687,1e-05,edge_flip,5,0.2,0.02,0.2,0.1917356550693512,0.008563090115785599,0.21921326220035553
100,5.0,1.0338953100711687,1e-05,sbm_dpsgd,6,0.2,0.02,0.2,0.20458988845348358,0.043022505939006805,0.2567635178565979
100,5.0,1.0338953100711687,1e-05,gaussian,6,0.2,0.02,0.2,0.17679443955421448,0.03543126583099365,0.19361118972301483
100,5.0,1.0338953100711687,1e-05,edge_flip,6,0.2,0.02,0.2,0.14880190789699554,0.0077215880155563354,0.20547445118427277
100,5.0,1.0338953100711687,1e-05,sbm_dpsgd,7,0.2,0.02,0.2,0.19641411304473877,0.031679943203926086,0.20492024719715118
100,5.0,1.0338953100711687,1e-05,gaussian,7,0.2,0.02,0.2,0.1812278777360916,0.01698731631040573,0.20214036107063293
100,5.0,1.0338953100711687,1e-05,edge_flip,7,0.2,0.02,0.2,0.18658360838890076,0.017819607630372047,0.18314890563488007
100,5.0,1.0338953100711687,1e-05,sbm_dpsgd,8,0.2,0.02,0.2,0.21350893378257751,0.03372718393802643,0.22881931066513062
100,5.0,1.0338953100711687,1e-05,gaussian,8,0.2,0.02,0.2,0.2043784260749817,0.009971353225409985,0.22839877009391785
100,5.0,1.0338953100711687,1e-05,edge_flip,8,0.2,0.02,0.2,0.2140612006187439,0.04727216064929962,0.24153880774974823
100,5.0,1.0338953100711687,1e-05,sbm_dpsgd,9,0.2,0.02,0.2,0.24671036005020142,0.029399307444691658,0.2126878798007965
100,5.0,1.0338953100711687,1e-05,gaussian,9,0.2,0.02,0.2,0.20621702075004578,0.008806126192212105,0.21366067230701447
100,5.0,1.0338953100711687,1e-05,edge_flip,9,0.2,0.02,0.2,0.15223659574985504,0.0,0.21577855944633484
100,5.0,1.0338953100711687,1e-05,sbm_dpsgd,10,0.2,0.02,0.2,0.22282007336616516,0.03765511512756348,0.22361315786838531
100,5.0,1.0338953100711687,1e-05,gaussian,10,0.2,0.02,0.2,0.1881801187992096,0.017607735469937325,0.1851525455713272
100,5.0,1.0338953100711687,1e-05,edge_flip,10,0.2,0.02,0.2,0.18314890563488007,0.0,0.22780001163482666
100,5.0,1.0338953100711687,1e-05,sbm_dpsgd,11,0.2,0.02,0.2,0.21435372531414032,0.015041842125356197,0.2594722807407379
100,5.0,1.0338953100711687,1e-05,gaussian,11,0.2,0.02,0.2,0.20653723180294037,0.009677923284471035,0.20742128789424896
100,5.0,1.0338953100711687,1e-05,edge_flip,11,0.2,0.02,0.2,0.18658360838890076,0.038857147097587585,0.17799685895442963
100,5.0,1.0338953100711687,1e-05,sbm_dpsgd,12,0.2,0.02,0.2,0.20246322453022003,0.03830624744296074,0.18907642364501953
100,5.0,1.0338953100711687,1e-05,gaussian,12,0.2,0.02,0.2,0.1782875955104828,0.021821172907948494,0.1603393852710724
100,5.0,1.0338953100711687,1e-05,edge_flip,12,0.2,0.02,0.2,0.19860506057739258,0.0009895757539197803,0.1505192518234253
100,5.0,1.0338953100711687,1e-05,sbm_dpsgd,13,0.2,0.02,0.2,0.19256211817264557,0.03271614760160446,0.24223193526268005
100,5.0,1.0338953100711687,1e-05,gaussian,13,0.2,0.02,0.2,0.2078874707221985,0.0302164014428854,0.19257226586341858
100,5.0,1.0338953100711687,1e-05,edge_flip,13,0.2,0.02,0.2,0.21577855944633484,0.033808138221502304,0.17456215620040894
100,5.0,1.0338953100711687,1e-05,sbm_dpsgd,14,0.2,0.02,0.2,0.23430320620536804,0.04226803034543991,0.25158506631851196
100,5.0,1.0338953100711687,1e-05,gaussian,14,0.2,0.02,0.2,0.1951703429222107,0.013593949377536774,0.21961715817451477
100,5.0,1.0338953100711687,1e-05,edge_flip,14,0.2,0.02,0.2,0.19345299899578094,0.028759127482771873,0.22093060612678528
100,5.0,1.0338953100711687,1e-05,sbm_dpsgd,15,0.2,0.02,0.2,0.16399794816970825,0.026052506640553474,0.2088892012834549
100,5.0,1.0338953100711687,1e-05,gaussian,15,0.2,0.02,0.2,0.18017911911010742,0.025284115225076675,0.17538264393806458
100,5.0,1.0338953100711687,1e-05,edge_flip,15,0.2,0.02,0.2,0.1659754067659378,0.02539312094449997,0.19688770174980164
100,5.0,1.0338953100711687,1e-05,sbm_dpsgd,16,0.2,0.02,0.2,0.17565035820007324,0.054994478821754456,0.20675170421600342
100,5.0,1.0338953100711687,1e-05,gaussian,16,0.2,0.02,0.2,0.19589902460575104,0.0303051695227623,0.1987515389919281
100,5.0,1.0338953100711687,1e-05,edge_flip,16,0.2,0.02,0.2,0.20203974843025208,0.01108759455382824,0.15738865733146667
100,5.0,1.0338953100711687,1e-05,sbm_dpsgd,17,0.2,0.02,0.2,0.21499797701835632,0.052670400589704514,0.22899754345417023
100,5.0,1.0338953100711687,1e-05,gaussian,17,0.2,0.02,0.2,0.18901149928569794,0.016164785251021385,0.20262379944324493
100,5.0,1.0338953100711687,1e-05,edge_flip,17,0.2,0.02,0.2,0.22436530888080597,0.02539312094449997,0.20375710725784302
100,5.0,1.0338953100711687,1e-05,sbm_dpsgd,18,0.2,0.02,0.2,0.21360060572624207,0.0382268987596035,0.2158028483390808
100,5.0,1.0338953100711687,1e-05,gaussian,18,0.2,0.02,0.2,0.20675162971019745,0.02781900390982628,0.19336405396461487
100,5.0,1.0338953100711687,1e-05,edge_flip,18,0.2,0.02,0.2,0.19345299899578094,0.020344112068414688,0.19001829624176025
100,5.0,1.0338953100711687,1e-05,sbm_dpsgd,19,0.2,0.02,0.2,0.21749641001224518,0.0328562892973423,0.24909916520118713
100,5.0,1.0338953100711687,1e-05,gaussian,19,0.2,0.02,0.2,0.2045619934797287,0.011521433480083942,0.2075081467628479
100,5.0,1.0338953100711687,1e-05,edge_flip,19,0.2,0.02,0.2,0.17112745344638824,0.024551618844270706,0.25012555718421936
100,10.0,0.5431122541136532,1e-05,sbm_dpsgd,0,0.2,0.02,0.2,0.23636794090270996,0.05778748169541359,0.31580108404159546
100,10.0,0.5431122541136532,1e-05,gaussian,0,0.2,0.02,0.2,0.18506233394145966,0.00629578297957778,0.19189411401748657
100,10.0,0.5431122541136532,1e-05,edge_flip,0,0.2,0.02,0.2,0.17201852798461914,0.04578416422009468,0.1812574416399002
100,10.0,0.5431122541136532,1e-05,sbm_dpsgd,1,0.2,0.02,0.2,0.26562219858169556,0.01820901781320572,0.21589258313179016
100,10.0,0.5431122541136532,1e-05,gaussian,1,0.2,0.02,0.2,0.24232493340969086,0.009025231935083866,0.18267008662223816
100,10.0,0.5431122541136532,1e-05,edge_flip,1,0.2,0.02,0.2,0.17817780375480652,0.0,0.1812574416399002
100,10.0,0.5431122541136532,1e-05,sbm_dpsgd,2,0.2,0.02,0.2,0.1597888469696045,0.012920869514346123,0.21981382369995117
100,10.0,0.5431122541136532,1e-05,gaussian,2,0.2,0.02,0.2,0.2284165322780609,0.021799640730023384,0.21409988403320312
100,10.0,0.5431122541136532,1e-05,edge_flip,2,0.2,0.02,0.2,0.14738142490386963,0.0,0.19357599318027496
100,10.0,0.5431122541136532,1e-05,sbm_dpsgd,3,0.2,0.02,0.2,0.1696300059556961,0.01763669028878212,0.24823801219463348
100,10.0,0.5431122541136532,1e-05,gaussian,3,0.2,0.02,0.2,0.1764942854642868,0.00039804744301363826,0.18368642032146454
100,10.0,0.5431122541136532,1e-05,edge_flip,3,0.2,0.02,0.2,0.20281492173671722,0.01862175576388836,0.16893889009952545
100,10.0,0.5431122541136532,1e-05,sbm_dpsgd,4,0.2,0.02,0.2,0.17616978287696838,0.0162639357149601,0.17665676772594452
100,10.0,0.5431122541136532,1e-05,gaussian,4,0.2,0.02,0.2,0.1619962453842163,0.01575322262942791,0.1695764809846878
100,10.0,0.5431122541136532,1e-05,edge_flip,4,0.2,0.02,0.2,0.21821311116218567,0.008058595471084118,0.19665563106536865
100,10.0,0.5431122541136532,1e-05,sbm_dpsgd,5,0.2,0.02,0.2,0.21725517511367798,0.07550418376922607,0.30058860778808594
100,10.0,0.5431122541136532,1e-05,gaussian,5,0.2,0.02,0.2,0.20600628852844238,0.009539058431982994,0.18830335140228271
100,10.0,0.5431122541136532,1e-05,edge_flip,5,0.2,0.02,0.2,0.24285021424293518,0.0488022081553936,0.14430178701877594
100,10.0,0.5431122541136532,1e-05,sbm_dpsgd,6,0.2,0.02,0.2,0.22280387580394745,0.049654535949230194,0.24418996274471283
100,10.0,0.5431122541136532,1e-05,gaussian,6,0.2,0.02,0.2,0.16739118099212646,0.021210169419646263,0.2226245403289795
100,10.0,0.5431122541136532,1e-05,edge_flip,6,0.2,0.02,0.2,0.2397705763578415,0.0,0.17509816586971283
100,10.0,0.5431122541136532,1e-05,sbm_dpsgd,7,0.2,0.02,0.2,0.26175767183303833,0.03911043331027031,0.23220877349376678
100,10.0,0.5431122541136532,1e-05,gaussian,7,0.2,0.02,0.2,0.1646677553653717,0.029892239719629288,0.17718829214572906
100,10.0,0.5431122541136532,1e-05,edge_flip,7,0.2,0.02,0.2,0.14122214913368225,0.023148823529481888,0.2089741975069046
100,10.0,0.5431122541136532,1e-05,sbm_dpsgd,8,0.2,0.02,0.2,0.2680061459541321,0.05172983556985855,0.2874056100845337
100,10.0,0.5431122541136532,1e-05,gaussian,8,0.2,0.02,0.2,0.250986248254776,0.01269331481307745,0.21145865321159363
100,10.0,0.5431122541136532,1e-05,edge_flip,8,0.2,0.02,0.2,0.11350540816783905,0.06992852687835693,0.2089741975069046
100,10.0,0.5431122541136532,1e-05,sbm_dpsgd,9,0.2,0.02,0.2,0.30543777346611023,0.007045626640319824,0.3240925371646881
100,10.0,0.5431122541136532,1e-05,gaussian,9,0.2,0.02,0.2,0.19845549762248993,0.022624263539910316,0.22207273542881012
100,10.0,0.5431122541136532,1e-05,edge_flip,9,0.2,0.02,0.2,0.2674873173236847,0.003531527705490589,0.21821311116218567
100,10.0,0.5431122541136532,1e-05,sbm_dpsgd,10,0.2,0.02,0.2,0.28025519847869873,0.060228683054447174,0.17619942128658295
100,10.0,0.5431122541136532,1e-05,gaussian,10,0.2,0.02,0.2,0.20512144267559052,0.025312861427664757,0.2118777632713318
100,10.0,0.5431122541136532,1e-05,edge_flip,10,0.2,0.02,0.2,0.2859651446342468,0.024657845497131348,0.2674873173236847
100,10.0,0.5431122541136532,1e-05,sbm_dpsgd,11,0.2,0.02,0.2,0.18271774053573608,0.029967887327075005,0.21110205352306366
100,10.0,0.5431122541136532,1e-05,gaussian,11,0.2,0.02,0.2,0.17686089873313904,0.01316187996417284,0.17545504868030548
100,10.0,0.5431122541136532,1e-05,edge_flip,11,0.2,0.02,0.2,0.14430178701877594,0.1378345489501953,0.2089741975069046
100,10.0,0.5431122541136532,1e-05,sbm_dpsgd,12,0.2,0.02,0.2,0.1658521294593811,0.05742514878511429,0.24030309915542603
100,10.0,0.5431122541136532,1e-05,gaussian,12,0.2,0.02,0.2,0.2289694845676422,0.0297804307192564,0.2057916224002838
100,10.0,0.5431122541136532,1e-05,edge_flip,12,0.2,0.02,0.2,0.1843370795249939,0.0,0.22745202481746674
100,10.0,0.5431122541136532,1e-05,sbm_dpsgd,13,0.2,0.02,0.2,0.18126828968524933,0.005619354546070099,0.33650076389312744
100,10.0,0.5431122541136532,1e-05,gaussian,13,0.2,0.02,0.2,0.1893930584192276,0.036321721971035004,0.19666017591953278
100,10.0,0.5431122541136532,1e-05,edge_flip,13,0.2,0.02,0.2,0.20281492173671722,0.033711981028318405,0.17201852798461914
100,10.0,0.5431122541136532,1e-05,sbm_dpsgd,14,0.2,0.02,0.2,0.21205636858940125,0.01907685585319996,0.23002752661705017
100,10.0,0.5431122541136532,1e-05,gaussian,14,0.2,0.02,0.2,0.18322628736495972,0.012578797526657581,0.21571148931980133
100,10.0,0.5431122541136532,1e-05,edge_flip,14,0.2,0.02,0.2,0.09502758085727692,0.0,0.19665563106536865
100,10.0,0.5431122541136532,1e-05,sbm_dpsgd,15,0.2,0.02,0.2,0.24188272655010223,0.0211902167648077,0.216055765748024
100,10.0,0.5431122541136532,1e-05,gaussian,15,0.2,0.02,0.2,0.1670551598072052,0.016085274517536163,0.17377869784832
100,10.0,0.5431122541136532,1e-05,edge_flip,15,0.2,0.02,0.2,0.25208911299705505,0.0,0.153540700674057
100,10.0,0.5431122541136532,1e-05,sbm_dpsgd,16,0.2,0.02,0.2,0.17826490104198456,0.03835594281554222,0.2548994719982147
100,10.0,0.5431122541136532,1e-05,gaussian,16,0.2,0.02,0.2,0.1744758039712906,0.005434609949588776,0.18418040871620178
100,10.0,0.5431122541136532,1e-05,edge_flip,16,0.2,0.02,0.2,0.2613280415534973,0.02013077773153782,0.22745202481746674
100,10.0,0.5431122541136532,1e-05,sbm_dpsgd,17,0.2,0.02,0.2,0.2016461193561554,0.07963277399539948,0.2290325164794922
100,10.0,0.5431122541136532,1e-05,gaussian,17,0.2,0.02,0.2,0.21373796463012695,0.04089532420039177,0.19979116320610046
100,10.0,0.5431122541136532,1e-05,edge_flip,17,0.2,0.02,0.2,0.1843370795249939,0.06691048294305801,0.22437238693237305
100,10.0,0.5431122541136532,1e-05,sbm_dpsgd,18,0.2,0.02,0.2,0.28466954827308655,0.011262775398790836,0.17965196073055267
100,10.0,0.5431122541136532,1e-05,gaussian,18,0.2,0.02,0.2,0.1756463348865509,0.0319504551589489,0.24439944326877594
100,10.0,0.5431122541136532,1e-05,edge_flip,18,0.2,0.02,0.2,0.18741671741008759,0.01862175576388836,0.17201852798461914
100,10.0,0.5431122541136532,1e-05,sbm_dpsgd,19,0.2,0.02,0.2,0.18859179317951202,0.02814333699643612,0.20526579022407532
100,10.0,0.5431122541136532,1e-05,gaussian,19,0.2,0.02,0.2,0.21397905051708221,0.027836982160806656,0.18965445458889008
100,10.0,0.5431122541136532,1e-05,edge_flip,19,0.2,0.02,0.2,0.1011868566274643,0.0970909371972084,0.23053166270256042
100,20.0,0.40561225411365304,1e-05,sbm_dpsgd,0,0.2,0.02,0.2,0.3553011417388916,0.02999752387404442,0.3180099129676819
100,20.0,0.40561225411365304,1e-05,gaussian,0,0.2,0.02,0.2,0.23201431334018707,0.019547780975699425,0.24193175137043
100,20.0,0.40561225411365304,1e-05,edge_flip,0,0.2,0.02,0.2,0.1511436104774475,0.0,0.1266624480485916
100,20.0,0.40561225411365304,1e-05,sbm_dpsgd,1,0.2,0.02,0.2,0.24465402960777283,0.01142941229045391,0.22970792651176453
100,20.0,0.40561225411365304,1e-05,gaussian,1,0.2,0.02,0.2,0.1980275958776474,0.029447833076119423,0.236306294798851
100,20.0,0.40561225411365304,1e-05,edge_flip,1,0.2,0.02,0.2,0.17154456675052643,0.0,0.179704949259758
100,20.0,0.40561225411365304,1e-05,sbm_dpsgd,2,0.2,0.02,0.2,0.16380122303962708,0.07331489771604538,0.21224327385425568
100,20.0,0.40561225411365304,1e-05,gaussian,2,0.2,0.02,0.2,0.19073106348514557,0.016440624371170998,0.15159720182418823
100,20.0,0.40561225411365304,1e-05,edge_flip,2,0.2,0.02,0.2,0.16338418424129486,0.016170861199498177,0.31843146681785583
100,20.0,0.40561225411365304,1e-05,sbm_dpsgd,3,0.2,0.02,0.2,0.193695530295372,0.004939970560371876,0.2730296552181244
100,20.0,0.40561225411365304,1e-05,gaussian,3,0.2,0.02,0.2,0.1617819368839264,0.03446238487958908,0.15983127057552338
100,20.0,0.40561225411365304,1e-05,edge_flip,3,0.2,0.02,0.2,0.179704949259758,0.004175098147243261,0.19194552302360535
100,20.0,0.40561225411365304,1e-05,sbm_dpsgd,4,0.2,0.02,0.2,0.3143513798713684,0.038844961673021317,0.16733169555664062
100,20.0,0.40561225411365304,1e-05,gaussian,4,0.2,0.02,0.2,0.2328440397977829,0.0,0.20800872147083282
100,20.0,0.40561225411365304,1e-05,edge_flip,4,0.2,0.02,0.2,0.20826628804206848,0.06415391713380814,0.1511436104774475
100,20.0,0.40561225411365304,1e-05,sbm_dpsgd,5,0.2,0.02,0.2,0.25035861134529114,0.07011756300926208,0.3497300446033478
100,20.0,0.40561225411365304,1e-05,gaussian,5,0.2,0.02,0.2,0.23068757355213165,0.008547608740627766,0.16104140877723694
100,20.0,0.40561225411365304,1e-05,edge_flip,5,0.2,0.02,0.2,0.22458705306053162,0.08214756101369858,0.16338418424129486
100,20.0,0.40561225411365304,1e-05,sbm_dpsgd,6,0.2,0.02,0.2,0.2302899807691574,0.025047864764928818,0.11476437747478485
100,20.0,0.40561225411365304,1e-05,gaussian,6,0.2,0.02,0.2,0.19219106435775757,0.008721362799406052,0.23007440567016602
100,20.0,0.40561225411365304,1e-05,edge_flip,6,0.2,0.02,0.2,0.26130878925323486,0.06615321338176727,0.17154456675052643
100,20.0,0.40561225411365304,1e-05,sbm_dpsgd,7,0.2,0.02,0.2,0.29880866408348083,0.04404277354478836,0.23918889462947845
100,20.0,0.40561225411365304,1e-05,gaussian,7,0.2,0.02,0.2,0.16634820401668549,0.029054565355181694,0.21255609393119812
100,20.0,0.40561225411365304,1e-05,edge_flip,7,0.2,0.02,0.2,0.06953977048397064,0.0,0.04097842797636986
100,20.0,0.40561225411365304,1e-05,sbm_dpsgd,8,0.2,0.02,0.2,0.370507150888443,0.1408640295267105,0.2158253937959671
100,20.0,0.40561225411365304,1e-05,gaussian,8,0.2,0.02,0.2,0.2431594729423523,0.012161841616034508,0.17044833302497864
100,20.0,0.40561225411365304,1e-05,edge_flip,8,0.2,0.02,0.2,0.41227588057518005,0.03816309571266174,0.3265918493270874
100,20.0,0.40561225411365304,1e-05,sbm_dpsgd,9,0.2,0.02,0.2,0.3136378824710846,0.04171541705727577,0.23172079026699066
100,20.0,0.40561225411365304,1e-05,gaussian,9,0.2,0.02,0.2,0.23898941278457642,0.014684083871543407,0.20886552333831787
100,20.0,0.40561225411365304,1e-05,edge_flip,9,0.2,0.02,0.2,0.31435126066207886,0.0,0.14706341922283173
100,20.0,0.40561225411365304,1e-05,sbm_dpsgd,10,0.2,0.02,0.2,0.2726972699165344,0.00853739120066166,0.20682145655155182
100,20.0,0.40561225411365304,1e-05,gaussian,10,0.2,0.02,0.2,0.17063598334789276,0.01546118687838316,0.17444030940532684
100,20.0,0.40561225411365304,1e-05,edge_flip,10,0.2,0.02,0.2,0.08994072675704956,0.018170155584812164,0.15930399298667908
100,20.0,0.40561225411365304,1e-05,sbm_dpsgd,11,0.2,0.02,0.2,0.2706355154514313,0.025623826310038567,0.25680628418922424
100,20.0,0.40561225411365304,1e-05,gaussian,11,0.2,0.02,0.2,0.18769745528697968,0.01758488267660141,0.18118025362491608
100,20.0,0.40561225411365304,1e-05,edge_flip,11,0.2,0.02,0.2,0.07770015299320221,0.07614967972040176,0.23274743556976318
100,20.0,0.40561225411365304,1e-05,sbm_dpsgd,12,0.2,0.02,0.2,0.17479455471038818,0.07887519150972366,0.2739902138710022
100,20.0,0.40561225411365304,1e-05,gaussian,12,0.2,0.02,0.2,0.2070026695728302,0.0104517862200737,0.27018964290618896
100,20.0,0.40561225411365304,1e-05,edge_flip,12,0.2,0.02,0.2,0.13482284545898438,0.0,0.22458705306053162
100,20.0,0.40561225411365304,1e-05,sbm_dpsgd,13,0.2,0.02,0.2,0.2840525507926941,0.0636739432811737,0.2569582760334015
100,20.0,0.40561225411365304,1e-05,gaussian,13,0.2,0.02,0.2,0.20020794868469238,0.05318908020853996,0.20149730145931244
100,20.0,0.40561225411365304,1e-05,edge_flip,13,0.2,0.02,0.2,0.273549348115921,0.036163803189992905,0.11442188173532486
100,20.0,0.40561225411365304,1e-05,sbm_dpsgd,14,0.2,0.02,0.2,0.349128395318985,0.010341418907046318,0.2015526294708252
100,20.0,0.40561225411365304,1e-05,gaussian,14,0.2,0.02,0.2,0.18863840401172638,0.0132546192035079,0.18845799565315247
100,20.0,0.40561225411365304,1e-05,edge_flip,14,0.2,0.02,0.2,0.21642667055130005,0.03016592003405094,0.23274743556976318
100,20.0,0.40561225411365304,1e-05,sbm_dpsgd,15,0.2,0.02,0.2,0.3391752541065216,0.04124412685632706,0.2697402536869049
100,20.0,0.40561225411365304,1e-05,gaussian,15,0.2,0.02,0.2,0.18613195419311523,0.012861127965152264,0.19863161444664001
100,20.0,0.40561225411365304,1e-05,edge_flip,15,0.2,0.02,0.2,0.16338418424129486,0.0,0.1266624480485916
100,20.0,0.40561225411365304,1e-05,sbm_dpsgd,16,0.2,0.02,0.2,0.16677738726139069,0.061790093779563904,0.37217700481414795
100,20.0,0.40561225411365304,1e-05,gaussian,16,0.2,0.02,0.2,0.2601616382598877,0.030047671869397163,0.15960723161697388
100,20.0,0.40561225411365304,1e-05,edge_flip,16,0.2,0.02,0.2,0.1756247580051422,0.03216521441936493,0.18378514051437378
100,20.0,0.40561225411365304,1e-05,sbm_dpsgd,17,0.2,0.02,0.2,0.17066147923469543,0.055072057992219925,0.2274947464466095
100,20.0,0.40561225411365304,1e-05,gaussian,17,0.2,0.02,0.2,0.21036161482334137,0.012149648740887642,0.1872616410255432
100,20.0,0.40561225411365304,1e-05,edge_flip,17,0.2,0.02,0.2,0.11034169048070908,0.036163803189992905,0.26538896560668945
100,20.0,0.40561225411365304,1e-05,sbm_dpsgd,18,0.2,0.02,0.2,0.23168250918388367,0.039678048342466354,0.22999924421310425
100,20.0,0.40561225411365304,1e-05,gaussian,18,0.2,0.02,0.2,0.14214421808719635,0.010791259817779064,0.2287803441286087
100,20.0,0.40561225411365304,1e-05,edge_flip,18,0.2,0.02,0.2,0.1511436104774475,0.028166625648736954,0.26130878925323486
100,20.0,0.40561225411365304,1e-05,sbm_dpsgd,19,0.2,0.02,0.2,0.17066258192062378,0.06394701451063156,0.11897337436676025
100,20.0,0.40561225411365304,1e-05,gaussian,19,0.2,0.02,0.2,0.16420139372348785,0.030679672956466675,0.15605640411376953
100,20.0,0.40561225411365304,1e-05,edge_flip,19,0.2,0.02,0.2,0.1307426393032074,0.05215815454721451,0.08994072675704956
200,1.0,5.635918426327381,1e-05,sbm_dpsgd,0,0.2,0.02,0.2,0.20414362847805023,0.034879520535469055,0.21952858567237854
200,1.0,5.635918426327381,1e-05,gaussian,0,0.2,0.02,0.2,0.19874367117881775,0.022229306399822235,0.21253962814807892
200,1.0,5.635918426327381,1e-05,edge_flip,0,0.2,0.02,0.2,0.19744496047496796,0.022605998441576958,0.214129239320755
200,1.0,5.635918426327381,1e-05,sbm_dpsgd,1,0.2,0.02,0.2,0.2197849154472351,0.04106273129582405,0.21815350651741028
200,1.0,5.635918426327381,1e-05,gaussian,1,0.2,0.02,0.2,0.20074310898780823,0.019134435802698135,0.2128702849149704
200,1.0,5.635918426327381,1e-05,edge_flip,1,0.2,0.02,0.2,0.202328160405159,0.019685233011841774,0.21209457516670227
200,1.0,5.635918426327381,1e-05,sbm_dpsgd,2,0.2,0.02,0.2,0.21435415744781494,0.04458794742822647,0.2086065262556076
200,1.0,5.635918426327381,1e-05,gaussian,2,0.2,0.02,0.2,0.2124534249305725,0.02251303195953369,0.2045595347881317
200,1.0,5.635918426327381,1e-05,edge_flip,2,0.2,0.02,0.2,0.21209457516670227,0.022605998441576958,0.20395590364933014
200,1.0,5.635918426327381,1e-05,sbm_dpsgd,3,0.2,0.02,0.2,0.1990160197019577,0.032634079456329346,0.20857587456703186
200,1.0,5.635918426327381,1e-05,gaussian,3,0.2,0.02,0.2,0.19550038874149323,0.019719818606972694,0.20350567996501923
200,1.0,5.635918426327381,1e-05,edge_flip,3,0.2,0.02,0.2,0.19500336050987244,0.019886665046215057,0.20415936410427094
200,1.0,5.635918426327381,1e-05,sbm_dpsgd,4,0.2,0.02,0.2,0.19959305226802826,0.03538963571190834,0.20049218833446503
200,1.0,5.635918426327381,1e-05,gaussian,4,0.2,0.02,0.2,0.19916653633117676,0.020505480468273163,0.19097036123275757
200,1.0,5.635918426327381,1e-05,edge_flip,4,0.2,0.02,0.2,0.19846229255199432,0.019886665046215057,0.1929686963558197
200,1.0,5.635918426327381,1e-05,sbm_dpsgd,5,0.2,0.02,0.2,0.21460188925266266,0.035992737859487534,0.20411276817321777
200,1.0,5.635918426327381,1e-05,gaussian,5,0.2,0.02,0.2,0.2101595550775528,0.020573990419507027,0.20051710307598114
200,1.0,5.635918426327381,1e-05,edge_flip,5,0.2,0.02,0.2,0.20965297520160675,0.020591676235198975,0.20070043206214905
200,1.0,5.635918426327381,1e-05,sbm_dpsgd,6,0.2,0.02,0.2,0.2131367027759552,0.0262396689504385,0.19946439564228058
200,1.0,5.635918426327381,1e-05,gaussian,6,0.2,0.02,0.2,0.20487304031848907,0.016428526490926743,0.19054339826107025
200,1.0,5.635918426327381,1e-05,edge_flip,6,0.2,0.02,0.2,0.2049732357263565,0.01646232046186924,0.1897132247686386
200,1.0,5.635918426327381,1e-05,sbm_dpsgd,7,0.2,0.02,0.2,0.20552970468997955,0.03549743443727493,0.2026216685771942
200,1.0,5.635918426327381,1e-05,gaussian,7,0.2,0.02,0.2,0.20634211599826813,0.020782748237252235,0.193620964884758
200,1.0,5.635918426327381,1e-05,edge_flip,7,0.2,0.02,0.2,0.2055836319923401,0.02039024420082569,0.19520683586597443
200,1.0,5.635918426327381,1e-05,sbm_dpsgd,8,0.2,0.02,0.2,0.2063836008310318,0.03259719908237457,0.21162404119968414
200,1.0,5.635918426327381,1e-05,gaussian,8,0.2,0.02,0.2,0.19979943335056305,0.01879221387207508,0.2035301923751831
200,1.0,5.635918426327381,1e-05,edge_flip,8,0.2,0.02,0.2,0.19785189628601074,0.019282368943095207,0.20354896783828735
200,1.0,5.635918426327381,1e-05,sbm_dpsgd,9,0.2,0.02,0.2,0.19972452521324158,0.03086404874920845,0.2052556425333023
200,1.0,5.635918426327381,1e-05,gaussian,9,0.2,0.02,0.2,0.20014888048171997,0.019665902480483055,0.19412411749362946
200,1.0,5.635918426327381,1e-05,edge_flip,9,0.2,0.02,0.2,0.20029349625110626,0.019080936908721924,0.19459642469882965
200,1.0,5.635918426327381,1e-05,sbm_dpsgd,10,0.2,0.02,0.2,0.21375806629657745,0.03023407608270645,0.19430696964263916
200,1.0,5.635918426327381,1e-05,gaussian,10,0.2,0.02,0.2,0.20399311184883118,0.01924949511885643,0.19094765186309814
200,1.0,5.635918426327381,1e-05,edge_flip,10,0.2,0.02,0.2,0.20436283946037292,0.018678072839975357,0.1901201605796814
200,1.0,5.635918426327381,1e-05,sbm_dpsgd,11,0.2,0.02,0.2,0.21151921153068542,0.042863454669713974,0.20423690974712372
200,1.0,5.635918426327381,1e-05,gaussian,11,0.2,0.02,0.2,0.20773284137248993,0.022270753979682922,0.19651198387145996
200,1.0,5.635918426327381,1e-05,edge_flip,11,0.2,0.02,0.2,0.2086356282234192,0.023210294544696808,0.19561375677585602
200,1.0,5.635918426327381,1e-05,sbm_dpsgd,12,0.2,0.02,0.2,0.20572976768016815,0.029071493074297905,0.20859067142009735
200,1.0,5.635918426327381,1e-05,gaussian,12,0.2,0.02,0.2,0.20621544122695923,0.018942099064588547,0.19751791656017303
200,1.0,5.635918426327381,1e-05,edge_flip,12,0.2,0.02,0.2,0.20476976037025452,0.01887950487434864,0.19764843583106995
200,1.0,5.635918426327381,1e-05,sbm_dpsgd,13,0.2,0.02,0.2,0.2160782366991043,0.03294999897480011,0.20111817121505737
200,1.0,5.635918426327381,1e-05,gaussian,13,0.2,0.02,0.2,0.2138204425573349,0.019584696739912033,0.19685137271881104
200,1.0,5.635918426327381,1e-05,edge_flip,13,0.2,0.02,0.2,0.21331536769866943,0.02008809708058834,0.19479990005493164
200,1.0,5.635918426327381,1e-05,sbm_dpsgd,14,0.2,0.02,0.2,0.19887885451316833,0.02581261657178402,0.20546020567417145
200,1.0,5.635918426327381,1e-05,gaussian,14,0.2,0.02,0.2,0.19678670167922974,0.018668750301003456,0.19941765069961548
200,1.0,5.635918426327381,1e-05,edge_flip,14,0.2,0.02,0.2,0.19663110375404358,0.019383084028959274,0.1992761641740799
200,1.0,5.635918426327381,1e-05,sbm_dpsgd,15,0.2,0.02,0.2,0.21426579356193542,0.034312210977077484,0.21450121700763702
200,1.0,5.635918426327381,1e-05,gaussian,15,0.2,0.02,0.2,0.20592278242111206,0.018936317414045334,0.20190109312534332
200,1.0,5.635918426327381,1e-05,edge_flip,15,0.2,0.02,0.2,0.20578710734844208,0.01827520877122879,0.2021246999502182
200,1.0,5.635918426327381,1e-05,sbm_dpsgd,16,0.2,0.02,0.2,0.21313758194446564,0.03568224236369133,0.2064715176820755
200,1.0,5.635918426327381,1e-05,gaussian,16,0.2,0.02,0.2,0.20498697459697723,0.018500130623579025,0.19689610600471497
200,1.0,5.635918426327381,1e-05,edge_flip,16,0.2,0.02,0.2,0.20334549248218536,0.01887950487434864,0.19561375677585602
200,1.0,5.635918426327381,1e-05,sbm_dpsgd,17,0.2,0.02,0.2,0.21083785593509674,0.03924926742911339,0.20640680193901062
200,1.0,5.635918426327381,1e-05,gaussian,17,0.2,0.02,0.2,0.20504501461982727,0.020658839493989944,0.19390614330768585
200,1.0,5.635918426327381,1e-05,edge_flip,17,0.2,0.02,0.2,0.20476976037025452,0.021498121321201324,0.19500336050987244
200,1.0,5.635918426327381,1e-05,sbm_dpsgd,18,0.2,0.02,0.2,0.20157374441623688,0.04316370189189911,0.20743447542190552
200,1.0,5.635918426327381,1e-05,gaussian,18,0.2,0.02,0.2,0.20481574535369873,0.023066256195306778,0.20310263335704803
200,1.0,5.635918426327381,1e-05,edge_flip,18,0.2,0.02,0.2,0.2051766961812973,0.023210294544696808,0.20151430368423462
200,1.0,5.635918426327381,1e-05,sbm_dpsgd,19,0.2,0.02,0.2,0.20582376420497894,0.038398489356040955,0.20370636880397797
200,1.0,5.635918426327381,1e-05,gaussian,19,0.2,0.02,0.2,0.1943044662475586,0.019110465422272682,0.20214155316352844
200,1.0,5.635918426327381,1e-05,edge_flip,19,0.2,0.02,0.2,0.1927652359008789,0.020289529114961624,0.20354896783828735
200,2.0,2.668102829441137,1e-05,sbm_dpsgd,0,0.2,0.02,0.2,0.21690692007541656,0.03592822328209877,0.20854386687278748
200,2.0,2.668102829441137,1e-05,gaussian,0,0.2,0.02,0.2,0.20539490878582,0.020620891824364662,0.19694380462169647
200,2.0,2.668102829441137,1e-05,edge_flip,0,0.2,0.02,0.2,0.20494478940963745,0.0209345743060112,0.19983762502670288
200,2.0,2.668102829441137,1e-05,sbm_dpsgd,1,0.2,0.02,0.2,0.21349769830703735,0.027522012591362,0.20436853170394897
200,2.0,2.668102829441137,1e-05,gaussian,1,0.2,0.02,0.2,0.1971616894006729,0.02004305087029934,0.20184795558452606
200,2.0,2.668102829441137,1e-05,edge_flip,1,0.2,0.02,0.2,0.1977483183145523,0.019095992669463158,0.2007661908864975
200,2.0,2.668102829441137,1e-05,sbm_dpsgd,2,0.2,0.02,0.2,0.20253971219062805,0.03234923258423805,0.20510436594486237
200,2.0,2.668102829441137,1e-05,gaussian,2,0.2,0.02,0.2,0.1946963369846344,0.02097882330417633,0.20333024859428406
200,2.0,2.668102829441137,1e-05,edge_flip,2,0.2,0.02,0.2,0.1868375539779663,0.024037180468440056,0.20308764278888702
200,2.0,2.668102829441137,1e-05,sbm_dpsgd,3,0.2,0.02,0.2,0.2017102986574173,0.040163375437259674,0.21155443787574768
200,2.0,2.668102829441137,1e-05,gaussian,3,0.2,0.02,0.2,0.19331173598766327,0.020739441737532616,0.20261071622371674
200,2.0,2.668102829441137,1e-05,edge_flip,3,0.2,0.02,0.2,0.1889268457889557,0.01633811928331852,0.20355193316936493
200,2.0,2.668102829441137,1e-05,sbm_dpsgd,4,0.2,0.02,0.2,0.19534419476985931,0.02753160521388054,0.20278944075107574
200,2.0,2.668102829441137,1e-05,gaussian,4,0.2,0.02,0.2,0.18370263278484344,0.019159357994794846,0.19933314621448517
200,2.0,2.668102829441137,1e-05,edge_flip,4,0.2,0.02,0.2,0.18451610207557678,0.017027588561177254,0.18962328135967255
200,2.0,2.668102829441137,1e-05,sbm_dpsgd,5,0.2,0.02,0.2,0.20648407936096191,0.026482390239834785,0.19802339375019073
200,2.0,2.668102829441137,1e-05,gaussian,5,0.2,0.02,0.2,0.20626172423362732,0.019950520247220993,0.19487863779067993
200,2.0,2.668102829441137,1e-05,edge_flip,5,0.2,0.02,0.2,0.20749837160110474,0.021049484610557556,0.19008757174015045
200,2.0,2.668102829441137,1e-05,sbm_dpsgd,6,0.2,0.02,0.2,0.21311701834201813,0.031769026070833206,0.1974487453699112
200,2.0,2.668102829441137,1e-05,gaussian,6,0.2,0.02,0.2,0.2068953961133957,0.019011395052075386,0.19747889041900635
200,2.0,2.668102829441137,1e-05,edge_flip,6,0.2,0.02,0.2,0.21121267974376678,0.017602143809199333,0.19542688131332397
200,2.0,2.668102829441137,1e-05,sbm_dpsgd,7,0.2,0.02,0.2,0.2021261304616928,0.0313272550702095,0.20540238916873932
200,2.0,2.668102829441137,1e-05,gaussian,7,0.2,0.02,0.2,0.19647113978862762,0.021637286990880966,0.19807684421539307
200,2.0,2.668102829441137,1e-05,edge_flip,7,0.2,0.02,0.2,0.19356973469257355,0.01955563761293888,0.1928732991218567
200,2.0,2.668102829441137,1e-05,sbm_dpsgd,8,0.2,0.02,0.2,0.21094946563243866,0.02337394654750824,0.21501775085926056
200,2.0,2.668102829441137,1e-05,gaussian,8,0.2,0.02,0.2,0.20290517807006836,0.021623024716973305,0.19940412044525146
200,2.0,2.668102829441137,1e-05,edge_flip,8,0.2,0.02,0.2,0.20656980574131012,0.024267002940177917,0.2016947716474533
200,2.0,2.668102829441137,1e-05,sbm_dpsgd,9,0.2,0.02,0.2,0.21082119643688202,0.03213924169540405,0.20642343163490295
200,2.0,2.668102829441137,1e-05,gaussian,9,0.2,0.02,0.2,0.20536372065544128,0.017957013100385666,0.20219779014587402
200,2.0,2.668102829441137,1e-05,edge_flip,9,0.2,0.02,0.2,0.20355193316936493,0.021279307082295418,0.20146262645721436
200,2.0,2.668102829441137,1e-05,sbm_dpsgd,10,0.2,0.02,0.2,0.21249271929264069,0.039921194314956665,0.19561588764190674
200,2.0,2.668102829441137,1e-05,gaussian,10,0.2,0.02,0.2,0.2046574205160141,0.020796677097678185,0.1977514624595642
200,2.0,2.668102829441137,1e-05,edge_flip,10,0.2,0.02,0.2,0.20726622641086578,0.023577535524964333,0.19751617312431335
200,2.0,2.668102829441137,1e-05,sbm_dpsgd,11,0.2,0.02,0.2,0.20816190540790558,0.029274869710206985,0.21404919028282166
200,2.0,2.668102829441137,1e-05,gaussian,11,0.2,0.02,0.2,0.20526929199695587,0.018715448677539825,0.211577370762825
200,2.0,2.668102829441137,1e-05,edge_flip,11,0.2,0.02,0.2,0.19960547983646393,0.0179468784481287,0.2121412605047226
200,2.0,2.668102829441137,1e-05,sbm_dpsgd,12,0.2,0.02,0.2,0.2113298624753952,0.035122986882925034,0.20563501119613647
200,2.0,2.668102829441137,1e-05,gaussian,12,0.2,0.02,0.2,0.20509760081768036,0.021944880485534668,0.19382092356681824
200,2.0,2.668102829441137,1e-05,edge_flip,12,0.2,0.02,0.2,0.20656980574131012,0.02392226830124855,0.19194471836090088
200,2.0,2.668102829441137,1e-05,sbm_dpsgd,13,0.2,0.02,0.2,0.18017850816249847,0.03872478008270264,0.2055327594280243
200,2.0,2.668102829441137,1e-05,gaussian,13,0.2,0.02,0.2,0.186233788728714,0.020910091698169708,0.2004125416278839
200,2.0,2.668102829441137,1e-05,edge_flip,13,0.2,0.02,0.2,0.1863732635974884,0.023577535524964333,0.2042483538389206
200,2.0,2.668102829441137,1e-05,sbm_dpsgd,14,0.2,0.02,0.2,0.21288320422172546,0.04702875390648842,0.22548118233680725
200,2.0,2.668102829441137,1e-05,gaussian,14,0.2,0.02,0.2,0.20949769020080566,0.02477741241455078,0.21181000769138336
200,2.0,2.668102829441137,1e-05,edge_flip,14,0.2,0.02,0.2,0.2091233879327774,0.0228880662471056,0.21121267974376678
200,2.0,2.668102829441137,1e-05,sbm_dpsgd,15,0.2,0.02,0.2,0.19929341971874237,0.033372070640325546,0.2045106440782547
200,2.0,2.668102829441137,1e-05,gaussian,15,0.2,0.02,0.2,0.19235174357891083,0.01836654171347618,0.19165895879268646
200,2.0,2.668102829441137,1e-05,edge_flip,15,0.2,0.02,0.2,0.19101613759994507,0.01852143555879593,0.19055184721946716
200,2.0,2.668102829441137,1e-05,sbm_dpsgd,16,0.2,0.02,0.2,0.21294055879116058,0.03909130021929741,0.20650161802768707
200,2.0,2.668102829441137,1e-05,gaussian,16,0.2,0.02,0.2,0.20381565392017365,0.020758403465151787,0.19828560948371887
200,2.0,2.668102829441137,1e-05,edge_flip,16,0.2,0.02,0.2,0.20099833607673645,0.015418829396367073,0.20053404569625854
200,2.0,2.668102829441137,1e-05,sbm_dpsgd,17,0.2,0.02,0.2,0.20906636118888855,0.02575807087123394,0.21375055611133575
200,2.0,2.668102829441137,1e-05,gaussian,17,0.2,0.02,0.2,0.1979234665632248,0.019628509879112244,0.20421813428401947
200,2.0,2.668102829441137,1e-05,edge_flip,17,0.2,0.02,0.2,0.19542688131332397,0.018061790615320206,0.19914118945598602
200,2.0,2.668102829441137,1e-05,sbm_dpsgd,18,0.2,0.02,0.2,0.2229982316493988,0.04354742541909218,0.19707442820072174
200,2.0,2.668102829441137,1e-05,gaussian,18,0.2,0.02,0.2,0.20716635882854462,0.020809834823012352,0.18694962561130524
200,2.0,2.668102829441137,1e-05,edge_flip,18,0.2,0.02,0.2,0.21051624417304993,0.018061790615320206,0.19565902650356293
200,2.0,2.668102829441137,1e-05,sbm_dpsgd,19,0.2,0.02,0.2,0.20658700168132782,0.03291154280304909,0.21020036935806274
200,2.0,2.668102829441137,1e-05,gaussian,19,0.2,0.02,0.2,0.19593246281147003,0.019699586555361748,0.1935267150402069
200,2.0,2.668102829441137,1e-05,edge_flip,19,0.2,0.02,0.2,0.19542688131332397,0.023577535524964333,0.1938018649816513
200,5.0,1.0338953100711687,1e-05,sbm_dpsgd,0,0.2,0.02,0.2,0.20656724274158478,0.03344268351793289,0.21285127103328705
200,5.0,1.0338953100711687,1e-05,gaussian,0,0.2,0.02,0.2,0.19626234471797943,0.019397730007767677,0.20170123875141144
200,5.0,1.0338953100711687,1e-05,edge_flip,0,0.2,0.02,0.2,0.20802445709705353,0.00877346470952034,0.20887446403503418
200,5.0,1.0338953100711687,1e-05,sbm_dpsgd,1,0.2,0.02,0.2,0.21417102217674255,0.03510306403040886,0.211990088224411
200,5.0,1.0338953100711687,1e-05,gaussian,1,0.2,0.02,0.2,0.20119713246822357,0.018789807334542274,0.2040538489818573
200,5.0,1.0338953100711687,1e-05,edge_flip,1,0.2,0.02,0.2,0.17019939422607422,0.01234984677284956,0.21524947881698608
200,5.0,1.0338953100711687,1e-05,sbm_dpsgd,2,0.2,0.02,0.2,0.20663176476955414,0.03801413252949715,0.21898877620697021
200,5.0,1.0338953100711687,1e-05,gaussian,2,0.2,0.02,0.2,0.195229172706604,0.020786557346582413,0.20558421313762665
200,5.0,1.0338953100711687,1e-05,edge_flip,2,0.2,0.02,0.2,0.19782443344593048,0.00035844958620145917,0.18379941582679749
200,5.0,1.0338953100711687,1e-05,sbm_dpsgd,3,0.2,0.02,0.2,0.20627805590629578,0.026778830215334892,0.21203555166721344
200,5.0,1.0338953100711687,1e-05,gaussian,3,0.2,0.02,0.2,0.19895221292972565,0.017900412902235985,0.1960611492395401
200,5.0,1.0338953100711687,1e-05,edge_flip,3,0.2,0.02,0.2,0.21907447278499603,0.006459335796535015,0.1999494433403015
200,5.0,1.0338953100711687,1e-05,sbm_dpsgd,4,0.2,0.02,0.2,0.20067670941352844,0.033617690205574036,0.19992148876190186
200,5.0,1.0338953100711687,1e-05,gaussian,4,0.2,0.02,0.2,0.19574442505836487,0.020106513053178787,0.2018468976020813
200,5.0,1.0338953100711687,1e-05,edge_flip,4,0.2,0.02,0.2,0.20079945027828217,0.036753393709659576,0.19442443549633026
200,5.0,1.0338953100711687,1e-05,sbm_dpsgd,5,0.2,0.02,0.2,0.20619703829288483,0.02536029741168022,0.21841703355312347
200,5.0,1.0338953100711687,1e-05,gaussian,5,0.2,0.02,0.2,0.2001832276582718,0.018134910613298416,0.20801867544651031
200,5.0,1.0338953100711687,1e-05,edge_flip,5,0.2,0.02,0.2,0.19612443447113037,0.03254588320851326,0.2156744748353958
200,5.0,1.0338953100711687,1e-05,sbm_dpsgd,6,0.2,0.02,0.2,0.2188567817211151,0.023337719962000847,0.20737746357917786
200,5.0,1.0338953100711687,1e-05,gaussian,6,0.2,0.02,0.2,0.20502661168575287,0.017496636137366295,0.19583648443222046
200,5.0,1.0338953100711687,1e-05,edge_flip,6,0.2,0.02,0.2,0.20802445709705353,0.017398856580257416,0.19952444732189178
200,5.0,1.0338953100711687,1e-05,sbm_dpsgd,7,0.2,0.02,0.2,0.2056337594985962,0.04016513377428055,0.19896896183490753
200,5.0,1.0338953100711687,1e-05,gaussian,7,0.2,0.02,0.2,0.19777388870716095,0.02328679710626602,0.1894858330488205
200,5.0,1.0338953100711687,1e-05,edge_flip,7,0.2,0.02,0.2,0.1935744285583496,0.033597759902477264,0.1871994137763977
200,5.0,1.0338953100711687,1e-05,sbm_dpsgd,8,0.2,0.02,0.2,0.2131652981042862,0.02628077007830143,0.21470826864242554
200,5.0,1.0338953100711687,1e-05,gaussian,8,0.2,0.02,0.2,0.20546412467956543,0.02003278210759163,0.20307980477809906
200,5.0,1.0338953100711687,1e-05,edge_flip,8,0.2,0.02,0.2,0.1952744424343109,0.04958629235625267,0.18507441878318787
200,5.0,1.0338953100711687,1e-05,sbm_dpsgd,9,0.2,0.02,0.2,0.22131146490573883,0.03676347807049751,0.21326671540737152
200,5.0,1.0338953100711687,1e-05,gaussian,9,0.2,0.02,0.2,0.21372152864933014,0.02072332799434662,0.21194136142730713
200,5.0,1.0338953100711687,1e-05,edge_flip,9,0.2,0.02,0.2,0.21737447381019592,0.01361209899187088,0.21184946596622467
200,5.0,1.0338953100711687,1e-05,sbm_dpsgd,10,0.2,0.02,0.2,0.19895915687084198,0.028204919770359993,0.22102683782577515
200,5.0,1.0338953100711687,1e-05,gaussian,10,0.2,0.02,0.2,0.1917530596256256,0.017904719337821007,0.20433445274829865
200,5.0,1.0338953100711687,1e-05,edge_flip,10,0.2,0.02,0.2,0.18422441184520721,0.013822474516928196,0.2092994600534439
200,5.0,1.0338953100711687,1e-05,sbm_dpsgd,11,0.2,0.02,0.2,0.1968011111021042,0.0359077975153923,0.20081064105033875
200,5.0,1.0338953100711687,1e-05,gaussian,11,0.2,0.02,0.2,0.19171984493732452,0.021423252299427986,0.18846161663532257
200,5.0,1.0338953100711687,1e-05,edge_flip,11,0.2,0.02,0.2,0.20844945311546326,0.013822474516928196,0.18422441184520721
200,5.0,1.0338953100711687,1e-05,sbm_dpsgd,12,0.2,0.02,0.2,0.20286931097507477,0.032525502145290375,0.2192196100950241
200,5.0,1.0338953100711687,1e-05,gaussian,12,0.2,0.02,0.2,0.1928289532661438,0.020282048732042313,0.19703412055969238
200,5.0,1.0338953100711687,1e-05,edge_flip,12,0.2,0.02,0.2,0.18974941968917847,0.015084726735949516,0.20164944231510162
200,5.0,1.0338953100711687,1e-05,sbm_dpsgd,13,0.2,0.02,0.2,0.19947074353694916,0.02809438854455948,0.2258806675672531
200,5.0,1.0338953100711687,1e-05,gaussian,13,0.2,0.02,0.2,0.20414571464061737,0.019755272194743156,0.20746943354606628
200,5.0,1.0338953100711687,1e-05,edge_flip,13,0.2,0.02,0.2,0.20547445118427277,0.01361209899187088,0.20844945311546326
200,5.0,1.0338953100711687,1e-05,sbm_dpsgd,14,0.2,0.02,0.2,0.21938320994377136,0.03872208669781685,0.20421625673770905
200,5.0,1.0338953100711687,1e-05,gaussian,14,0.2,0.02,0.2,0.21272589266300201,0.02022181637585163,0.19301657378673553
200,5.0,1.0338953100711687,1e-05,edge_flip,14,0.2,0.02,0.2,0.20419944822788239,0.029600629583001137,0.17997440695762634
200,5.0,1.0338953100711687,1e-05,sbm_dpsgd,15,0.2,0.02,0.2,0.20260784029960632,0.04786793142557144,0.21175497770309448
200,5.0,1.0338953100711687,1e-05,gaussian,15,0.2,0.02,0.2,0.20434418320655823,0.023966938257217407,0.20070502161979675
200,5.0,1.0338953100711687,1e-05,edge_flip,15,0.2,0.02,0.2,0.1999494433403015,0.0,0.19399943947792053
200,5.0,1.0338953100711687,1e-05,sbm_dpsgd,16,0.2,0.02,0.2,0.19616897404193878,0.036227576434612274,0.1998320370912552
200,5.0,1.0338953100711687,1e-05,gaussian,16,0.2,0.02,0.2,0.20020878314971924,0.02072245068848133,0.19354695081710815
200,5.0,1.0338953100711687,1e-05,edge_flip,16,0.2,0.02,0.2,0.1999494433403015,0.014032850041985512,0.21014946699142456
200,5.0,1.0338953100711687,1e-05,sbm_dpsgd,17,0.2,0.02,0.2,0.20161351561546326,0.03871455043554306,0.2022961974143982
200,5.0,1.0338953100711687,1e-05,gaussian,17,0.2,0.02,0.2,0.19529779255390167,0.019081611186265945,0.19964490830898285
200,5.0,1.0338953100711687,1e-05,edge_flip,17,0.2,0.02,0.2,0.1791244000196457,0.03044212982058525,0.18592442572116852
200,5.0,1.0338953100711687,1e-05,sbm_dpsgd,18,0.2,0.02,0.2,0.19807007908821106,0.04344036057591438,0.2164154052734375
200,5.0,1.0338953100711687,1e-05,gaussian,18,0.2,0.02,0.2,0.20195280015468597,0.020877905189990997,0.20524626970291138
200,5.0,1.0338953100711687,1e-05,edge_flip,18,0.2,0.02,0.2,0.2233244925737381,0.0258138719946146,0.19909943640232086
200,5.0,1.0338953100711687,1e-05,sbm_dpsgd,19,0.2,0.02,0.2,0.20559579133987427,0.03763221204280853,0.209136500954628
200,5.0,1.0338953100711687,1e-05,gaussian,19,0.2,0.02,0.2,0.2017296999692917,0.020341917872428894,0.19896748661994934
200,5.0,1.0338953100711687,1e-05,edge_flip,19,0.2,0.02,0.2,0.22757449746131897,0.01866110786795616,0.1935744285583496
200,10.0,0.5431122541136532,1e-05,sbm_dpsgd,0,0.2,0.02,0.2,0.22678668797016144,0.03222987800836563,0.18684016168117523
200,10.0,0.5431122541136532,1e-05,gaussian,0,0.2,0.02,0.2,0.20502044260501862,0.021410470828413963,0.18660546839237213
200,10.0,0.5431122541136532,1e-05,edge_flip,0,0.2,0.02,0.2,0.21648664772510529,0.05597006529569626,0.19667118787765503
200,10.0,0.5431122541136532,1e-05,sbm_dpsgd,1,0.2,0.02,0.2,0.20792870223522186,0.03000897355377674,0.20331120491027832
200,10.0,0.5431122541136532,1e-05,gaussian,1,0.2,0.02,0.2,0.18564321100711823,0.02388804219663143,0.19143040478229523
200,10.0,0.5431122541136532,1e-05,edge_flip,1,0.2,0.02,0.2,0.2142002433538437,0.023526078090071678,0.21038958430290222
200,10.0,0.5431122541136532,1e-05,sbm_dpsgd,2,0.2,0.02,0.2,0.2106623500585556,0.030825607478618622,0.21582576632499695
200,10.0,0.5431122541136532,1e-05,gaussian,2,0.2,0.02,0.2,0.20514275133609772,0.0283102598041296,0.20175676047801971
200,10.0,0.5431122541136532,1e-05,edge_flip,2,0.2,0.02,0.2,0.22944289445877075,0.033334724605083466,0.20657891035079956
200,10.0,0.5431122541136532,1e-05,sbm_dpsgd,3,0.2,0.02,0.2,0.19238902628421783,0.03346836939454079,0.19480374455451965
200,10.0,0.5431122541136532,1e-05,gaussian,3,0.2,0.02,0.2,0.20642809569835663,0.02034793607890606,0.20319221913814545
200,10.0,0.5431122541136532,1e-05,edge_flip,3,0.2,0.02,0.2,0.20353038609027863,0.0,0.20886531472206116
200,10.0,0.5431122541136532,1e-05,sbm_dpsgd,4,0.2,0.02,0.2,0.20506998896598816,0.03611822426319122,0.2127915471792221
200,10.0,0.5431122541136532,1e-05,gaussian,4,0.2,0.02,0.2,0.1939343363046646,0.017856713384389877,0.20175987482070923
200,10.0,0.5431122541136532,1e-05,edge_flip,4,0.2,0.02,0.2,0.20200611650943756,0.012962919659912586,0.15322962403297424
200,10.0,0.5431122541136532,1e-05,sbm_dpsgd,5,0.2,0.02,0.2,0.2211405634880066,0.023754682391881943,0.2184360772371292
200,10.0,0.5431122541136532,1e-05,gaussian,5,0.2,0.02,0.2,0.19718874990940094,0.02001788094639778,0.20393876731395721
200,10.0,0.5431122541136532,1e-05,edge_flip,5,0.2,0.02,0.2,0.1959090530872345,0.022771567106246948,0.22105944156646729
200,10.0,0.5431122541136532,1e-05,sbm_dpsgd,6,0.2,0.02,0.2,0.1911676675081253,0.027212709188461304,0.19356617331504822
200,10.0,0.5431122541136532,1e-05,gaussian,6,0.2,0.02,0.2,0.20868292450904846,0.018608270213007927,0.19768954813480377
200,10.0,0.5431122541136532,1e-05,edge_flip,6,0.2,0.02,0.2,0.19895759224891663,0.0020225050393491983,0.16237522661685944
200,10.0,0.5431122541136532,1e-05,sbm_dpsgd,7,0.2,0.02,0.2,0.19450226426124573,0.026121696457266808,0.2151331603527069
200,10.0,0.5431122541136532,1e-05,gaussian,7,0.2,0.02,0.2,0.18726570904254913,0.018346766009926796,0.19767726957798004
200,10.0,0.5431122541136532,1e-05,edge_flip,7,0.2,0.02,0.2,0.19057412445545197,0.037484537810087204,0.2576417922973633
200,10.0,0.5431122541136532,1e-05,sbm_dpsgd,8,0.2,0.02,0.2,0.22058868408203125,0.059466127306222916,0.2073356658220291
200,10.0,0.5431122541136532,1e-05,gaussian,8,0.2,0.02,0.2,0.18918301165103912,0.02182023786008358,0.2045767903327942
200,10.0,0.5431122541136532,1e-05,edge_flip,8,0.2,0.02,0.2,0.22639437019824982,0.022771567106246948,0.1776178777217865
200,10.0,0.5431122541136532,1e-05,sbm_dpsgd,9,0.2,0.02,0.2,0.2154729664325714,0.04628705233335495,0.19845740497112274
200,10.0,0.5431122541136532,1e-05,gaussian,9,0.2,0.02,0.2,0.18771357834339142,0.02136591635644436,0.19224272668361664
200,10.0,0.5431122541136532,1e-05,edge_flip,9,0.2,0.02,0.2,0.2027682512998581,0.028807658702135086,0.20200611650943756
200,10.0,0.5431122541136532,1e-05,sbm_dpsgd,10,0.2,0.02,0.2,0.1920241415500641,0.02780837193131447,0.20436061918735504
200,10.0,0.5431122541136532,1e-05,gaussian,10,0.2,0.02,0.2,0.21460868418216705,0.019547298550605774,0.18105041980743408
200,10.0,0.5431122541136532,1e-05,edge_flip,10,0.2,0.02,0.2,0.15322962403297424,0.032202959060668945,0.20429252088069916
200,10.0,0.5431122541136532,1e-05,sbm_dpsgd,11,0.2,0.02,0.2,0.19750991463661194,0.033015377819538116,0.2063356190919876
200,10.0,0.5431122541136532,1e-05,gaussian,11,0.2,0.02,0.2,0.20045803487300873,0.017856478691101074,0.19743461906909943
200,10.0,0.5431122541136532,1e-05,edge_flip,11,0.2,0.02,0.2,0.2050546556711197,0.0450296513736248,0.14408403635025024
200,10.0,0.5431122541136532,1e-05,sbm_dpsgd,12,0.2,0.02,0.2,0.20332573354244232,0.02360195480287075,0.2297530323266983
200,10.0,0.5431122541136532,1e-05,gaussian,12,0.2,0.02,0.2,0.20709487795829773,0.022934645414352417,0.21819111704826355
200,10.0,0.5431122541136532,1e-05,edge_flip,12,0.2,0.02,0.2,0.21648664772510529,0.005040550604462624,0.20657891035079956
200,10.0,0.5431122541136532,1e-05,sbm_dpsgd,13,0.2,0.02,0.2,0.20528766512870789,0.04074511304497719,0.21941624581813812
200,10.0,0.5431122541136532,1e-05,gaussian,13,0.2,0.02,0.2,0.19755208492279053,0.019673116505146027,0.20619764924049377
200,10.0,0.5431122541136532,1e-05,edge_flip,13,0.2,0.02,0.2,0.21724876761436462,0.01522645354270935,0.2378263622522354
200,10.0,0.5431122541136532,1e-05,sbm_dpsgd,14,0.2,0.02,0.2,0.23531201481819153,0.016669999808073044,0.20894098281860352
200,10.0,0.5431122541136532,1e-05,gaussian,14,0.2,0.02,0.2,0.20039567351341248,0.018764957785606384,0.20659621059894562
200,10.0,0.5431122541136532,1e-05,edge_flip,14,0.2,0.02,0.2,0.2690737843513489,0.0,0.17838001251220703
200,10.0,0.5431122541136532,1e-05,sbm_dpsgd,15,0.2,0.02,0.2,0.2059880644083023,0.028589988127350807,0.18195421993732452
200,10.0,0.5431122541136532,1e-05,gaussian,15,0.2,0.02,0.2,0.21193966269493103,0.02227436937391758,0.20131957530975342
200,10.0,0.5431122541136532,1e-05,edge_flip,15,0.2,0.02,0.2,0.18600133061408997,0.004663294646888971,0.1959090530872345
200,10.0,0.5431122541136532,1e-05,sbm_dpsgd,16,0.2,0.02,0.2,0.191523477435112,0.04292469844222069,0.21097835898399353
200,10.0,0.5431122541136532,1e-05,gaussian,16,0.2,0.02,0.2,0.18876852095127106,0.020422229543328285,0.20757931470870972
200,10.0,0.5431122541136532,1e-05,edge_flip,16,0.2,0.02,0.2,0.20124398171901703,0.005040550604462624,0.22105944156646729
200,10.0,0.5431122541136532,1e-05,sbm_dpsgd,17,0.2,0.02,0.2,0.20326147973537445,0.029537316411733627,0.18284910917282104
200,10.0,0.5431122541136532,1e-05,gaussian,17,0.2,0.02,0.2,0.21156208217144012,0.026186909526586533,0.18903814256191254
200,10.0,0.5431122541136532,1e-05,edge_flip,17,0.2,0.02,0.2,0.16313736140727997,0.006926828995347023,0.20429252088069916
200,10.0,0.5431122541136532,1e-05,sbm_dpsgd,18,0.2,0.02,0.2,0.1979154795408249,0.03829164430499077,0.2051030695438385
200,10.0,0.5431122541136532,1e-05,gaussian,18,0.2,0.02,0.2,0.21375161409378052,0.023419128730893135,0.20524998009204865
200,10.0,0.5431122541136532,1e-05,edge_flip,18,0.2,0.02,0.2,0.19971972703933716,0.022394312545657158,0.22258369624614716
200,10.0,0.5431122541136532,1e-05,sbm_dpsgd,19,0.2,0.02,0.2,0.22693803906440735,0.03322403505444527,0.2058851271867752
200,10.0,0.5431122541136532,1e-05,gaussian,19,0.2,0.02,0.2,0.20551654696464539,0.022229373455047607,0.21882212162017822
200,10.0,0.5431122541136532,1e-05,edge_flip,19,0.2,0.02,0.2,0.17456933856010437,0.01711273193359375,0.1913362592458725
200,20.0,0.40561225411365304,1e-05,sbm_dpsgd,0,0.2,0.02,0.2,0.20651130378246307,0.04448400437831879,0.18964070081710815
200,20.0,0.40561225411365304,1e-05,gaussian,0,0.2,0.02,0.2,0.2009943425655365,0.026184016838669777,0.19933417439460754
200,20.0,0.40561225411365304,1e-05,edge_flip,0,0.2,0.02,0.2,0.17284280061721802,0.01667068526148796,0.1809207648038864
200,20.0,0.40561225411365304,1e-05,sbm_dpsgd,1,0.2,0.02,0.2,0.2136731892824173,0.02702171914279461,0.26283931732177734
200,20.0,0.40561225411365304,1e-05,gaussian,1,0.2,0.02,0.2,0.21531492471694946,0.016108328476548195,0.18615804612636566
200,20.0,0.40561225411365304,1e-05,edge_flip,1,0.2,0.02,0.2,0.2051546275615692,0.026167331263422966,0.2324177324771881
200,20.0,0.40561225411365304,1e-05,sbm_dpsgd,2,0.2,0.02,0.2,0.19369865953922272,0.020783497020602226,0.18828973174095154
200,20.0,0.40561225411365304,1e-05,gaussian,2,0.2,0.02,0.2,0.19151659309864044,0.01959589496254921,0.207968607544899
200,20.0,0.40561225411365304,1e-05,edge_flip,2,0.2,0.02,0.2,0.11427763104438782,0.016170861199498177,0.21828129887580872
200,20.0,0.40561225411365304,1e-05,sbm_dpsgd,3,0.2,0.02,0.2,0.22714953124523163,0.04229357838630676,0.15971530973911285
200,20.0,0.40561225411365304,1e-05,gaussian,3,0.2,0.02,0.2,0.2118922770023346,0.031286533921957016,0.20269501209259033
200,20.0,0.40561225411365304,1e-05,edge_flip,3,0.2,0.02,0.2,0.2122228443622589,0.005674568470567465,0.2637197971343994
200,20.0,0.40561225411365304,1e-05,sbm_dpsgd,4,0.2,0.02,0.2,0.21483029425144196,0.029420260339975357,0.23799630999565125
200,20.0,0.40561225411365304,1e-05,gaussian,4,0.2,0.02,0.2,0.20929460227489471,0.013849850744009018,0.21500015258789062
200,20.0,0.40561225411365304,1e-05,edge_flip,4,0.2,0.02,0.2,0.22433976829051971,0.007174039259552956,0.16779407858848572
200,20.0,0.40561225411365304,1e-05,sbm_dpsgd,5,0.2,0.02,0.2,0.22067907452583313,0.02215750329196453,0.22597621381282806
200,20.0,0.40561225411365304,1e-05,gaussian,5,0.2,0.02,0.2,0.22055259346961975,0.025228269398212433,0.19308356940746307
200,20.0,0.40561225411365304,1e-05,edge_flip,5,0.2,0.02,0.2,0.1566869020462036,0.01317192055284977,0.15971612930297852
200,20.0,0.40561225411365304,1e-05,sbm_dpsgd,6,0.2,0.02,0.2,0.18594297766685486,0.021793747320771217,0.17786702513694763
200,20.0,0.40561225411365304,1e-05,gaussian,6,0.2,0.02,0.2,0.20894703269004822,0.016227344051003456,0.18299031257629395
200,20.0,0.40561225411365304,1e-05,edge_flip,6,0.2,0.02,0.2,0.1819305121898651,0.035164155066013336,0.20313513278961182
200,20.0,0.40561225411365304,1e-05,sbm_dpsgd,7,0.2,0.02,0.2,0.18594880402088165,0.01884116418659687,0.24819540977478027
200,20.0,0.40561225411365304,1e-05,gaussian,7,0.2,0.02,0.2,0.21817249059677124,0.025145193561911583,0.19650240242481232
200,20.0,0.40561225411365304,1e-05,edge_flip,7,0.2,0.02,0.2,0.20919360220432281,0.0011761572677642107,0.16779407858848572
200,20.0,0.40561225411365304,1e-05,sbm_dpsgd,8,0.2,0.02,0.2,0.2187463790178299,0.02854515239596367,0.18196871876716614
200,20.0,0.40561225411365304,1e-05,gaussian,8,0.2,0.02,0.2,0.1976316273212433,0.015443080104887486,0.19043590128421783
200,20.0,0.40561225411365304,1e-05,edge_flip,8,0.2,0.02,0.2,0.2122228443622589,0.014671391807496548,0.2273690104484558
200,20.0,0.40561225411365304,1e-05,sbm_dpsgd,9,0.2,0.02,0.2,0.21734465658664703,0.023658808320760727,0.196796715259552
200,20.0,0.40561225411365304,1e-05,gaussian,9,0.2,0.02,0.2,0.2066543996334076,0.0182017982006073,0.19847354292869568
200,20.0,0.40561225411365304,1e-05,edge_flip,9,0.2,0.02,0.2,0.2213105410337448,0.011172627098858356,0.17284280061721802
200,20.0,0.40561225411365304,1e-05,sbm_dpsgd,10,0.2,0.02,0.2,0.2184656858444214,0.0384899266064167,0.20293329656124115
200,20.0,0.40561225411365304,1e-05,gaussian,10,0.2,0.02,0.2,0.2070796936750412,0.016203299164772034,0.20680156350135803
200,20.0,0.40561225411365304,1e-05,edge_flip,10,0.2,0.02,0.2,0.2536223530769348,0.040662214159965515,0.19909615814685822
200,20.0,0.40561225411365304,1e-05,sbm_dpsgd,11,0.2,0.02,0.2,0.1977671980857849,0.03077026456594467,0.2751440107822418
200,20.0,0.40561225411365304,1e-05,gaussian,11,0.2,0.02,0.2,0.20613965392112732,0.019920244812965393,0.2085224688053131
200,20.0,0.40561225411365304,1e-05,edge_flip,11,0.2,0.02,0.2,0.21323257684707642,0.0,0.2324177324771881
200,20.0,0.40561225411365304,1e-05,sbm_dpsgd,12,0.2,0.02,0.2,0.205540731549263,0.014200761914253235,0.1611175537109375
200,20.0,0.40561225411365304,1e-05,gaussian,12,0.2,0.02,0.2,0.20990915596485138,0.017397770658135414,0.20241272449493408
200,20.0,0.40561225411365304,1e-05,edge_flip,12,0.2,0.02,0.2,0.2314079850912094,0.0,0.1869792342185974
200,20.0,0.40561225411365304,1e-05,sbm_dpsgd,13,0.2,0.02,0.2,0.20853696763515472,0.02784023992717266,0.20834939181804657
200,20.0,0.40561225411365304,1e-05,gaussian,13,0.2,0.02,0.2,0.2052520364522934,0.017220769077539444,0.2175058275461197
200,20.0,0.40561225411365304,1e-05,edge_flip,13,0.2,0.02,0.2,0.16880382597446442,0.0,0.14759919047355652
200,20.0,0.40561225411365304,1e-05,sbm_dpsgd,14,0.2,0.02,0.2,0.23467689752578735,0.02334628440439701,0.18189966678619385
200,20.0,0.40561225411365304,1e-05,gaussian,14,0.2,0.02,0.2,0.20440611243247986,0.01863236166536808,0.20228753983974457
200,20.0,0.40561225411365304,1e-05,edge_flip,14,0.2,0.02,0.2,0.12740430235862732,0.026167331263422966,0.14456996321678162
200,20.0,0.40561225411365304,1e-05,sbm_dpsgd,15,0.2,0.02,0.2,0.19104565680027008,0.0368228442966938,0.23906263709068298
200,20.0,0.40561225411365304,1e-05,gaussian,15,0.2,0.02,0.2,0.2214251309633255,0.0210711732506752,0.20283488929271698
200,20.0,0.40561225411365304,1e-05,edge_flip,15,0.2,0.02,0.2,0.1758720427751541,0.0,0.1758720427751541
200,20.0,0.40561225411365304,1e-05,sbm_dpsgd,16,0.2,0.02,0.2,0.19898594915866852,0.035427507013082504,0.19820690155029297
200,20.0,0.40561225411365304,1e-05,gaussian,16,0.2,0.02,0.2,0.19466808438301086,0.024885093793272972,0.20226788520812988
200,20.0,0.40561225411365304,1e-05,edge_flip,16,0.2,0.02,0.2,0.2445346564054489,0.04016238823533058,0.2021254003047943
200,20.0,0.40561225411365304,1e-05,sbm_dpsgd,17,0.2,0.02,0.2,0.2085433006286621,0.025626981630921364,0.19798056781291962
200,20.0,0.40561225411365304,1e-05,gaussian,17,0.2,0.02,0.2,0.18984827399253845,0.013952454552054405,0.20455512404441833
200,20.0,0.40561225411365304,1e-05,edge_flip,17,0.2,0.02,0.2,0.16274535655975342,0.006674215663224459,0.2162618190050125
200,20.0,0.40561225411365304,1e-05,sbm_dpsgd,18,0.2,0.02,0.2,0.2401999533176422,0.034976616501808167,0.1921481043100357
200,20.0,0.40561225411365304,1e-05,gaussian,18,0.2,0.02,0.2,0.20218713581562042,0.02392084151506424,0.1845024973154068
200,20.0,0.40561225411365304,1e-05,edge_flip,18,0.2,0.02,0.2,0.2203007936477661,0.025167685002088547,0.19303768873214722
200,20.0,0.40561225411365304,1e-05,sbm_dpsgd,19,0.2,0.02,0.2,0.19718261063098907,0.030398856848478317,0.19566142559051514
200,20.0,0.40561225411365304,1e-05,gaussian,19,0.2,0.02,0.2,0.19797104597091675,0.015565717592835426,0.2142668515443802
200,20.0,0.40561225411365304,1e-05,edge_flip,19,0.2,0.02,0.2,0.1960669308900833,0.02316839061677456,0.24352490901947021
500,1.0,5.635918426327381,1e-05,sbm_dpsgd,0,0.2,0.02,0.2,0.20069441199302673,0.0317302867770195,0.2052554339170456
500,1.0,5.635918426327381,1e-05,gaussian,0,0.2,0.02,0.2,0.19625204801559448,0.02005079947412014,0.19801056385040283
500,1.0,5.635918426327381,1e-05,edge_flip,0,0.2,0.02,0.2,0.1958780288696289,0.020237157121300697,0.1978195458650589
500,1.0,5.635918426327381,1e-05,sbm_dpsgd,1,0.2,0.02,0.2,0.19679048657417297,0.0329752154648304,0.20708581805229187
500,1.0,5.635918426327381,1e-05,gaussian,1,0.2,0.02,0.2,0.19366982579231262,0.02000284008681774,0.2012600600719452
500,1.0,5.635918426327381,1e-05,edge_flip,1,0.2,0.02,0.2,0.19348348677158356,0.0197376050055027,0.2012171894311905
500,1.0,5.635918426327381,1e-05,sbm_dpsgd,2,0.2,0.02,0.2,0.20499737560749054,0.03159496933221817,0.2087029665708542
500,1.0,5.635918426327381,1e-05,gaussian,2,0.2,0.02,0.2,0.19902659952640533,0.01999371126294136,0.201559916138649
500,1.0,5.635918426327381,1e-05,edge_flip,2,0.2,0.02,0.2,0.19904915988445282,0.020108239725232124,0.20150841772556305
500,1.0,5.635918426327381,1e-05,sbm_dpsgd,3,0.2,0.02,0.2,0.20722512900829315,0.03287449851632118,0.20826758444309235
500,1.0,5.635918426327381,1e-05,gaussian,3,0.2,0.02,0.2,0.20136293768882751,0.02041679434478283,0.20293070375919342
500,1.0,5.635918426327381,1e-05,edge_flip,3,0.2,0.02,0.2,0.20225265622138977,0.019963208585977554,0.2030939906835556
500,1.0,5.635918426327381,1e-05,sbm_dpsgd,4,0.2,0.02,0.2,0.20174793899059296,0.027454987168312073,0.21024589240550995
500,1.0,5.635918426327381,1e-05,gaussian,4,0.2,0.02,0.2,0.1966591775417328,0.019444070756435394,0.2042609006166458
500,1.0,5.635918426327381,1e-05,edge_flip,4,0.2,0.02,0.2,0.1962663233280182,0.019366970285773277,0.20412945747375488
500,1.0,5.635918426327381,1e-05,sbm_dpsgd,5,0.2,0.02,0.2,0.2049192190170288,0.02905348874628544,0.19681480526924133
500,1.0,5.635918426327381,1e-05,gaussian,5,0.2,0.02,0.2,0.19993089139461517,0.019882453605532646,0.19511573016643524
500,1.0,5.635918426327381,1e-05,edge_flip,5,0.2,0.02,0.2,0.2000846415758133,0.019963208585977554,0.195133775472641
500,1.0,5.635918426327381,1e-05,sbm_dpsgd,6,0.2,0.02,0.2,0.20648938417434692,0.029343517497181892,0.2005167454481125
500,1.0,5.635918426327381,1e-05,gaussian,6,0.2,0.02,0.2,0.19991061091423035,0.019590027630329132,0.19516535103321075
500,1.0,5.635918426327381,1e-05,edge_flip,6,0.2,0.02,0.2,0.19998756051063538,0.019512001425027847,0.19574859738349915
500,1.0,5.635918426327381,1e-05,sbm_dpsgd,7,0.2,0.02,0.2,0.20230376720428467,0.03186821565032005,0.20334552228450775
500,1.0,5.635918426327381,1e-05,gaussian,7,0.2,0.02,0.2,0.1969086229801178,0.020010150969028473,0.19730965793132782
500,1.0,5.635918426327381,1e-05,edge_flip,7,0.2,0.02,0.2,0.1968487799167633,0.01939919963479042,0.19746360182762146
500,1.0,5.635918426327381,1e-05,sbm_dpsgd,8,0.2,0.02,0.2,0.206588476896286,0.03001043200492859,0.2034570574760437
500,1.0,5.635918426327381,1e-05,gaussian,8,0.2,0.02,0.2,0.19867147505283356,0.019790228456258774,0.1989337056875229
500,1.0,5.635918426327381,1e-05,edge_flip,8,0.2,0.02,0.2,0.19840198755264282,0.020140469074249268,0.19869321584701538
500,1.0,5.635918426327381,1e-05,sbm_dpsgd,9,0.2,0.02,0.2,0.20204415917396545,0.031121084466576576,0.20427173376083374
500,1.0,5.635918426327381,1e-05,gaussian,9,0.2,0.02,0.2,0.19735105335712433,0.019985882565379143,0.19997812807559967
500,1.0,5.635918426327381,1e-05,edge_flip,9,0.2,0.02,0.2,0.19775481522083282,0.019995437934994698,0.2004082202911377
500,1.0,5.635918426327381,1e-05,sbm_dpsgd,10,0.2,0.02,0.2,0.20531778037548065,0.03170027211308479,0.2071177065372467
500,1.0,5.635918426327381,1e-05,gaussian,10,0.2,0.02,0.2,0.1995871663093567,0.02057001367211342,0.20182237029075623
500,1.0,5.635918426327381,1e-05,edge_flip,10,0.2,0.02,0.2,0.19956690073013306,0.021075114607810974,0.2017025649547577
500,1.0,5.635918426327381,1e-05,sbm_dpsgd,11,0.2,0.02,0.2,0.1995687633752823,0.028763538226485252,0.2034733146429062
500,1.0,5.635918426327381,1e-05,gaussian,11,0.2,0.02,0.2,0.19780217111110687,0.01917789690196514,0.20081296563148499
500,1.0,5.635918426327381,1e-05,edge_flip,11,0.2,0.02,0.2,0.19791661202907562,0.018980219960212708,0.2005700170993805
500,1.0,5.635918426327381,1e-05,sbm_dpsgd,12,0.2,0.02,0.2,0.20078448951244354,0.03148740530014038,0.2037215381860733
500,1.0,5.635918426327381,1e-05,gaussian,12,0.2,0.02,0.2,0.19932186603546143,0.02044924534857273,0.1960557997226715
500,1.0,5.635918426327381,1e-05,edge_flip,12,0.2,0.02,0.2,0.1994374692440033,0.02022104151546955,0.1963634043931961
500,1.0,5.635918426327381,1e-05,sbm_dpsgd,13,0.2,0.02,0.2,0.2115996927022934,0.028762103989720345,0.2086951732635498
500,1.0,5.635918426327381,1e-05,gaussian,13,0.2,0.02,0.2,0.2030787467956543,0.019658369943499565,0.20447909832000732
500,1.0,5.635918426327381,1e-05,edge_flip,13,0.2,0.02,0.2,0.20312634110450745,0.019963208585977554,0.20425888895988464
500,1.0,5.635918426327381,1e-05,sbm_dpsgd,14,0.2,0.02,0.2,0.20921583473682404,0.030227288603782654,0.20186938345432281
500,1.0,5.635918426327381,1e-05,gaussian,14,0.2,0.02,0.2,0.20158588886260986,0.019548794254660606,0.1967887133359909
500,1.0,5.635918426327381,1e-05,edge_flip,14,0.2,0.02,0.2,0.20134662091732025,0.01993097923696041,0.19714000821113586
500,1.0,5.635918426327381,1e-05,sbm_dpsgd,15,0.2,0.02,0.2,0.208265483379364,0.03172513097524643,0.20205333828926086
500,1.0,5.635918426327381,1e-05,gaussian,15,0.2,0.02,0.2,0.20164760947227478,0.01973520778119564,0.19627046585083008
500,1.0,5.635918426327381,1e-05,edge_flip,15,0.2,0.02,0.2,0.2012171894311905,0.02007601037621498,0.1962016075849533
500,1.0,5.635918426327381,1e-05,sbm_dpsgd,16,0.2,0.02,0.2,0.20972388982772827,0.035475313663482666,0.2023780196905136
500,1.0,5.635918426327381,1e-05,gaussian,16,0.2,0.02,0.2,0.20341728627681732,0.02058623917400837,0.19925689697265625
500,1.0,5.635918426327381,1e-05,edge_flip,16,0.2,0.02,0.2,0.20380587875843048,0.020591676235198975,0.19917859137058258
500,1.0,5.635918426327381,1e-05,sbm_dpsgd,17,0.2,0.02,0.2,0.2029985934495926,0.02925862744450569,0.20693576335906982
500,1.0,5.635918426327381,1e-05,gaussian,17,0.2,0.02,0.2,0.20049619674682617,0.01954069547355175,0.1989392191171646
500,1.0,5.635918426327381,1e-05,edge_flip,17,0.2,0.02,0.2,0.19985812902450562,0.01978594809770584,0.1991138756275177
500,1.0,5.635918426327381,1e-05,sbm_dpsgd,18,0.2,0.02,0.2,0.20560774207115173,0.030967015773057938,0.20534002780914307
500,1.0,5.635918426327381,1e-05,gaussian,18,0.2,0.02,0.2,0.20001229643821716,0.021117931231856346,0.19917342066764832
500,1.0,5.635918426327381,1e-05,edge_flip,18,0.2,0.02,0.2,0.20018170773983002,0.020930083468556404,0.19908152520656586
500,1.0,5.635918426327381,1e-05,sbm_dpsgd,19,0.2,0.02,0.2,0.20439346134662628,0.03286881372332573,0.20182549953460693
500,1.0,5.635918426327381,1e-05,gaussian,19,0.2,0.02,0.2,0.19907185435295105,0.01991945505142212,0.19967404007911682
500,1.0,5.635918426327381,1e-05,edge_flip,19,0.2,0.02,0.2,0.1991138756275177,0.01964091695845127,0.19956690073013306
500,2.0,2.668102829441137,1e-05,sbm_dpsgd,0,0.2,0.02,0.2,0.2092922031879425,0.03166325390338898,0.20685723423957825
500,2.0,2.668102829441137,1e-05,gaussian,0,0.2,0.02,0.2,0.20208188891410828,0.01956350728869438,0.19679583609104156
500,2.0,2.668102829441137,1e-05,edge_flip,0,0.2,0.02,0.2,0.20001214742660522,0.018990274518728256,0.1952495574951172
500,2.0,2.668102829441137,1e-05,sbm_dpsgd,1,0.2,0.02,0.2,0.2035219520330429,0.034425150603055954,0.20532046258449554
500,2.0,2.668102829441137,1e-05,gaussian,1,0.2,0.02,0.2,0.1989891082048416,0.020560167729854584,0.19871056079864502
500,2.0,2.668102829441137,1e-05,edge_flip,1,0.2,0.02,0.2,0.20289185643196106,0.01943153329193592,0.19812926650047302
500,2.0,2.668102829441137,1e-05,sbm_dpsgd,2,0.2,0.02,0.2,0.20874862372875214,0.031064843758940697,0.20289072394371033
500,2.0,2.668102829441137,1e-05,gaussian,2,0.2,0.02,0.2,0.20048680901527405,0.01967061311006546,0.19890502095222473
500,2.0,2.668102829441137,1e-05,edge_flip,2,0.2,0.02,0.2,0.1990891695022583,0.020497910678386688,0.1998644769191742
500,2.0,2.668102829441137,1e-05,sbm_dpsgd,3,0.2,0.02,0.2,0.20450922846794128,0.031429391354322433,0.20685826241970062
500,2.0,2.668102829441137,1e-05,gaussian,3,0.2,0.02,0.2,0.19728922843933105,0.019713588058948517,0.20115214586257935
500,2.0,2.668102829441137,1e-05,edge_flip,3,0.2,0.02,0.2,0.1964309811592102,0.021968776360154152,0.20215347409248352
500,2.0,2.668102829441137,1e-05,sbm_dpsgd,4,0.2,0.02,0.2,0.2032599151134491,0.03302152454853058,0.2103446125984192
500,2.0,2.668102829441137,1e-05,gaussian,4,0.2,0.02,0.2,0.19955973327159882,0.01984361559152603,0.20195814967155457
500,2.0,2.668102829441137,1e-05,edge_flip,4,0.2,0.02,0.2,0.1979815810918808,0.01994633674621582,0.20163659751415253
500,2.0,2.668102829441137,1e-05,sbm_dpsgd,5,0.2,0.02,0.2,0.19840386509895325,0.03261987119913101,0.20402172207832336
500,2.0,2.668102829441137,1e-05,gaussian,5,0.2,0.02,0.2,0.1966908723115921,0.020182261243462563,0.2008081078529358
500,2.0,2.668102829441137,1e-05,edge_flip,5,0.2,0.02,0.2,0.19683708250522614,0.021417202427983284,0.19927376508712769
500,2.0,2.668102829441137,1e-05,sbm_dpsgd,6,0.2,0.02,0.2,0.20237763226032257,0.03450284153223038,0.20311692357063293
500,2.0,2.668102829441137,1e-05,gaussian,6,0.2,0.02,0.2,0.19717244803905487,0.02023298479616642,0.19901761412620544
500,2.0,2.668102829441137,1e-05,edge_flip,6,0.2,0.02,0.2,0.1977969855070114,0.020203737542033195,0.19665248692035675
500,2.0,2.668102829441137,1e-05,sbm_dpsgd,7,0.2,0.02,0.2,0.203903466463089,0.029470624402165413,0.2106037586927414
500,2.0,2.668102829441137,1e-05,gaussian,7,0.2,0.02,0.2,0.19804275035858154,0.019057823345065117,0.20474089682102203
500,2.0,2.668102829441137,1e-05,edge_flip,7,0.2,0.02,0.2,0.1988307237625122,0.020093422383069992,0.20436862111091614
500,2.0,2.668102829441137,1e-05,sbm_dpsgd,8,0.2,0.02,0.2,0.20710600912570953,0.034513551741838455,0.20870034396648407
500,2.0,2.668102829441137,1e-05,gaussian,8,0.2,0.02,0.2,0.20364291965961456,0.020762309432029724,0.201570063829422
500,2.0,2.668102829441137,1e-05,edge_flip,8,0.2,0.02,0.2,0.2018211930990219,0.02167460322380066,0.20289185643196106
500,2.0,2.668102829441137,1e-05,sbm_dpsgd,9,0.2,0.02,0.2,0.20865631103515625,0.03039037622511387,0.20419488847255707
500,2.0,2.668102829441137,1e-05,gaussian,9,0.2,0.02,0.2,0.2026233822107315,0.01984884776175022,0.20130859315395355
500,2.0,2.668102829441137,1e-05,edge_flip,9,0.2,0.02,0.2,0.19953219592571259,0.019394760951399803,0.2001967430114746
500,2.0,2.668102829441137,1e-05,sbm_dpsgd,10,0.2,0.02,0.2,0.20581761002540588,0.028442250564694405,0.202840194106102
500,2.0,2.668102829441137,1e-05,gaussian,10,0.2,0.02,0.2,0.19915132224559784,0.018466779962182045,0.1985132396221161
500,2.0,2.668102829441137,1e-05,edge_flip,10,0.2,0.02,0.2,0.19794467091560364,0.01858578622341156,0.19809234142303467
500,2.0,2.668102829441137,1e-05,sbm_dpsgd,11,0.2,0.02,0.2,0.20384876430034637,0.03309011831879616,0.20803043246269226
500,2.0,2.668102829441137,1e-05,gaussian,11,0.2,0.02,0.2,0.20213094353675842,0.020662061870098114,0.20207251608371735
500,2.0,2.668102829441137,1e-05,edge_flip,11,0.2,0.02,0.2,0.20477473735809326,0.01992795057594776,0.20178426802158356
500,2.0,2.668102829441137,1e-05,sbm_dpsgd,12,0.2,0.02,0.2,0.20578597486019135,0.0351729579269886,0.21016983687877655
500,2.0,2.668102829441137,1e-05,gaussian,12,0.2,0.02,0.2,0.19983002543449402,0.02112863026559353,0.19972845911979675
500,2.0,2.668102829441137,1e-05,edge_flip,12,0.2,0.02,0.2,0.19871997833251953,0.02115979976952076,0.200381338596344
500,2.0,2.668102829441137,1e-05,sbm_dpsgd,13,0.2,0.02,0.2,0.20492947101593018,0.031866710633039474,0.20720715820789337
500,2.0,2.668102829441137,1e-05,gaussian,13,0.2,0.02,0.2,0.19945216178894043,0.019795836880803108,0.20289763808250427
500,2.0,2.668102829441137,1e-05,edge_flip,13,0.2,0.02,0.2,0.19787082076072693,0.018806414678692818,0.19975371658802032
500,2.0,2.668102829441137,1e-05,sbm_dpsgd,14,0.2,0.02,0.2,0.20039507746696472,0.031890448182821274,0.20313985645771027
500,2.0,2.668102829441137,1e-05,gaussian,14,0.2,0.02,0.2,0.19785018265247345,0.019900018349289894,0.19808785617351532
500,2.0,2.668102829441137,1e-05,edge_flip,14,0.2,0.02,0.2,0.19388353824615479,0.021748146042227745,0.19931067526340485
500,2.0,2.668102829441137,1e-05,sbm_dpsgd,15,0.2,0.02,0.2,0.20693328976631165,0.02819245494902134,0.2047041654586792
500,2.0,2.668102829441137,1e-05,gaussian,15,0.2,0.02,0.2,0.20085817575454712,0.020400844514369965,0.20148570835590363
500,2.0,2.668102829441137,1e-05,edge_flip,15,0.2,0.02,0.2,0.19953219592571259,0.02167460322380066,0.20274417102336884
500,2.0,2.668102829441137,1e-05,sbm_dpsgd,16,0.2,0.02,0.2,0.20631994307041168,0.031570300459861755,0.2059422880411148
500,2.0,2.668102829441137,1e-05,gaussian,16,0.2,0.02,0.2,0.20103299617767334,0.019862430170178413,0.19765011966228485
500,2.0,2.668102829441137,1e-05,edge_flip,16,0.2,0.02,0.2,0.20185811817646027,0.021398816257715225,0.19827693700790405
500,2.0,2.668102829441137,1e-05,sbm_dpsgd,17,0.2,0.02,0.2,0.2026846557855606,0.0320725254714489,0.20984424650669098
500,2.0,2.668102829441137,1e-05,gaussian,17,0.2,0.02,0.2,0.1983417570590973,0.020366251468658447,0.20576214790344238
500,2.0,2.668102829441137,1e-05,edge_flip,17,0.2,0.02,0.2,0.2017473578453064,0.022630665451288223,0.20418402552604675
500,2.0,2.668102829441137,1e-05,sbm_dpsgd,18,0.2,0.02,0.2,0.2063916176557541,0.03248480707406998,0.20823080837726593
500,2.0,2.668102829441137,1e-05,gaussian,18,0.2,0.02,0.2,0.1999267041683197,0.02129228599369526,0.20309540629386902
500,2.0,2.668102829441137,1e-05,edge_flip,18,0.2,0.02,0.2,0.19979062676429749,0.021270114928483963,0.20355640351772308
500,2.0,2.668102829441137,1e-05,sbm_dpsgd,19,0.2,0.02,0.2,0.20225319266319275,0.0335875041782856,0.20622627437114716
500,2.0,2.668102829441137,1e-05,gaussian,19,0.2,0.02,0.2,0.19967374205589294,0.02102040871977806,0.20195478200912476
500,2.0,2.668102829441137,1e-05,edge_flip,19,0.2,0.02,0.2,0.1982400268316269,0.021932004019618034,0.19632022082805634
500,5.0,1.0338953100711687,1e-05,sbm_dpsgd,0,0.2,0.02,0.2,0.20413726568222046,0.03150402754545212,0.20150478184223175
500,5.0,1.0338953100711687,1e-05,gaussian,0,0.2,0.02,0.2,0.19839121401309967,0.019715439528226852,0.19564571976661682
500,5.0,1.0338953100711687,1e-05,edge_flip,0,0.2,0.02,0.2,0.1956738382577896,0.008765050210058689,0.20364950597286224
500,5.0,1.0338953100711687,1e-05,sbm_dpsgd,1,0.2,0.02,0.2,0.20686298608779907,0.03242238610982895,0.2008977085351944
500,5.0,1.0338953100711687,1e-05,gaussian,1,0.2,0.02,0.2,0.19801881909370422,0.019723866134881973,0.19970320165157318
500,5.0,1.0338953100711687,1e-05,edge_flip,1,0.2,0.02,0.2,0.19540347158908844,0.017079085111618042,0.19945889711380005
500,5.0,1.0338953100711687,1e-05,sbm_dpsgd,2,0.2,0.02,0.2,0.20456616580486298,0.031547389924526215,0.1988968402147293
500,5.0,1.0338953100711687,1e-05,gaussian,2,0.2,0.02,0.2,0.2013780176639557,0.019705981016159058,0.19624373316764832
500,5.0,1.0338953100711687,1e-05,edge_flip,2,0.2,0.02,0.2,0.1977691352367401,0.018290847539901733,0.19959408044815063
500,5.0,1.0338953100711687,1e-05,sbm_dpsgd,3,0.2,0.02,0.2,0.20826512575149536,0.030813341960310936,0.20614349842071533
500,5.0,1.0338953100711687,1e-05,gaussian,3,0.2,0.02,0.2,0.20236800611019135,0.02028663456439972,0.19725850224494934
500,5.0,1.0338953100711687,1e-05,edge_flip,3,0.2,0.02,0.2,0.2091919332742691,0.02434965968132019,0.19493034482002258
500,5.0,1.0338953100711687,1e-05,sbm_dpsgd,4,0.2,0.02,0.2,0.2032625526189804,0.030102089047431946,0.2079215794801712
500,5.0,1.0338953100711687,1e-05,gaussian,4,0.2,0.02,0.2,0.20035289227962494,0.01966632343828678,0.20186372101306915
500,5.0,1.0338953100711687,1e-05,edge_flip,4,0.2,0.02,0.2,0.20486614108085632,0.020142151042819023,0.21088169515132904
500,5.0,1.0338953100711687,1e-05,sbm_dpsgd,5,0.2,0.02,0.2,0.20547950267791748,0.03416551277041435,0.20191197097301483
500,5.0,1.0338953100711687,1e-05,gaussian,5,0.2,0.02,0.2,0.19947293400764465,0.019993387162685394,0.19676637649536133
500,5.0,1.0338953100711687,1e-05,edge_flip,5,0.2,0.02,0.2,0.20250047743320465,0.017079085111618042,0.19749878346920013
500,5.0,1.0338953100711687,1e-05,sbm_dpsgd,6,0.2,0.02,0.2,0.19873569905757904,0.029662834480404854,0.20471826195716858
500,5.0,1.0338953100711687,1e-05,gaussian,6,0.2,0.02,0.2,0.19186514616012573,0.02044338919222355,0.200979545712471
500,5.0,1.0338953100711687,1e-05,edge_flip,6,0.2,0.02,0.2,0.19452479481697083,0.01970457099378109,0.20141902565956116
500,5.0,1.0338953100711687,1e-05,sbm_dpsgd,7,0.2,0.02,0.2,0.2034357786178589,0.03147745877504349,0.20687495172023773
500,5.0,1.0338953100711687,1e-05,gaussian,7,0.2,0.02,0.2,0.20091784000396729,0.01865473948419094,0.2028506100177765
500,5.0,1.0338953100711687,1e-05,edge_flip,7,0.2,0.02,0.2,0.1906045526266098,0.02182515524327755,0.19871540367603302
500,5.0,1.0338953100711687,1e-05,sbm_dpsgd,8,0.2,0.02,0.2,0.20260600745677948,0.02981588989496231,0.20048585534095764
500,5.0,1.0338953100711687,1e-05,gaussian,8,0.2,0.02,0.2,0.19564904272556305,0.019162137061357498,0.20020726323127747
500,5.0,1.0338953100711687,1e-05,edge_flip,8,0.2,0.02,0.2,0.20006722211837769,0.024787239730358124,0.20060794055461884
500,5.0,1.0338953100711687,1e-05,sbm_dpsgd,9,0.2,0.02,0.2,0.20299026370048523,0.031227583065629005,0.2025427669286728
500,5.0,1.0338953100711687,1e-05,gaussian,9,0.2,0.02,0.2,0.19844269752502441,0.02074626088142395,0.19956444203853607
500,5.0,1.0338953100711687,1e-05,edge_flip,9,0.2,0.02,0.2,0.19770154356956482,0.018021566793322563,0.18891479074954987
500,5.0,1.0338953100711687,1e-05,sbm_dpsgd,10,0.2,0.02,0.2,0.20439539849758148,0.03147036209702492,0.19899500906467438
500,5.0,1.0338953100711687,1e-05,gaussian,10,0.2,0.02,0.2,0.19768506288528442,0.019703960046172142,0.19789595901966095
500,5.0,1.0338953100711687,1e-05,edge_flip,10,0.2,0.02,0.2,0.20223011076450348,0.01825718767940998,0.19202394783496857
500,5.0,1.0338953100711687,1e-05,sbm_dpsgd,11,0.2,0.02,0.2,0.20593443512916565,0.030059954151511192,0.20718079805374146
500,5.0,1.0338953100711687,1e-05,gaussian,11,0.2,0.02,0.2,0.201813206076622,0.020784825086593628,0.20024453103542328
500,5.0,1.0338953100711687,1e-05,edge_flip,11,0.2,0.02,0.2,0.19432201981544495,0.016338564455509186,0.18594080209732056
500,5.0,1.0338953100711687,1e-05,sbm_dpsgd,12,0.2,0.02,0.2,0.2023947387933731,0.030752386897802353,0.2039448767900467
500,5.0,1.0338953100711687,1e-05,gaussian,12,0.2,0.02,0.2,0.20006579160690308,0.020436713472008705,0.19848428666591644
500,5.0,1.0338953100711687,1e-05,edge_flip,12,0.2,0.02,0.2,0.2081104815006256,0.012232036329805851,0.20033757388591766
500,5.0,1.0338953100711687,1e-05,sbm_dpsgd,13,0.2,0.02,0.2,0.20858976244926453,0.03226710483431816,0.20266276597976685
500,5.0,1.0338953100711687,1e-05,gaussian,13,0.2,0.02,0.2,0.2008209377527237,0.02082742750644684,0.19651031494140625
500,5.0,1.0338953100711687,1e-05,edge_flip,13,0.2,0.02,0.2,0.20986783504486084,0.023743778467178345,0.20635312795639038
500,5.0,1.0338953100711687,1e-05,sbm_dpsgd,14,0.2,0.02,0.2,0.2107391506433487,0.030049990862607956,0.20741057395935059
500,5.0,1.0338953100711687,1e-05,gaussian,14,0.2,0.02,0.2,0.2069254219532013,0.019579529762268066,0.19980770349502563
500,5.0,1.0338953100711687,1e-05,edge_flip,14,0.2,0.02,0.2,0.2039874643087387,0.023878417909145355,0.18553526699543
500,5.0,1.0338953100711687,1e-05,sbm_dpsgd,15,0.2,0.02,0.2,0.20275159180164337,0.031058259308338165,0.207483172416687
500,5.0,1.0338953100711687,1e-05,gaussian,15,0.2,0.02,0.2,0.19917410612106323,0.019729794934391975,0.20105566084384918
500,5.0,1.0338953100711687,1e-05,edge_flip,15,0.2,0.02,0.2,0.20540685951709747,0.015598042868077755,0.19830986857414246
500,5.0,1.0338953100711687,1e-05,sbm_dpsgd,16,0.2,0.02,0.2,0.20738773047924042,0.03199993073940277,0.20472411811351776
500,5.0,1.0338953100711687,1e-05,gaussian,16,0.2,0.02,0.2,0.2011125385761261,0.02022899128496647,0.2032904475927353
500,5.0,1.0338953100711687,1e-05,edge_flip,16,0.2,0.02,0.2,0.2039874643087387,0.01862744800746441,0.1987829953432083
500,5.0,1.0338953100711687,1e-05,sbm_dpsgd,17,0.2,0.02,0.2,0.2093426138162613,0.03166339173913002,0.20487502217292786
500,5.0,1.0338953100711687,1e-05,gaussian,17,0.2,0.02,0.2,0.20099318027496338,0.019447218626737595,0.20066671073436737
500,5.0,1.0338953100711687,1e-05,edge_flip,17,0.2,0.02,0.2,0.20432542264461517,0.023070577532052994,0.1946599781513214
500,5.0,1.0338953100711687,1e-05,sbm_dpsgd,18,0.2,0.02,0.2,0.20592615008354187,0.028247032314538956,0.2040751576423645
500,5.0,1.0338953100711687,1e-05,gaussian,18,0.2,0.02,0.2,0.1998220831155777,0.02027728781104088,0.19940662384033203
500,5.0,1.0338953100711687,1e-05,edge_flip,18,0.2,0.02,0.2,0.19405166804790497,0.015396082773804665,0.19438961148262024
500,5.0,1.0338953100711687,1e-05,sbm_dpsgd,19,0.2,0.02,0.2,0.2042054831981659,0.031149180606007576,0.21141724288463593
500,5.0,1.0338953100711687,1e-05,gaussian,19,0.2,0.02,0.2,0.2022278904914856,0.019274486228823662,0.2059095799922943
500,5.0,1.0338953100711687,1e-05,edge_flip,19,0.2,0.02,0.2,0.197971910238266,0.01415066048502922,0.21770833432674408
500,10.0,0.5431122541136532,1e-05,sbm_dpsgd,0,0.2,0.02,0.2,0.2078704982995987,0.031926654279232025,0.2056361585855484
500,10.0,0.5431122541136532,1e-05,gaussian,0,0.2,0.02,0.2,0.20080430805683136,0.02064775861799717,0.2033565193414688
500,10.0,0.5431122541136532,1e-05,edge_flip,0,0.2,0.02,0.2,0.20383156836032867,0.01095591951161623,0.20019537210464478
500,10.0,0.5431122541136532,1e-05,sbm_dpsgd,1,0.2,0.02,0.2,0.1952696144580841,0.027858110144734383,0.20944693684577942
500,10.0,0.5431122541136532,1e-05,gaussian,1,0.2,0.02,0.2,0.19228413701057434,0.01849696785211563,0.201606884598732
500,10.0,0.5431122541136532,1e-05,edge_flip,1,0.2,0.02,0.2,0.20080140233039856,0.01433613058179617,0.19195331633090973
500,10.0,0.5431122541136532,1e-05,sbm_dpsgd,2,0.2,0.02,0.2,0.20949353277683258,0.03225261718034744,0.20373518764972687
500,10.0,0.5431122541136532,1e-05,gaussian,2,0.2,0.02,0.2,0.2025933563709259,0.01944590173661709,0.19820252060890198
500,10.0,0.5431122541136532,1e-05,edge_flip,2,0.2,0.02,0.2,0.21025551855564117,0.011740610934793949,0.2188611924648285
500,10.0,0.5431122541136532,1e-05,sbm_dpsgd,3,0.2,0.02,0.2,0.207474023103714,0.03342961147427559,0.2066039741039276
500,10.0,0.5431122541136532,1e-05,gaussian,3,0.2,0.02,0.2,0.196283757686615,0.017939403653144836,0.201664999127388
500,10.0,0.5431122541136532,1e-05,edge_flip,3,0.2,0.02,0.2,0.2060132920742035,0.01469829585403204,0.20286191999912262
500,10.0,0.5431122541136532,1e-05,sbm_dpsgd,4,0.2,0.02,0.2,0.2051311880350113,0.03188934177160263,0.20237025618553162
500,10.0,0.5431122541136532,1e-05,gaussian,4,0.2,0.02,0.2,0.2016524225473404,0.020254207774996758,0.19578900933265686
500,10.0,0.5431122541136532,1e-05,edge_flip,4,0.2,0.02,0.2,0.20334674417972565,0.025925423949956894,0.2004377841949463
500,10.0,0.5431122541136532,1e-05,sbm_dpsgd,5,0.2,0.02,0.2,0.20655804872512817,0.03046652488410473,0.20937573909759521
500,10.0,0.5431122541136532,1e-05,gaussian,5,0.2,0.02,0.2,0.20008577406406403,0.020529627799987793,0.19759821891784668
500,10.0,0.5431122541136532,1e-05,edge_flip,5,0.2,0.02,0.2,0.19825606048107147,0.02308846265077591,0.19571071863174438
500,10.0,0.5431122541136532,1e-05,sbm_dpsgd,6,0.2,0.02,0.2,0.20649763941764832,0.034238051623106,0.21147139370441437
500,10.0,0.5431122541136532,1e-05,gaussian,6,0.2,0.02,0.2,0.2023630440235138,0.019066940993070602,0.2029249519109726
500,10.0,0.5431122541136532,1e-05,edge_flip,6,0.2,0.02,0.2,0.17910541594028473,0.014034326188266277,0.2096494883298874
500,10.0,0.5431122541136532,1e-05,sbm_dpsgd,7,0.2,0.02,0.2,0.20264145731925964,0.029563480988144875,0.2033199816942215
500,10.0,0.5431122541136532,1e-05,gaussian,7,0.2,0.02,0.2,0.19726750254631042,0.019713522866368294,0.19789816439151764
500,10.0,0.5431122541136532,1e-05,edge_flip,7,0.2,0.02,0.2,0.19813485443592072,0.019104642793536186,0.20455880463123322
500,10.0,0.5431122541136532,1e-05,sbm_dpsgd,8,0.2,0.02,0.2,0.20161186158657074,0.031053300946950912,0.2031051516532898
500,10.0,0.5431122541136532,1e-05,gaussian,8,0.2,0.02,0.2,0.200039803981781,0.019199008122086525,0.1985897421836853
500,10.0,0.5431122541136532,1e-05,edge_flip,8,0.2,0.02,0.2,0.1998317539691925,0.014517213217914104,0.1886807382106781
500,10.0,0.5431122541136532,1e-05,sbm_dpsgd,9,0.2,0.02,0.2,0.20597901940345764,0.027034994214773178,0.20378048717975616
500,10.0,0.5431122541136532,1e-05,gaussian,9,0.2,0.02,0.2,0.1996406465768814,0.019920188933610916,0.19840922951698303
500,10.0,0.5431122541136532,1e-05,edge_flip,9,0.2,0.02,0.2,0.2043163925409317,0.011257723905146122,0.20092260837554932
500,10.0,0.5431122541136532,1e-05,sbm_dpsgd,10,0.2,0.02,0.2,0.20482106506824493,0.03262565657496452,0.20174404978752136
500,10.0,0.5431122541136532,1e-05,gaussian,10,0.2,0.02,0.2,0.20189018547534943,0.02066205069422722,0.19882719218730927
500,10.0,0.5431122541136532,1e-05,edge_flip,10,0.2,0.02,0.2,0.20371036231517792,0.021096551790833473,0.19328658282756805
500,10.0,0.5431122541136532,1e-05,sbm_dpsgd,11,0.2,0.02,0.2,0.207381933927536,0.0295132827013731,0.2027769684791565
500,10.0,0.5431122541136532,1e-05,gaussian,11,0.2,0.02,0.2,0.20220652222633362,0.01929163746535778,0.19845367968082428
500,10.0,0.5431122541136532,1e-05,edge_flip,11,0.2,0.02,0.2,0.22407308220863342,0.014094687066972256,0.2034679502248764
500,10.0,0.5431122541136532,1e-05,sbm_dpsgd,12,0.2,0.02,0.2,0.20878852903842926,0.03681224584579468,0.20505669713020325
500,10.0,0.5431122541136532,1e-05,gaussian,12,0.2,0.02,0.2,0.200889453291893,0.021048443391919136,0.1998765915632248
500,10.0,0.5431122541136532,1e-05,edge_flip,12,0.2,0.02,0.2,0.19377142190933228,0.014819017611443996,0.19716520607471466
500,10.0,0.5431122541136532,1e-05,sbm_dpsgd,13,0.2,0.02,0.2,0.21147790551185608,0.027304716408252716,0.209059938788414
500,10.0,0.5431122541136532,1e-05,gaussian,13,0.2,0.02,0.2,0.20536600053310394,0.019595468416810036,0.2013135403394699
500,10.0,0.5431122541136532,1e-05,edge_flip,13,0.2,0.02,0.2,0.20298312604427338,0.003350445069372654,0.19074125587940216
500,10.0,0.5431122541136532,1e-05,sbm_dpsgd,14,0.2,0.02,0.2,0.19971799850463867,0.02558921091258526,0.20715688169002533
500,10.0,0.5431122541136532,1e-05,gaussian,14,0.2,0.02,0.2,0.20107266306877136,0.019472215324640274,0.20004552602767944
500,10.0,0.5431122541136532,1e-05,edge_flip,14,0.2,0.02,0.2,0.21570982038974762,0.011076641269028187,0.21777032315731049
500,10.0,0.5431122541136532,1e-05,sbm_dpsgd,15,0.2,0.02,0.2,0.2106923758983612,0.029236558824777603,0.21395361423492432
500,10.0,0.5431122541136532,1e-05,gaussian,15,0.2,0.02,0.2,0.20098887383937836,0.019320623949170113,0.20626115798950195
500,10.0,0.5431122541136532,1e-05,edge_flip,15,0.2,0.02,0.2,0.2107403427362442,0.03135790675878525,0.22298221290111542
500,10.0,0.5431122541136532,1e-05,sbm_dpsgd,16,0.2,0.02,0.2,0.20650343596935272,0.03096301108598709,0.2083979994058609
500,10.0,0.5431122541136532,1e-05,gaussian,16,0.2,0.02,0.2,0.20193596184253693,0.019892390817403793,0.20177504420280457
500,10.0,0.5431122541136532,1e-05,edge_flip,16,0.2,0.02,0.2,0.20031657814979553,0.014577574096620083,0.2026194930076599
500,10.0,0.5431122541136532,1e-05,sbm_dpsgd,17,0.2,0.02,0.2,0.204726442694664,0.02980179898440838,0.19977064430713654
500,10.0,0.5431122541136532,1e-05,gaussian,17,0.2,0.02,0.2,0.20114745199680328,0.019880330190062523,0.1967054158449173
500,10.0,0.5431122541136532,1e-05,edge_flip,17,0.2,0.02,0.2,0.21873998641967773,0.016146957874298096,0.1976500302553177
500,10.0,0.5431122541136532,1e-05,sbm_dpsgd,18,0.2,0.02,0.2,0.20775045454502106,0.034877851605415344,0.2009306401014328
500,10.0,0.5431122541136532,1e-05,gaussian,18,0.2,0.02,0.2,0.20337536931037903,0.020150408148765564,0.19808289408683777
500,10.0,0.5431122541136532,1e-05,edge_flip,18,0.2,0.02,0.2,0.20504362881183624,0.02345062792301178,0.1931653767824173
500,10.0,0.5431122541136532,1e-05,sbm_dpsgd,19,0.2,0.02,0.2,0.20609161257743835,0.03497987240552902,0.20640328526496887
500,10.0,0.5431122541136532,1e-05,gaussian,19,0.2,0.02,0.2,0.19849428534507751,0.01996169425547123,0.20180189609527588
500,10.0,0.5431122541136532,1e-05,edge_flip,19,0.2,0.02,0.2,0.20395277440547943,0.021337995305657387,0.19268055260181427
500,20.0,0.40561225411365304,1e-05,sbm_dpsgd,0,0.2,0.02,0.2,0.20455707609653473,0.03301749378442764,0.20952652394771576
500,20.0,0.40561225411365304,1e-05,gaussian,0,0.2,0.02,0.2,0.20208057761192322,0.019104931503534317,0.20412886142730713
500,20.0,0.40561225411365304,1e-05,edge_flip,0,0.2,0.02,0.2,0.19560949504375458,0.009453234262764454,0.2017117589712143
500,20.0,0.40561225411365304,1e-05,sbm_dpsgd,1,0.2,0.02,0.2,0.20234625041484833,0.0393688827753067,0.2027236819267273
500,20.0,0.40561225411365304,1e-05,gaussian,1,0.2,0.02,0.2,0.19653348624706268,0.021563895046710968,0.19942738115787506
500,20.0,0.40561225411365304,1e-05,edge_flip,1,0.2,0.02,0.2,0.19641242921352386,0.03440442308783531,0.19978474080562592
500,20.0,0.40561225411365304,1e-05,sbm_dpsgd,2,0.2,0.02,0.2,0.2027086466550827,0.03253554180264473,0.2110832929611206
500,20.0,0.40561225411365304,1e-05,gaussian,2,0.2,0.02,0.2,0.20109130442142487,0.01993499882519245,0.20232559740543365
500,20.0,0.40561225411365304,1e-05,edge_flip,2,0.2,0.02,0.2,0.18420790135860443,0.012492161244153976,0.193361297249794
500,20.0,0.40561225411365304,1e-05,sbm_dpsgd,3,0.2,0.02,0.2,0.21173931658267975,0.02976888418197632,0.2034783512353897
500,20.0,0.40561225411365304,1e-05,gaussian,3,0.2,0.02,0.2,0.20098544657230377,0.01973959617316723,0.19570864737033844
500,20.0,0.40561225411365304,1e-05,edge_flip,3,0.2,0.02,0.2,0.20556582510471344,0.01849004253745079,0.17553627490997314
500,20.0,0.40561225411365304,1e-05,sbm_dpsgd,4,0.2,0.02,0.2,0.20891040563583374,0.035950273275375366,0.20593133568763733
500,20.0,0.40561225411365304,1e-05,gaussian,4,0.2,0.02,0.2,0.1991245001554489,0.019226660951972008,0.1974799484014511
500,20.0,0.40561225411365304,1e-05,edge_flip,4,0.2,0.02,0.2,0.2076534479856491,0.00817368645220995,0.18838313221931458
500,20.0,0.40561225411365304,1e-05,sbm_dpsgd,5,0.2,0.02,0.2,0.21030203998088837,0.03188888356089592,0.20639503002166748
500,20.0,0.40561225411365304,1e-05,gaussian,5,0.2,0.02,0.2,0.20223231613636017,0.019681347534060478,0.19894953072071075
500,20.0,0.40561225411365304,1e-05,edge_flip,5,0.2,0.02,0.2,0.21423746645450592,0.006414307281374931,0.19785770773887634
500,20.0,0.40561225411365304,1e-05,sbm_dpsgd,6,0.2,0.02,0.2,0.2128029763698578,0.031374916434288025,0.2126375287771225
500,20.0,0.40561225411365304,1e-05,gaussian,6,0.2,0.02,0.2,0.1981605440378189,0.01900610513985157,0.20050321519374847
500,20.0,0.40561225411365304,1e-05,edge_flip,6,0.2,0.02,0.2,0.19705477356910706,0.010412895120680332,0.20588698983192444
500,20.0,0.40561225411365304,1e-05,sbm_dpsgd,7,0.2,0.02,0.2,0.20383216440677643,0.023671915754675865,0.2046251893043518
500,20.0,0.40561225411365304,1e-05,gaussian,7,0.2,0.02,0.2,0.20071037113666534,0.019550153985619545,0.19867458939552307
500,20.0,0.40561225411365304,1e-05,edge_flip,7,0.2,0.02,0.2,0.20219352841377258,0.01425153948366642,0.200266495347023
500,20.0,0.40561225411365304,1e-05,sbm_dpsgd,8,0.2,0.02,0.2,0.2089446485042572,0.03080179914832115,0.21002471446990967
500,20.0,0.40561225411365304,1e-05,gaussian,8,0.2,0.02,0.2,0.1982620358467102,0.019003577530384064,0.20565281808376312
500,20.0,0.40561225411365304,1e-05,edge_flip,8,0.2,0.02,0.2,0.17007635533809662,0.001056199660524726,0.19560949504375458
500,20.0,0.40561225411365304,1e-05,sbm_dpsgd,9,0.2,0.02,0.2,0.21374188363552094,0.03729155659675598,0.19778992235660553
500,20.0,0.40561225411365304,1e-05,gaussian,9,0.2,0.02,0.2,0.19902095198631287,0.01829206943511963,0.2000221312046051
500,20.0,0.40561225411365304,1e-05,edge_flip,9,0.2,0.02,0.2,0.17039752006530762,0.015211201272904873,0.1932007074356079
500,20.0,0.40561225411365304,1e-05,sbm_dpsgd,10,0.2,0.02,0.2,0.20711249113082886,0.034065887331962585,0.2148229479789734
500,20.0,0.40561225411365304,1e-05,gaussian,10,0.2,0.02,0.2,0.1987908035516739,0.019849909469485283,0.20295685529708862
500,20.0,0.40561225411365304,1e-05,edge_flip,10,0.2,0.02,0.2,0.22531788051128387,0.025127699598670006,0.193361297249794
500,20.0,0.40561225411365304,1e-05,sbm_dpsgd,11,0.2,0.02,0.2,0.2084837406873703,0.029466282576322556,0.20604069530963898
500,20.0,0.40561225411365304,1e-05,gaussian,11,0.2,0.02,0.2,0.203556627035141,0.01959027349948883,0.19892941415309906
500,20.0,0.40561225411365304,1e-05,edge_flip,11,0.2,0.02,0.2,0.21825210750102997,0.021848857402801514,0.19721536338329315
500,20.0,0.40561225411365304,1e-05,sbm_dpsgd,12,0.2,0.02,0.2,0.2122437208890915,0.027746694162487984,0.20862063765525818
500,20.0,0.40561225411365304,1e-05,gaussian,12,0.2,0.02,0.2,0.20152722299098969,0.019966237246990204,0.20277167856693268
500,20.0,0.40561225411365304,1e-05,edge_flip,12,0.2,0.02,0.2,0.21102574467658997,0.03264504298567772,0.22772666811943054
500,20.0,0.40561225411365304,1e-05,sbm_dpsgd,13,0.2,0.02,0.2,0.19885891675949097,0.03564634174108505,0.20602265000343323
500,20.0,0.40561225411365304,1e-05,gaussian,13,0.2,0.02,0.2,0.2008206844329834,0.021292803809046745,0.1996786892414093
500,20.0,0.40561225411365304,1e-05,edge_flip,13,0.2,0.02,0.2,0.22194558382034302,0.010652810335159302,0.21134690940380096
500,20.0,0.40561225411365304,1e-05,sbm_dpsgd,14,0.2,0.02,0.2,0.1973552256822586,0.0281709935516119,0.20880022644996643
500,20.0,0.40561225411365304,1e-05,gaussian,14,0.2,0.02,0.2,0.19627371430397034,0.01876472681760788,0.20304527878761292
500,20.0,0.40561225411365304,1e-05,edge_flip,14,0.2,0.02,0.2,0.20508407056331635,0.022968461737036705,0.2017117589712143
500,20.0,0.40561225411365304,1e-05,sbm_dpsgd,15,0.2,0.02,0.2,0.20383478701114655,0.027174221351742744,0.19704709947109222
500,20.0,0.40561225411365304,1e-05,gaussian,15,0.2,0.02,0.2,0.1950680911540985,0.02045784704387188,0.19941173493862152
500,20.0,0.40561225411365304,1e-05,edge_flip,15,0.2,0.02,0.2,0.22001855075359344,0.024008093401789665,0.19512774050235748
500,20.0,0.40561225411365304,1e-05,sbm_dpsgd,16,0.2,0.02,0.2,0.21018058061599731,0.0389808751642704,0.19711531698703766
500,20.0,0.40561225411365304,1e-05,gaussian,16,0.2,0.02,0.2,0.20471569895744324,0.019930843263864517,0.19553180038928986
500,20.0,0.40561225411365304,1e-05,edge_flip,16,0.2,0.02,0.2,0.20652933418750763,0.020729253068566322,0.19239778816699982
500,20.0,0.40561225411365304,1e-05,sbm_dpsgd,17,0.2,0.02,0.2,0.207417294383049,0.03065505065023899,0.19843116402626038
500,20.0,0.40561225411365304,1e-05,gaussian,17,0.2,0.02,0.2,0.19787545502185822,0.019390741363167763,0.20305074751377106
500,20.0,0.40561225411365304,1e-05,edge_flip,17,0.2,0.02,0.2,0.18452908098697662,0.023128405213356018,0.1795509159564972
500,20.0,0.40561225411365304,1e-05,sbm_dpsgd,18,0.2,0.02,0.2,0.20337127149105072,0.0338834710419178,0.20095384120941162
500,20.0,0.40561225411365304,1e-05,gaussian,18,0.2,0.02,0.2,0.1996307522058487,0.019710348919034004,0.1993464082479477
500,20.0,0.40561225411365304,1e-05,edge_flip,18,0.2,0.02,0.2,0.2017117589712143,0.030485806986689568,0.22852960228919983
500,20.0,0.40561225411365304,1e-05,sbm_dpsgd,19,0.2,0.02,0.2,0.20552900433540344,0.02900831401348114,0.213501438498497
500,20.0,0.40561225411365304,1e-05,gaussian,19,0.2,0.02,0.2,0.19522231817245483,0.019946927204728127,0.1992163509130478
500,20.0,0.40561225411365304,1e-05,edge_flip,19,0.2,0.02,0.2,0.1854925900697708,0.03056577779352665,0.22515730559825897
