N,sigma,epsilon,rep,method,epsilon_gamma,epsilon_beta,epsilon_rho,epochs,epochs_gamma,epochs_beta,delta,beta_true_00,beta_true_01,beta_true_11,beta_est_00,beta_est_01,beta_est_11,nmi
100,0.1,1605.2166291686756,0,edge_flip_vem,,,,279,,,1e-05,0.2,0.02,0.2,0.20326530933380127,0.01720000058412552,0.2179591804742813,1.0
100,0.1,1605.2166291686756,0,sbm_dpsgd_all_noised,1492.9944069464532,122.62403657608145,5.635918426327381,11.0,6.0,5.0,1e-05,0.2,0.02,0.2,0.14606770873069763,0.11496500670909882,0.2013293355703354,0.0863399642869166
100,0.1,1605.2166291686756,1,edge_flip_vem,,,,222,,,1e-05,0.2,0.02,0.2,0.2008163332939148,0.026399999856948853,0.19428572058677673,1.0
100,0.1,1605.2166291686756,1,sbm_dpsgd_all_noised,1492.9944069464532,122.62403657608145,5.635918426327381,11.0,6.0,5.0,1e-05,0.2,0.02,0.2,0.14260385930538177,0.12239442765712738,0.19400188326835632,8.632474883146733e-16
100,0.1,1605.2166291686756,2,edge_flip_vem,,,,189,,,1e-05,0.2,0.02,0.2,0.21306122839450836,0.01640000008046627,0.2024489790201187,1.0
100,0.1,1605.2166291686756,2,sbm_dpsgd_all_noised,1492.9944069464532,122.62403657608145,5.635918426327381,11.0,6.0,5.0,1e-05,0.2,0.02,0.2,0.22135166823863983,0.04665829613804817,0.20901146531105042,0.7648442977525683
100,0.1,1605.2166291686756,3,edge_flip_vem,,,,731,,,1e-05,0.2,0.02,0.2,0.1921568661928177,0.023209283128380775,0.22959183156490326,0.9291252238549075
100,0.1,1605.2166291686756,3,sbm_dpsgd_all_noised,1492.9944069464532,122.62403657608145,5.635918426327381,11.0,6.0,5.0,1e-05,0.2,0.02,0.2,0.2184281200170517,0.07776796072721481,0.19411270320415497,0.47063913471263574
100,0.1,1605.2166291686756,4,edge_flip_vem,,,,294,,,1e-05,0.2,0.02,0.2,0.20571428537368774,0.018799999728798866,0.1893877536058426,1.0
100,0.1,1605.2166291686756,4,sbm_dpsgd_all_noised,1492.9944069464532,122.62403657608145,5.635918426327381,11.0,6.0,5.0,1e-05,0.2,0.02,0.2,0.17872454226016998,0.05108451098203659,0.23587237298488617,0.6770006327837454
100,0.1,1605.2166291686756,5,edge_flip_vem,,,,477,,,1e-05,0.2,0.02,0.2,0.19020408391952515,0.018799999728798866,0.1951020359992981,1.0
100,0.1,1605.2166291686756,5,sbm_dpsgd_all_noised,1492.9944069464532,122.62403657608145,5.635918426327381,11.0,6.0,5.0,1e-05,0.2,0.02,0.2,0.17044885456562042,0.06698931753635406,0.21568460762500763,0.5333833942150725
100,0.1,1605.2166291686756,6,edge_flip_vem,,,,906,,,1e-05,0.2,0.02,0.2,0.06949152797460556,0.10916666686534882,0.2064102590084076,0.019622102805851988
100,0.1,1605.2166291686756,6,sbm_dpsgd_all_noised,1492.9944069464532,122.62403657608145,5.635918426327381,11.0,6.0,5.0,1e-05,0.2,0.02,0.2,0.2033006250858307,0.06521248817443848,0.21166159212589264,0.6009721799981695
100,0.1,1605.2166291686756,7,edge_flip_vem,,,,193,,,1e-05,0.2,0.02,0.2,0.1967346966266632,0.018799999728798866,0.21551020443439484,1.0
100,0.1,1605.2166291686756,7,sbm_dpsgd_all_noised,1492.9944069464532,122.62403657608145,5.635918426327381,11.0,6.0,5.0,1e-05,0.2,0.02,0.2,0.21878522634506226,0.05811314657330513,0.20675566792488098,0.7648442977525683
100,0.1,1605.2166291686756,8,edge_flip_vem,,,,313,,,1e-05,0.2,0.02,0.2,0.10626262426376343,0.0,0.0,0.0
100,0.1,1605.2166291686756,8,sbm_dpsgd_all_noised,1492.9944069464532,122.62403657608145,5.635918426327381,11.0,6.0,5.0,1e-05,0.2,0.02,0.2,0.16002331674098969,0.12175590544939041,0.17320552468299866,0.00742391202620948
100,0.1,1605.2166291686756,9,edge_flip_vem,,,,510,,,1e-05,0.2,0.02,0.2,0.20000000298023224,0.018400000408291817,0.20979592204093933,1.0
100,0.1,1605.2166291686756,9,sbm_dpsgd_all_noised,1492.9944069464532,122.62403657608145,5.635918426327381,11.0,6.0,5.0,1e-05,0.2,0.02,0.2,0.2548096477985382,0.05235080420970917,0.1928212195634842,0.6770006327837454
100,0.1,1605.2166291686756,10,edge_flip_vem,,,,174,,,1e-05,0.2,0.02,0.2,0.1951020359992981,0.01759999990463257,0.20000000298023224,1.0
100,0.1,1605.2166291686756,10,sbm_dpsgd_all_noised,1492.9944069464532,122.62403657608145,5.635918426327381,11.0,6.0,5.0,1e-05,0.2,0.02,0.2,0.17553330957889557,0.09061446785926819,0.18843264877796173,0.3769685615198214
100,0.1,1605.2166291686756,11,edge_flip_vem,,,,274,,,1e-05,0.2,0.02,0.2,0.0,0.0,0.11252525448799133,0.0
100,0.1,1605.2166291686756,11,sbm_dpsgd_all_noised,1492.9944069464532,122.62403657608145,5.635918426327381,11.0,6.0,5.0,1e-05,0.2,0.02,0.2,0.21331748366355896,0.05099640414118767,0.22086051106452942,0.8079616479391557
100,0.1,1605.2166291686756,12,edge_flip_vem,,,,197,,,1e-05,0.2,0.02,0.2,0.18448980152606964,0.018799999728798866,0.19755102694034576,1.0
100,0.1,1605.2166291686756,12,sbm_dpsgd_all_noised,1492.9944069464532,122.62403657608145,5.635918426327381,11.0,6.0,5.0,1e-05,0.2,0.02,0.2,0.20081835985183716,0.05947032943367958,0.2058401107788086,0.47063913471263574
100,0.1,1605.2166291686756,13,edge_flip_vem,,,,601,,,1e-05,0.2,0.02,0.2,0.21877551078796387,0.02319999970495701,0.1893877536058426,1.0
100,0.1,1605.2166291686756,13,sbm_dpsgd_all_noised,1492.9944069464532,122.62403657608145,5.635918426327381,11.0,6.0,5.0,1e-05,0.2,0.02,0.2,0.20666050910949707,0.055968623608350754,0.22789575159549713,0.6109637147284563
100,0.1,1605.2166291686756,14,edge_flip_vem,,,,584,,,1e-05,0.2,0.02,0.2,0.20816326141357422,0.02199999988079071,0.17877550423145294,1.0
100,0.1,1605.2166291686756,14,sbm_dpsgd_all_noised,1492.9944069464532,122.62403657608145,5.635918426327381,11.0,6.0,5.0,1e-05,0.2,0.02,0.2,0.21156059205532074,0.06711869686841965,0.19880878925323486,0.4782391721952393
100,0.1,1605.2166291686756,15,edge_flip_vem,,,,242,,,1e-05,0.2,0.02,0.2,0.19183672964572906,0.01759999990463257,0.19428572058677673,1.0
100,0.1,1605.2166291686756,15,sbm_dpsgd_all_noised,1492.9944069464532,122.62403657608145,5.635918426327381,11.0,6.0,5.0,1e-05,0.2,0.02,0.2,0.19913829863071442,0.12316980212926865,0.14070065319538116,0.015995526195054188
100,0.1,1605.2166291686756,16,edge_flip_vem,,,,713,,,1e-05,0.2,0.02,0.2,0.19265305995941162,0.021199999377131462,0.19346939027309418,1.0
100,0.1,1605.2166291686756,16,sbm_dpsgd_all_noised,1492.9944069464532,122.62403657608145,5.635918426327381,11.0,6.0,5.0,1e-05,0.2,0.02,0.2,0.1501636952161789,0.11789343506097794,0.20116640627384186,0.02517440612296311
100,0.1,1605.2166291686756,17,edge_flip_vem,,,,279,,,1e-05,0.2,0.02,0.2,0.19755102694034576,0.024399999529123306,0.18857142329216003,1.0
100,0.1,1605.2166291686756,17,sbm_dpsgd_all_noised,1492.9944069464532,122.62403657608145,5.635918426327381,11.0,6.0,5.0,1e-05,0.2,0.02,0.2,0.1858883500099182,0.0992792397737503,0.17364005744457245,0.09561854227550716
100,0.1,1605.2166291686756,18,edge_flip_vem,,,,286,,,1e-05,0.2,0.02,0.2,0.20326530933380127,0.019999999552965164,0.18775510787963867,1.0
100,0.1,1605.2166291686756,18,sbm_dpsgd_all_noised,1492.9944069464532,122.62403657608145,5.635918426327381,11.0,6.0,5.0,1e-05,0.2,0.02,0.2,0.1787872016429901,0.05643753707408905,0.2305603176355362,0.4782391721952393
100,0.1,1605.2166291686756,19,edge_flip_vem,,,,222,,,1e-05,0.2,0.02,0.2,0.18448980152606964,0.015200000256299973,0.19265305995941162,1.0
100,0.1,1605.2166291686756,19,sbm_dpsgd_all_noised,1492.9944069464532,122.62403657608145,5.635918426327381,11.0,6.0,5.0,1e-05,0.2,0.02,0.2,0.19835247099399567,0.06006862595677376,0.18218378722667694,0.6349910030198422
100,0.5,75.26107361311833,0,edge_flip_vem,,,,279,,,1e-05,0.2,0.02,0.2,0.20326530933380127,0.01720000058412552,0.2179591804742813,1.0
100,0.5,75.26107361311833,0,sbm_dpsgd_all_noised,70.77218472422943,12.423129399151788,1.0338953100711687,11.0,6.0,5.0,1e-05,0.2,0.02,0.2,0.1523297280073166,0.12500788271427155,0.18868647515773773,0.01164450506997332
100,0.5,75.26107361311833,1,edge_flip_vem,,,,222,,,1e-05,0.2,0.02,0.2,0.2008163332939148,0.026399999856948853,0.19428572058677673,1.0
100,0.5,75.26107361311833,1,sbm_dpsgd_all_noised,70.77218472422943,12.423129399151788,1.0338953100711687,11.0,6.0,5.0,1e-05,0.2,0.02,0.2,0.14766018092632294,0.12053651362657547,0.1958434283733368,0.05371357387673333
100,0.5,75.26107361311833,2,edge_flip_vem,,,,189,,,1e-05,0.2,0.02,0.2,0.21306122839450836,0.01640000008046627,0.2024489790201187,1.0
100,0.5,75.26107361311833,2,sbm_dpsgd_all_noised,70.77218472422943,12.423129399151788,1.0338953100711687,11.0,6.0,5.0,1e-05,0.2,0.02,0.2,0.22687533497810364,0.038520447909832,0.2156388759613037,0.8585594574581797
100,0.5,75.26107361311833,3,edge_flip_vem,,,,731,,,1e-05,0.2,0.02,0.2,0.1921568661928177,0.023209283128380775,0.22959183156490326,0.9291252238549075
100,0.5,75.26107361311833,3,sbm_dpsgd_all_noised,70.77218472422943,12.423129399151788,1.0338953100711687,11.0,6.0,5.0,1e-05,0.2,0.02,0.2,0.23295745253562927,0.0996851697564125,0.16501761972904205,0.28135366840352244
100,0.5,75.26107361311833,4,edge_flip_vem,,,,294,,,1e-05,0.2,0.02,0.2,0.20571428537368774,0.018799999728798866,0.1893877536058426,1.0
100,0.5,75.26107361311833,4,sbm_dpsgd_all_noised,70.77218472422943,12.423129399151788,1.0338953100711687,11.0,6.0,5.0,1e-05,0.2,0.02,0.2,0.18006128072738647,0.05022004246711731,0.2343679815530777,0.6725550808455241
100,0.5,75.26107361311833,5,edge_flip_vem,,,,477,,,1e-05,0.2,0.02,0.2,0.19020408391952515,0.018799999728798866,0.1951020359992981,1.0
100,0.5,75.26107361311833,5,sbm_dpsgd_all_noised,70.77218472422943,12.423129399151788,1.0338953100711687,11.0,6.0,5.0,1e-05,0.2,0.02,0.2,0.18390358984470367,0.06655160337686539,0.20748941600322723,0.5310044064107192
100,0.5,75.26107361311833,6,edge_flip_vem,,,,906,,,1e-05,0.2,0.02,0.2,0.06949152797460556,0.10916666686534882,0.2064102590084076,0.019622102805851988
100,0.5,75.26107361311833,6,sbm_dpsgd_all_noised,70.77218472422943,12.423129399151788,1.0338953100711687,11.0,6.0,5.0,1e-05,0.2,0.02,0.2,0.2198120504617691,0.05961032211780548,0.20750346779823303,0.564205452925309
100,0.5,75.26107361311833,7,edge_flip_vem,,,,193,,,1e-05,0.2,0.02,0.2,0.1967346966266632,0.018799999728798866,0.21551020443439484,1.0
100,0.5,75.26107361311833,7,sbm_dpsgd_all_noised,70.77218472422943,12.423129399151788,1.0338953100711687,11.0,6.0,5.0,1e-05,0.2,0.02,0.2,0.1992681324481964,0.08736003935337067,0.198067307472229,0.32091195187981514
100,0.5,75.26107361311833,8,edge_flip_vem,,,,313,,,1e-05,0.2,0.02,0.2,0.10626262426376343,0.0,0.0,0.0
100,0.5,75.26107361311833,8,sbm_dpsgd_all_noised,70.77218472422943,12.423129399151788,1.0338953100711687,11.0,6.0,5.0,1e-05,0.2,0.02,0.2,0.16255636513233185,0.12331129610538483,0.1835835725069046,0.023829731360150475
100,0.5,75.26107361311833,9,edge_flip_vem,,,,510,,,1e-05,0.2,0.02,0.2,0.20000000298023224,0.018400000408291817,0.20979592204093933,1.0
100,0.5,75.26107361311833,9,sbm_dpsgd_all_noised,70.77218472422943,12.423129399151788,1.0338953100711687,11.0,6.0,5.0,1e-05,0.2,0.02,0.2,0.24698925018310547,0.05044176056981087,0.19815929234027863,0.5310044064107192
100,0.5,75.26107361311833,10,edge_flip_vem,,,,174,,,1e-05,0.2,0.02,0.2,0.1951020359992981,0.01759999990463257,0.20000000298023224,1.0
100,0.5,75.26107361311833,10,sbm_dpsgd_all_noised,70.77218472422943,12.423129399151788,1.0338953100711687,11.0,6.0,5.0,1e-05,0.2,0.02,0.2,0.16142965853214264,0.12444507330656052,0.16288617253303528,0.029114383118891984
100,0.5,75.26107361311833,11,edge_flip_vem,,,,274,,,1e-05,0.2,0.02,0.2,0.0,0.0,0.11252525448799133,0.0
100,0.5,75.26107361311833,11,sbm_dpsgd_all_noised,70.77218472422943,12.423129399151788,1.0338953100711687,11.0,6.0,5.0,1e-05,0.2,0.02,0.2,0.1873445361852646,0.0890606939792633,0.20429542660713196,0.47823917219523926
100,0.5,75.26107361311833,12,edge_flip_vem,,,,197,,,1e-05,0.2,0.02,0.2,0.18448980152606964,0.018799999728798866,0.19755102694034576,1.0
100,0.5,75.26107361311833,12,sbm_dpsgd_all_noised,70.77218472422943,12.423129399151788,1.0338953100711687,11.0,6.0,5.0,1e-05,0.2,0.02,0.2,0.19570374488830566,0.06557553261518478,0.20678642392158508,0.5310044064107192
100,0.5,75.26107361311833,13,edge_flip_vem,,,,601,,,1e-05,0.2,0.02,0.2,0.21877551078796387,0.02319999970495701,0.1893877536058426,1.0
100,0.5,75.26107361311833,13,sbm_dpsgd_all_noised,70.77218472422943,12.423129399151788,1.0338953100711687,11.0,6.0,5.0,1e-05,0.2,0.02,0.2,0.22008191049098969,0.0567675456404686,0.2144772708415985,0.8079616479391557
100,0.5,75.26107361311833,14,edge_flip_vem,,,,584,,,1e-05,0.2,0.02,0.2,0.20816326141357422,0.02199999988079071,0.17877550423145294,1.0
100,0.5,75.26107361311833,14,sbm_dpsgd_all_noised,70.77218472422943,12.423129399151788,1.0338953100711687,11.0,6.0,5.0,1e-05,0.2,0.02,0.2,0.2215176224708557,0.0683194249868393,0.20303598046302795,0.5697389043881019
100,0.5,75.26107361311833,15,edge_flip_vem,,,,242,,,1e-05,0.2,0.02,0.2,0.19183672964572906,0.01759999990463257,0.19428572058677673,1.0
100,0.5,75.26107361311833,15,sbm_dpsgd_all_noised,70.77218472422943,12.423129399151788,1.0338953100711687,11.0,6.0,5.0,1e-05,0.2,0.02,0.2,0.2054651379585266,0.11515488475561142,0.1465873420238495,0.0030699128472179648
100,0.5,75.26107361311833,16,edge_flip_vem,,,,713,,,1e-05,0.2,0.02,0.2,0.19265305995941162,0.021199999377131462,0.19346939027309418,1.0
100,0.5,75.26107361311833,16,sbm_dpsgd_all_noised,70.77218472422943,12.423129399151788,1.0338953100711687,11.0,6.0,5.0,1e-05,0.2,0.02,0.2,0.17405085265636444,0.09732460230588913,0.20039153099060059,0.28135366840352244
100,0.5,75.26107361311833,17,edge_flip_vem,,,,279,,,1e-05,0.2,0.02,0.2,0.19755102694034576,0.024399999529123306,0.18857142329216003,1.0
100,0.5,75.26107361311833,17,sbm_dpsgd_all_noised,70.77218472422943,12.423129399151788,1.0338953100711687,11.0,6.0,5.0,1e-05,0.2,0.02,0.2,0.18009528517723083,0.11173569411039352,0.16883625090122223,0.22582638531252477
100,0.5,75.26107361311833,18,edge_flip_vem,,,,286,,,1e-05,0.2,0.02,0.2,0.20326530933380127,0.019999999552965164,0.18775510787963867,1.0
100,0.5,75.26107361311833,18,sbm_dpsgd_all_noised,70.77218472422943,12.423129399151788,1.0338953100711687,11.0,6.0,5.0,1e-05,0.2,0.02,0.2,0.19655995070934296,0.05209548398852348,0.21976672112941742,0.6425925571552905
100,0.5,75.26107361311833,19,edge_flip_vem,,,,222,,,1e-05,0.2,0.02,0.2,0.18448980152606964,0.015200000256299973,0.19265305995941162,1.0
100,0.5,75.26107361311833,19,sbm_dpsgd_all_noised,70.77218472422943,12.423129399151788,1.0338953100711687,11.0,6.0,5.0,1e-05,0.2,0.02,0.2,0.20455758273601532,0.05545707419514656,0.18184414505958557,0.5333833942150725
100,1.0,27.449962502007253,0,edge_flip_vem,,,,279,,,1e-05,0.2,0.02,0.2,0.20326530933380127,0.01720000058412552,0.2179591804742813,1.0
100,1.0,27.449962502007253,0,sbm_dpsgd_all_noised,26.32774027978503,5.635918426327381,0.5431122541136532,11.0,6.0,5.0,1e-05,0.2,0.02,0.2,0.15665704011917114,0.11448528617620468,0.20442470908164978,0.005010844677767303
100,1.0,27.449962502007253,1,edge_flip_vem,,,,222,,,1e-05,0.2,0.02,0.2,0.2008163332939148,0.026399999856948853,0.19428572058677673,1.0
100,1.0,27.449962502007253,1,sbm_dpsgd_all_noised,26.32774027978503,5.635918426327381,0.5431122541136532,11.0,6.0,5.0,1e-05,0.2,0.02,0.2,0.1635369062423706,0.12188602983951569,0.17600856721401215,0.10845148370655991
100,1.0,27.449962502007253,2,edge_flip_vem,,,,189,,,1e-05,0.2,0.02,0.2,0.21306122839450836,0.01640000008046627,0.2024489790201187,1.0
100,1.0,27.449962502007253,2,sbm_dpsgd_all_noised,26.32774027978503,5.635918426327381,0.5431122541136532,11.0,6.0,5.0,1e-05,0.2,0.02,0.2,0.225859135389328,0.0369536466896534,0.21257886290550232,0.7577078109175857
100,1.0,27.449962502007253,3,edge_flip_vem,,,,731,,,1e-05,0.2,0.02,0.2,0.1921568661928177,0.023209283128380775,0.22959183156490326,0.9291252238549075
100,1.0,27.449962502007253,3,sbm_dpsgd_all_noised,26.32774027978503,5.635918426327381,0.5431122541136532,11.0,6.0,5.0,1e-05,0.2,0.02,0.2,0.22065073251724243,0.05394165962934494,0.2161930948495865,0.7149460394223506
100,1.0,27.449962502007253,4,edge_flip_vem,,,,294,,,1e-05,0.2,0.02,0.2,0.20571428537368774,0.018799999728798866,0.1893877536058426,1.0
100,1.0,27.449962502007253,4,sbm_dpsgd_all_noised,26.32774027978503,5.635918426327381,0.5431122541136532,11.0,6.0,5.0,1e-05,0.2,0.02,0.2,0.18835096061229706,0.047509193420410156,0.2215641587972641,0.6349910030198423
100,1.0,27.449962502007253,5,edge_flip_vem,,,,477,,,1e-05,0.2,0.02,0.2,0.19020408391952515,0.018799999728798866,0.1951020359992981,1.0
100,1.0,27.449962502007253,5,sbm_dpsgd_all_noised,26.32774027978503,5.635918426327381,0.5431122541136532,11.0,6.0,5.0,1e-05,0.2,0.02,0.2,0.1851481795310974,0.0576951764523983,0.22077536582946777,0.5816101791805874
100,1.0,27.449962502007253,6,edge_flip_vem,,,,906,,,1e-05,0.2,0.02,0.2,0.06949152797460556,0.10916666686534882,0.2064102590084076,0.019622102805851988
100,1.0,27.449962502007253,6,sbm_dpsgd_all_noised,26.32774027978503,5.635918426327381,0.5431122541136532,11.0,6.0,5.0,1e-05,0.2,0.02,0.2,0.2143629640340805,0.051300402730703354,0.2115635722875595,0.5697389043881019
100,1.0,27.449962502007253,7,edge_flip_vem,,,,193,,,1e-05,0.2,0.02,0.2,0.1967346966266632,0.018799999728798866,0.21551020443439484,1.0
100,1.0,27.449962502007253,7,sbm_dpsgd_all_noised,26.32774027978503,5.635918426327381,0.5431122541136532,11.0,6.0,5.0,1e-05,0.2,0.02,0.2,0.1889834702014923,0.10000479221343994,0.19295883178710938,0.29875197511813195
100,1.0,27.449962502007253,8,edge_flip_vem,,,,313,,,1e-05,0.2,0.02,0.2,0.10626262426376343,0.0,0.0,0.0
100,1.0,27.449962502007253,8,sbm_dpsgd_all_noised,26.32774027978503,5.635918426327381,0.5431122541136532,11.0,6.0,5.0,1e-05,0.2,0.02,0.2,0.17708219587802887,0.11489459127187729,0.1857028603553772,0.15944314871033458
100,1.0,27.449962502007253,9,edge_flip_vem,,,,510,,,1e-05,0.2,0.02,0.2,0.20000000298023224,0.018400000408291817,0.20979592204093933,1.0
100,1.0,27.449962502007253,9,sbm_dpsgd_all_noised,26.32774027978503,5.635918426327381,0.5431122541136532,11.0,6.0,5.0,1e-05,0.2,0.02,0.2,0.2456333488225937,0.05480773746967316,0.19789302349090576,0.5333833942150725
100,1.0,27.449962502007253,10,edge_flip_vem,,,,174,,,1e-05,0.2,0.02,0.2,0.1951020359992981,0.01759999990463257,0.20000000298023224,1.0
100,1.0,27.449962502007253,10,sbm_dpsgd_all_noised,26.32774027978503,5.635918426327381,0.5431122541136532,11.0,6.0,5.0,1e-05,0.2,0.02,0.2,0.19526703655719757,0.08348721265792847,0.16861717402935028,0.44632888749472316
100,1.0,27.449962502007253,11,edge_flip_vem,,,,274,,,1e-05,0.2,0.02,0.2,0.0,0.0,0.11252525448799133,0.0
100,1.0,27.449962502007253,11,sbm_dpsgd_all_noised,26.32774027978503,5.635918426327381,0.5431122541136532,11.0,6.0,5.0,1e-05,0.2,0.02,0.2,0.17002663016319275,0.1038111075758934,0.20191766321659088,0.20550722361410448
100,1.0,27.449962502007253,12,edge_flip_vem,,,,197,,,1e-05,0.2,0.02,0.2,0.18448980152606964,0.018799999728798866,0.19755102694034576,1.0
100,1.0,27.449962502007253,12,sbm_dpsgd_all_noised,26.32774027978503,5.635918426327381,0.5431122541136532,11.0,6.0,5.0,1e-05,0.2,0.02,0.2,0.19490818679332733,0.07885709404945374,0.19703960418701172,0.41576118835714454
100,1.0,27.449962502007253,13,edge_flip_vem,,,,601,,,1e-05,0.2,0.02,0.2,0.21877551078796387,0.02319999970495701,0.1893877536058426,1.0
100,1.0,27.449962502007253,13,sbm_dpsgd_all_noised,26.32774027978503,5.635918426327381,0.5431122541136532,11.0,6.0,5.0,1e-05,0.2,0.02,0.2,0.22658289968967438,0.04747823625802994,0.21219681203365326,0.9291252238549075
100,1.0,27.449962502007253,14,edge_flip_vem,,,,584,,,1e-05,0.2,0.02,0.2,0.20816326141357422,0.02199999988079071,0.17877550423145294,1.0
100,1.0,27.449962502007253,14,sbm_dpsgd_all_noised,26.32774027978503,5.635918426327381,0.5431122541136532,11.0,6.0,5.0,1e-05,0.2,0.02,0.2,0.21364296972751617,0.060007382184267044,0.21083353459835052,0.5697389043881019
100,1.0,27.449962502007253,15,edge_flip_vem,,,,242,,,1e-05,0.2,0.02,0.2,0.19183672964572906,0.01759999990463257,0.19428572058677673,1.0
100,1.0,27.449962502007253,15,sbm_dpsgd_all_noised,26.32774027978503,5.635918426327381,0.5431122541136532,11.0,6.0,5.0,1e-05,0.2,0.02,0.2,0.18498268723487854,0.12130508571863174,0.16566208004951477,0.002634255440327391
100,1.0,27.449962502007253,16,edge_flip_vem,,,,713,,,1e-05,0.2,0.02,0.2,0.19265305995941162,0.021199999377131462,0.19346939027309418,1.0
100,1.0,27.449962502007253,16,sbm_dpsgd_all_noised,26.32774027978503,5.635918426327381,0.5431122541136532,11.0,6.0,5.0,1e-05,0.2,0.02,0.2,0.16262216866016388,0.13221175968647003,0.18112897872924805,0.007325622571955387
100,1.0,27.449962502007253,17,edge_flip_vem,,,,279,,,1e-05,0.2,0.02,0.2,0.19755102694034576,0.024399999529123306,0.18857142329216003,1.0
100,1.0,27.449962502007253,17,sbm_dpsgd_all_noised,26.32774027978503,5.635918426327381,0.5431122541136532,11.0,6.0,5.0,1e-05,0.2,0.02,0.2,0.1883469969034195,0.10956691950559616,0.18445579707622528,0.175053748528183
100,1.0,27.449962502007253,18,edge_flip_vem,,,,286,,,1e-05,0.2,0.02,0.2,0.20326530933380127,0.019999999552965164,0.18775510787963867,1.0
100,1.0,27.449962502007253,18,sbm_dpsgd_all_noised,26.32774027978503,5.635918426327381,0.5431122541136532,11.0,6.0,5.0,1e-05,0.2,0.02,0.2,0.20008769631385803,0.04968595132231712,0.21886403858661652,0.6009721799981695
100,1.0,27.449962502007253,19,edge_flip_vem,,,,222,,,1e-05,0.2,0.02,0.2,0.18448980152606964,0.015200000256299973,0.19265305995941162,1.0
100,1.0,27.449962502007253,19,sbm_dpsgd_all_noised,26.32774027978503,5.635918426327381,0.5431122541136532,11.0,6.0,5.0,1e-05,0.2,0.02,0.2,0.2017716020345688,0.05389324203133583,0.18057045340538025,0.5642054529253091
100,2.0,11.732851621374003,0,edge_flip_vem,,,,279,,,1e-05,0.2,0.02,0.2,0.20326054096221924,0.01719225011765957,0.21795465052127838,1.0
100,2.0,11.732851621374003,0,sbm_dpsgd_all_noised,11.245049229064149,2.668102829441137,0.40561225411365304,11.0,6.0,5.0,1e-05,0.2,0.02,0.2,0.1835007667541504,0.09255490452051163,0.18805673718452454,0.2780719051126382
100,2.0,11.732851621374003,1,edge_flip_vem,,,,222,,,1e-05,0.2,0.02,0.2,0.20081152021884918,0.02639239840209484,0.19428080320358276,1.0
100,2.0,11.732851621374003,1,sbm_dpsgd_all_noised,11.245049229064149,2.668102829441137,0.40561225411365304,11.0,6.0,5.0,1e-05,0.2,0.02,0.2,0.14446713030338287,0.1326802521944046,0.19530589878559113,0.015995526195054188
100,2.0,11.732851621374003,2,edge_flip_vem,,,,189,,,1e-05,0.2,0.02,0.2,0.21305662393569946,0.016392236575484276,0.20244421064853668,1.0
100,2.0,11.732851621374003,2,sbm_dpsgd_all_noised,11.245049229064149,2.668102829441137,0.40561225411365304,11.0,6.0,5.0,1e-05,0.2,0.02,0.2,0.21380041539669037,0.03422638401389122,0.23220936954021454,0.8079616479391557
100,2.0,11.732851621374003,3,edge_flip_vem,,,,731,,,1e-05,0.2,0.02,0.2,0.19215191900730133,0.023201629519462585,0.22958749532699585,0.9291252238549075
100,2.0,11.732851621374003,3,sbm_dpsgd_all_noised,11.245049229064149,2.668102829441137,0.40561225411365304,11.0,6.0,5.0,1e-05,0.2,0.02,0.2,0.2158787101507187,0.05906757712364197,0.21179816126823425,0.6725550808455242
100,2.0,11.732851621374003,4,edge_flip_vem,,,,294,,,1e-05,0.2,0.02,0.2,0.2057095617055893,0.018792275339365005,0.18938277661800385,1.0
100,2.0,11.732851621374003,4,sbm_dpsgd_all_noised,11.245049229064149,2.668102829441137,0.40561225411365304,11.0,6.0,5.0,1e-05,0.2,0.02,0.2,0.15367676317691803,0.12523868680000305,0.17654353380203247,0.059486349180544316
100,2.0,11.732851621374003,5,edge_flip_vem,,,,477,,,1e-05,0.2,0.02,0.2,0.1901991069316864,0.018792275339365005,0.1950971484184265,1.0
100,2.0,11.732851621374003,5,sbm_dpsgd_all_noised,11.245049229064149,2.668102829441137,0.40561225411365304,11.0,6.0,5.0,1e-05,0.2,0.02,0.2,0.18506324291229248,0.05508289858698845,0.2352975457906723,0.5048484896887586
100,2.0,11.732851621374003,6,edge_flip_vem,,,,906,,,1e-05,0.2,0.02,0.2,0.06948461383581161,0.1091603934764862,0.20640555024147034,0.019622102805851988
100,2.0,11.732851621374003,6,sbm_dpsgd_all_noised,11.245049229064149,2.668102829441137,0.40561225411365304,11.0,6.0,5.0,1e-05,0.2,0.02,0.2,0.19647565484046936,0.07152984291315079,0.20116353034973145,0.5006054392285263
100,2.0,11.732851621374003,7,edge_flip_vem,,,,193,,,1e-05,0.2,0.02,0.2,0.19672982394695282,0.018792275339365005,0.21550564467906952,1.0
100,2.0,11.732851621374003,7,sbm_dpsgd_all_noised,11.245049229064149,2.668102829441137,0.40561225411365304,11.0,6.0,5.0,1e-05,0.2,0.02,0.2,0.19527587294578552,0.12687690556049347,0.16875362396240234,0.06689538498623886
100,2.0,11.732851621374003,8,edge_flip_vem,,,,313,,,1e-05,0.2,0.02,0.2,0.10625630617141724,0.0,0.0,0.0
100,2.0,11.732851621374003,8,sbm_dpsgd_all_noised,11.245049229064149,2.668102829441137,0.40561225411365304,11.0,6.0,5.0,1e-05,0.2,0.02,0.2,0.14824306964874268,0.12959563732147217,0.21340888738632202,0.00755846491112723
100,2.0,11.732851621374003,9,edge_flip_vem,,,,510,,,1e-05,0.2,0.02,0.2,0.19999518990516663,0.018392270430922508,0.20979125797748566,1.0
100,2.0,11.732851621374003,9,sbm_dpsgd_all_noised,11.245049229064149,2.668102829441137,0.40561225411365304,11.0,6.0,5.0,1e-05,0.2,0.02,0.2,0.24637942016124725,0.05822623893618584,0.20224754512310028,0.5333833942150725
100,2.0,11.732851621374003,10,edge_flip_vem,,,,174,,,1e-05,0.2,0.02,0.2,0.1950971484184265,0.017592256888747215,0.19999518990516663,1.0
100,2.0,11.732851621374003,10,sbm_dpsgd_all_noised,11.245049229064149,2.668102829441137,0.40561225411365304,11.0,6.0,5.0,1e-05,0.2,0.02,0.2,0.20573244988918304,0.06049094721674919,0.18989235162734985,0.4157611883571446
100,2.0,11.732851621374003,11,edge_flip_vem,,,,274,,,1e-05,0.2,0.02,0.2,0.0,0.0,0.1125190332531929,0.0
100,2.0,11.732851621374003,11,sbm_dpsgd_all_noised,11.245049229064149,2.668102829441137,0.40561225411365304,11.0,6.0,5.0,1e-05,0.2,0.02,0.2,0.17805825173854828,0.12286257743835449,0.18246830999851227,0.11987290005810998
100,2.0,11.732851621374003,12,edge_flip_vem,,,,197,,,1e-05,0.2,0.02,0.2,0.18448473513126373,0.018792275339365005,0.19754616916179657,1.0
100,2.0,11.732851621374003,12,sbm_dpsgd_all_noised,11.245049229064149,2.668102829441137,0.40561225411365304,11.0,6.0,5.0,1e-05,0.2,0.02,0.2,0.22078773379325867,0.06035739555954933,0.19931602478027344,0.5048484896887586
100,2.0,11.732851621374003,13,edge_flip_vem,,,,618,,,1e-05,0.2,0.02,0.2,0.21958734095096588,0.02319234609603882,0.18938277661800385,1.0
100,2.0,11.732851621374003,13,sbm_dpsgd_all_noised,11.245049229064149,2.668102829441137,0.40561225411365304,11.0,6.0,5.0,1e-05,0.2,0.02,0.2,0.24932880699634552,0.0462394542992115,0.19678406417369843,0.7149460394223506
100,2.0,11.732851621374003,14,edge_flip_vem,,,,584,,,1e-05,0.2,0.02,0.2,0.20815858244895935,0.021992327645421028,0.17877034842967987,1.0
100,2.0,11.732851621374003,14,sbm_dpsgd_all_noised,11.245049229064149,2.668102829441137,0.40561225411365304,11.0,6.0,5.0,1e-05,0.2,0.02,0.2,0.20454539358615875,0.11444050073623657,0.17284756898880005,0.13332664069753825
100,2.0,11.732851621374003,15,edge_flip_vem,,,,242,,,1e-05,0.2,0.02,0.2,0.1918317824602127,0.017592256888747215,0.19428080320358276,1.0
100,2.0,11.732851621374003,15,sbm_dpsgd_all_noised,11.245049229064149,2.668102829441137,0.40561225411365304,11.0,6.0,5.0,1e-05,0.2,0.02,0.2,0.1907026767730713,0.11118880659341812,0.18833544850349426,0.20716770520852693
100,2.0,11.732851621374003,16,edge_flip_vem,,,,713,,,1e-05,0.2,0.02,0.2,0.19264812767505646,0.021192314103245735,0.1934644728899002,1.0
100,2.0,11.732851621374003,16,sbm_dpsgd_all_noised,11.245049229064149,2.668102829441137,0.40561225411365304,11.0,6.0,5.0,1e-05,0.2,0.02,0.2,0.1660880148410797,0.12380614876747131,0.19152548909187317,0.03570031803557409
100,2.0,11.732851621374003,17,edge_flip_vem,,,,279,,,1e-05,0.2,0.02,0.2,0.19754616916179657,0.024392366409301758,0.1885664314031601,1.0
100,2.0,11.732851621374003,17,sbm_dpsgd_all_noised,11.245049229064149,2.668102829441137,0.40561225411365304,11.0,6.0,5.0,1e-05,0.2,0.02,0.2,0.20005112886428833,0.11948633193969727,0.17663124203681946,0.175053748528183
100,2.0,11.732851621374003,18,edge_flip_vem,,,,286,,,1e-05,0.2,0.02,0.2,0.20326054096221924,0.019992295652627945,0.18775008618831635,1.0
100,2.0,11.732851621374003,18,sbm_dpsgd_all_noised,11.245049229064149,2.668102829441137,0.40561225411365304,11.0,6.0,5.0,1e-05,0.2,0.02,0.2,0.20205742120742798,0.04564175754785538,0.22914984822273254,0.41725117676350326
100,2.0,11.732851621374003,19,edge_flip_vem,,,,222,,,1e-05,0.2,0.02,0.2,0.18448473513126373,0.015192218124866486,0.19264812767505646,1.0
100,2.0,11.732851621374003,19,sbm_dpsgd_all_noised,11.245049229064149,2.668102829441137,0.40561225411365304,11.0,6.0,5.0,1e-05,0.2,0.02,0.2,0.20667745172977448,0.04450511932373047,0.2043159157037735,0.8782063702756283
100,5.0,4.150006096013556,0,edge_flip_vem,,,,259,,,1e-05,0.2,0.02,0.2,0.1996571570634842,0.02196202240884304,0.23082877695560455,1.0
100,5.0,4.150006096013556,0,sbm_dpsgd_all_noised,3.992894984902444,1.0338953100711687,0.36711225411365295,11.0,6.0,5.0,1e-05,0.2,0.02,0.2,0.2531031668186188,0.05006660521030426,0.2174314707517624,0.6349910030198422
100,5.0,4.150006096013556,1,edge_flip_vem,,,,542,,,1e-05,0.2,0.02,0.2,0.19460229575634003,0.0293926652520895,0.21145182847976685,1.0
100,5.0,4.150006096013556,1,sbm_dpsgd_all_noised,3.992894984902444,1.0338953100711687,0.36711225411365295,11.0,6.0,5.0,1e-05,0.2,0.02,0.2,0.21503035724163055,0.1252412647008896,0.1645333170890808,0.011011968121955752
100,5.0,4.150006096013556,2,edge_flip_vem,,,,267,,,1e-05,0.2,0.02,0.2,0.21313677728176117,0.01288012694567442,0.19881467521190643,1.0
100,5.0,4.150006096013556,2,sbm_dpsgd_all_noised,3.992894984902444,1.0338953100711687,0.36711225411365295,11.0,6.0,5.0,1e-05,0.2,0.02,0.2,0.23826821148395538,0.039510227739810944,0.2478019744157791,0.6349910030198422
100,5.0,4.150006096013556,3,edge_flip_vem,,,,687,,,1e-05,0.2,0.02,0.2,0.0027474332600831985,0.06410019844770432,0.12761402130126953,0.008943110719578682
100,5.0,4.150006096013556,3,sbm_dpsgd_all_noised,3.992894984902444,1.0338953100711687,0.36711225411365295,11.0,6.0,5.0,1e-05,0.2,0.02,0.2,0.1980629414319992,0.14065903425216675,0.21390950679779053,0.09653450898202479
100,5.0,4.150006096013556,4,edge_flip_vem,,,,250,,,1e-05,0.2,0.02,0.2,0.20218458771705627,0.019485142081975937,0.1929173469543457,1.0
100,5.0,4.150006096013556,4,sbm_dpsgd_all_noised,3.992894984902444,1.0338953100711687,0.36711225411365295,11.0,6.0,5.0,1e-05,0.2,0.02,0.2,0.20062807202339172,0.08588438481092453,0.20825427770614624,0.2987519751181319
100,5.0,4.150006096013556,5,edge_flip_vem,,,,693,,,1e-05,0.2,0.02,0.2,0.19635745882987976,0.022390199825167656,0.19038991630077362,0.9291252238549075
100,5.0,4.150006096013556,5,sbm_dpsgd_all_noised,3.992894984902444,1.0338953100711687,0.36711225411365295,11.0,6.0,5.0,1e-05,0.2,0.02,0.2,0.22316378355026245,0.08117598295211792,0.22608572244644165,0.5006054392285263
100,5.0,4.150006096013556,6,edge_flip_vem,,,,946,,,1e-05,0.2,0.02,0.2,0.20543169975280762,0.1084866151213646,0.06632029265165329,0.02517440612296311
100,5.0,4.150006096013556,6,sbm_dpsgd_all_noised,3.992894984902444,1.0338953100711687,0.36711225411365295,11.0,6.0,5.0,1e-05,0.2,0.02,0.2,0.20610949397087097,0.13413769006729126,0.17844504117965698,0.007261306984853738
100,5.0,4.150006096013556,7,edge_flip_vem,,,,208,,,1e-05,0.2,0.02,0.2,0.20134210586547852,0.021136395633220673,0.22156153619289398,1.0
100,5.0,4.150006096013556,7,sbm_dpsgd_all_noised,3.992894984902444,1.0338953100711687,0.36711225411365295,11.0,6.0,5.0,1e-05,0.2,0.02,0.2,0.24490630626678467,0.08014331012964249,0.24605071544647217,0.5333833942150725
100,5.0,4.150006096013556,8,edge_flip_vem,,,,260,,,1e-05,0.2,0.02,0.2,0.0,0.0,0.10490833967924118,0.0
100,5.0,4.150006096013556,8,sbm_dpsgd_all_noised,3.992894984902444,1.0338953100711687,0.36711225411365295,11.0,6.0,5.0,1e-05,0.2,0.02,0.2,0.16059185564517975,0.13157056272029877,0.2774493396282196,0.054496040820052626
100,5.0,4.150006096013556,9,edge_flip_vem,,,,632,,,1e-05,0.2,0.02,0.2,0.20134210586547852,0.019072329625487328,0.208081915974617,1.0
100,5.0,4.150006096013556,9,sbm_dpsgd_all_noised,3.992894984902444,1.0338953100711687,0.36711225411365295,11.0,6.0,5.0,1e-05,0.2,0.02,0.2,0.24334606528282166,0.076275534927845,0.22345726191997528,0.47250107612143855
100,5.0,4.150006096013556,10,edge_flip_vem,,,,160,,,1e-05,0.2,0.02,0.2,0.1996571570634842,0.019072329625487328,0.19797219336032867,1.0
100,5.0,4.150006096013556,10,sbm_dpsgd_all_noised,3.992894984902444,1.0338953100711687,0.36711225411365295,11.0,6.0,5.0,1e-05,0.2,0.02,0.2,0.21405044198036194,0.04709768295288086,0.22158832848072052,0.5978208097977278
100,5.0,4.150006096013556,11,edge_flip_vem,,,,272,,,1e-05,0.2,0.02,0.2,0.20471200346946716,0.02154920995235443,0.20471200346946716,1.0
100,5.0,4.150006096013556,11,sbm_dpsgd_all_noised,3.992894984902444,1.0338953100711687,0.36711225411365295,11.0,6.0,5.0,1e-05,0.2,0.02,0.2,0.17835430800914764,0.11921093612909317,0.2468440681695938,0.11226045407338711
100,5.0,4.150006096013556,12,edge_flip_vem,,,,281,,,1e-05,0.2,0.02,0.2,0.179057776927948,0.01908637024462223,0.2007453441619873,0.9291252238549075
100,5.0,4.150006096013556,12,sbm_dpsgd_all_noised,3.992894984902444,1.0338953100711687,0.36711225411365295,11.0,6.0,5.0,1e-05,0.2,0.02,0.2,0.220682755112648,0.0723729059100151,0.23362575471401215,0.4532839480340869
100,5.0,4.150006096013556,13,edge_flip_vem,,,,538,,,1e-05,0.2,0.02,0.2,0.2232464849948883,0.024438904598355293,0.19123238325119019,1.0
100,5.0,4.150006096013556,13,sbm_dpsgd_all_noised,3.992894984902444,1.0338953100711687,0.36711225411365295,11.0,6.0,5.0,1e-05,0.2,0.02,0.2,0.28121888637542725,0.0578388050198555,0.1945277899503708,0.6349910030198425
100,5.0,4.150006096013556,14,edge_flip_vem,,,,427,,,1e-05,0.2,0.02,0.2,0.208081915974617,0.019485142081975937,0.17943771183490753,1.0
100,5.0,4.150006096013556,14,sbm_dpsgd_all_noised,3.992894984902444,1.0338953100711687,0.36711225411365295,11.0,6.0,5.0,1e-05,0.2,0.02,0.2,0.21906627714633942,0.10941659659147263,0.2542593777179718,0.23983249703803491
100,5.0,4.150006096013556,15,edge_flip_vem,,,,294,,,1e-05,0.2,0.02,0.2,0.18715216219425201,0.01908637024462223,0.1981126070022583,0.9291252238549075
100,5.0,4.150006096013556,15,sbm_dpsgd_all_noised,3.992894984902444,1.0338953100711687,0.36711225411365295,11.0,6.0,5.0,1e-05,0.2,0.02,0.2,0.21891610324382782,0.0921393409371376,0.2590135335922241,0.26787008970912907
100,5.0,4.150006096013556,16,edge_flip_vem,,,,527,,,1e-05,0.2,0.02,0.2,0.1887049525976181,0.023200463503599167,0.19123238325119019,1.0
100,5.0,4.150006096013556,16,sbm_dpsgd_all_noised,3.992894984902444,1.0338953100711687,0.36711225411365295,11.0,6.0,5.0,1e-05,0.2,0.02,0.2,0.1884952038526535,0.13213390111923218,0.2139279991388321,0.010504647530909251
100,5.0,4.150006096013556,17,edge_flip_vem,,,,320,,,1e-05,0.2,0.02,0.2,0.2033780962228775,0.026932964101433754,0.1822955310344696,0.9291252238549075
100,5.0,4.150006096013556,17,sbm_dpsgd_all_noised,3.992894984902444,1.0338953100711687,0.36711225411365295,11.0,6.0,5.0,1e-05,0.2,0.02,0.2,0.25578320026397705,0.14397874474525452,0.18806374073028564,0.0003017697373495547
100,5.0,4.150006096013556,18,edge_flip_vem,,,,288,,,1e-05,0.2,0.02,0.2,0.20555448532104492,0.017008261755108833,0.1887049525976181,1.0
100,5.0,4.150006096013556,18,sbm_dpsgd_all_noised,3.992894984902444,1.0338953100711687,0.36711225411365295,11.0,6.0,5.0,1e-05,0.2,0.02,0.2,0.22833098471164703,0.055136919021606445,0.2435116320848465,0.47063913471263574
100,5.0,4.150006096013556,19,edge_flip_vem,,,,200,,,1e-05,0.2,0.02,0.2,0.18280762434005737,0.014944193884730339,0.19207486510276794,1.0
100,5.0,4.150006096013556,19,sbm_dpsgd_all_noised,3.992894984902444,1.0338953100711687,0.36711225411365295,11.0,6.0,5.0,1e-05,0.2,0.02,0.2,0.20142118632793427,0.08937782794237137,0.22639183700084686,0.14786423385306455
100,10.0,1.9953178628215948,0,edge_flip_vem,,,,173,,,1e-05,0.2,0.02,0.2,0.0,0.0,0.11567224562168121,0.0
100,10.0,1.9953178628215948,0,sbm_dpsgd_all_noised,1.9223734183771504,0.5431122541136532,0.361612254113653,11.0,6.0,5.0,1e-05,0.2,0.02,0.2,0.2942360043525696,0.07289253920316696,0.2816925048828125,0.25870096797707953
100,10.0,1.9953178628215948,1,edge_flip_vem,,,,623,,,1e-05,0.2,0.02,0.2,0.11089138686656952,0.0,0.0,0.0
100,10.0,1.9953178628215948,1,sbm_dpsgd_all_noised,1.9223734183771504,0.5431122541136532,0.361612254113653,11.0,6.0,5.0,1e-05,0.2,0.02,0.2,0.2821120321750641,0.11321675777435303,0.20752127468585968,0.010789584794377008
100,10.0,1.9953178628215948,2,edge_flip_vem,,,,291,,,1e-05,0.2,0.02,0.2,0.0,0.0,0.10398570448160172,0.0
100,10.0,1.9953178628215948,2,sbm_dpsgd_all_noised,1.9223734183771504,0.5431122541136532,0.361612254113653,11.0,6.0,5.0,1e-05,0.2,0.02,0.2,0.30546343326568604,0.09996797889471054,0.2958120107650757,0.05744833341206719
100,10.0,1.9953178628215948,3,edge_flip_vem,,,,954,,,1e-05,0.2,0.02,0.2,0.0,0.050942834466695786,0.1595526784658432,0.007075971200995503
100,10.0,1.9953178628215948,3,sbm_dpsgd_all_noised,1.9223734183771504,0.5431122541136532,0.361612254113653,11.0,6.0,5.0,1e-05,0.2,0.02,0.2,0.31944727897644043,0.14988988637924194,0.2612510025501251,0.004662264774345075
100,10.0,1.9953178628215948,4,edge_flip_vem,,,,242,,,1e-05,0.2,0.02,0.2,0.10876656323671341,0.0,0.0,0.0
100,10.0,1.9953178628215948,4,sbm_dpsgd_all_noised,1.9223734183771504,0.5431122541136532,0.361612254113653,11.0,6.0,5.0,1e-05,0.2,0.02,0.2,0.2578585147857666,0.10092137008905411,0.2190033197402954,0.02964327933391515
100,10.0,1.9953178628215948,5,edge_flip_vem,,,,157,,,1e-05,0.2,0.02,0.2,0.10584492981433868,0.0,0.0,0.0
100,10.0,1.9953178628215948,5,sbm_dpsgd_all_noised,1.9223734183771504,0.5431122541136532,0.361612254113653,11.0,6.0,5.0,1e-05,0.2,0.02,0.2,0.2562858760356903,0.11457034945487976,0.2670001685619354,0.0026694535914474353
100,10.0,1.9953178628215948,6,edge_flip_vem,,,,859,,,1e-05,0.2,0.02,0.2,0.22244471311569214,0.11521224677562714,0.021789047867059708,0.004662264774345075
100,10.0,1.9953178628215948,6,sbm_dpsgd_all_noised,1.9223734183771504,0.5431122541136532,0.361612254113653,11.0,6.0,5.0,1e-05,0.2,0.02,0.2,0.3490104675292969,0.10382329672574997,0.22512808442115784,0.0797957030202867
100,10.0,1.9953178628215948,7,edge_flip_vem,,,,409,,,1e-05,0.2,0.02,0.2,0.11328181624412537,0.0,0.0,0.0
100,10.0,1.9953178628215948,7,sbm_dpsgd_all_noised,1.9223734183771504,0.5431122541136532,0.361612254113653,11.0,6.0,5.0,1e-05,0.2,0.02,0.2,0.30039677023887634,0.08885186165571213,0.32754868268966675,0.30055354064448236
100,10.0,1.9953178628215948,8,edge_flip_vem,,,,246,,,1e-05,0.2,0.02,0.2,0.0,0.0,0.10850095748901367,0.0
100,10.0,1.9953178628215948,8,sbm_dpsgd_all_noised,1.9223734183771504,0.5431122541136532,0.361612254113653,11.0,6.0,5.0,1e-05,0.2,0.02,0.2,0.2736216187477112,0.11795574426651001,0.33092525601387024,0.07535671081028444
100,10.0,1.9953178628215948,9,edge_flip_vem,,,,802,,,1e-05,0.2,0.02,0.2,0.14083078503608704,0.0315435491502285,0.0,0.003034393124605734
100,10.0,1.9953178628215948,9,sbm_dpsgd_all_noised,1.9223734183771504,0.5431122541136532,0.361612254113653,11.0,6.0,5.0,1e-05,0.2,0.02,0.2,0.2993810176849365,0.11900175362825394,0.33405521512031555,0.05744833341206719
100,10.0,1.9953178628215948,10,edge_flip_vem,,,,172,,,1e-05,0.2,0.02,0.2,0.0,0.0,0.10850638151168823,0.018639764244343528
100,10.0,1.9953178628215948,10,sbm_dpsgd_all_noised,1.9223734183771504,0.5431122541136532,0.361612254113653,11.0,6.0,5.0,1e-05,0.2,0.02,0.2,0.27657943964004517,0.09716477990150452,0.18018552660942078,0.030119699730181713
100,10.0,1.9953178628215948,11,edge_flip_vem,,,,214,,,1e-05,0.2,0.02,0.2,0.11460983008146286,0.0,0.0,0.0
100,10.0,1.9953178628215948,11,sbm_dpsgd_all_noised,1.9223734183771504,0.5431122541136532,0.361612254113653,11.0,6.0,5.0,1e-05,0.2,0.02,0.2,0.21902449429035187,0.0879565179347992,0.343727171421051,0.2855817360372474
100,10.0,1.9953178628215948,12,edge_flip_vem,,,,415,,,1e-05,0.2,0.02,0.2,0.0,0.0,0.09681441634893417,0.0
100,10.0,1.9953178628215948,12,sbm_dpsgd_all_noised,1.9223734183771504,0.5431122541136532,0.361612254113653,11.0,6.0,5.0,1e-05,0.2,0.02,0.2,0.3044671416282654,0.1234419047832489,0.2454867959022522,0.11226045407338711
100,10.0,1.9953178628215948,13,edge_flip_vem,,,,802,,,1e-05,0.2,0.02,0.2,0.11365582793951035,0.3074377179145813,0.0,0.018639764244343528
100,10.0,1.9953178628215948,13,sbm_dpsgd_all_noised,1.9223734183771504,0.5431122541136532,0.361612254113653,11.0,6.0,5.0,1e-05,0.2,0.02,0.2,0.3070870339870453,0.08365082740783691,0.24637781083583832,0.3904935986852873
100,10.0,1.9953178628215948,14,edge_flip_vem,,,,204,,,1e-05,0.2,0.02,0.2,0.0,0.0,0.11646905541419983,0.0
100,10.0,1.9953178628215948,14,sbm_dpsgd_all_noised,1.9223734183771504,0.5431122541136532,0.361612254113653,11.0,6.0,5.0,1e-05,0.2,0.02,0.2,0.2847539186477661,0.13164570927619934,0.367167204618454,0.16708354374407297
100,10.0,1.9953178628215948,15,edge_flip_vem,,,,208,,,1e-05,0.2,0.02,0.2,0.0,0.0,0.09893924742937088,0.0
100,10.0,1.9953178628215948,15,sbm_dpsgd_all_noised,1.9223734183771504,0.5431122541136532,0.361612254113653,11.0,6.0,5.0,1e-05,0.2,0.02,0.2,0.28832221031188965,0.12131813913583755,0.34056583046913147,0.04233997721440788
100,10.0,1.9953178628215948,16,edge_flip_vem,,,,423,,,1e-05,0.2,0.02,0.2,0.0,0.0,0.10717294365167618,0.0
100,10.0,1.9953178628215948,16,sbm_dpsgd_all_noised,1.9223734183771504,0.5431122541136532,0.361612254113653,11.0,6.0,5.0,1e-05,0.2,0.02,0.2,0.23811250925064087,0.13936392962932587,0.2888146936893463,0.0026694535914474353
100,10.0,1.9953178628215948,17,edge_flip_vem,,,,214,,,1e-05,0.2,0.02,0.2,0.10770414769649506,0.0,0.0,0.0
100,10.0,1.9953178628215948,17,sbm_dpsgd_all_noised,1.9223734183771504,0.5431122541136532,0.361612254113653,11.0,6.0,5.0,1e-05,0.2,0.02,0.2,0.2999013662338257,0.13733616471290588,0.322784423828125,0.002611220469271829
100,10.0,1.9953178628215948,18,edge_flip_vem,,,,367,,,1e-05,0.2,0.02,0.2,0.0,0.0,0.11434422433376312,0.0
100,10.0,1.9953178628215948,18,sbm_dpsgd_all_noised,1.9223734183771504,0.5431122541136532,0.361612254113653,11.0,6.0,5.0,1e-05,0.2,0.02,0.2,0.27877116203308105,0.08930110186338425,0.30993950366973877,0.05744833341206719
100,10.0,1.9953178628215948,19,edge_flip_vem,,,,293,,,1e-05,0.2,0.02,0.2,0.0,0.0,0.10265769064426422,0.0
100,10.0,1.9953178628215948,19,sbm_dpsgd_all_noised,1.9223734183771504,0.5431122541136532,0.361612254113653,11.0,6.0,5.0,1e-05,0.2,0.02,0.2,0.23301878571510315,0.10397268831729889,0.3397521674633026,0.07083693545803353
200,0.1,1605.2166291686756,0,edge_flip_vem,,,,268,,,1e-05,0.2,0.02,0.2,0.10919597744941711,0.0,0.0,0.0
200,0.1,1605.2166291686756,0,sbm_dpsgd_all_noised,1492.9944069464532,122.62403657608145,5.635918426327381,11.0,6.0,5.0,1e-05,0.2,0.02,0.2,0.21557720005512238,0.021968770772218704,0.20188045501708984,0.9192068641040878
200,0.1,1605.2166291686756,1,edge_flip_vem,,,,214,,,1e-05,0.2,0.02,0.2,0.20161616802215576,0.019700000062584877,0.19373737275600433,1.0
200,0.1,1605.2166291686756,1,sbm_dpsgd_all_noised,1492.9944069464532,122.62403657608145,5.635918426327381,11.0,6.0,5.0,1e-05,0.2,0.02,0.2,0.20516613125801086,0.021659787744283676,0.21754090487957,0.9291252238549085
200,0.1,1605.2166291686756,2,edge_flip_vem,,,,219,,,1e-05,0.2,0.02,0.2,0.20242424309253693,0.01860000006854534,0.20141413807868958,1.0
200,0.1,1605.2166291686756,2,sbm_dpsgd_all_noised,1492.9944069464532,122.62403657608145,5.635918426327381,11.0,6.0,5.0,1e-05,0.2,0.02,0.2,0.1917681246995926,0.039642684161663055,0.20520298182964325,0.7816140318257216
200,0.1,1605.2166291686756,3,edge_flip_vem,,,,275,,,1e-05,0.2,0.02,0.2,0.19777777791023254,0.021900000050663948,0.20040403306484222,1.0
200,0.1,1605.2166291686756,3,sbm_dpsgd_all_noised,1492.9944069464532,122.62403657608145,5.635918426327381,11.0,6.0,5.0,1e-05,0.2,0.02,0.2,0.22561757266521454,0.014877000823616982,0.2103417068719864,0.9595659056988861
200,0.1,1605.2166291686756,4,edge_flip_vem,,,,564,,,1e-05,0.2,0.02,0.2,0.2010101079940796,0.01899999938905239,0.21070706844329834,1.0
200,0.1,1605.2166291686756,4,sbm_dpsgd_all_noised,1492.9944069464532,122.62403657608145,5.635918426327381,11.0,6.0,5.0,1e-05,0.2,0.02,0.2,0.21977096796035767,0.013757956214249134,0.23255524039268494,1.0
200,0.1,1605.2166291686756,5,edge_flip_vem,,,,319,,,1e-05,0.2,0.02,0.2,0.18646465241909027,0.020099999383091927,0.192525252699852,1.0
200,0.1,1605.2166291686756,5,sbm_dpsgd_all_noised,1492.9944069464532,122.62403657608145,5.635918426327381,11.0,6.0,5.0,1e-05,0.2,0.02,0.2,0.2049296647310257,0.017906736582517624,0.21451830863952637,0.9595659056988861
200,0.1,1605.2166291686756,6,edge_flip_vem,,,,227,,,1e-05,0.2,0.02,0.2,0.19838383793830872,0.02280000038444996,0.19535353779792786,1.0
200,0.1,1605.2166291686756,6,sbm_dpsgd_all_noised,1492.9944069464532,122.62403657608145,5.635918426327381,11.0,6.0,5.0,1e-05,0.2,0.02,0.2,0.20764246582984924,0.02213873714208603,0.208132803440094,0.9192068641040878
200,0.1,1605.2166291686756,7,edge_flip_vem,,,,244,,,1e-05,0.2,0.02,0.2,0.1945454478263855,0.017999999225139618,0.192525252699852,1.0
200,0.1,1605.2166291686756,7,sbm_dpsgd_all_noised,1492.9944069464532,122.62403657608145,5.635918426327381,11.0,6.0,5.0,1e-05,0.2,0.02,0.2,0.21239177882671356,0.01678125374019146,0.21359911561012268,0.9595659056988861
200,0.1,1605.2166291686756,8,edge_flip_vem,,,,328,,,1e-05,0.2,0.02,0.2,0.1967676728963852,0.019999999552965164,0.1965656578540802,1.0
200,0.1,1605.2166291686756,8,sbm_dpsgd_all_noised,1492.9944069464532,122.62403657608145,5.635918426327381,11.0,6.0,5.0,1e-05,0.2,0.02,0.2,0.19599707424640656,0.049579109996557236,0.19192302227020264,0.8320416739190629
200,0.1,1605.2166291686756,9,edge_flip_vem,,,,289,,,1e-05,0.2,0.02,0.2,0.20363636314868927,0.020099999383091927,0.18747474253177643,1.0
200,0.1,1605.2166291686756,9,sbm_dpsgd_all_noised,1492.9944069464532,122.62403657608145,5.635918426327381,11.0,6.0,5.0,1e-05,0.2,0.02,0.2,0.22498056292533875,0.020479483529925346,0.20317146182060242,1.0
200,0.1,1605.2166291686756,10,edge_flip_vem,,,,294,,,1e-05,0.2,0.02,0.2,0.2052525281906128,0.0203000009059906,0.19474747776985168,1.0
200,0.1,1605.2166291686756,10,sbm_dpsgd_all_noised,1492.9944069464532,122.62403657608145,5.635918426327381,11.0,6.0,5.0,1e-05,0.2,0.02,0.2,0.2129330039024353,0.03601803258061409,0.18841464817523956,0.7648442977525686
200,0.1,1605.2166291686756,11,edge_flip_vem,,,,612,,,1e-05,0.2,0.02,0.2,0.21252524852752686,0.017799999564886093,0.20242424309253693,1.0
200,0.1,1605.2166291686756,11,sbm_dpsgd_all_noised,1492.9944069464532,122.62403657608145,5.635918426327381,11.0,6.0,5.0,1e-05,0.2,0.02,0.2,0.22592437267303467,0.01620476320385933,0.22549594938755035,1.0
200,0.1,1605.2166291686756,12,edge_flip_vem,,,,583,,,1e-05,0.2,0.02,0.2,0.06430745869874954,0.0961061343550682,0.1349831223487854,0.0007195674037132582
200,0.1,1605.2166291686756,12,sbm_dpsgd_all_noised,1492.9944069464532,122.62403657608145,5.635918426327381,11.0,6.0,5.0,1e-05,0.2,0.02,0.2,0.21821655333042145,0.01804180070757866,0.2101978212594986,0.9595659056988861
200,0.1,1605.2166291686756,13,edge_flip_vem,,,,361,,,1e-05,0.2,0.02,0.2,0.2010101079940796,0.021800000220537186,0.1987878829240799,1.0
200,0.1,1605.2166291686756,13,sbm_dpsgd_all_noised,1492.9944069464532,122.62403657608145,5.635918426327381,11.0,6.0,5.0,1e-05,0.2,0.02,0.2,0.2240828424692154,0.017472241073846817,0.2176966518163681,0.9595659056988861
200,0.1,1605.2166291686756,14,edge_flip_vem,,,,211,,,1e-05,0.2,0.02,0.2,0.20020201802253723,0.0203000009059906,0.20202019810676575,1.0
200,0.1,1605.2166291686756,14,sbm_dpsgd_all_noised,1492.9944069464532,122.62403657608145,5.635918426327381,11.0,6.0,5.0,1e-05,0.2,0.02,0.2,0.2226274013519287,0.015375697053968906,0.22451218962669373,1.0
200,0.1,1605.2166291686756,15,edge_flip_vem,,,,215,,,1e-05,0.2,0.02,0.2,0.19777777791023254,0.018400000408291817,0.20565655827522278,1.0
200,0.1,1605.2166291686756,15,sbm_dpsgd_all_noised,1492.9944069464532,122.62403657608145,5.635918426327381,11.0,6.0,5.0,1e-05,0.2,0.02,0.2,0.21365764737129211,0.023838836699724197,0.2046501636505127,0.858559457458179
200,0.1,1605.2166291686756,16,edge_flip_vem,,,,452,,,1e-05,0.2,0.02,0.2,0.19494949281215668,0.020999999716877937,0.19515150785446167,1.0
200,0.1,1605.2166291686756,16,sbm_dpsgd_all_noised,1492.9944069464532,122.62403657608145,5.635918426327381,11.0,6.0,5.0,1e-05,0.2,0.02,0.2,0.21262119710445404,0.018829744309186935,0.21345652639865875,0.9595659056988861
200,0.1,1605.2166291686756,17,edge_flip_vem,,,,299,,,1e-05,0.2,0.02,0.2,0.1987878829240799,0.01940000057220459,0.2010101079940796,1.0
200,0.1,1605.2166291686756,17,sbm_dpsgd_all_noised,1492.9944069464532,122.62403657608145,5.635918426327381,11.0,6.0,5.0,1e-05,0.2,0.02,0.2,0.19135607779026031,0.044388845562934875,0.20259042084217072,0.7816140318257215
200,0.1,1605.2166291686756,18,edge_flip_vem,,,,263,,,1e-05,0.2,0.02,0.2,0.21919192373752594,0.022199999541044235,0.19272726774215698,1.0
200,0.1,1605.2166291686756,18,sbm_dpsgd_all_noised,1492.9944069464532,122.62403657608145,5.635918426327381,11.0,6.0,5.0,1e-05,0.2,0.02,0.2,0.21760194003582,0.01533423364162445,0.22797423601150513,1.0
200,0.1,1605.2166291686756,19,edge_flip_vem,,,,217,,,1e-05,0.2,0.02,0.2,0.1967676728963852,0.019600000232458115,0.19313131272792816,1.0
200,0.1,1605.2166291686756,19,sbm_dpsgd_all_noised,1492.9944069464532,122.62403657608145,5.635918426327381,11.0,6.0,5.0,1e-05,0.2,0.02,0.2,0.17457999289035797,0.09950167685747147,0.16418656706809998,0.162227560381389
200,0.5,75.26107361311833,0,edge_flip_vem,,,,268,,,1e-05,0.2,0.02,0.2,0.10919597744941711,0.0,0.0,0.0
200,0.5,75.26107361311833,0,sbm_dpsgd_all_noised,70.77218472422943,12.423129399151788,1.0338953100711687,11.0,6.0,5.0,1e-05,0.2,0.02,0.2,0.21785089373588562,0.021453097462654114,0.20191697776317596,1.0
200,0.5,75.26107361311833,1,edge_flip_vem,,,,214,,,1e-05,0.2,0.02,0.2,0.20161616802215576,0.019700000062584877,0.19373737275600433,1.0
200,0.5,75.26107361311833,1,sbm_dpsgd_all_noised,70.77218472422943,12.423129399151788,1.0338953100711687,11.0,6.0,5.0,1e-05,0.2,0.02,0.2,0.20944644510746002,0.02662772499024868,0.2058228850364685,0.7577078109175843
200,0.5,75.26107361311833,2,edge_flip_vem,,,,219,,,1e-05,0.2,0.02,0.2,0.20242424309253693,0.01860000006854534,0.20141413807868958,1.0
200,0.5,75.26107361311833,2,sbm_dpsgd_all_noised,70.77218472422943,12.423129399151788,1.0338953100711687,11.0,6.0,5.0,1e-05,0.2,0.02,0.2,0.1807117611169815,0.06473547220230103,0.19034448266029358,0.5472148956533329
200,0.5,75.26107361311833,3,edge_flip_vem,,,,275,,,1e-05,0.2,0.02,0.2,0.19777777791023254,0.021900000050663948,0.20040403306484222,1.0
200,0.5,75.26107361311833,3,sbm_dpsgd_all_noised,70.77218472422943,12.423129399151788,1.0338953100711687,11.0,6.0,5.0,1e-05,0.2,0.02,0.2,0.2233608514070511,0.015152527950704098,0.21339723467826843,0.9595659056988861
200,0.5,75.26107361311833,4,edge_flip_vem,,,,564,,,1e-05,0.2,0.02,0.2,0.2010101079940796,0.01899999938905239,0.21070706844329834,1.0
200,0.5,75.26107361311833,4,sbm_dpsgd_all_noised,70.77218472422943,12.423129399151788,1.0338953100711687,11.0,6.0,5.0,1e-05,0.2,0.02,0.2,0.22342388331890106,0.013821590691804886,0.22948451340198517,1.0
200,0.5,75.26107361311833,5,edge_flip_vem,,,,319,,,1e-05,0.2,0.02,0.2,0.18646465241909027,0.020099999383091927,0.192525252699852,1.0
200,0.5,75.26107361311833,5,sbm_dpsgd_all_noised,70.77218472422943,12.423129399151788,1.0338953100711687,11.0,6.0,5.0,1e-05,0.2,0.02,0.2,0.20322732627391815,0.01735690049827099,0.21718502044677734,0.9595659056988861
200,0.5,75.26107361311833,6,edge_flip_vem,,,,227,,,1e-05,0.2,0.02,0.2,0.19838383793830872,0.02280000038444996,0.19535353779792786,1.0
200,0.5,75.26107361311833,6,sbm_dpsgd_all_noised,70.77218472422943,12.423129399151788,1.0338953100711687,11.0,6.0,5.0,1e-05,0.2,0.02,0.2,0.19661355018615723,0.04570804908871651,0.19279396533966064,0.6158986577131393
200,0.5,75.26107361311833,7,edge_flip_vem,,,,244,,,1e-05,0.2,0.02,0.2,0.1945454478263855,0.017999999225139618,0.192525252699852,1.0
200,0.5,75.26107361311833,7,sbm_dpsgd_all_noised,70.77218472422943,12.423129399151788,1.0338953100711687,11.0,6.0,5.0,1e-05,0.2,0.02,0.2,0.21640422940254211,0.01619536243379116,0.20980946719646454,0.9595659056988861
200,0.5,75.26107361311833,8,edge_flip_vem,,,,328,,,1e-05,0.2,0.02,0.2,0.1967676728963852,0.019999999552965164,0.1965656578540802,1.0
200,0.5,75.26107361311833,8,sbm_dpsgd_all_noised,70.77218472422943,12.423129399151788,1.0338953100711687,11.0,6.0,5.0,1e-05,0.2,0.02,0.2,0.20170466601848602,0.054165054112672806,0.1820899099111557,0.7594266036838582
200,0.5,75.26107361311833,9,edge_flip_vem,,,,289,,,1e-05,0.2,0.02,0.2,0.20363636314868927,0.020099999383091927,0.18747474253177643,1.0
200,0.5,75.26107361311833,9,sbm_dpsgd_all_noised,70.77218472422943,12.423129399151788,1.0338953100711687,11.0,6.0,5.0,1e-05,0.2,0.02,0.2,0.22807160019874573,0.02067592553794384,0.2029416412115097,0.9595659056988861
200,0.5,75.26107361311833,10,edge_flip_vem,,,,294,,,1e-05,0.2,0.02,0.2,0.2052525281906128,0.0203000009059906,0.19474747776985168,1.0
200,0.5,75.26107361311833,10,sbm_dpsgd_all_noised,70.77218472422943,12.423129399151788,1.0338953100711687,11.0,6.0,5.0,1e-05,0.2,0.02,0.2,0.2103257030248642,0.09419787675142288,0.14807139337062836,0.36125283218547743
200,0.5,75.26107361311833,11,edge_flip_vem,,,,612,,,1e-05,0.2,0.02,0.2,0.21252524852752686,0.017799999564886093,0.20242424309253693,1.0
200,0.5,75.26107361311833,11,sbm_dpsgd_all_noised,70.77218472422943,12.423129399151788,1.0338953100711687,11.0,6.0,5.0,1e-05,0.2,0.02,0.2,0.2279655486345291,0.01445364486426115,0.22710786759853363,1.0
200,0.5,75.26107361311833,12,edge_flip_vem,,,,583,,,1e-05,0.2,0.02,0.2,0.06430745869874954,0.0961061343550682,0.1349831223487854,0.0007195674037132582
200,0.5,75.26107361311833,12,sbm_dpsgd_all_noised,70.77218472422943,12.423129399151788,1.0338953100711687,11.0,6.0,5.0,1e-05,0.2,0.02,0.2,0.2178613692522049,0.01725819520652294,0.21224212646484375,0.9595659056988861
200,0.5,75.26107361311833,13,edge_flip_vem,,,,361,,,1e-05,0.2,0.02,0.2,0.2010101079940796,0.021800000220537186,0.1987878829240799,1.0
200,0.5,75.26107361311833,13,sbm_dpsgd_all_noised,70.77218472422943,12.423129399151788,1.0338953100711687,11.0,6.0,5.0,1e-05,0.2,0.02,0.2,0.2219545543193817,0.018638012930750847,0.21877281367778778,0.9192068641040878
200,0.5,75.26107361311833,14,edge_flip_vem,,,,211,,,1e-05,0.2,0.02,0.2,0.20020201802253723,0.0203000009059906,0.20202019810676575,1.0
200,0.5,75.26107361311833,14,sbm_dpsgd_all_noised,70.77218472422943,12.423129399151788,1.0338953100711687,11.0,6.0,5.0,1e-05,0.2,0.02,0.2,0.22489261627197266,0.016705870628356934,0.2224777787923813,1.0
200,0.5,75.26107361311833,15,edge_flip_vem,,,,215,,,1e-05,0.2,0.02,0.2,0.19777777791023254,0.018400000408291817,0.20565655827522278,1.0
200,0.5,75.26107361311833,15,sbm_dpsgd_all_noised,70.77218472422943,12.423129399151788,1.0338953100711687,11.0,6.0,5.0,1e-05,0.2,0.02,0.2,0.21115867793560028,0.01898927241563797,0.2133491486310959,0.9595659056988861
200,0.5,75.26107361311833,16,edge_flip_vem,,,,452,,,1e-05,0.2,0.02,0.2,0.19494949281215668,0.020999999716877937,0.19515150785446167,1.0
200,0.5,75.26107361311833,16,sbm_dpsgd_all_noised,70.77218472422943,12.423129399151788,1.0338953100711687,11.0,6.0,5.0,1e-05,0.2,0.02,0.2,0.21366380155086517,0.01799256168305874,0.2125130146741867,0.9595659056988861
200,0.5,75.26107361311833,17,edge_flip_vem,,,,299,,,1e-05,0.2,0.02,0.2,0.1987878829240799,0.01940000057220459,0.2010101079940796,1.0
200,0.5,75.26107361311833,17,sbm_dpsgd_all_noised,70.77218472422943,12.423129399151788,1.0338953100711687,11.0,6.0,5.0,1e-05,0.2,0.02,0.2,0.1496647447347641,0.11900891363620758,0.18660789728164673,0.14178110791972456
200,0.5,75.26107361311833,18,edge_flip_vem,,,,263,,,1e-05,0.2,0.02,0.2,0.21919192373752594,0.022199999541044235,0.19272726774215698,1.0
200,0.5,75.26107361311833,18,sbm_dpsgd_all_noised,70.77218472422943,12.423129399151788,1.0338953100711687,11.0,6.0,5.0,1e-05,0.2,0.02,0.2,0.21812298893928528,0.015178482048213482,0.2263467013835907,1.0
200,0.5,75.26107361311833,19,edge_flip_vem,,,,217,,,1e-05,0.2,0.02,0.2,0.1967676728963852,0.019600000232458115,0.19313131272792816,1.0
200,0.5,75.26107361311833,19,sbm_dpsgd_all_noised,70.77218472422943,12.423129399151788,1.0338953100711687,11.0,6.0,5.0,1e-05,0.2,0.02,0.2,0.20036602020263672,0.04831475764513016,0.18695540726184845,0.7577078109175843
200,1.0,27.449962502007253,0,edge_flip_vem,,,,268,,,1e-05,0.2,0.02,0.2,0.10919597744941711,0.0,0.0,0.0
200,1.0,27.449962502007253,0,sbm_dpsgd_all_noised,26.32774027978503,5.635918426327381,0.5431122541136532,11.0,6.0,5.0,1e-05,0.2,0.02,0.2,0.22161731123924255,0.01662716455757618,0.20755372941493988,1.0
200,1.0,27.449962502007253,1,edge_flip_vem,,,,214,,,1e-05,0.2,0.02,0.2,0.20161616802215576,0.019700000062584877,0.19373737275600433,1.0
200,1.0,27.449962502007253,1,sbm_dpsgd_all_noised,26.32774027978503,5.635918426327381,0.5431122541136532,11.0,6.0,5.0,1e-05,0.2,0.02,0.2,0.2058175653219223,0.02443285845220089,0.22030189633369446,0.8888430835988428
200,1.0,27.449962502007253,2,edge_flip_vem,,,,219,,,1e-05,0.2,0.02,0.2,0.20242424309253693,0.01860000006854534,0.20141413807868958,1.0
200,1.0,27.449962502007253,2,sbm_dpsgd_all_noised,26.32774027978503,5.635918426327381,0.5431122541136532,11.0,6.0,5.0,1e-05,0.2,0.02,0.2,0.1573413908481598,0.1083809956908226,0.17591746151447296,0.1526255921470183
200,1.0,27.449962502007253,3,edge_flip_vem,,,,275,,,1e-05,0.2,0.02,0.2,0.19777777791023254,0.021900000050663948,0.20040403306484222,1.0
200,1.0,27.449962502007253,3,sbm_dpsgd_all_noised,26.32774027978503,5.635918426327381,0.5431122541136532,11.0,6.0,5.0,1e-05,0.2,0.02,0.2,0.22159013152122498,0.016797782853245735,0.20978225767612457,0.9595659056988861
200,1.0,27.449962502007253,4,edge_flip_vem,,,,564,,,1e-05,0.2,0.02,0.2,0.2010101079940796,0.01899999938905239,0.21070706844329834,1.0
200,1.0,27.449962502007253,4,sbm_dpsgd_all_noised,26.32774027978503,5.635918426327381,0.5431122541136532,11.0,6.0,5.0,1e-05,0.2,0.02,0.2,0.22119462490081787,0.013800409622490406,0.22700205445289612,1.0
200,1.0,27.449962502007253,5,edge_flip_vem,,,,319,,,1e-05,0.2,0.02,0.2,0.18646465241909027,0.020099999383091927,0.192525252699852,1.0
200,1.0,27.449962502007253,5,sbm_dpsgd_all_noised,26.32774027978503,5.635918426327381,0.5431122541136532,11.0,6.0,5.0,1e-05,0.2,0.02,0.2,0.20259247720241547,0.018678609281778336,0.2177763134241104,1.0
200,1.0,27.449962502007253,6,edge_flip_vem,,,,227,,,1e-05,0.2,0.02,0.2,0.19838383793830872,0.02280000038444996,0.19535353779792786,1.0
200,1.0,27.449962502007253,6,sbm_dpsgd_all_noised,26.32774027978503,5.635918426327381,0.5431122541136532,11.0,6.0,5.0,1e-05,0.2,0.02,0.2,0.18460610508918762,0.06465985625982285,0.1893058717250824,0.5635301829358957
200,1.0,27.449962502007253,7,edge_flip_vem,,,,244,,,1e-05,0.2,0.02,0.2,0.1945454478263855,0.017999999225139618,0.192525252699852,1.0
200,1.0,27.449962502007253,7,sbm_dpsgd_all_noised,26.32774027978503,5.635918426327381,0.5431122541136532,11.0,6.0,5.0,1e-05,0.2,0.02,0.2,0.2197190374135971,0.015861203894019127,0.20600390434265137,0.9595659056988861
200,1.0,27.449962502007253,8,edge_flip_vem,,,,328,,,1e-05,0.2,0.02,0.2,0.1967676728963852,0.019999999552965164,0.1965656578540802,1.0
200,1.0,27.449962502007253,8,sbm_dpsgd_all_noised,26.32774027978503,5.635918426327381,0.5431122541136532,11.0,6.0,5.0,1e-05,0.2,0.02,0.2,0.18791337311267853,0.08128499984741211,0.17081664502620697,0.4429755154068367
200,1.0,27.449962502007253,9,edge_flip_vem,,,,289,,,1e-05,0.2,0.02,0.2,0.20363636314868927,0.020099999383091927,0.18747474253177643,1.0
200,1.0,27.449962502007253,9,sbm_dpsgd_all_noised,26.32774027978503,5.635918426327381,0.5431122541136532,11.0,6.0,5.0,1e-05,0.2,0.02,0.2,0.2274438887834549,0.022158034145832062,0.19989612698554993,0.9595659056988861
200,1.0,27.449962502007253,10,edge_flip_vem,,,,294,,,1e-05,0.2,0.02,0.2,0.2052525281906128,0.0203000009059906,0.19474747776985168,1.0
200,1.0,27.449962502007253,10,sbm_dpsgd_all_noised,26.32774027978503,5.635918426327381,0.5431122541136532,11.0,6.0,5.0,1e-05,0.2,0.02,0.2,0.22432509064674377,0.024392081424593925,0.19054552912712097,0.8380801143026412
200,1.0,27.449962502007253,11,edge_flip_vem,,,,612,,,1e-05,0.2,0.02,0.2,0.21252524852752686,0.017799999564886093,0.20242424309253693,1.0
200,1.0,27.449962502007253,11,sbm_dpsgd_all_noised,26.32774027978503,5.635918426327381,0.5431122541136532,11.0,6.0,5.0,1e-05,0.2,0.02,0.2,0.2284509390592575,0.014517982490360737,0.22881190478801727,1.0
200,1.0,27.449962502007253,12,edge_flip_vem,,,,583,,,1e-05,0.2,0.02,0.2,0.06430745869874954,0.0961061343550682,0.1349831223487854,0.0007195674037132582
200,1.0,27.449962502007253,12,sbm_dpsgd_all_noised,26.32774027978503,5.635918426327381,0.5431122541136532,11.0,6.0,5.0,1e-05,0.2,0.02,0.2,0.21709679067134857,0.01894102618098259,0.21398361027240753,1.0
200,1.0,27.449962502007253,13,edge_flip_vem,,,,361,,,1e-05,0.2,0.02,0.2,0.2010101079940796,0.021800000220537186,0.1987878829240799,1.0
200,1.0,27.449962502007253,13,sbm_dpsgd_all_noised,26.32774027978503,5.635918426327381,0.5431122541136532,11.0,6.0,5.0,1e-05,0.2,0.02,0.2,0.22527895867824554,0.01820870116353035,0.21466583013534546,0.9595659056988861
200,1.0,27.449962502007253,14,edge_flip_vem,,,,211,,,1e-05,0.2,0.02,0.2,0.20020201802253723,0.0203000009059906,0.20202019810676575,1.0
200,1.0,27.449962502007253,14,sbm_dpsgd_all_noised,26.32774027978503,5.635918426327381,0.5431122541136532,11.0,6.0,5.0,1e-05,0.2,0.02,0.2,0.22725895047187805,0.01666531153023243,0.21879826486110687,1.0
200,1.0,27.449962502007253,15,edge_flip_vem,,,,215,,,1e-05,0.2,0.02,0.2,0.19777777791023254,0.018400000408291817,0.20565655827522278,1.0
200,1.0,27.449962502007253,15,sbm_dpsgd_all_noised,26.32774027978503,5.635918426327381,0.5431122541136532,11.0,6.0,5.0,1e-05,0.2,0.02,0.2,0.2061978578567505,0.02914242632687092,0.20286306738853455,0.7816140318257216
200,1.0,27.449962502007253,16,edge_flip_vem,,,,452,,,1e-05,0.2,0.02,0.2,0.19494949281215668,0.020999999716877937,0.19515150785446167,1.0
200,1.0,27.449962502007253,16,sbm_dpsgd_all_noised,26.32774027978503,5.635918426327381,0.5431122541136532,11.0,6.0,5.0,1e-05,0.2,0.02,0.2,0.21491548418998718,0.03009621612727642,0.19504567980766296,0.9192068641040878
200,1.0,27.449962502007253,17,edge_flip_vem,,,,299,,,1e-05,0.2,0.02,0.2,0.1987878829240799,0.01940000057220459,0.2010101079940796,1.0
200,1.0,27.449962502007253,17,sbm_dpsgd_all_noised,26.32774027978503,5.635918426327381,0.5431122541136532,11.0,6.0,5.0,1e-05,0.2,0.02,0.2,0.15370354056358337,0.1043103039264679,0.19482581317424774,0.28297435814589383
200,1.0,27.449962502007253,18,edge_flip_vem,,,,263,,,1e-05,0.2,0.02,0.2,0.21919192373752594,0.022199999541044235,0.19272726774215698,1.0
200,1.0,27.449962502007253,18,sbm_dpsgd_all_noised,26.32774027978503,5.635918426327381,0.5431122541136532,11.0,6.0,5.0,1e-05,0.2,0.02,0.2,0.2176162600517273,0.015220247209072113,0.22879798710346222,1.0
200,1.0,27.449962502007253,19,edge_flip_vem,,,,217,,,1e-05,0.2,0.02,0.2,0.1967676728963852,0.019600000232458115,0.19313131272792816,1.0
200,1.0,27.449962502007253,19,sbm_dpsgd_all_noised,26.32774027978503,5.635918426327381,0.5431122541136532,11.0,6.0,5.0,1e-05,0.2,0.02,0.2,0.1882365494966507,0.1040053516626358,0.15112635493278503,0.14152195347803195
200,2.0,11.732851621374003,0,edge_flip_vem,,,,217,,,1e-05,0.2,0.02,0.2,0.10923995822668076,0.0,0.0,0.0
200,2.0,11.732851621374003,0,sbm_dpsgd_all_noised,11.245049229064149,2.668102829441137,0.40561225411365304,11.0,6.0,5.0,1e-05,0.2,0.02,0.2,0.2052840143442154,0.025512324646115303,0.20321087539196014,0.8888430835988429
200,2.0,11.732851621374003,1,edge_flip_vem,,,,214,,,1e-05,0.2,0.02,0.2,0.20161136984825134,0.01969229057431221,0.19373245537281036,1.0
200,2.0,11.732851621374003,1,sbm_dpsgd_all_noised,11.245049229064149,2.668102829441137,0.40561225411365304,11.0,6.0,5.0,1e-05,0.2,0.02,0.2,0.21555408835411072,0.023556383326649666,0.21310199797153473,0.8585594574581791
200,2.0,11.732851621374003,2,edge_flip_vem,,,,219,,,1e-05,0.2,0.02,0.2,0.2024194598197937,0.018592271953821182,0.20140935480594635,1.0
200,2.0,11.732851621374003,2,sbm_dpsgd_all_noised,11.245049229064149,2.668102829441137,0.40561225411365304,11.0,6.0,5.0,1e-05,0.2,0.02,0.2,0.17457325756549835,0.08222755044698715,0.17863619327545166,0.44632888749472355
200,2.0,11.732851621374003,3,edge_flip_vem,,,,275,,,1e-05,0.2,0.02,0.2,0.19777292013168335,0.021892325952649117,0.2003992348909378,1.0
200,2.0,11.732851621374003,3,sbm_dpsgd_all_noised,11.245049229064149,2.668102829441137,0.40561225411365304,11.0,6.0,5.0,1e-05,0.2,0.02,0.2,0.21896003186702728,0.017122609540820122,0.21345500648021698,0.9595659056988861
200,2.0,11.732851621374003,4,edge_flip_vem,,,,564,,,1e-05,0.2,0.02,0.2,0.20100529491901398,0.01899227872490883,0.21070243418216705,1.0
200,2.0,11.732851621374003,4,sbm_dpsgd_all_noised,11.245049229064149,2.668102829441137,0.40561225411365304,11.0,6.0,5.0,1e-05,0.2,0.02,0.2,0.2092767208814621,0.021118754521012306,0.22119596600532532,0.7816140318257215
200,2.0,11.732851621374003,5,edge_flip_vem,,,,319,,,1e-05,0.2,0.02,0.2,0.18645961582660675,0.020092297345399857,0.19252032041549683,1.0
200,2.0,11.732851621374003,5,sbm_dpsgd_all_noised,11.245049229064149,2.668102829441137,0.40561225411365304,11.0,6.0,5.0,1e-05,0.2,0.02,0.2,0.21099209785461426,0.01734708994626999,0.20801426470279694,0.9595659056988861
200,2.0,11.732851621374003,6,edge_flip_vem,,,,227,,,1e-05,0.2,0.02,0.2,0.19837899506092072,0.022792339324951172,0.19534865021705627,1.0
200,2.0,11.732851621374003,6,sbm_dpsgd_all_noised,11.245049229064149,2.668102829441137,0.40561225411365304,11.0,6.0,5.0,1e-05,0.2,0.02,0.2,0.21092623472213745,0.01756872422993183,0.21876254677772522,1.0
200,2.0,11.732851621374003,7,edge_flip_vem,,,,244,,,1e-05,0.2,0.02,0.2,0.19454054534435272,0.017992263659834862,0.19252032041549683,1.0
200,2.0,11.732851621374003,7,sbm_dpsgd_all_noised,11.245049229064149,2.668102829441137,0.40561225411365304,11.0,6.0,5.0,1e-05,0.2,0.02,0.2,0.22709603607654572,0.016276299953460693,0.20192177593708038,0.9192068641040878
200,2.0,11.732851621374003,8,edge_flip_vem,,,,328,,,1e-05,0.2,0.02,0.2,0.196762815117836,0.019992295652627945,0.1965607851743698,1.0
200,2.0,11.732851621374003,8,sbm_dpsgd_all_noised,11.245049229064149,2.668102829441137,0.40561225411365304,11.0,6.0,5.0,1e-05,0.2,0.02,0.2,0.18075554072856903,0.10188376158475876,0.1628061681985855,0.268232121226368
200,2.0,11.732851621374003,9,edge_flip_vem,,,,289,,,1e-05,0.2,0.02,0.2,0.20363160967826843,0.020092297345399857,0.1874697357416153,1.0
200,2.0,11.732851621374003,9,sbm_dpsgd_all_noised,11.245049229064149,2.668102829441137,0.40561225411365304,11.0,6.0,5.0,1e-05,0.2,0.02,0.2,0.23053789138793945,0.023779064416885376,0.19575664401054382,0.8888430835988428
200,2.0,11.732851621374003,10,edge_flip_vem,,,,294,,,1e-05,0.2,0.02,0.2,0.20524778962135315,0.02029230073094368,0.1947425752878189,1.0
200,2.0,11.732851621374003,10,sbm_dpsgd_all_noised,11.245049229064149,2.668102829441137,0.40561225411365304,11.0,6.0,5.0,1e-05,0.2,0.02,0.2,0.22989851236343384,0.014482197351753712,0.20535476505756378,0.9595659056988861
200,2.0,11.732851621374003,11,edge_flip_vem,,,,612,,,1e-05,0.2,0.02,0.2,0.21252064406871796,0.01779226027429104,0.2024194598197937,1.0
200,2.0,11.732851621374003,11,sbm_dpsgd_all_noised,11.245049229064149,2.668102829441137,0.40561225411365304,11.0,6.0,5.0,1e-05,0.2,0.02,0.2,0.23053009808063507,0.0141508923843503,0.2304065227508545,1.0
200,2.0,11.732851621374003,12,edge_flip_vem,,,,583,,,1e-05,0.2,0.02,0.2,0.06430046260356903,0.09609965234994888,0.13497726619243622,0.0007195674037132582
200,2.0,11.732851621374003,12,sbm_dpsgd_all_noised,11.245049229064149,2.668102829441137,0.40561225411365304,11.0,6.0,5.0,1e-05,0.2,0.02,0.2,0.22078894078731537,0.01848648674786091,0.21221919357776642,1.0
200,2.0,11.732851621374003,13,edge_flip_vem,,,,361,,,1e-05,0.2,0.02,0.2,0.20100529491901398,0.021792324259877205,0.1987830400466919,1.0
200,2.0,11.732851621374003,13,sbm_dpsgd_all_noised,11.245049229064149,2.668102829441137,0.40561225411365304,11.0,6.0,5.0,1e-05,0.2,0.02,0.2,0.2108161747455597,0.02780577540397644,0.205017551779747,0.8320416739190629
200,2.0,11.732851621374003,14,edge_flip_vem,,,,211,,,1e-05,0.2,0.02,0.2,0.20019720494747162,0.02029230073094368,0.20201541483402252,1.0
200,2.0,11.732851621374003,14,sbm_dpsgd_all_noised,11.245049229064149,2.668102829441137,0.40561225411365304,11.0,6.0,5.0,1e-05,0.2,0.02,0.2,0.22082294523715973,0.01851150393486023,0.22292323410511017,1.0
200,2.0,11.732851621374003,15,edge_flip_vem,,,,215,,,1e-05,0.2,0.02,0.2,0.19777292013168335,0.018392270430922508,0.20565183460712433,1.0
200,2.0,11.732851621374003,15,sbm_dpsgd_all_noised,11.245049229064149,2.668102829441137,0.40561225411365304,11.0,6.0,5.0,1e-05,0.2,0.02,0.2,0.2013704627752304,0.03314818814396858,0.19947868585586548,0.7386721149855451
200,2.0,11.732851621374003,16,edge_flip_vem,,,,452,,,1e-05,0.2,0.02,0.2,0.1949446052312851,0.020992310717701912,0.1951466202735901,1.0
200,2.0,11.732851621374003,16,sbm_dpsgd_all_noised,11.245049229064149,2.668102829441137,0.40561225411365304,11.0,6.0,5.0,1e-05,0.2,0.02,0.2,0.19083654880523682,0.0617988146841526,0.1842556893825531,0.5986010734089012
200,2.0,11.732851621374003,17,edge_flip_vem,,,,228,,,1e-05,0.2,0.02,0.2,0.19898506999015808,0.019392285495996475,0.20080327987670898,1.0
200,2.0,11.732851621374003,17,sbm_dpsgd_all_noised,11.245049229064149,2.668102829441137,0.40561225411365304,11.0,6.0,5.0,1e-05,0.2,0.02,0.2,0.21330058574676514,0.02372289076447487,0.20862585306167603,0.8888430835988428
200,2.0,11.732851621374003,18,edge_flip_vem,,,,263,,,1e-05,0.2,0.02,0.2,0.2191874086856842,0.02219233103096485,0.19272233545780182,1.0
200,2.0,11.732851621374003,18,sbm_dpsgd_all_noised,11.245049229064149,2.668102829441137,0.40561225411365304,11.0,6.0,5.0,1e-05,0.2,0.02,0.2,0.21917058527469635,0.015110064297914505,0.22736701369285583,1.0
200,2.0,11.732851621374003,19,edge_flip_vem,,,,217,,,1e-05,0.2,0.02,0.2,0.196762815117836,0.0195922888815403,0.193126380443573,1.0
200,2.0,11.732851621374003,19,sbm_dpsgd_all_noised,11.245049229064149,2.668102829441137,0.40561225411365304,11.0,6.0,5.0,1e-05,0.2,0.02,0.2,0.21619626879692078,0.02917439118027687,0.19450804591178894,0.8320416739190629
200,5.0,4.150006096013556,0,edge_flip_vem,,,,337,,,1e-05,0.2,0.02,0.2,0.19935505092144012,0.02196202240884304,0.19977203011512756,1.0
200,5.0,4.150006096013556,0,sbm_dpsgd_all_noised,3.992894984902444,1.0338953100711687,0.36711225411365295,11.0,6.0,5.0,1e-05,0.2,0.02,0.2,0.20238035917282104,0.03708522766828537,0.19422173500061035,0.8622433486037285
200,5.0,4.150006096013556,1,edge_flip_vem,,,,183,,,1e-05,0.2,0.02,0.2,0.20310790836811066,0.019278734922409058,0.1958106905221939,1.0
200,5.0,4.150006096013556,1,sbm_dpsgd_all_noised,3.992894984902444,1.0338953100711687,0.36711225411365295,11.0,6.0,5.0,1e-05,0.2,0.02,0.2,0.21432606875896454,0.026540709659457207,0.2089053839445114,0.8056081421684229
200,5.0,4.150006096013556,2,edge_flip_vem,,,,162,,,1e-05,0.2,0.02,0.2,0.20227393507957458,0.020207565277814865,0.1991465538740158,1.0
200,5.0,4.150006096013556,2,sbm_dpsgd_all_noised,3.992894984902444,1.0338953100711687,0.36711225411365295,11.0,6.0,5.0,1e-05,0.2,0.02,0.2,0.1942407786846161,0.039616942405700684,0.19765865802764893,0.7648442977525686
200,5.0,4.150006096013556,3,edge_flip_vem,,,,224,,,1e-05,0.2,0.02,0.2,0.20060600340366364,0.021136395633220673,0.19998052716255188,1.0
200,5.0,4.150006096013556,3,sbm_dpsgd_all_noised,3.992894984902444,1.0338953100711687,0.36711225411365295,11.0,6.0,5.0,1e-05,0.2,0.02,0.2,0.2004181295633316,0.027008019387722015,0.21849429607391357,0.8585594574581791
200,5.0,4.150006096013556,4,edge_flip_vem,,,,536,,,1e-05,0.2,0.02,0.2,0.21061359345912933,0.019381938502192497,0.2035248875617981,1.0
200,5.0,4.150006096013556,4,sbm_dpsgd_all_noised,3.992894984902444,1.0338953100711687,0.36711225411365295,11.0,6.0,5.0,1e-05,0.2,0.02,0.2,0.1774994283914566,0.11505037546157837,0.16650235652923584,0.11878122704551675
200,5.0,4.150006096013556,5,edge_flip_vem,,,,325,,,1e-05,0.2,0.02,0.2,0.0,0.0,0.10310786962509155,0.0
200,5.0,4.150006096013556,5,sbm_dpsgd_all_noised,3.992894984902444,1.0338953100711687,0.36711225411365295,11.0,6.0,5.0,1e-05,0.2,0.02,0.2,0.2106950432062149,0.030653322115540504,0.18702979385852814,0.7356098229047746
200,5.0,4.150006096013556,6,edge_flip_vem,,,,183,,,1e-05,0.2,0.02,0.2,0.19977203011512756,0.020723583176732063,0.19497673213481903,1.0
200,5.0,4.150006096013556,6,sbm_dpsgd_all_noised,3.992894984902444,1.0338953100711687,0.36711225411365295,11.0,6.0,5.0,1e-05,0.2,0.02,0.2,0.21020381152629852,0.03757347911596298,0.19881732761859894,0.673648331135548
200,5.0,4.150006096013556,7,edge_flip_vem,,,,292,,,1e-05,0.2,0.02,0.2,0.19310030341148376,0.017317872494459152,0.1935172826051712,1.0
200,5.0,4.150006096013556,7,sbm_dpsgd_all_noised,3.992894984902444,1.0338953100711687,0.36711225411365295,11.0,6.0,5.0,1e-05,0.2,0.02,0.2,0.2202814370393753,0.02050665393471718,0.20186443626880646,0.8079616479391554
200,5.0,4.150006096013556,8,edge_flip_vem,,,,290,,,1e-05,0.2,0.02,0.2,0.1978956162929535,0.019072329625487328,0.1958106905221939,1.0
200,5.0,4.150006096013556,8,sbm_dpsgd_all_noised,3.992894984902444,1.0338953100711687,0.36711225411365295,11.0,6.0,5.0,1e-05,0.2,0.02,0.2,0.2030555009841919,0.11937637627124786,0.13306768238544464,0.004137595438710611
200,5.0,4.150006096013556,9,edge_flip_vem,,,,296,,,1e-05,0.2,0.02,0.2,0.20081450045108795,0.019794752821326256,0.1901814192533493,1.0
200,5.0,4.150006096013556,9,sbm_dpsgd_all_noised,3.992894984902444,1.0338953100711687,0.36711225411365295,11.0,6.0,5.0,1e-05,0.2,0.02,0.2,0.22673310339450836,0.024016505107283592,0.19757945835590363,0.8622433486037288
200,5.0,4.150006096013556,10,edge_flip_vem,,,,165,,,1e-05,0.2,0.02,0.2,0.20519281923770905,0.019794752821326256,0.19601918756961823,1.0
200,5.0,4.150006096013556,10,sbm_dpsgd_all_noised,3.992894984902444,1.0338953100711687,0.36711225411365295,11.0,6.0,5.0,1e-05,0.2,0.02,0.2,0.22497797012329102,0.018739018589258194,0.21468785405158997,0.9291252238549085
200,5.0,4.150006096013556,11,edge_flip_vem,,,,650,,,1e-05,0.2,0.02,0.2,0.2024824321269989,0.01804029569029808,0.2112390697002411,1.0
200,5.0,4.150006096013556,11,sbm_dpsgd_all_noised,3.992894984902444,1.0338953100711687,0.36711225411365295,11.0,6.0,5.0,1e-05,0.2,0.02,0.2,0.22845619916915894,0.01747128926217556,0.2293284684419632,0.8888430835988429
200,5.0,4.150006096013556,12,edge_flip_vem,,,,730,,,1e-05,0.2,0.02,0.2,0.05647018179297447,0.09206157177686691,0.13259316980838776,0.0
200,5.0,4.150006096013556,12,sbm_dpsgd_all_noised,3.992894984902444,1.0338953100711687,0.36711225411365295,11.0,6.0,5.0,1e-05,0.2,0.02,0.2,0.1606200635433197,0.1056746244430542,0.18690097332000732,0.16710697354757525
200,5.0,4.150006096013556,13,edge_flip_vem,,,,258,,,1e-05,0.2,0.02,0.2,0.20185695588588715,0.02247804030776024,0.19518521428108215,1.0
200,5.0,4.150006096013556,13,sbm_dpsgd_all_noised,3.992894984902444,1.0338953100711687,0.36711225411365295,11.0,6.0,5.0,1e-05,0.2,0.02,0.2,0.1848171204328537,0.05762265622615814,0.20299692451953888,0.5978208097977262
200,5.0,4.150006096013556,14,edge_flip_vem,,,,259,,,1e-05,0.2,0.02,0.2,0.20331639051437378,0.020517176017165184,0.19893807172775269,1.0
200,5.0,4.150006096013556,14,sbm_dpsgd_all_noised,3.992894984902444,1.0338953100711687,0.36711225411365295,11.0,6.0,5.0,1e-05,0.2,0.02,0.2,0.20402126014232635,0.023013953119516373,0.22872880101203918,0.9291252238549085
200,5.0,4.150006096013556,15,edge_flip_vem,,,,351,,,1e-05,0.2,0.02,0.2,0.19893807172775269,0.01865951530635357,0.20852868258953094,1.0
200,5.0,4.150006096013556,15,sbm_dpsgd_all_noised,3.992894984902444,1.0338953100711687,0.36711225411365295,11.0,6.0,5.0,1e-05,0.2,0.02,0.2,0.18198265135288239,0.08732074499130249,0.17319579422473907,0.33104889207329363
200,5.0,4.150006096013556,16,edge_flip_vem,,,,425,,,1e-05,0.2,0.02,0.2,0.1084495559334755,0.0,0.0,0.0
200,5.0,4.150006096013556,16,sbm_dpsgd_all_noised,3.992894984902444,1.0338953100711687,0.36711225411365295,11.0,6.0,5.0,1e-05,0.2,0.02,0.2,0.15800262987613678,0.11670646071434021,0.17305074632167816,0.07557700310972681
200,5.0,4.150006096013556,17,edge_flip_vem,,,,594,,,1e-05,0.2,0.02,0.2,0.19852109253406525,0.01865951530635357,0.19956354796886444,1.0
200,5.0,4.150006096013556,17,sbm_dpsgd_all_noised,3.992894984902444,1.0338953100711687,0.36711225411365295,11.0,6.0,5.0,1e-05,0.2,0.02,0.2,0.23291949927806854,0.02327798306941986,0.20627647638320923,0.8888430835988428
200,5.0,4.150006096013556,18,edge_flip_vem,,,,446,,,1e-05,0.2,0.02,0.2,0.2181192934513092,0.020620379596948624,0.18955594301223755,1.0
200,5.0,4.150006096013556,18,sbm_dpsgd_all_noised,3.992894984902444,1.0338953100711687,0.36711225411365295,11.0,6.0,5.0,1e-05,0.2,0.02,0.2,0.20950520038604736,0.07107017934322357,0.1710730642080307,0.6497259048318049
200,5.0,4.150006096013556,19,edge_flip_vem,,,,253,,,1e-05,0.2,0.02,0.2,0.1912238746881485,0.019381938502192497,0.19727014005184174,1.0
200,5.0,4.150006096013556,19,sbm_dpsgd_all_noised,3.992894984902444,1.0338953100711687,0.36711225411365295,11.0,6.0,5.0,1e-05,0.2,0.02,0.2,0.15844888985157013,0.11287257820367813,0.1760837584733963,7.261963669849626e-05
200,10.0,1.9953178628215948,0,edge_flip_vem,,,,218,,,1e-05,0.2,0.02,0.2,0.05645307898521423,0.10187028348445892,0.17189039289951324,0.004624087634346936
200,10.0,1.9953178628215948,0,sbm_dpsgd_all_noised,1.9223734183771504,0.5431122541136532,0.361612254113653,11.0,6.0,5.0,1e-05,0.2,0.02,0.2,0.18057465553283691,0.08874832093715668,0.17970559000968933,0.3668993933811534
200,10.0,1.9953178628215948,1,edge_flip_vem,,,,232,,,1e-05,0.2,0.02,0.2,0.0,0.0,0.10683459788560867,0.0
200,10.0,1.9953178628215948,1,sbm_dpsgd_all_noised,1.9223734183771504,0.5431122541136532,0.361612254113653,11.0,6.0,5.0,1e-05,0.2,0.02,0.2,0.20441444218158722,0.06510863453149796,0.19156228005886078,0.5635301829358957
200,10.0,1.9953178628215948,2,edge_flip_vem,,,,189,,,1e-05,0.2,0.02,0.2,0.20252446830272675,0.14082743227481842,0.08200551569461823,0.014260779440164604
200,10.0,1.9953178628215948,2,sbm_dpsgd_all_noised,1.9223734183771504,0.5431122541136532,0.361612254113653,11.0,6.0,5.0,1e-05,0.2,0.02,0.2,0.17012566328048706,0.09584587067365646,0.18011580407619476,0.32016951621595313
200,10.0,1.9953178628215948,3,edge_flip_vem,,,,296,,,1e-05,0.2,0.02,0.2,0.0,0.0,0.11119502782821655,0.0
200,10.0,1.9953178628215948,3,sbm_dpsgd_all_noised,1.9223734183771504,0.5431122541136532,0.361612254113653,11.0,6.0,5.0,1e-05,0.2,0.02,0.2,0.1482914239168167,0.11397691071033478,0.21045953035354614,0.10567740927234813
200,10.0,1.9953178628215948,4,edge_flip_vem,,,,343,,,1e-05,0.2,0.02,0.2,0.002457357244566083,0.07612036168575287,0.14331407845020294,0.007676307897002207
200,10.0,1.9953178628215948,4,sbm_dpsgd_all_noised,1.9223734183771504,0.5431122541136532,0.361612254113653,11.0,6.0,5.0,1e-05,0.2,0.02,0.2,0.21292896568775177,0.05351027101278305,0.191269189119339,0.5978208097977262
200,10.0,1.9953178628215948,5,edge_flip_vem,,,,549,,,1e-05,0.2,0.02,0.2,0.2490050196647644,0.19044585525989532,0.09749820828437805,0.0048351814615571875
200,10.0,1.9953178628215948,5,sbm_dpsgd_all_noised,1.9223734183771504,0.5431122541136532,0.361612254113653,11.0,6.0,5.0,1e-05,0.2,0.02,0.2,0.19842304289340973,0.10464928299188614,0.14800667762756348,0.09335435548757667
200,10.0,1.9953178628215948,6,edge_flip_vem,,,,824,,,1e-05,0.2,0.02,0.2,0.1283251792192459,0.043600138276815414,0.007442365400493145,0.0049398103911962934
200,10.0,1.9953178628215948,6,sbm_dpsgd_all_noised,1.9223734183771504,0.5431122541136532,0.361612254113653,11.0,6.0,5.0,1e-05,0.2,0.02,0.2,0.2153744399547577,0.07790325582027435,0.17433106899261475,0.4493294426706517
200,10.0,1.9953178628215948,7,edge_flip_vem,,,,269,,,1e-05,0.2,0.02,0.2,0.0,0.232428178191185,0.10176211595535278,0.009600256094804405
200,10.0,1.9953178628215948,7,sbm_dpsgd_all_noised,1.9223734183771504,0.5431122541136532,0.361612254113653,11.0,6.0,5.0,1e-05,0.2,0.02,0.2,0.1886664181947708,0.08737733960151672,0.16665081679821014,0.3545071071299957
200,10.0,1.9953178628215948,8,edge_flip_vem,,,,317,,,1e-05,0.2,0.02,0.2,0.10213940590620041,0.21324007213115692,0.5,0.006742437358162446
200,10.0,1.9953178628215948,8,sbm_dpsgd_all_noised,1.9223734183771504,0.5431122541136532,0.361612254113653,11.0,6.0,5.0,1e-05,0.2,0.02,0.2,0.18816378712654114,0.12135863304138184,0.14716412127017975,0.005010844677765592
200,10.0,1.9953178628215948,9,edge_flip_vem,,,,448,,,1e-05,0.2,0.02,0.2,0.0,0.23903489112854004,0.10977024585008621,0.009600256094804405
200,10.0,1.9953178628215948,9,sbm_dpsgd_all_noised,1.9223734183771504,0.5431122541136532,0.361612254113653,11.0,6.0,5.0,1e-05,0.2,0.02,0.2,0.1995048224925995,0.05887867510318756,0.19074663519859314,0.5472148956533329
200,10.0,1.9953178628215948,10,edge_flip_vem,,,,269,,,1e-05,0.2,0.02,0.2,0.16905571520328522,0.11017712950706482,0.053764358162879944,0.0018162358601850257
200,10.0,1.9953178628215948,10,sbm_dpsgd_all_noised,1.9223734183771504,0.5431122541136532,0.361612254113653,11.0,6.0,5.0,1e-05,0.2,0.02,0.2,0.18881329894065857,0.0718836709856987,0.20337851345539093,0.4425618149720095
200,10.0,1.9953178628215948,11,edge_flip_vem,,,,709,,,1e-05,0.2,0.02,0.2,0.1400517076253891,0.06462791562080383,0.012185844592750072,0.007676307897002207
200,10.0,1.9953178628215948,11,sbm_dpsgd_all_noised,1.9223734183771504,0.5431122541136532,0.361612254113653,11.0,6.0,5.0,1e-05,0.2,0.02,0.2,0.177998885512352,0.11673111468553543,0.19709211587905884,0.001155093248376121
200,10.0,1.9953178628215948,12,edge_flip_vem,,,,802,,,1e-05,0.2,0.02,0.2,0.0,0.2192147672176361,0.1003606915473938,0.009600256094804405
200,10.0,1.9953178628215948,12,sbm_dpsgd_all_noised,1.9223734183771504,0.5431122541136532,0.361612254113653,11.0,6.0,5.0,1e-05,0.2,0.02,0.2,0.18012337386608124,0.11886836588382721,0.18295656144618988,0.15893759446183986
200,10.0,1.9953178628215948,13,edge_flip_vem,,,,267,,,1e-05,0.2,0.02,0.2,0.0,0.0,0.11535725742578506,0.0
200,10.0,1.9953178628215948,13,sbm_dpsgd_all_noised,1.9223734183771504,0.5431122541136532,0.361612254113653,11.0,6.0,5.0,1e-05,0.2,0.02,0.2,0.16462600231170654,0.1095489040017128,0.1943770945072174,0.24252715675612874
200,10.0,1.9953178628215948,14,edge_flip_vem,,,,545,,,1e-05,0.2,0.02,0.2,0.0,0.05840351805090904,0.13431771099567413,0.006362555582157094
200,10.0,1.9953178628215948,14,sbm_dpsgd_all_noised,1.9223734183771504,0.5431122541136532,0.361612254113653,11.0,6.0,5.0,1e-05,0.2,0.02,0.2,0.1743580400943756,0.09731368720531464,0.20343679189682007,0.48530695635993815
200,10.0,1.9953178628215948,15,edge_flip_vem,,,,271,,,1e-05,0.2,0.02,0.2,0.11225210130214691,0.0,0.0,0.0
200,10.0,1.9953178628215948,15,sbm_dpsgd_all_noised,1.9223734183771504,0.5431122541136532,0.361612254113653,11.0,6.0,5.0,1e-05,0.2,0.02,0.2,0.17535598576068878,0.09365467727184296,0.18622878193855286,0.17325362750738088
200,10.0,1.9953178628215948,16,edge_flip_vem,,,,277,,,1e-05,0.2,0.02,0.2,0.10511685162782669,0.0,0.0,0.0
200,10.0,1.9953178628215948,16,sbm_dpsgd_all_noised,1.9223734183771504,0.5431122541136532,0.361612254113653,11.0,6.0,5.0,1e-05,0.2,0.02,0.2,0.1545698046684265,0.12240943312644958,0.19407835602760315,0.149097107992338
200,10.0,1.9953178628215948,17,edge_flip_vem,,,,288,,,1e-05,0.2,0.02,0.2,0.0,0.0,0.11317703872919083,0.0
200,10.0,1.9953178628215948,17,sbm_dpsgd_all_noised,1.9223734183771504,0.5431122541136532,0.361612254113653,11.0,6.0,5.0,1e-05,0.2,0.02,0.2,0.20017610490322113,0.08096858859062195,0.19161340594291687,0.48828202460613657
200,10.0,1.9953178628215948,18,edge_flip_vem,,,,378,,,1e-05,0.2,0.02,0.2,0.11529119312763214,0.0,0.0,0.0
200,10.0,1.9953178628215948,18,sbm_dpsgd_all_noised,1.9223734183771504,0.5431122541136532,0.361612254113653,11.0,6.0,5.0,1e-05,0.2,0.02,0.2,0.20071667432785034,0.14543269574642181,0.14235228300094604,0.00392136163442078
200,10.0,1.9953178628215948,19,edge_flip_vem,,,,738,,,1e-05,0.2,0.02,0.2,0.0,0.04570186510682106,0.1230442076921463,0.0012286024500378604
200,10.0,1.9953178628215948,19,sbm_dpsgd_all_noised,1.9223734183771504,0.5431122541136532,0.361612254113653,11.0,6.0,5.0,1e-05,0.2,0.02,0.2,0.16219092905521393,0.12241814285516739,0.19692544639110565,0.00474814477102929
500,0.1,1605.2166291686756,0,edge_flip_vem,,,,130,,,1e-05,0.2,0.02,0.2,0.2009638547897339,0.020096000283956528,0.2017991989850998,1.0
500,0.1,1605.2166291686756,0,sbm_dpsgd_all_noised,1492.9944069464532,122.62403657608145,5.635918426327381,11.0,6.0,5.0,1e-05,0.2,0.02,0.2,0.2249133437871933,0.013965778984129429,0.21104562282562256,0.9663653678534111
500,0.1,1605.2166291686756,1,edge_flip_vem,,,,185,,,1e-05,0.2,0.02,0.2,0.20048192143440247,0.020447999238967896,0.20022490620613098,1.0
500,0.1,1605.2166291686756,1,sbm_dpsgd_all_noised,1492.9944069464532,122.62403657608145,5.635918426327381,11.0,6.0,5.0,1e-05,0.2,0.02,0.2,0.19796991348266602,0.043483830988407135,0.19297410547733307,0.7323175824349158
500,0.1,1605.2166291686756,2,edge_flip_vem,,,,240,,,1e-05,0.2,0.02,0.2,0.19900400936603546,0.019791999831795692,0.19736546277999878,1.0
500,0.1,1605.2166291686756,2,sbm_dpsgd_all_noised,1492.9944069464532,122.62403657608145,5.635918426327381,11.0,6.0,5.0,1e-05,0.2,0.02,0.2,0.22281596064567566,0.01932637393474579,0.19607391953468323,0.9219578224911567
500,0.1,1605.2166291686756,3,edge_flip_vem,,,,136,,,1e-05,0.2,0.02,0.2,0.20205622911453247,0.020800000056624413,0.19514858722686768,1.0
500,0.1,1605.2166291686756,3,sbm_dpsgd_all_noised,1492.9944069464532,122.62403657608145,5.635918426327381,11.0,6.0,5.0,1e-05,0.2,0.02,0.2,0.21527116000652313,0.012371719814836979,0.21805042028427124,1.0
500,0.1,1605.2166291686756,4,edge_flip_vem,,,,107,,,1e-05,0.2,0.02,0.2,0.20224899053573608,0.019360000267624855,0.20025703310966492,1.0
500,0.1,1605.2166291686756,4,sbm_dpsgd_all_noised,1492.9944069464532,122.62403657608145,5.635918426327381,11.0,6.0,5.0,1e-05,0.2,0.02,0.2,0.2224055677652359,0.017026307061314583,0.2017836719751358,0.9219578224911567
500,0.1,1605.2166291686756,5,edge_flip_vem,,,,240,,,1e-05,0.2,0.02,0.2,0.2008032202720642,0.019680000841617584,0.19980722665786743,1.0
500,0.1,1605.2166291686756,5,sbm_dpsgd_all_noised,1492.9944069464532,122.62403657608145,5.635918426327381,11.0,6.0,5.0,1e-05,0.2,0.02,0.2,0.21831020712852478,0.011062096804380417,0.21566565334796906,1.0
500,0.1,1605.2166291686756,6,edge_flip_vem,,,,331,,,1e-05,0.2,0.02,0.2,0.1998714804649353,0.020080000162124634,0.1989397555589676,1.0
500,0.1,1605.2166291686756,6,sbm_dpsgd_all_noised,1492.9944069464532,122.62403657608145,5.635918426327381,11.0,6.0,5.0,1e-05,0.2,0.02,0.2,0.22583626210689545,0.011796892620623112,0.21382741630077362,1.0
500,0.1,1605.2166291686756,7,edge_flip_vem,,,,221,,,1e-05,0.2,0.02,0.2,0.1998714804649353,0.019519999623298645,0.19579117000102997,1.0
500,0.1,1605.2166291686756,7,sbm_dpsgd_all_noised,1492.9944069464532,122.62403657608145,5.635918426327381,11.0,6.0,5.0,1e-05,0.2,0.02,0.2,0.2069217562675476,0.01208170223981142,0.22891773283481598,1.0
500,0.1,1605.2166291686756,8,edge_flip_vem,,,,431,,,1e-05,0.2,0.02,0.2,0.20131726562976837,0.020447999238967896,0.20000000298023224,1.0
500,0.1,1605.2166291686756,8,sbm_dpsgd_all_noised,1492.9944069464532,122.62403657608145,5.635918426327381,11.0,6.0,5.0,1e-05,0.2,0.02,0.2,0.23030462861061096,0.012844307348132133,0.21293579041957855,1.0
500,0.1,1605.2166291686756,9,edge_flip_vem,,,,123,,,1e-05,0.2,0.02,0.2,0.20019276440143585,0.020719999447464943,0.19688352942466736,1.0
500,0.1,1605.2166291686756,9,sbm_dpsgd_all_noised,1492.9944069464532,122.62403657608145,5.635918426327381,11.0,6.0,5.0,1e-05,0.2,0.02,0.2,0.21939852833747864,0.011188221164047718,0.21183991432189941,1.0
500,0.1,1605.2166291686756,10,edge_flip_vem,,,,289,,,1e-05,0.2,0.02,0.2,0.19823293387889862,0.02027199976146221,0.19810441136360168,1.0
500,0.1,1605.2166291686756,10,sbm_dpsgd_all_noised,1492.9944069464532,122.62403657608145,5.635918426327381,11.0,6.0,5.0,1e-05,0.2,0.02,0.2,0.2151338756084442,0.013082493096590042,0.2246362566947937,1.0
500,0.1,1605.2166291686756,11,edge_flip_vem,,,,104,,,1e-05,0.2,0.02,0.2,0.20295582711696625,0.020255999639630318,0.1989397555589676,1.0
500,0.1,1605.2166291686756,11,sbm_dpsgd_all_noised,1492.9944069464532,122.62403657608145,5.635918426327381,11.0,6.0,5.0,1e-05,0.2,0.02,0.2,0.2204604148864746,0.011640449054539204,0.2184411585330963,1.0
500,0.1,1605.2166291686756,12,edge_flip_vem,,,,260,,,1e-05,0.2,0.02,0.2,0.19669076800346375,0.019920000806450844,0.1968192756175995,1.0
500,0.1,1605.2166291686756,12,sbm_dpsgd_all_noised,1492.9944069464532,122.62403657608145,5.635918426327381,11.0,6.0,5.0,1e-05,0.2,0.02,0.2,0.209919735789299,0.01766943745315075,0.20734606683254242,0.9071889961593751
500,0.1,1605.2166291686756,13,edge_flip_vem,,,,370,,,1e-05,0.2,0.02,0.2,0.19919678568840027,0.02051199972629547,0.2034698724746704,1.0
500,0.1,1605.2166291686756,13,sbm_dpsgd_all_noised,1492.9944069464532,122.62403657608145,5.635918426327381,11.0,6.0,5.0,1e-05,0.2,0.02,0.2,0.21860018372535706,0.012272395193576813,0.22120574116706848,1.0
500,0.1,1605.2166291686756,14,edge_flip_vem,,,,190,,,1e-05,0.2,0.02,0.2,0.20025703310966492,0.020287999883294106,0.20009638369083405,1.0
500,0.1,1605.2166291686756,14,sbm_dpsgd_all_noised,1492.9944069464532,122.62403657608145,5.635918426327381,11.0,6.0,5.0,1e-05,0.2,0.02,0.2,0.22889769077301025,0.01238426472991705,0.2140294462442398,1.0
500,0.1,1605.2166291686756,15,edge_flip_vem,,,,216,,,1e-05,0.2,0.02,0.2,0.20221686363220215,0.019791999831795692,0.19791164994239807,1.0
500,0.1,1605.2166291686756,15,sbm_dpsgd_all_noised,1492.9944069464532,122.62403657608145,5.635918426327381,11.0,6.0,5.0,1e-05,0.2,0.02,0.2,0.21551460027694702,0.011122584342956543,0.2193940281867981,1.0
500,0.1,1605.2166291686756,16,edge_flip_vem,,,,322,,,1e-05,0.2,0.02,0.2,0.20099598169326782,0.019519999623298645,0.20131726562976837,1.0
500,0.1,1605.2166291686756,16,sbm_dpsgd_all_noised,1492.9944069464532,122.62403657608145,5.635918426327381,11.0,6.0,5.0,1e-05,0.2,0.02,0.2,0.19863301515579224,0.018109463155269623,0.22303113341331482,0.9623776396777219
500,0.1,1605.2166291686756,17,edge_flip_vem,,,,225,,,1e-05,0.2,0.02,0.2,0.20591165125370026,0.02070399932563305,0.19855421781539917,1.0
500,0.1,1605.2166291686756,17,sbm_dpsgd_all_noised,1492.9944069464532,122.62403657608145,5.635918426327381,11.0,6.0,5.0,1e-05,0.2,0.02,0.2,0.22101841866970062,0.022374184802174568,0.1975736916065216,0.893929656466158
500,0.1,1605.2166291686756,18,edge_flip_vem,,,,118,,,1e-05,0.2,0.02,0.2,0.19926103949546814,0.01934400014579296,0.199421688914299,1.0
500,0.1,1605.2166291686756,18,sbm_dpsgd_all_noised,1492.9944069464532,122.62403657608145,5.635918426327381,11.0,6.0,5.0,1e-05,0.2,0.02,0.2,0.21062786877155304,0.012866790406405926,0.21947351098060608,0.981182940453905
500,0.1,1605.2166291686756,19,edge_flip_vem,,,,238,,,1e-05,0.2,0.02,0.2,0.2038232982158661,0.02014400064945221,0.20122088491916656,1.0
500,0.1,1605.2166291686756,19,sbm_dpsgd_all_noised,1492.9944069464532,122.62403657608145,5.635918426327381,11.0,6.0,5.0,1e-05,0.2,0.02,0.2,0.22695933282375336,0.0168805792927742,0.20056988298892975,0.9663653678534111
500,0.5,75.26107361311833,0,edge_flip_vem,,,,130,,,1e-05,0.2,0.02,0.2,0.2009638547897339,0.020096000283956528,0.2017991989850998,1.0
500,0.5,75.26107361311833,0,sbm_dpsgd_all_noised,70.77218472422943,12.423129399151788,1.0338953100711687,11.0,6.0,5.0,1e-05,0.2,0.02,0.2,0.22617225348949432,0.013710682280361652,0.21052990853786469,0.981182940453905
500,0.5,75.26107361311833,1,edge_flip_vem,,,,185,,,1e-05,0.2,0.02,0.2,0.20048192143440247,0.020447999238967896,0.20022490620613098,1.0
500,0.5,75.26107361311833,1,sbm_dpsgd_all_noised,70.77218472422943,12.423129399151788,1.0338953100711687,11.0,6.0,5.0,1e-05,0.2,0.02,0.2,0.20489664375782013,0.03021957352757454,0.20007427036762238,0.8410494199500042
500,0.5,75.26107361311833,2,edge_flip_vem,,,,240,,,1e-05,0.2,0.02,0.2,0.19900400936603546,0.019791999831795692,0.19736546277999878,1.0
500,0.5,75.26107361311833,2,sbm_dpsgd_all_noised,70.77218472422943,12.423129399151788,1.0338953100711687,11.0,6.0,5.0,1e-05,0.2,0.02,0.2,0.22255811095237732,0.017244644463062286,0.1994684934616089,0.9407271848336156
500,0.5,75.26107361311833,3,edge_flip_vem,,,,136,,,1e-05,0.2,0.02,0.2,0.20205622911453247,0.020800000056624413,0.19514858722686768,1.0
500,0.5,75.26107361311833,3,sbm_dpsgd_all_noised,70.77218472422943,12.423129399151788,1.0338953100711687,11.0,6.0,5.0,1e-05,0.2,0.02,0.2,0.2157423049211502,0.012435593642294407,0.2179696261882782,1.0
500,0.5,75.26107361311833,4,edge_flip_vem,,,,107,,,1e-05,0.2,0.02,0.2,0.20224899053573608,0.019360000267624855,0.20025703310966492,1.0
500,0.5,75.26107361311833,4,sbm_dpsgd_all_noised,70.77218472422943,12.423129399151788,1.0338953100711687,11.0,6.0,5.0,1e-05,0.2,0.02,0.2,0.22086995840072632,0.01886482536792755,0.199087992310524,0.9103679358412615
500,0.5,75.26107361311833,5,edge_flip_vem,,,,240,,,1e-05,0.2,0.02,0.2,0.2008032202720642,0.019680000841617584,0.19980722665786743,1.0
500,0.5,75.26107361311833,5,sbm_dpsgd_all_noised,70.77218472422943,12.423129399151788,1.0338953100711687,11.0,6.0,5.0,1e-05,0.2,0.02,0.2,0.21853183209896088,0.011091620661318302,0.21482175588607788,1.0
500,0.5,75.26107361311833,6,edge_flip_vem,,,,331,,,1e-05,0.2,0.02,0.2,0.1998714804649353,0.020080000162124634,0.1989397555589676,1.0
500,0.5,75.26107361311833,6,sbm_dpsgd_all_noised,70.77218472422943,12.423129399151788,1.0338953100711687,11.0,6.0,5.0,1e-05,0.2,0.02,0.2,0.22807158529758453,0.011681010015308857,0.21254658699035645,1.0
500,0.5,75.26107361311833,7,edge_flip_vem,,,,221,,,1e-05,0.2,0.02,0.2,0.1998714804649353,0.019519999623298645,0.19579117000102997,1.0
500,0.5,75.26107361311833,7,sbm_dpsgd_all_noised,70.77218472422943,12.423129399151788,1.0338953100711687,11.0,6.0,5.0,1e-05,0.2,0.02,0.2,0.20663438737392426,0.012014495208859444,0.22932612895965576,1.0
500,0.5,75.26107361311833,8,edge_flip_vem,,,,431,,,1e-05,0.2,0.02,0.2,0.20131726562976837,0.020447999238967896,0.20000000298023224,1.0
500,0.5,75.26107361311833,8,sbm_dpsgd_all_noised,70.77218472422943,12.423129399151788,1.0338953100711687,11.0,6.0,5.0,1e-05,0.2,0.02,0.2,0.2295437455177307,0.012677183374762535,0.21223315596580505,0.981182940453905
500,0.5,75.26107361311833,9,edge_flip_vem,,,,123,,,1e-05,0.2,0.02,0.2,0.20019276440143585,0.020719999447464943,0.19688352942466736,1.0
500,0.5,75.26107361311833,9,sbm_dpsgd_all_noised,70.77218472422943,12.423129399151788,1.0338953100711687,11.0,6.0,5.0,1e-05,0.2,0.02,0.2,0.2203293740749359,0.011173472739756107,0.21089179813861847,1.0
500,0.5,75.26107361311833,10,edge_flip_vem,,,,289,,,1e-05,0.2,0.02,0.2,0.19823293387889862,0.02027199976146221,0.19810441136360168,1.0
500,0.5,75.26107361311833,10,sbm_dpsgd_all_noised,70.77218472422943,12.423129399151788,1.0338953100711687,11.0,6.0,5.0,1e-05,0.2,0.02,0.2,0.2147088646888733,0.013197251595556736,0.22547803819179535,1.0
500,0.5,75.26107361311833,11,edge_flip_vem,,,,104,,,1e-05,0.2,0.02,0.2,0.20295582711696625,0.020255999639630318,0.1989397555589676,1.0
500,0.5,75.26107361311833,11,sbm_dpsgd_all_noised,70.77218472422943,12.423129399151788,1.0338953100711687,11.0,6.0,5.0,1e-05,0.2,0.02,0.2,0.22011050581932068,0.011516050435602665,0.2181212306022644,1.0
500,0.5,75.26107361311833,12,edge_flip_vem,,,,260,,,1e-05,0.2,0.02,0.2,0.19669076800346375,0.019920000806450844,0.1968192756175995,1.0
500,0.5,75.26107361311833,12,sbm_dpsgd_all_noised,70.77218472422943,12.423129399151788,1.0338953100711687,11.0,6.0,5.0,1e-05,0.2,0.02,0.2,0.21637339890003204,0.013956548646092415,0.21106484532356262,0.9663653678534111
500,0.5,75.26107361311833,13,edge_flip_vem,,,,370,,,1e-05,0.2,0.02,0.2,0.19919678568840027,0.02051199972629547,0.2034698724746704,1.0
500,0.5,75.26107361311833,13,sbm_dpsgd_all_noised,70.77218472422943,12.423129399151788,1.0338953100711687,11.0,6.0,5.0,1e-05,0.2,0.02,0.2,0.22009116411209106,0.012180812656879425,0.21991543471813202,1.0
500,0.5,75.26107361311833,14,edge_flip_vem,,,,190,,,1e-05,0.2,0.02,0.2,0.20025703310966492,0.020287999883294106,0.20009638369083405,1.0
500,0.5,75.26107361311833,14,sbm_dpsgd_all_noised,70.77218472422943,12.423129399151788,1.0338953100711687,11.0,6.0,5.0,1e-05,0.2,0.02,0.2,0.22779597342014313,0.012470928020775318,0.21451731026172638,1.0
500,0.5,75.26107361311833,15,edge_flip_vem,,,,216,,,1e-05,0.2,0.02,0.2,0.20221686363220215,0.019791999831795692,0.19791164994239807,1.0
500,0.5,75.26107361311833,15,sbm_dpsgd_all_noised,70.77218472422943,12.423129399151788,1.0338953100711687,11.0,6.0,5.0,1e-05,0.2,0.02,0.2,0.21541786193847656,0.011284616775810719,0.22066400945186615,1.0
500,0.5,75.26107361311833,16,edge_flip_vem,,,,322,,,1e-05,0.2,0.02,0.2,0.20099598169326782,0.019519999623298645,0.20131726562976837,1.0
500,0.5,75.26107361311833,16,sbm_dpsgd_all_noised,70.77218472422943,12.423129399151788,1.0338953100711687,11.0,6.0,5.0,1e-05,0.2,0.02,0.2,0.1973288506269455,0.018789706751704216,0.22308935225009918,0.9475719741127369
500,0.5,75.26107361311833,17,edge_flip_vem,,,,225,,,1e-05,0.2,0.02,0.2,0.20591165125370026,0.02070399932563305,0.19855421781539917,1.0
500,0.5,75.26107361311833,17,sbm_dpsgd_all_noised,70.77218472422943,12.423129399151788,1.0338953100711687,11.0,6.0,5.0,1e-05,0.2,0.02,0.2,0.2139938622713089,0.03281782940030098,0.18923543393611908,0.7879820470140367
500,0.5,75.26107361311833,18,edge_flip_vem,,,,118,,,1e-05,0.2,0.02,0.2,0.19926103949546814,0.01934400014579296,0.199421688914299,1.0
500,0.5,75.26107361311833,18,sbm_dpsgd_all_noised,70.77218472422943,12.423129399151788,1.0338953100711687,11.0,6.0,5.0,1e-05,0.2,0.02,0.2,0.20417746901512146,0.018137356266379356,0.21397367119789124,0.8956115963290147
500,0.5,75.26107361311833,19,edge_flip_vem,,,,238,,,1e-05,0.2,0.02,0.2,0.2038232982158661,0.02014400064945221,0.20122088491916656,1.0
500,0.5,75.26107361311833,19,sbm_dpsgd_all_noised,70.77218472422943,12.423129399151788,1.0338953100711687,11.0,6.0,5.0,1e-05,0.2,0.02,0.2,0.2273527979850769,0.015425866469740868,0.2027256339788437,0.9663653678534111
500,1.0,27.449962502007253,0,edge_flip_vem,,,,130,,,1e-05,0.2,0.02,0.2,0.2009638547897339,0.020096000283956528,0.2017991989850998,1.0
500,1.0,27.449962502007253,0,sbm_dpsgd_all_noised,26.32774027978503,5.635918426327381,0.5431122541136532,11.0,6.0,5.0,1e-05,0.2,0.02,0.2,0.22870208323001862,0.012805916368961334,0.21044550836086273,0.9663653678534111
500,1.0,27.449962502007253,1,edge_flip_vem,,,,185,,,1e-05,0.2,0.02,0.2,0.20048192143440247,0.020447999238967896,0.20022490620613098,1.0
500,1.0,27.449962502007253,1,sbm_dpsgd_all_noised,26.32774027978503,5.635918426327381,0.5431122541136532,11.0,6.0,5.0,1e-05,0.2,0.02,0.2,0.2055170089006424,0.033270470798015594,0.19577264785766602,0.797070059619831
500,1.0,27.449962502007253,2,edge_flip_vem,,,,240,,,1e-05,0.2,0.02,0.2,0.19900400936603546,0.019791999831795692,0.19736546277999878,1.0
500,1.0,27.449962502007253,2,sbm_dpsgd_all_noised,26.32774027978503,5.635918426327381,0.5431122541136532,11.0,6.0,5.0,1e-05,0.2,0.02,0.2,0.2190018892288208,0.01901019923388958,0.19965945184230804,0.9291252238549085
500,1.0,27.449962502007253,3,edge_flip_vem,,,,136,,,1e-05,0.2,0.02,0.2,0.20205622911453247,0.020800000056624413,0.19514858722686768,1.0
500,1.0,27.449962502007253,3,sbm_dpsgd_all_noised,26.32774027978503,5.635918426327381,0.5431122541136532,11.0,6.0,5.0,1e-05,0.2,0.02,0.2,0.2149192839860916,0.012443478219211102,0.21882887184619904,1.0
500,1.0,27.449962502007253,4,edge_flip_vem,,,,107,,,1e-05,0.2,0.02,0.2,0.20224899053573608,0.019360000267624855,0.20025703310966492,1.0
500,1.0,27.449962502007253,4,sbm_dpsgd_all_noised,26.32774027978503,5.635918426327381,0.5431122541136532,11.0,6.0,5.0,1e-05,0.2,0.02,0.2,0.21070757508277893,0.03031289204955101,0.19092996418476105,0.7406464738768442
500,1.0,27.449962502007253,5,edge_flip_vem,,,,240,,,1e-05,0.2,0.02,0.2,0.2008032202720642,0.019680000841617584,0.19980722665786743,1.0
500,1.0,27.449962502007253,5,sbm_dpsgd_all_noised,26.32774027978503,5.635918426327381,0.5431122541136532,11.0,6.0,5.0,1e-05,0.2,0.02,0.2,0.22222596406936646,0.011235971003770828,0.21257546544075012,1.0
500,1.0,27.449962502007253,6,edge_flip_vem,,,,331,,,1e-05,0.2,0.02,0.2,0.1998714804649353,0.020080000162124634,0.1989397555589676,1.0
500,1.0,27.449962502007253,6,sbm_dpsgd_all_noised,26.32774027978503,5.635918426327381,0.5431122541136532,11.0,6.0,5.0,1e-05,0.2,0.02,0.2,0.2281050980091095,0.011409063823521137,0.21129471063613892,1.0
500,1.0,27.449962502007253,7,edge_flip_vem,,,,221,,,1e-05,0.2,0.02,0.2,0.1998714804649353,0.019519999623298645,0.19579117000102997,1.0
500,1.0,27.449962502007253,7,sbm_dpsgd_all_noised,26.32774027978503,5.635918426327381,0.5431122541136532,11.0,6.0,5.0,1e-05,0.2,0.02,0.2,0.20795521140098572,0.011997616849839687,0.22613310813903809,1.0
500,1.0,27.449962502007253,8,edge_flip_vem,,,,431,,,1e-05,0.2,0.02,0.2,0.20131726562976837,0.020447999238967896,0.20000000298023224,1.0
500,1.0,27.449962502007253,8,sbm_dpsgd_all_noised,26.32774027978503,5.635918426327381,0.5431122541136532,11.0,6.0,5.0,1e-05,0.2,0.02,0.2,0.22927846014499664,0.012838962487876415,0.2096412032842636,0.9663653678534111
500,1.0,27.449962502007253,9,edge_flip_vem,,,,123,,,1e-05,0.2,0.02,0.2,0.20019276440143585,0.020719999447464943,0.19688352942466736,1.0
500,1.0,27.449962502007253,9,sbm_dpsgd_all_noised,26.32774027978503,5.635918426327381,0.5431122541136532,11.0,6.0,5.0,1e-05,0.2,0.02,0.2,0.21959762275218964,0.011113355867564678,0.21103371679782867,1.0
500,1.0,27.449962502007253,10,edge_flip_vem,,,,289,,,1e-05,0.2,0.02,0.2,0.19823293387889862,0.02027199976146221,0.19810441136360168,1.0
500,1.0,27.449962502007253,10,sbm_dpsgd_all_noised,26.32774027978503,5.635918426327381,0.5431122541136532,11.0,6.0,5.0,1e-05,0.2,0.02,0.2,0.21605534851551056,0.013217957690358162,0.22354567050933838,1.0
500,1.0,27.449962502007253,11,edge_flip_vem,,,,104,,,1e-05,0.2,0.02,0.2,0.20295582711696625,0.020255999639630318,0.1989397555589676,1.0
500,1.0,27.449962502007253,11,sbm_dpsgd_all_noised,26.32774027978503,5.635918426327381,0.5431122541136532,11.0,6.0,5.0,1e-05,0.2,0.02,0.2,0.22159093618392944,0.011677575297653675,0.21706201136112213,1.0
500,1.0,27.449962502007253,12,edge_flip_vem,,,,260,,,1e-05,0.2,0.02,0.2,0.19669076800346375,0.019920000806450844,0.1968192756175995,1.0
500,1.0,27.449962502007253,12,sbm_dpsgd_all_noised,26.32774027978503,5.635918426327381,0.5431122541136532,11.0,6.0,5.0,1e-05,0.2,0.02,0.2,0.21812181174755096,0.01420388463884592,0.2087327539920807,0.9663653678534111
500,1.0,27.449962502007253,13,edge_flip_vem,,,,370,,,1e-05,0.2,0.02,0.2,0.19919678568840027,0.02051199972629547,0.2034698724746704,1.0
500,1.0,27.449962502007253,13,sbm_dpsgd_all_noised,26.32774027978503,5.635918426327381,0.5431122541136532,11.0,6.0,5.0,1e-05,0.2,0.02,0.2,0.22218801081180573,0.012028942815959454,0.2184869945049286,1.0
500,1.0,27.449962502007253,14,edge_flip_vem,,,,190,,,1e-05,0.2,0.02,0.2,0.20025703310966492,0.020287999883294106,0.20009638369083405,1.0
500,1.0,27.449962502007253,14,sbm_dpsgd_all_noised,26.32774027978503,5.635918426327381,0.5431122541136532,11.0,6.0,5.0,1e-05,0.2,0.02,0.2,0.22622494399547577,0.012592966668307781,0.21543046832084656,1.0
500,1.0,27.449962502007253,15,edge_flip_vem,,,,216,,,1e-05,0.2,0.02,0.2,0.20221686363220215,0.019791999831795692,0.19791164994239807,1.0
500,1.0,27.449962502007253,15,sbm_dpsgd_all_noised,26.32774027978503,5.635918426327381,0.5431122541136532,11.0,6.0,5.0,1e-05,0.2,0.02,0.2,0.21796177327632904,0.01155677530914545,0.21830132603645325,1.0
500,1.0,27.449962502007253,16,edge_flip_vem,,,,322,,,1e-05,0.2,0.02,0.2,0.20099598169326782,0.019519999623298645,0.20131726562976837,1.0
500,1.0,27.449962502007253,16,sbm_dpsgd_all_noised,26.32774027978503,5.635918426327381,0.5431122541136532,11.0,6.0,5.0,1e-05,0.2,0.02,0.2,0.2006428986787796,0.015789777040481567,0.2267141491174698,1.0
500,1.0,27.449962502007253,17,edge_flip_vem,,,,225,,,1e-05,0.2,0.02,0.2,0.20591165125370026,0.02070399932563305,0.19855421781539917,1.0
500,1.0,27.449962502007253,17,sbm_dpsgd_all_noised,26.32774027978503,5.635918426327381,0.5431122541136532,11.0,6.0,5.0,1e-05,0.2,0.02,0.2,0.21094806492328644,0.033197902143001556,0.19100424647331238,0.797070059619831
500,1.0,27.449962502007253,18,edge_flip_vem,,,,118,,,1e-05,0.2,0.02,0.2,0.19926103949546814,0.01934400014579296,0.199421688914299,1.0
500,1.0,27.449962502007253,18,sbm_dpsgd_all_noised,26.32774027978503,5.635918426327381,0.5431122541136532,11.0,6.0,5.0,1e-05,0.2,0.02,0.2,0.20723700523376465,0.014104589819908142,0.21949295699596405,0.919494037317958
500,1.0,27.449962502007253,19,edge_flip_vem,,,,238,,,1e-05,0.2,0.02,0.2,0.2038232982158661,0.02014400064945221,0.20122088491916656,1.0
500,1.0,27.449962502007253,19,sbm_dpsgd_all_noised,26.32774027978503,5.635918426327381,0.5431122541136532,11.0,6.0,5.0,1e-05,0.2,0.02,0.2,0.23073269426822662,0.012203648686408997,0.2084164172410965,1.0
500,2.0,11.732851621374003,0,edge_flip_vem,,,,130,,,1e-05,0.2,0.02,0.2,0.20095905661582947,0.02008829638361931,0.20179441571235657,1.0
500,2.0,11.732851621374003,0,sbm_dpsgd_all_noised,11.245049229064149,2.668102829441137,0.40561225411365304,11.0,6.0,5.0,1e-05,0.2,0.02,0.2,0.2297242134809494,0.010934497229754925,0.21387262642383575,0.981182940453905
500,2.0,11.732851621374003,1,edge_flip_vem,,,,345,,,1e-05,0.2,0.02,0.2,0.20050925016403198,0.020440302789211273,0.20022009313106537,1.0
500,2.0,11.732851621374003,1,sbm_dpsgd_all_noised,11.245049229064149,2.668102829441137,0.40561225411365304,11.0,6.0,5.0,1e-05,0.2,0.02,0.2,0.19494152069091797,0.060847874730825424,0.1783098429441452,0.5637728779400807
500,2.0,11.732851621374003,2,edge_flip_vem,,,,241,,,1e-05,0.2,0.02,0.2,0.19899918138980865,0.019816292449831963,0.19736060500144958,1.0
500,2.0,11.732851621374003,2,sbm_dpsgd_all_noised,11.245049229064149,2.668102829441137,0.40561225411365304,11.0,6.0,5.0,1e-05,0.2,0.02,0.2,0.2222766876220703,0.013840766623616219,0.2073214203119278,0.981182940453905
500,2.0,11.732851621374003,3,edge_flip_vem,,,,211,,,1e-05,0.2,0.02,0.2,0.20208357274532318,0.02084030956029892,0.1951436996459961,1.0
500,2.0,11.732851621374003,3,sbm_dpsgd_all_noised,11.245049229064149,2.668102829441137,0.40561225411365304,11.0,6.0,5.0,1e-05,0.2,0.02,0.2,0.2123340517282486,0.012290643528103828,0.22001706063747406,1.0
500,2.0,11.732851621374003,4,edge_flip_vem,,,,171,,,1e-05,0.2,0.02,0.2,0.20224422216415405,0.01935228519141674,0.20028434693813324,1.0
500,2.0,11.732851621374003,4,sbm_dpsgd_all_noised,11.245049229064149,2.668102829441137,0.40561225411365304,11.0,6.0,5.0,1e-05,0.2,0.02,0.2,0.21136368811130524,0.029948243871331215,0.19012725353240967,0.8050048459488832
500,2.0,11.732851621374003,5,edge_flip_vem,,,,240,,,1e-05,0.2,0.02,0.2,0.2007984071969986,0.019672289490699768,0.19980241358280182,1.0
500,2.0,11.732851621374003,5,sbm_dpsgd_all_noised,11.245049229064149,2.668102829441137,0.40561225411365304,11.0,6.0,5.0,1e-05,0.2,0.02,0.2,0.22365398705005646,0.012018140405416489,0.21217410266399384,1.0
500,2.0,11.732851621374003,6,edge_flip_vem,,,,152,,,1e-05,0.2,0.02,0.2,0.19893492758274078,0.02008829638361931,0.1998666673898697,1.0
500,2.0,11.732851621374003,6,sbm_dpsgd_all_noised,11.245049229064149,2.668102829441137,0.40561225411365304,11.0,6.0,5.0,1e-05,0.2,0.02,0.2,0.22562441229820251,0.011338990181684494,0.21037182211875916,1.0
500,2.0,11.732851621374003,7,edge_flip_vem,,,,285,,,1e-05,0.2,0.02,0.2,0.1998666673898697,0.019528288394212723,0.1957862824201584,1.0
500,2.0,11.732851621374003,7,sbm_dpsgd_all_noised,11.245049229064149,2.668102829441137,0.40561225411365304,11.0,6.0,5.0,1e-05,0.2,0.02,0.2,0.20551712810993195,0.011883996427059174,0.22836698591709137,1.0
500,2.0,11.732851621374003,8,edge_flip_vem,,,,316,,,1e-05,0.2,0.02,0.2,0.20131246745586395,0.02047230303287506,0.19999518990516663,1.0
500,2.0,11.732851621374003,8,sbm_dpsgd_all_noised,11.245049229064149,2.668102829441137,0.40561225411365304,11.0,6.0,5.0,1e-05,0.2,0.02,0.2,0.22639381885528564,0.013634765520691872,0.20973561704158783,0.9342752643999082
500,2.0,11.732851621374003,9,edge_flip_vem,,,,123,,,1e-05,0.2,0.02,0.2,0.20018795132637024,0.02071230672299862,0.19687867164611816,1.0
500,2.0,11.732851621374003,9,sbm_dpsgd_all_noised,11.245049229064149,2.668102829441137,0.40561225411365304,11.0,6.0,5.0,1e-05,0.2,0.02,0.2,0.21811479330062866,0.011156885884702206,0.21274521946907043,1.0
500,2.0,11.732851621374003,10,edge_flip_vem,,,,225,,,1e-05,0.2,0.02,0.2,0.19822809100151062,0.02026429958641529,0.19816383719444275,1.0
500,2.0,11.732851621374003,10,sbm_dpsgd_all_noised,11.245049229064149,2.668102829441137,0.40561225411365304,11.0,6.0,5.0,1e-05,0.2,0.02,0.2,0.2149576097726822,0.012244397774338722,0.22552286088466644,1.0
500,2.0,11.732851621374003,11,edge_flip_vem,,,,104,,,1e-05,0.2,0.02,0.2,0.20295105874538422,0.020248299464583397,0.19893492758274078,1.0
500,2.0,11.732851621374003,11,sbm_dpsgd_all_noised,11.245049229064149,2.668102829441137,0.40561225411365304,11.0,6.0,5.0,1e-05,0.2,0.02,0.2,0.21835365891456604,0.01154432725161314,0.21897730231285095,1.0
500,2.0,11.732851621374003,12,edge_flip_vem,,,,399,,,1e-05,0.2,0.02,0.2,0.19668589532375336,0.01992829330265522,0.1968144178390503,1.0
500,2.0,11.732851621374003,12,sbm_dpsgd_all_noised,11.245049229064149,2.668102829441137,0.40561225411365304,11.0,6.0,5.0,1e-05,0.2,0.02,0.2,0.2165231555700302,0.015087509527802467,0.21017597615718842,0.9327784552416941
500,2.0,11.732851621374003,13,edge_flip_vem,,,,246,,,1e-05,0.2,0.02,0.2,0.19919195771217346,0.02050430327653885,0.2034972459077835,1.0
500,2.0,11.732851621374003,13,sbm_dpsgd_all_noised,11.245049229064149,2.668102829441137,0.40561225411365304,11.0,6.0,5.0,1e-05,0.2,0.02,0.2,0.22099047899246216,0.01234950590878725,0.21809622645378113,1.0
500,2.0,11.732851621374003,14,edge_flip_vem,,,,190,,,1e-05,0.2,0.02,0.2,0.2002522200345993,0.020280299708247185,0.20009157061576843,1.0
500,2.0,11.732851621374003,14,sbm_dpsgd_all_noised,11.245049229064149,2.668102829441137,0.40561225411365304,11.0,6.0,5.0,1e-05,0.2,0.02,0.2,0.22582396864891052,0.01252751424908638,0.2144709676504135,1.0
500,2.0,11.732851621374003,15,edge_flip_vem,,,,216,,,1e-05,0.2,0.02,0.2,0.20221208035945892,0.019784292206168175,0.19790679216384888,1.0
500,2.0,11.732851621374003,15,sbm_dpsgd_all_noised,11.245049229064149,2.668102829441137,0.40561225411365304,11.0,6.0,5.0,1e-05,0.2,0.02,0.2,0.21773086488246918,0.012101222760975361,0.21825598180294037,1.0
500,2.0,11.732851621374003,16,edge_flip_vem,,,,410,,,1e-05,0.2,0.02,0.2,0.2009911835193634,0.019528288394212723,0.20131246745586395,1.0
500,2.0,11.732851621374003,16,sbm_dpsgd_all_noised,11.245049229064149,2.668102829441137,0.40561225411365304,11.0,6.0,5.0,1e-05,0.2,0.02,0.2,0.20402562618255615,0.014428754337131977,0.22609494626522064,0.981182940453905
500,2.0,11.732851621374003,17,edge_flip_vem,,,,225,,,1e-05,0.2,0.02,0.2,0.2059069275856018,0.020696306601166725,0.19854937493801117,1.0
500,2.0,11.732851621374003,17,sbm_dpsgd_all_noised,11.245049229064149,2.668102829441137,0.40561225411365304,11.0,6.0,5.0,1e-05,0.2,0.02,0.2,0.2104075849056244,0.03945520520210266,0.1853799670934677,0.7162546643507716
500,2.0,11.732851621374003,18,edge_flip_vem,,,,181,,,1e-05,0.2,0.02,0.2,0.19925621151924133,0.019336285069584846,0.1994168609380722,1.0
500,2.0,11.732851621374003,18,sbm_dpsgd_all_noised,11.245049229064149,2.668102829441137,0.40561225411365304,11.0,6.0,5.0,1e-05,0.2,0.02,0.2,0.20905987918376923,0.016795996576547623,0.2108369618654251,0.893929656466158
500,2.0,11.732851621374003,19,edge_flip_vem,,,,238,,,1e-05,0.2,0.02,0.2,0.20381854474544525,0.02013629674911499,0.20121608674526215,1.0
500,2.0,11.732851621374003,19,sbm_dpsgd_all_noised,11.245049229064149,2.668102829441137,0.40561225411365304,11.0,6.0,5.0,1e-05,0.2,0.02,0.2,0.22875547409057617,0.017753364518284798,0.19680696725845337,0.9075607558443624
500,5.0,4.150006096013556,0,edge_flip_vem,,,,187,,,1e-05,0.2,0.02,0.2,0.20212773978710175,0.01979888044297695,0.20262511074543,1.0
500,5.0,4.150006096013556,0,sbm_dpsgd_all_noised,3.992894984902444,1.0338953100711687,0.36711225411365295,11.0,6.0,5.0,1e-05,0.2,0.02,0.2,0.2258080095052719,0.012118177488446236,0.21599148213863373,1.0
500,5.0,4.150006096013556,1,edge_flip_vem,,,,356,,,1e-05,0.2,0.02,0.2,0.19950827956199646,0.020657531917095184,0.1999393254518509,1.0
500,5.0,4.150006096013556,1,sbm_dpsgd_all_noised,3.992894984902444,1.0338953100711687,0.36711225411365295,11.0,6.0,5.0,1e-05,0.2,0.02,0.2,0.2176857441663742,0.021754834800958633,0.1998519003391266,0.8608755657311985
500,5.0,4.150006096013556,2,edge_flip_vem,,,,315,,,1e-05,0.2,0.02,0.2,0.19974038004875183,0.019320016726851463,0.1966235637664795,1.0
500,5.0,4.150006096013556,2,sbm_dpsgd_all_noised,3.992894984902444,1.0338953100711687,0.36711225411365295,11.0,6.0,5.0,1e-05,0.2,0.02,0.2,0.22336751222610474,0.011992630548775196,0.2127114236354828,0.981182940453905
500,5.0,4.150006096013556,3,edge_flip_vem,,,,219,,,1e-05,0.2,0.02,0.2,0.20176300406455994,0.02083916962146759,0.19622567296028137,1.0
500,5.0,4.150006096013556,3,sbm_dpsgd_all_noised,3.992894984902444,1.0338953100711687,0.36711225411365295,11.0,6.0,5.0,1e-05,0.2,0.02,0.2,0.21381139755249023,0.012985427863895893,0.21926093101501465,1.0
500,5.0,4.150006096013556,4,edge_flip_vem,,,,222,,,1e-05,0.2,0.02,0.2,0.20003880560398102,0.019518166780471802,0.20235984027385712,1.0
500,5.0,4.150006096013556,4,sbm_dpsgd_all_noised,3.992894984902444,1.0338953100711687,0.36711225411365295,11.0,6.0,5.0,1e-05,0.2,0.02,0.2,0.22046132385730743,0.015620234422385693,0.2047729641199112,0.9103679358412614
500,5.0,4.150006096013556,5,edge_flip_vem,,,,269,,,1e-05,0.2,0.02,0.2,0.2006024867296219,0.01887417770922184,0.2000056505203247,1.0
500,5.0,4.150006096013556,5,sbm_dpsgd_all_noised,3.992894984902444,1.0338953100711687,0.36711225411365295,11.0,6.0,5.0,1e-05,0.2,0.02,0.2,0.21559131145477295,0.015424856916069984,0.21580760180950165,0.9623776396777219
500,5.0,4.150006096013556,6,edge_flip_vem,,,,206,,,1e-05,0.2,0.02,0.2,0.20010511577129364,0.02146664634346962,0.1989445984363556,1.0
500,5.0,4.150006096013556,6,sbm_dpsgd_all_noised,3.992894984902444,1.0338953100711687,0.36711225411365295,11.0,6.0,5.0,1e-05,0.2,0.02,0.2,0.18897739052772522,0.07905508577823639,0.16456563770771027,0.41709419034581996
500,5.0,4.150006096013556,7,edge_flip_vem,,,,219,,,1e-05,0.2,0.02,0.2,0.1993093341588974,0.019320016726851463,0.19605988264083862,1.0
500,5.0,4.150006096013556,7,sbm_dpsgd_all_noised,3.992894984902444,1.0338953100711687,0.36711225411365295,11.0,6.0,5.0,1e-05,0.2,0.02,0.2,0.21145957708358765,0.012346114963293076,0.2206033170223236,1.0
500,5.0,4.150006096013556,8,edge_flip_vem,,,,530,,,1e-05,0.2,0.02,0.2,0.20156405866146088,0.020822657272219658,0.1992761790752411,1.0
500,5.0,4.150006096013556,8,sbm_dpsgd_all_noised,3.992894984902444,1.0338953100711687,0.36711225411365295,11.0,6.0,5.0,1e-05,0.2,0.02,0.2,0.22218745946884155,0.013794352300465107,0.21789436042308807,0.9623776396777219
500,5.0,4.150006096013556,9,edge_flip_vem,,,,142,,,1e-05,0.2,0.02,0.2,0.20043669641017914,0.021648284047842026,0.19688881933689117,1.0
500,5.0,4.150006096013556,9,sbm_dpsgd_all_noised,3.992894984902444,1.0338953100711687,0.36711225411365295,11.0,6.0,5.0,1e-05,0.2,0.02,0.2,0.2158963978290558,0.011867993511259556,0.21839262545108795,1.0
500,5.0,4.150006096013556,10,edge_flip_vem,,,,316,,,1e-05,0.2,0.02,0.2,0.1982814520597458,0.020459381863474846,0.19808250665664673,1.0
500,5.0,4.150006096013556,10,sbm_dpsgd_all_noised,3.992894984902444,1.0338953100711687,0.36711225411365295,11.0,6.0,5.0,1e-05,0.2,0.02,0.2,0.20897722244262695,0.015040132217109203,0.22625796496868134,0.981182940453905
500,5.0,4.150006096013556,11,edge_flip_vem,,,,222,,,1e-05,0.2,0.02,0.2,0.20235984027385712,0.02019518055021763,0.19891144335269928,1.0
500,5.0,4.150006096013556,11,sbm_dpsgd_all_noised,3.992894984902444,1.0338953100711687,0.36711225411365295,11.0,6.0,5.0,1e-05,0.2,0.02,0.2,0.21775181591510773,0.011432443745434284,0.21892669796943665,1.0
500,5.0,4.150006096013556,12,edge_flip_vem,,,,392,,,1e-05,0.2,0.02,0.2,0.1976182907819748,0.01956770569086075,0.1959604024887085,1.0
500,5.0,4.150006096013556,12,sbm_dpsgd_all_noised,3.992894984902444,1.0338953100711687,0.36711225411365295,11.0,6.0,5.0,1e-05,0.2,0.02,0.2,0.2127760350704193,0.016443653032183647,0.21200747787952423,0.9062220901522294
500,5.0,4.150006096013556,13,edge_flip_vem,,,,202,,,1e-05,0.2,0.02,0.2,0.19980670511722565,0.020574970170855522,0.20448192954063416,1.0
500,5.0,4.150006096013556,13,sbm_dpsgd_all_noised,3.992894984902444,1.0338953100711687,0.36711225411365295,11.0,6.0,5.0,1e-05,0.2,0.02,0.2,0.2175934612751007,0.015174495987594128,0.21462805569171906,0.9475719741127369
500,5.0,4.150006096013556,14,edge_flip_vem,,,,167,,,1e-05,0.2,0.02,0.2,0.20109985768795013,0.019386066123843193,0.19977353513240814,1.0
500,5.0,4.150006096013556,14,sbm_dpsgd_all_noised,3.992894984902444,1.0338953100711687,0.36711225411365295,11.0,6.0,5.0,1e-05,0.2,0.02,0.2,0.22544912993907928,0.012652356177568436,0.21357335150241852,1.0
500,5.0,4.150006096013556,15,edge_flip_vem,,,,183,,,1e-05,0.2,0.02,0.2,0.20239299535751343,0.02040984481573105,0.19745250046253204,1.0
500,5.0,4.150006096013556,15,sbm_dpsgd_all_noised,3.992894984902444,1.0338953100711687,0.36711225411365295,11.0,6.0,5.0,1e-05,0.2,0.02,0.2,0.22264407575130463,0.014252904802560806,0.21082010865211487,0.981182940453905
500,5.0,4.150006096013556,16,edge_flip_vem,,,,125,,,1e-05,0.2,0.02,0.2,0.19970722496509552,0.019336529076099396,0.20136511325836182,1.0
500,5.0,4.150006096013556,16,sbm_dpsgd_all_noised,3.992894984902444,1.0338953100711687,0.36711225411365295,11.0,6.0,5.0,1e-05,0.2,0.02,0.2,0.20329034328460693,0.014208774082362652,0.22542990744113922,0.9342752643999084
500,5.0,4.150006096013556,17,edge_flip_vem,,,,206,,,1e-05,0.2,0.02,0.2,0.2049793004989624,0.02098778262734413,0.19758513569831848,1.0
500,5.0,4.150006096013556,17,sbm_dpsgd_all_noised,3.992894984902444,1.0338953100711687,0.36711225411365295,11.0,6.0,5.0,1e-05,0.2,0.02,0.2,0.21981336176395416,0.015905311331152916,0.21273104846477509,0.9291252238549084
500,5.0,4.150006096013556,18,edge_flip_vem,,,,143,,,1e-05,0.2,0.02,0.2,0.19924302399158478,0.019121866673231125,0.19911038875579834,1.0
500,5.0,4.150006096013556,18,sbm_dpsgd_all_noised,3.992894984902444,1.0338953100711687,0.36711225411365295,11.0,6.0,5.0,1e-05,0.2,0.02,0.2,0.16951598227024078,0.09887513518333435,0.1676975041627884,0.19839188151428427
500,5.0,4.150006096013556,19,edge_flip_vem,,,,268,,,1e-05,0.2,0.02,0.2,0.20411720871925354,0.01958421804010868,0.20040354132652283,1.0
500,5.0,4.150006096013556,19,sbm_dpsgd_all_noised,3.992894984902444,1.0338953100711687,0.36711225411365295,11.0,6.0,5.0,1e-05,0.2,0.02,0.2,0.21546120941638947,0.02252214215695858,0.20040662586688995,0.8823649750258831
500,10.0,1.9953178628215948,0,edge_flip_vem,,,,473,,,1e-05,0.2,0.02,0.2,0.20560483634471893,0.021920068189501762,0.2022678256034851,1.0
500,10.0,1.9953178628215948,0,sbm_dpsgd_all_noised,1.9223734183771504,0.5431122541136532,0.361612254113653,11.0,6.0,5.0,1e-05,0.2,0.02,0.2,0.21646301448345184,0.013997793197631836,0.21744497120380402,0.9219578224911567
500,10.0,1.9953178628215948,1,edge_flip_vem,,,,483,,,1e-05,0.2,0.02,0.2,0.0,0.0,0.10871993750333786,0.0
500,10.0,1.9953178628215948,1,sbm_dpsgd_all_noised,1.9223734183771504,0.5431122541136532,0.361612254113653,11.0,6.0,5.0,1e-05,0.2,0.02,0.2,0.21665701270103455,0.020990842953324318,0.19963565468788147,0.77915378861162
500,10.0,1.9953178628215948,2,edge_flip_vem,,,,367,,,1e-05,0.2,0.02,0.2,0.1994377225637436,0.021415211260318756,0.19846618175506592,1.0
500,10.0,1.9953178628215948,2,sbm_dpsgd_all_noised,1.9223734183771504,0.5431122541136532,0.361612254113653,11.0,6.0,5.0,1e-05,0.2,0.02,0.2,0.21788948774337769,0.014422707259654999,0.21420446038246155,0.9663653678534111
500,10.0,1.9953178628215948,3,edge_flip_vem,,,,634,,,1e-05,0.2,0.02,0.2,0.13141393661499023,0.08799184858798981,0.04960178583860397,0.008568586029232888
500,10.0,1.9953178628215948,3,sbm_dpsgd_all_noised,1.9223734183771504,0.5431122541136532,0.361612254113653,11.0,6.0,5.0,1e-05,0.2,0.02,0.2,0.21274347603321075,0.017660198733210564,0.21656645834445953,0.9475719741127369
500,10.0,1.9953178628215948,4,edge_flip_vem,,,,408,,,1e-05,0.2,0.02,0.2,0.2052246630191803,0.018407095223665237,0.20201438665390015,1.0
500,10.0,1.9953178628215948,4,sbm_dpsgd_all_noised,1.9223734183771504,0.5431122541136532,0.361612254113653,11.0,6.0,5.0,1e-05,0.2,0.02,0.2,0.2037493735551834,0.023954734206199646,0.20344939827919006,0.7866605900414758
500,10.0,1.9953178628215948,5,edge_flip_vem,,,,423,,,1e-05,0.2,0.02,0.2,0.11158653348684311,0.0,0.0,0.0
500,10.0,1.9953178628215948,5,sbm_dpsgd_all_noised,1.9223734183771504,0.5431122541136532,0.361612254113653,11.0,6.0,5.0,1e-05,0.2,0.02,0.2,0.20770388841629028,0.01836618408560753,0.21040180325508118,0.827056472583636
500,10.0,1.9953178628215948,6,edge_flip_vem,,,,343,,,1e-05,0.2,0.02,0.2,0.19559383392333984,0.02051067166030407,0.20129629969596863,1.0
500,10.0,1.9953178628215948,6,sbm_dpsgd_all_noised,1.9223734183771504,0.5431122541136532,0.361612254113653,11.0,6.0,5.0,1e-05,0.2,0.02,0.2,0.21093881130218506,0.016521872952580452,0.21324770152568817,0.8939296564661582
500,10.0,1.9953178628215948,7,edge_flip_vem,,,,726,,,1e-05,0.2,0.02,0.2,0.028043635189533234,0.06770922243595123,0.11729824542999268,0.005646830102822093
500,10.0,1.9953178628215948,7,sbm_dpsgd_all_noised,1.9223734183771504,0.5431122541136532,0.361612254113653,11.0,6.0,5.0,1e-05,0.2,0.02,0.2,0.21398523449897766,0.012867053039371967,0.21806317567825317,0.981182940453905
500,10.0,1.9953178628215948,8,edge_flip_vem,,,,647,,,1e-05,0.2,0.02,0.2,0.11759120970964432,0.0697016492486,0.035817842930555344,0.0
500,10.0,1.9953178628215948,8,sbm_dpsgd_all_noised,1.9223734183771504,0.5431122541136532,0.361612254113653,11.0,6.0,5.0,1e-05,0.2,0.02,0.2,0.21841824054718018,0.015483174473047256,0.2181878387928009,0.9327784552416941
500,10.0,1.9953178628215948,9,edge_flip_vem,,,,311,,,1e-05,0.2,0.02,0.2,0.20640739798545837,0.019564062356948853,0.1947912573814392,1.0
500,10.0,1.9953178628215948,9,sbm_dpsgd_all_noised,1.9223734183771504,0.5431122541136532,0.361612254113653,11.0,6.0,5.0,1e-05,0.2,0.02,0.2,0.21492916345596313,0.013852127827703953,0.21780212223529816,1.0
500,10.0,1.9953178628215948,10,edge_flip_vem,,,,425,,,1e-05,0.2,0.02,0.2,0.20167645812034607,0.021899033337831497,0.2002825289964676,1.0
500,10.0,1.9953178628215948,10,sbm_dpsgd_all_noised,1.9223734183771504,0.5431122541136532,0.361612254113653,11.0,6.0,5.0,1e-05,0.2,0.02,0.2,0.21325813233852386,0.014974532648921013,0.2216854691505432,0.9475719741127369
500,10.0,1.9953178628215948,11,edge_flip_vem,,,,464,,,1e-05,0.2,0.02,0.2,0.11027970165014267,0.0,0.0,0.0
500,10.0,1.9953178628215948,11,sbm_dpsgd_all_noised,1.9223734183771504,0.5431122541136532,0.361612254113653,11.0,6.0,5.0,1e-05,0.2,0.02,0.2,0.2189899981021881,0.014682456851005554,0.21570995450019836,0.9623776396777219
500,10.0,1.9953178628215948,12,edge_flip_vem,,,,387,,,1e-05,0.2,0.02,0.2,0.1977480947971344,0.019585099071264267,0.19757913053035736,1.0
500,10.0,1.9953178628215948,12,sbm_dpsgd_all_noised,1.9223734183771504,0.5431122541136532,0.361612254113653,11.0,6.0,5.0,1e-05,0.2,0.02,0.2,0.20677901804447174,0.023574717342853546,0.20332829654216766,0.7486763718197399
500,10.0,1.9953178628215948,13,edge_flip_vem,,,,444,,,1e-05,0.2,0.02,0.2,0.20138077437877655,0.020973458886146545,0.20357728004455566,1.0
500,10.0,1.9953178628215948,13,sbm_dpsgd_all_noised,1.9223734183771504,0.5431122541136532,0.361612254113653,11.0,6.0,5.0,1e-05,0.2,0.02,0.2,0.19723892211914062,0.02762906812131405,0.2064812183380127,0.7502409406864784
500,10.0,1.9953178628215948,14,edge_flip_vem,,,,334,,,1e-05,0.2,0.02,0.2,0.11117551475763321,0.0,0.0,0.0
500,10.0,1.9953178628215948,14,sbm_dpsgd_all_noised,1.9223734183771504,0.5431122541136532,0.361612254113653,11.0,6.0,5.0,1e-05,0.2,0.02,0.2,0.2252988964319229,0.014049538411200047,0.21203981339931488,0.981182940453905
500,10.0,1.9953178628215948,15,edge_flip_vem,,,,418,,,1e-05,0.2,0.02,0.2,0.20366176962852478,0.01908024027943611,0.197959303855896,1.0
500,10.0,1.9953178628215948,15,sbm_dpsgd_all_noised,1.9223734183771504,0.5431122541136532,0.361612254113653,11.0,6.0,5.0,1e-05,0.2,0.02,0.2,0.21477098762989044,0.018423613160848618,0.20534493029117584,0.8486348977167485
500,10.0,1.9953178628215948,16,edge_flip_vem,,,,244,,,1e-05,0.2,0.02,0.2,0.10843884199857712,0.17993080615997314,0.5,0.0
500,10.0,1.9953178628215948,16,sbm_dpsgd_all_noised,1.9223734183771504,0.5431122541136532,0.361612254113653,11.0,6.0,5.0,1e-05,0.2,0.02,0.2,0.192548006772995,0.03272033855319023,0.20266294479370117,0.6886426295707182
500,10.0,1.9953178628215948,17,edge_flip_vem,,,,408,,,1e-05,0.2,0.02,0.2,0.19876186549663544,0.022509070113301277,0.20547810196876526,1.0
500,10.0,1.9953178628215948,17,sbm_dpsgd_all_noised,1.9223734183771504,0.5431122541136532,0.361612254113653,11.0,6.0,5.0,1e-05,0.2,0.02,0.2,0.21790911257266998,0.017657466232776642,0.20893524587154388,0.8993572484755795
500,10.0,1.9953178628215948,18,edge_flip_vem,,,,521,,,1e-05,0.2,0.02,0.2,0.1973256915807724,0.018575381487607956,0.20260575413703918,1.0
500,10.0,1.9953178628215948,18,sbm_dpsgd_all_noised,1.9223734183771504,0.5431122541136532,0.361612254113653,11.0,6.0,5.0,1e-05,0.2,0.02,0.2,0.19684292376041412,0.030979126691818237,0.20004387199878693,0.6888308645429645
500,10.0,1.9953178628215948,19,edge_flip_vem,,,,435,,,1e-05,0.2,0.02,0.2,0.20040924847126007,0.019185418263077736,0.19673432409763336,1.0
500,10.0,1.9953178628215948,19,sbm_dpsgd_all_noised,1.9223734183771504,0.5431122541136532,0.361612254113653,11.0,6.0,5.0,1e-05,0.2,0.02,0.2,0.20427198708057404,0.02817031554877758,0.20428083837032318,0.7309025768128559
