N,sigma,epsilon,delta,method,rep,beta_true_00,beta_true_01,beta_true_11,beta_est_00,beta_est_01,beta_est_11
100,1.0,5.635918426327381,1e-05,sbm_dpsgd,0,0.2,0.02,0.2,0.2246295064687729,0.025006728246808052,0.21127499639987946
100,1.0,5.635918426327381,1e-05,gaussian,0,0.2,0.02,0.2,0.21024776995182037,0.013290120288729668,0.19593924283981323
100,1.0,5.635918426327381,1e-05,edge_flip,0,0.2,0.02,0.2,0.20854012668132782,0.013340122066438198,0.20196275413036346
100,1.0,5.635918426327381,1e-05,sbm_dpsgd,1,0.2,0.02,0.2,0.20686374604701996,0.03452910855412483,0.236614391207695
100,1.0,5.635918426327381,1e-05,gaussian,1,0.2,0.02,0.2,0.2101183384656906,0.01676223613321781,0.21858848631381989
100,1.0,5.635918426327381,1e-05,edge_flip,1,0.2,0.02,0.2,0.21182881295681,0.019383084028959274,0.21840618550777435
100,1.0,5.635918426327381,1e-05,sbm_dpsgd,2,0.2,0.02,0.2,0.17299388349056244,0.0434887632727623,0.20767511427402496
100,1.0,5.635918426327381,1e-05,gaussian,2,0.2,0.02,0.2,0.17805559933185577,0.021646104753017426,0.1959896981716156
100,1.0,5.635918426327381,1e-05,edge_flip,2,0.2,0.02,0.2,0.1764754354953766,0.021800270304083824,0.1986740678548813
100,1.0,5.635918426327381,1e-05,sbm_dpsgd,3,0.2,0.02,0.2,0.21301673352718353,0.028914904221892357,0.2163870632648468
100,1.0,5.635918426327381,1e-05,gaussian,3,0.2,0.02,0.2,0.19938787817955017,0.018706120550632477,0.20218639075756073
100,1.0,5.635918426327381,1e-05,edge_flip,3,0.2,0.02,0.2,0.1970297247171402,0.019383084028959274,0.20360709726810455
100,1.0,5.635918426327381,1e-05,sbm_dpsgd,4,0.2,0.02,0.2,0.1851152926683426,0.027866970747709274,0.20212022960186005
100,1.0,5.635918426327381,1e-05,gaussian,4,0.2,0.02,0.2,0.16822700202465057,0.0178714357316494,0.20019051432609558
100,1.0,5.635918426327381,1e-05,edge_flip,4,0.2,0.02,0.2,0.16825371980667114,0.01616017147898674,0.1970297247171402
100,1.0,5.635918426327381,1e-05,sbm_dpsgd,5,0.2,0.02,0.2,0.21155166625976562,0.03363758698105812,0.18391768634319305
100,1.0,5.635918426327381,1e-05,gaussian,5,0.2,0.02,0.2,0.20366697013378143,0.017014775425195694,0.18968091905117035
100,1.0,5.635918426327381,1e-05,edge_flip,5,0.2,0.02,0.2,0.2044292688369751,0.019383084028959274,0.18716366589069366
100,1.0,5.635918426327381,1e-05,sbm_dpsgd,6,0.2,0.02,0.2,0.22620084881782532,0.02411583624780178,0.20417751371860504
100,1.0,5.635918426327381,1e-05,gaussian,6,0.2,0.02,0.2,0.20010003447532654,0.020973455160856247,0.20523466169834137
100,1.0,5.635918426327381,1e-05,edge_flip,6,0.2,0.02,0.2,0.2060736119747162,0.018174491822719574,0.20031841099262238
100,1.0,5.635918426327381,1e-05,sbm_dpsgd,7,0.2,0.02,0.2,0.239515021443367,0.03270835801959038,0.2181176394224167
100,1.0,5.635918426327381,1e-05,gaussian,7,0.2,0.02,0.2,0.21324045956134796,0.01638622023165226,0.2252202332019806
100,1.0,5.635918426327381,1e-05,edge_flip,7,0.2,0.02,0.2,0.21676184237003326,0.01736876368522644,0.2282722443342209
100,1.0,5.635918426327381,1e-05,sbm_dpsgd,8,0.2,0.02,0.2,0.19864292442798615,0.022897953167557716,0.19263140857219696
100,1.0,5.635918426327381,1e-05,gaussian,8,0.2,0.02,0.2,0.20092938840389252,0.01680833473801613,0.17262022197246552
100,1.0,5.635918426327381,1e-05,edge_flip,8,0.2,0.02,0.2,0.1986740678548813,0.017771627753973007,0.17154240608215332
100,1.0,5.635918426327381,1e-05,sbm_dpsgd,9,0.2,0.02,0.2,0.2181897610425949,0.0381476916372776,0.1948142647743225
100,1.0,5.635918426327381,1e-05,gaussian,9,0.2,0.02,0.2,0.21233507990837097,0.024319056421518326,0.18903064727783203
100,1.0,5.635918426327381,1e-05,edge_flip,9,0.2,0.02,0.2,0.21182881295681,0.02462031878530979,0.18880800902843475
100,1.0,5.635918426327381,1e-05,sbm_dpsgd,10,0.2,0.02,0.2,0.19655583798885345,0.04054814949631691,0.19712409377098083
100,1.0,5.635918426327381,1e-05,gaussian,10,0.2,0.02,0.2,0.1899108737707138,0.02105765976011753,0.18864195048809052
100,1.0,5.635918426327381,1e-05,edge_flip,10,0.2,0.02,0.2,0.1896301805973053,0.02341172657907009,0.18880800902843475
100,1.0,5.635918426327381,1e-05,sbm_dpsgd,11,0.2,0.02,0.2,0.20549333095550537,0.032193709164857864,0.2265319675207138
100,1.0,5.635918426327381,1e-05,gaussian,11,0.2,0.02,0.2,0.20164638757705688,0.022945145145058632,0.20202897489070892
100,1.0,5.635918426327381,1e-05,edge_flip,11,0.2,0.02,0.2,0.20525144040584564,0.02220313437283039,0.2044292688369751
100,1.0,5.635918426327381,1e-05,sbm_dpsgd,12,0.2,0.02,0.2,0.20215293765068054,0.03228026255965233,0.21711789071559906
100,1.0,5.635918426327381,1e-05,gaussian,12,0.2,0.02,0.2,0.19430847465991974,0.017502132803201675,0.2141820788383484
100,1.0,5.635918426327381,1e-05,edge_flip,12,0.2,0.02,0.2,0.20031841099262238,0.01857735589146614,0.21429532766342163
100,1.0,5.635918426327381,1e-05,sbm_dpsgd,13,0.2,0.02,0.2,0.1969722956418991,0.0520247183740139,0.2407640814781189
100,1.0,5.635918426327381,1e-05,gaussian,13,0.2,0.02,0.2,0.18651694059371948,0.023076528683304787,0.19716103374958038
100,1.0,5.635918426327381,1e-05,edge_flip,13,0.2,0.02,0.2,0.1879858374595642,0.02220313437283039,0.1970297247171402
100,1.0,5.635918426327381,1e-05,sbm_dpsgd,14,0.2,0.02,0.2,0.23636603355407715,0.03792404383420944,0.19464196264743805
100,1.0,5.635918426327381,1e-05,gaussian,14,0.2,0.02,0.2,0.2187909483909607,0.015154600143432617,0.19293558597564697
100,1.0,5.635918426327381,1e-05,edge_flip,14,0.2,0.02,0.2,0.21840618550777435,0.016563035547733307,0.19045235216617584
100,1.0,5.635918426327381,1e-05,sbm_dpsgd,15,0.2,0.02,0.2,0.2226046919822693,0.040738750249147415,0.20222501456737518
100,1.0,5.635918426327381,1e-05,gaussian,15,0.2,0.02,0.2,0.20398548245429993,0.02091163955628872,0.19209815561771393
100,1.0,5.635918426327381,1e-05,edge_flip,15,0.2,0.02,0.2,0.20525144040584564,0.021800270304083824,0.19209669530391693
100,1.0,5.635918426327381,1e-05,sbm_dpsgd,16,0.2,0.02,0.2,0.23454615473747253,0.021151773631572723,0.2126922607421875
100,1.0,5.635918426327381,1e-05,gaussian,16,0.2,0.02,0.2,0.20491059124469757,0.018527507781982422,0.19699645042419434
100,1.0,5.635918426327381,1e-05,edge_flip,16,0.2,0.02,0.2,0.20525144040584564,0.018980219960212708,0.20031841099262238
100,1.0,5.635918426327381,1e-05,sbm_dpsgd,17,0.2,0.02,0.2,0.20625950396060944,0.027596833184361458,0.22311308979988098
100,1.0,5.635918426327381,1e-05,gaussian,17,0.2,0.02,0.2,0.20136672258377075,0.022700216621160507,0.2012360543012619
100,1.0,5.635918426327381,1e-05,edge_flip,17,0.2,0.02,0.2,0.20360709726810455,0.023008862510323524,0.20360709726810455
100,1.0,5.635918426327381,1e-05,sbm_dpsgd,18,0.2,0.02,0.2,0.18349793553352356,0.04447423294186592,0.22098778188228607
100,1.0,5.635918426327381,1e-05,gaussian,18,0.2,0.02,0.2,0.18572178483009338,0.022770212963223457,0.19862350821495056
100,1.0,5.635918426327381,1e-05,edge_flip,18,0.2,0.02,0.2,0.1896301805973053,0.01978594809770584,0.19949623942375183
100,1.0,5.635918426327381,1e-05,sbm_dpsgd,19,0.2,0.02,0.2,0.22213876247406006,0.020946336910128593,0.20186838507652283
100,1.0,5.635918426327381,1e-05,gaussian,19,0.2,0.02,0.2,0.20422230660915375,0.017594201490283012,0.1912621557712555
100,1.0,5.635918426327381,1e-05,edge_flip,19,0.2,0.02,0.2,0.21100664138793945,0.017771627753973007,0.19045235216617584
100,2.0,2.668102829441137,1e-05,sbm_dpsgd,0,0.2,0.02,0.2,0.21578089892864227,0.02189844287931919,0.23151125013828278
100,2.0,2.668102829441137,1e-05,gaussian,0,0.2,0.02,0.2,0.19405345618724823,0.019861431792378426,0.20818467438220978
100,2.0,2.668102829441137,1e-05,edge_flip,0,0.2,0.02,0.2,0.2002924382686615,0.02748452126979828,0.1918499618768692
100,2.0,2.668102829441137,1e-05,sbm_dpsgd,1,0.2,0.02,0.2,0.17927849292755127,0.03340592607855797,0.24229015409946442
100,2.0,2.668102829441137,1e-05,gaussian,1,0.2,0.02,0.2,0.1802797019481659,0.0168987438082695,0.21929064393043518
100,2.0,2.668102829441137,1e-05,edge_flip,1,0.2,0.02,0.2,0.178717240691185,0.02013019472360611,0.2181154191493988
100,2.0,2.668102829441137,1e-05,sbm_dpsgd,2,0.2,0.02,0.2,0.209115669131279,0.037574298679828644,0.22661985456943512
100,2.0,2.668102829441137,1e-05,gaussian,2,0.2,0.02,0.2,0.2014993131160736,0.019562790170311928,0.21616727113723755
100,2.0,2.668102829441137,1e-05,edge_flip,2,0.2,0.02,0.2,0.2031065821647644,0.015533740632236004,0.2209295779466629
100,2.0,2.668102829441137,1e-05,sbm_dpsgd,3,0.2,0.02,0.2,0.22586137056350708,0.04708743840456009,0.1845705509185791
100,2.0,2.668102829441137,1e-05,gaussian,3,0.2,0.02,0.2,0.2057265341281891,0.022161876782774925,0.17715030908584595
100,2.0,2.668102829441137,1e-05,edge_flip,3,0.2,0.02,0.2,0.1909119188785553,0.022428421303629875,0.1796552985906601
100,2.0,2.668102829441137,1e-05,sbm_dpsgd,4,0.2,0.02,0.2,0.21713870763778687,0.023885950446128845,0.22309738397598267
100,2.0,2.668102829441137,1e-05,gaussian,4,0.2,0.02,0.2,0.20045770704746246,0.017012422904372215,0.1970404088497162
100,2.0,2.668102829441137,1e-05,edge_flip,4,0.2,0.02,0.2,0.1909119188785553,0.020589839667081833,0.1899738609790802
100,2.0,2.668102829441137,1e-05,sbm_dpsgd,5,0.2,0.02,0.2,0.23666435480117798,0.03336489945650101,0.21767283976078033
100,2.0,2.668102829441137,1e-05,gaussian,5,0.2,0.02,0.2,0.23327714204788208,0.021463697776198387,0.1703994870185852
100,2.0,2.668102829441137,1e-05,edge_flip,5,0.2,0.02,0.2,0.2350003570318222,0.02150913141667843,0.1843455582857132
100,2.0,2.668102829441137,1e-05,sbm_dpsgd,6,0.2,0.02,0.2,0.20842693746089935,0.03964836522936821,0.24500919878482819
100,2.0,2.668102829441137,1e-05,gaussian,6,0.2,0.02,0.2,0.20190301537513733,0.02073964662849903,0.20945724844932556
100,2.0,2.668102829441137,1e-05,edge_flip,6,0.2,0.02,0.2,0.2012304812669754,0.019210902974009514,0.2087348997592926
100,2.0,2.668102829441137,1e-05,sbm_dpsgd,7,0.2,0.02,0.2,0.2213245928287506,0.02687358297407627,0.232894167304039
100,2.0,2.668102829441137,1e-05,gaussian,7,0.2,0.02,0.2,0.20278185606002808,0.016794869676232338,0.20910261571407318
100,2.0,2.668102829441137,1e-05,edge_flip,7,0.2,0.02,0.2,0.2106110006570816,0.019670549780130386,0.2021685391664505
100,2.0,2.668102829441137,1e-05,sbm_dpsgd,8,0.2,0.02,0.2,0.2203926146030426,0.024718720465898514,0.19764335453510284
100,2.0,2.668102829441137,1e-05,gaussian,8,0.2,0.02,0.2,0.20025208592414856,0.021147817373275757,0.20358239114284515
100,2.0,2.668102829441137,1e-05,edge_flip,8,0.2,0.02,0.2,0.2077968418598175,0.01875125803053379,0.2284339815378189
100,2.0,2.668102829441137,1e-05,sbm_dpsgd,9,0.2,0.02,0.2,0.22327372431755066,0.043067388236522675,0.2070552259683609
100,2.0,2.668102829441137,1e-05,gaussian,9,0.2,0.02,0.2,0.21078455448150635,0.021762380376458168,0.21136009693145752
100,2.0,2.668102829441137,1e-05,edge_flip,9,0.2,0.02,0.2,0.1843455582857132,0.025186294689774513,0.2068587988615036
100,2.0,2.668102829441137,1e-05,sbm_dpsgd,10,0.2,0.02,0.2,0.2219884991645813,0.03891560807824135,0.22067905962467194
100,2.0,2.668102829441137,1e-05,gaussian,10,0.2,0.02,0.2,0.20333193242549896,0.025920044630765915,0.22116196155548096
100,2.0,2.668102829441137,1e-05,edge_flip,10,0.2,0.02,0.2,0.2153012603521347,0.02150913141667843,0.2068587988615036
100,2.0,2.668102829441137,1e-05,sbm_dpsgd,11,0.2,0.02,0.2,0.2217446267604828,0.03865940496325493,0.20851530134677887
100,2.0,2.668102829441137,1e-05,gaussian,11,0.2,0.02,0.2,0.20280821621418,0.019404495134949684,0.2038152515888214
100,2.0,2.668102829441137,1e-05,edge_flip,11,0.2,0.02,0.2,0.1946641206741333,0.019210902974009514,0.1927880197763443
100,2.0,2.668102829441137,1e-05,sbm_dpsgd,12,0.2,0.02,0.2,0.21582858264446259,0.02954232692718506,0.19408737123012543
100,2.0,2.668102829441137,1e-05,gaussian,12,0.2,0.02,0.2,0.19302800297737122,0.017559470608830452,0.2002740055322647
100,2.0,2.668102829441137,1e-05,edge_flip,12,0.2,0.02,0.2,0.1956021785736084,0.016453031450510025,0.1918499618768692
100,2.0,2.668102829441137,1e-05,sbm_dpsgd,13,0.2,0.02,0.2,0.22070473432540894,0.03109520487487316,0.20567263662815094
100,2.0,2.668102829441137,1e-05,gaussian,13,0.2,0.02,0.2,0.2025323063135147,0.017836568877100945,0.2043941468000412
100,2.0,2.668102829441137,1e-05,edge_flip,13,0.2,0.02,0.2,0.2124871015548706,0.023807357996702194,0.2049826979637146
100,2.0,2.668102829441137,1e-05,sbm_dpsgd,14,0.2,0.02,0.2,0.21528315544128418,0.03383504971861839,0.21860869228839874
100,2.0,2.668102829441137,1e-05,gaussian,14,0.2,0.02,0.2,0.19801563024520874,0.01528098713606596,0.18325175344944
100,2.0,2.668102829441137,1e-05,edge_flip,14,0.2,0.02,0.2,0.1927880197763443,0.02013019472360611,0.1899738609790802
100,2.0,2.668102829441137,1e-05,sbm_dpsgd,15,0.2,0.02,0.2,0.1841142475605011,0.028006991371512413,0.1914602518081665
100,2.0,2.668102829441137,1e-05,gaussian,15,0.2,0.02,0.2,0.2010045200586319,0.018923824653029442,0.19789338111877441
100,2.0,2.668102829441137,1e-05,edge_flip,15,0.2,0.02,0.2,0.2124871015548706,0.021968776360154152,0.2040446400642395
100,2.0,2.668102829441137,1e-05,sbm_dpsgd,16,0.2,0.02,0.2,0.21133272349834442,0.051947060972452164,0.2317197173833847
100,2.0,2.668102829441137,1e-05,gaussian,16,0.2,0.02,0.2,0.20812484622001648,0.02640376053750515,0.20899492502212524
100,2.0,2.668102829441137,1e-05,edge_flip,16,0.2,0.02,0.2,0.1918499618768692,0.03713707625865936,0.2096729576587677
100,2.0,2.668102829441137,1e-05,sbm_dpsgd,17,0.2,0.02,0.2,0.21830567717552185,0.039596643298864365,0.18254809081554413
100,2.0,2.668102829441137,1e-05,gaussian,17,0.2,0.02,0.2,0.2011241912841797,0.025648411363363266,0.19897550344467163
100,2.0,2.668102829441137,1e-05,edge_flip,17,0.2,0.02,0.2,0.1974782794713974,0.02610558457672596,0.2181154191493988
100,2.0,2.668102829441137,1e-05,sbm_dpsgd,18,0.2,0.02,0.2,0.2031257450580597,0.03591776266694069,0.21207894384860992
100,2.0,2.668102829441137,1e-05,gaussian,18,0.2,0.02,0.2,0.18184268474578857,0.021414117887616158,0.17453163862228394
100,2.0,2.668102829441137,1e-05,edge_flip,18,0.2,0.02,0.2,0.1890358179807663,0.01185657735913992,0.1730889230966568
100,2.0,2.668102829441137,1e-05,sbm_dpsgd,19,0.2,0.02,0.2,0.23338940739631653,0.040495436638593674,0.18228112161159515
100,2.0,2.668102829441137,1e-05,gaussian,19,0.2,0.02,0.2,0.19010403752326965,0.01957271434366703,0.17604489624500275
100,2.0,2.668102829441137,1e-05,edge_flip,19,0.2,0.02,0.2,0.1890358179807663,0.025645939633250237,0.1834075003862381
100,5.0,1.0338953100711687,1e-05,sbm_dpsgd,0,0.2,0.02,0.2,0.208156019449234,0.04343114420771599,0.18144801259040833
100,5.0,1.0338953100711687,1e-05,gaussian,0,0.2,0.02,0.2,0.206036776304245,0.03894355520606041,0.190105140209198
100,5.0,1.0338953100711687,1e-05,edge_flip,0,0.2,0.02,0.2,0.1694100946187973,0.01866110786795616,0.16082334518432617
100,5.0,1.0338953100711687,1e-05,sbm_dpsgd,1,0.2,0.02,0.2,0.252339631319046,0.05062064528465271,0.2036886215209961
100,5.0,1.0338953100711687,1e-05,gaussian,1,0.2,0.02,0.2,0.2356136292219162,0.01280984003096819,0.21718303859233856
100,5.0,1.0338953100711687,1e-05,edge_flip,1,0.2,0.02,0.2,0.2672990560531616,0.0,0.17112745344638824
100,5.0,1.0338953100711687,1e-05,sbm_dpsgd,2,0.2,0.02,0.2,0.21009103953838348,0.050555270165205,0.24227871000766754
100,5.0,1.0338953100711687,1e-05,gaussian,2,0.2,0.02,0.2,0.1853736937046051,0.016886958852410316,0.19167949259281158
100,5.0,1.0338953100711687,1e-05,edge_flip,2,0.2,0.02,0.2,0.15738865733146667,0.023710118606686592,0.18314890563488007
100,5.0,1.0338953100711687,1e-05,sbm_dpsgd,3,0.2,0.02,0.2,0.1926688849925995,0.023112457245588303,0.25056272745132446
100,5.0,1.0338953100711687,1e-05,gaussian,3,0.2,0.02,0.2,0.1926405280828476,0.040823228657245636,0.18346630036830902
100,5.0,1.0338953100711687,1e-05,edge_flip,3,0.2,0.02,0.2,0.18658360838890076,0.04895516484975815,0.18658360838890076
100,5.0,1.0338953100711687,1e-05,sbm_dpsgd,4,0.2,0.02,0.2,0.17961247265338898,0.027204450219869614,0.2094239592552185
100,5.0,1.0338953100711687,1e-05,gaussian,4,0.2,0.02,0.2,0.20941957831382751,0.009570591151714325,0.20186886191368103
100,5.0,1.0338953100711687,1e-05,edge_flip,4,0.2,0.02,0.2,0.1951703578233719,0.0,0.2071918100118637
100,5.0,1.0338953100711687,1e-05,sbm_dpsgd,5,0.2,0.02,0.2,0.23305465281009674,0.030460752546787262,0.21285642683506012
100,5.0,1.0338953100711687,1e-05,gaussian,5,0.2,0.02,0.2,0.17455312609672546,0.021670302376151085,0.19854256510734558
100,5.0,1.0338953100711687,1e-05,edge_flip,5,0.2,0.02,0.2,0.18143154680728912,0.014453601092100143,0.24325615167617798
100,5.0,1.0338953100711687,1e-05,sbm_dpsgd,6,0.2,0.02,0.2,0.154444620013237,0.032585255801677704,0.24463222920894623
100,5.0,1.0338953100711687,1e-05,gaussian,6,0.2,0.02,0.2,0.1758965402841568,0.01405955571681261,0.19691380858421326
100,5.0,1.0338953100711687,1e-05,edge_flip,6,0.2,0.02,0.2,0.172844797372818,0.028759127482771873,0.17971420288085938
100,5.0,1.0338953100711687,1e-05,sbm_dpsgd,7,0.2,0.02,0.2,0.22089950740337372,0.022145908325910568,0.2169218212366104
100,5.0,1.0338953100711687,1e-05,gaussian,7,0.2,0.02,0.2,0.17733082175254822,0.0264365766197443,0.20229001343250275
100,5.0,1.0338953100711687,1e-05,edge_flip,7,0.2,0.02,0.2,0.23982146382331848,0.04727216064929962,0.22264795005321503
100,5.0,1.0338953100711687,1e-05,sbm_dpsgd,8,0.2,0.02,0.2,0.20974081754684448,0.05493839457631111,0.2091924548149109
100,5.0,1.0338953100711687,1e-05,gaussian,8,0.2,0.02,0.2,0.19603921473026276,0.008616442792117596,0.2029489427804947
100,5.0,1.0338953100711687,1e-05,edge_flip,8,0.2,0.02,0.2,0.20203974843025208,0.03801564499735832,0.20032240450382233
100,5.0,1.0338953100711687,1e-05,sbm_dpsgd,9,0.2,0.02,0.2,0.23444277048110962,0.022836949676275253,0.23061849176883698
100,5.0,1.0338953100711687,1e-05,gaussian,9,0.2,0.02,0.2,0.19173474609851837,0.021998973563313484,0.2270742952823639
100,5.0,1.0338953100711687,1e-05,edge_flip,9,0.2,0.02,0.2,0.17627950012683868,0.015295102261006832,0.24153880774974823
100,5.0,1.0338953100711687,1e-05,sbm_dpsgd,10,0.2,0.02,0.2,0.208800807595253,0.02495332807302475,0.23688140511512756
100,5.0,1.0338953100711687,1e-05,gaussian,10,0.2,0.02,0.2,0.19690456986427307,0.022772090509533882,0.20215821266174316
100,5.0,1.0338953100711687,1e-05,edge_flip,10,0.2,0.02,0.2,0.2587123215198517,0.012770597822964191,0.2106264978647232
100,5.0,1.0338953100711687,1e-05,sbm_dpsgd,11,0.2,0.02,0.2,0.25116798281669617,0.050628211349248886,0.2432815283536911
100,5.0,1.0338953100711687,1e-05,gaussian,11,0.2,0.02,0.2,0.2152864784002304,0.006955642718821764,0.20146185159683228
100,5.0,1.0338953100711687,1e-05,edge_flip,11,0.2,0.02,0.2,0.15910600125789642,0.0,0.17627950012683868
100,5.0,1.0338953100711687,1e-05,sbm_dpsgd,12,0.2,0.02,0.2,0.21654263138771057,0.0367405042052269,0.19311194121837616
100,5.0,1.0338953100711687,1e-05,gaussian,12,0.2,0.02,0.2,0.2062055468559265,0.014351996593177319,0.17822709679603577
100,5.0,1.0338953100711687,1e-05,edge_flip,12,0.2,0.02,0.2,0.19345299899578094,0.03969864919781685,0.1951703578233719
100,5.0,1.0338953100711687,1e-05,sbm_dpsgd,13,0.2,0.02,0.2,0.182442769408226,0.04769332706928253,0.22995001077651978
100,5.0,1.0338953100711687,1e-05,gaussian,13,0.2,0.02,0.2,0.16770774126052856,0.012261870317161083,0.21375516057014465
100,5.0,1.0338953100711687,1e-05,edge_flip,13,0.2,0.02,0.2,0.2587123215198517,0.033808138221502304,0.20375710725784302
100,5.0,1.0338953100711687,1e-05,sbm_dpsgd,14,0.2,0.02,0.2,0.2527109980583191,0.04624658450484276,0.1996179223060608
100,5.0,1.0338953100711687,1e-05,gaussian,14,0.2,0.02,0.2,0.1925521343946457,0.0178458783775568,0.21405957639217377
100,5.0,1.0338953100711687,1e-05,edge_flip,14,0.2,0.02,0.2,0.1883009523153305,0.011929095722734928,0.17971420288085938
100,5.0,1.0338953100711687,1e-05,sbm_dpsgd,15,0.2,0.02,0.2,0.18171432614326477,0.033996082842350006,0.2048693299293518
100,5.0,1.0338953100711687,1e-05,gaussian,15,0.2,0.02,0.2,0.19265756011009216,0.014620993286371231,0.21738603711128235
100,5.0,1.0338953100711687,1e-05,edge_flip,15,0.2,0.02,0.2,0.17971420288085938,0.04643065854907036,0.15910600125789642
100,5.0,1.0338953100711687,1e-05,sbm_dpsgd,16,0.2,0.02,0.2,0.22121380269527435,0.019808338955044746,0.278911292552948
100,5.0,1.0338953100711687,1e-05,gaussian,16,0.2,0.02,0.2,0.20292432606220245,0.02989840880036354,0.2021431028842926
100,5.0,1.0338953100711687,1e-05,edge_flip,16,0.2,0.02,0.2,0.19688770174980164,0.02286861650645733,0.1883009523153305
100,5.0,1.0338953100711687,1e-05,sbm_dpsgd,17,0.2,0.02,0.2,0.242305725812912,0.032439738512039185,0.2742208242416382
100,5.0,1.0338953100711687,1e-05,gaussian,17,0.2,0.02,0.2,0.1972944438457489,0.019031040370464325,0.22571146488189697
100,5.0,1.0338953100711687,1e-05,edge_flip,17,0.2,0.02,0.2,0.24325615167617798,0.02791762538254261,0.20375710725784302
100,5.0,1.0338953100711687,1e-05,sbm_dpsgd,18,0.2,0.02,0.2,0.24114319682121277,0.02312059886753559,0.2202426940202713
100,5.0,1.0338953100711687,1e-05,gaussian,18,0.2,0.02,0.2,0.1708003133535385,0.01977381855249405,0.19604340195655823
100,5.0,1.0338953100711687,1e-05,edge_flip,18,0.2,0.02,0.2,0.17799685895442963,0.04474765807390213,0.20375710725784302
100,5.0,1.0338953100711687,1e-05,sbm_dpsgd,19,0.2,0.02,0.2,0.23345012962818146,0.04415033757686615,0.22751006484031677
100,5.0,1.0338953100711687,1e-05,gaussian,19,0.2,0.02,0.2,0.19222232699394226,0.015382377430796623,0.2232731431722641
100,5.0,1.0338953100711687,1e-05,edge_flip,19,0.2,0.02,0.2,0.2106264978647232,0.019502609968185425,0.23123469948768616
100,10.0,0.5431122541136532,1e-05,sbm_dpsgd,0,0.2,0.02,0.2,0.24984359741210938,0.011004741303622723,0.25050967931747437
100,10.0,0.5431122541136532,1e-05,gaussian,0,0.2,0.02,0.2,0.19637459516525269,0.007672394625842571,0.19882488250732422
100,10.0,0.5431122541136532,1e-05,edge_flip,0,0.2,0.02,0.2,0.10426649451255798,0.026166869327425957,0.1812574416399002
100,10.0,0.5431122541136532,1e-05,sbm_dpsgd,1,0.2,0.02,0.2,0.21321994066238403,0.023015137761831284,0.20525968074798584
100,10.0,0.5431122541136532,1e-05,gaussian,1,0.2,0.02,0.2,0.1931089609861374,0.020528195425868034,0.17868363857269287
100,10.0,0.5431122541136532,1e-05,edge_flip,1,0.2,0.02,0.2,0.2058945596218109,0.01711273193359375,0.1812574416399002
100,10.0,0.5431122541136532,1e-05,sbm_dpsgd,2,0.2,0.02,0.2,0.1888239085674286,0.028133410960435867,0.28026074171066284
100,10.0,0.5431122541136532,1e-05,gaussian,2,0.2,0.02,0.2,0.17760516703128815,0.014685454778373241,0.217420756816864
100,10.0,0.5431122541136532,1e-05,edge_flip,2,0.2,0.02,0.2,0.16893889009952545,0.02163979969918728,0.21821311116218567
100,10.0,0.5431122541136532,1e-05,sbm_dpsgd,3,0.2,0.02,0.2,0.20999637246131897,0.019258027896285057,0.2613043785095215
100,10.0,0.5431122541136532,1e-05,gaussian,3,0.2,0.02,0.2,0.18575941026210785,0.028631631284952164,0.19274185597896576
100,10.0,0.5431122541136532,1e-05,edge_flip,3,0.2,0.02,0.2,0.24285021424293518,0.006549573037773371,0.1011868566274643
100,10.0,0.5431122541136532,1e-05,sbm_dpsgd,4,0.2,0.02,0.2,0.29245829582214355,0.048004548996686935,0.23545178771018982
100,10.0,0.5431122541136532,1e-05,gaussian,4,0.2,0.02,0.2,0.18145927786827087,0.038312871009111404,0.1714087873697281
100,10.0,0.5431122541136532,1e-05,edge_flip,4,0.2,0.02,0.2,0.21513347327709198,0.04427514225244522,0.14122214913368225
100,10.0,0.5431122541136532,1e-05,sbm_dpsgd,5,0.2,0.02,0.2,0.23039133846759796,0.03142271563410759,0.1689075231552124
100,10.0,0.5431122541136532,1e-05,gaussian,5,0.2,0.02,0.2,0.20914319157600403,0.024850251153111458,0.19937320053577423
100,10.0,0.5431122541136532,1e-05,edge_flip,5,0.2,0.02,0.2,0.22129274904727936,0.0,0.19049635529518127
100,10.0,0.5431122541136532,1e-05,sbm_dpsgd,6,0.2,0.02,0.2,0.22417308390140533,0.017220426350831985,0.38592320680618286
100,10.0,0.5431122541136532,1e-05,gaussian,6,0.2,0.02,0.2,0.17120543122291565,0.03076145052909851,0.19415506720542908
100,10.0,0.5431122541136532,1e-05,edge_flip,6,0.2,0.02,0.2,0.14122214913368225,0.04276611655950546,0.2859651446342468
100,10.0,0.5431122541136532,1e-05,sbm_dpsgd,7,0.2,0.02,0.2,0.15405850112438202,0.0420028455555439,0.28488385677337646
100,10.0,0.5431122541136532,1e-05,gaussian,7,0.2,0.02,0.2,0.20850534737110138,0.02849939465522766,0.23518626391887665
100,10.0,0.5431122541136532,1e-05,edge_flip,7,0.2,0.02,0.2,0.153540700674057,0.026166869327425957,0.11966468393802643
100,10.0,0.5431122541136532,1e-05,sbm_dpsgd,8,0.2,0.02,0.2,0.2139808088541031,0.059390246868133545,0.30280375480651855
100,10.0,0.5431122541136532,1e-05,gaussian,8,0.2,0.02,0.2,0.17680269479751587,0.01271789986640215,0.23142500221729279
100,10.0,0.5431122541136532,1e-05,edge_flip,8,0.2,0.02,0.2,0.19357599318027496,0.030693937093019485,0.08270902186632156
100,10.0,0.5431122541136532,1e-05,sbm_dpsgd,9,0.2,0.02,0.2,0.27128085494041443,0.016375964507460594,0.21627800166606903
100,10.0,0.5431122541136532,1e-05,gaussian,9,0.2,0.02,0.2,0.2040528506040573,0.021251648664474487,0.22327043116092682
100,10.0,0.5431122541136532,1e-05,edge_flip,9,0.2,0.02,0.2,0.24900949001312256,0.0,0.3198411762714386
100,10.0,0.5431122541136532,1e-05,sbm_dpsgd,10,0.2,0.02,0.2,0.2550920248031616,0.04246741905808449,0.24138666689395905
100,10.0,0.5431122541136532,1e-05,gaussian,10,0.2,0.02,0.2,0.23613907396793365,0.039445821195840836,0.2048659324645996
100,10.0,0.5431122541136532,1e-05,edge_flip,10,0.2,0.02,0.2,0.25208911299705505,0.015603709034621716,0.0981072187423706
100,10.0,0.5431122541136532,1e-05,sbm_dpsgd,11,0.2,0.02,0.2,0.21077018976211548,0.04696463420987129,0.1808265894651413
100,10.0,0.5431122541136532,1e-05,gaussian,11,0.2,0.02,0.2,0.22400081157684326,0.021313346922397614,0.16364167630672455
100,10.0,0.5431122541136532,1e-05,edge_flip,11,0.2,0.02,0.2,0.21513347327709198,0.0488022081553936,0.19049635529518127
100,10.0,0.5431122541136532,1e-05,sbm_dpsgd,12,0.2,0.02,0.2,0.26802030205726624,0.06447098404169083,0.24042128026485443
100,10.0,0.5431122541136532,1e-05,gaussian,12,0.2,0.02,0.2,0.19357547163963318,0.041316840797662735,0.24271813035011292
100,10.0,0.5431122541136532,1e-05,edge_flip,12,0.2,0.02,0.2,0.24592985212802887,0.0563473217189312,0.16893889009952545
100,10.0,0.5431122541136532,1e-05,sbm_dpsgd,13,0.2,0.02,0.2,0.2661486268043518,0.014306728728115559,0.24561797082424164
100,10.0,0.5431122541136532,1e-05,gaussian,13,0.2,0.02,0.2,0.2071351706981659,0.014204061590135098,0.21766768395900726
100,10.0,0.5431122541136532,1e-05,edge_flip,13,0.2,0.02,0.2,0.15046106278896332,0.03974807262420654,0.19049635529518127
100,10.0,0.5431122541136532,1e-05,sbm_dpsgd,14,0.2,0.02,0.2,0.2448742687702179,0.025334341451525688,0.25132888555526733
100,10.0,0.5431122541136532,1e-05,gaussian,14,0.2,0.02,0.2,0.22813834249973297,0.02095719799399376,0.19057513773441315
100,10.0,0.5431122541136532,1e-05,edge_flip,14,0.2,0.02,0.2,0.1289035975933075,0.0,0.17201852798461914
100,10.0,0.5431122541136532,1e-05,sbm_dpsgd,15,0.2,0.02,0.2,0.2625565826892853,0.0385480597615242,0.20584926009178162
100,10.0,0.5431122541136532,1e-05,gaussian,15,0.2,0.02,0.2,0.18359200656414032,0.013303255662322044,0.1893140971660614
100,10.0,0.5431122541136532,1e-05,edge_flip,15,0.2,0.02,0.2,0.1812574416399002,0.09256386756896973,0.19357599318027496
100,10.0,0.5431122541136532,1e-05,sbm_dpsgd,16,0.2,0.02,0.2,0.2402486801147461,0.08851879835128784,0.259705513715744
100,10.0,0.5431122541136532,1e-05,gaussian,16,0.2,0.02,0.2,0.22375842928886414,0.0038490393199026585,0.21417683362960815
100,10.0,0.5431122541136532,1e-05,edge_flip,16,0.2,0.02,0.2,0.19665563106536865,0.011076641269028187,0.19049635529518127
100,10.0,0.5431122541136532,1e-05,sbm_dpsgd,17,0.2,0.02,0.2,0.18819431960582733,0.03578592464327812,0.2340746968984604
100,10.0,0.5431122541136532,1e-05,gaussian,17,0.2,0.02,0.2,0.21249552071094513,0.009079511277377605,0.17528022825717926
100,10.0,0.5431122541136532,1e-05,edge_flip,17,0.2,0.02,0.2,0.14122214913368225,0.015603709034621716,0.2120538353919983
100,10.0,0.5431122541136532,1e-05,sbm_dpsgd,18,0.2,0.02,0.2,0.1994219571352005,0.018309500068426132,0.15117089450359344
100,10.0,0.5431122541136532,1e-05,gaussian,18,0.2,0.02,0.2,0.19332607090473175,0.0,0.20439261198043823
100,10.0,0.5431122541136532,1e-05,edge_flip,18,0.2,0.02,0.2,0.22745202481746674,0.07143755257129669,0.2089741975069046
100,10.0,0.5431122541136532,1e-05,sbm_dpsgd,19,0.2,0.02,0.2,0.30559051036834717,0.05154632031917572,0.17425517737865448
100,10.0,0.5431122541136532,1e-05,gaussian,19,0.2,0.02,0.2,0.2381448596715927,0.025722738355398178,0.15154485404491425
100,10.0,0.5431122541136532,1e-05,edge_flip,19,0.2,0.02,0.2,0.2397705763578415,0.04276611655950546,0.19665563106536865
100,20.0,0.40561225411365304,1e-05,sbm_dpsgd,0,0.2,0.02,0.2,0.5350998044013977,0.029622070491313934,0.35471025109291077
100,20.0,0.40561225411365304,1e-05,gaussian,0,0.2,0.02,0.2,0.2177318036556244,0.02025960199534893,0.21943999826908112
100,20.0,0.40561225411365304,1e-05,edge_flip,0,0.2,0.02,0.2,0.21234647929668427,0.0,0.11442188173532486
100,20.0,0.40561225411365304,1e-05,sbm_dpsgd,1,0.2,0.02,0.2,0.24152728915214539,0.017201609909534454,0.3304605782032013
100,20.0,0.40561225411365304,1e-05,gaussian,1,0.2,0.02,0.2,0.18861736357212067,0.04280523955821991,0.2541150450706482
100,20.0,0.40561225411365304,1e-05,edge_flip,1,0.2,0.02,0.2,0.26946917176246643,0.0,0.1552238017320633
100,20.0,0.40561225411365304,1e-05,sbm_dpsgd,2,0.2,0.02,0.2,0.2920350432395935,0.034022409468889236,0.22498422861099243
100,20.0,0.40561225411365304,1e-05,gaussian,2,0.2,0.02,0.2,0.2064511775970459,0.027908332645893097,0.18650397658348083
100,20.0,0.40561225411365304,1e-05,edge_flip,2,0.2,0.02,0.2,0.24090781807899475,0.004175098147243261,0.18378514051437378
100,20.0,0.40561225411365304,1e-05,sbm_dpsgd,3,0.2,0.02,0.2,0.2682479918003082,0.02351103350520134,0.3354681134223938
100,20.0,0.40561225411365304,1e-05,gaussian,3,0.2,0.02,0.2,0.18231818079948425,0.03983059525489807,0.2293097972869873
100,20.0,0.40561225411365304,1e-05,edge_flip,3,0.2,0.02,0.2,0.23274743556976318,0.0,0.13482284545898438
100,20.0,0.40561225411365304,1e-05,sbm_dpsgd,4,0.2,0.02,0.2,0.2953653931617737,0.08092986047267914,0.29132774472236633
100,20.0,0.40561225411365304,1e-05,gaussian,4,0.2,0.02,0.2,0.18754377961158752,0.008473603054881096,0.23044246435165405
100,20.0,0.40561225411365304,1e-05,edge_flip,4,0.2,0.02,0.2,0.21642667055130005,0.00817368645220995,0.22050686180591583
100,20.0,0.40561225411365304,1e-05,sbm_dpsgd,5,0.2,0.02,0.2,0.1666317731142044,0.02449554018676281,0.12701323628425598
100,20.0,0.40561225411365304,1e-05,gaussian,5,0.2,0.02,0.2,0.2710076868534088,0.004443260841071606,0.201706200838089
100,20.0,0.40561225411365304,1e-05,edge_flip,5,0.2,0.02,0.2,0.21234647929668427,0.08614615350961685,0.11034169048070908
100,20.0,0.40561225411365304,1e-05,sbm_dpsgd,6,0.2,0.02,0.2,0.18049508333206177,0.019109617918729782,0.32325926423072815
100,20.0,0.40561225411365304,1e-05,gaussian,6,0.2,0.02,0.2,0.21435371041297913,0.02138073742389679,0.19622743129730225
100,20.0,0.40561225411365304,1e-05,edge_flip,6,0.2,0.02,0.2,0.24498800933361053,0.07015179842710495,0.24498800933361053
100,20.0,0.40561225411365304,1e-05,sbm_dpsgd,7,0.2,0.02,0.2,0.2416650503873825,0.01521624531596899,0.22181633114814758
100,20.0,0.40561225411365304,1e-05,gaussian,7,0.2,0.02,0.2,0.1907700002193451,0.02700367383658886,0.16911184787750244
100,20.0,0.40561225411365304,1e-05,edge_flip,7,0.2,0.02,0.2,0.12258226424455643,0.0,0.2572285830974579
100,20.0,0.40561225411365304,1e-05,sbm_dpsgd,8,0.2,0.02,0.2,0.3017595410346985,0.04515024274587631,0.3125780522823334
100,20.0,0.40561225411365304,1e-05,gaussian,8,0.2,0.02,0.2,0.2336050271987915,0.024067258462309837,0.19306086003780365
100,20.0,0.40561225411365304,1e-05,edge_flip,8,0.2,0.02,0.2,0.26538896560668945,0.0,0.179704949259758
100,20.0,0.40561225411365304,1e-05,sbm_dpsgd,9,0.2,0.02,0.2,0.24428273737430573,0.032579079270362854,0.38837799429893494
100,20.0,0.40561225411365304,1e-05,gaussian,9,0.2,0.02,0.2,0.21472598612308502,0.029739396646618843,0.15415841341018677
100,20.0,0.40561225411365304,1e-05,edge_flip,9,0.2,0.02,0.2,0.1552238017320633,0.12813133001327515,0.16746437549591064
100,20.0,0.40561225411365304,1e-05,sbm_dpsgd,10,0.2,0.02,0.2,0.23958729207515717,0.02771293744444847,0.30574145913124084
100,20.0,0.40561225411365304,1e-05,gaussian,10,0.2,0.02,0.2,0.21677598357200623,0.0378088541328907,0.22373220324516296
100,20.0,0.40561225411365304,1e-05,edge_flip,10,0.2,0.02,0.2,0.1307426393032074,0.0,0.1756247580051422
100,20.0,0.40561225411365304,1e-05,sbm_dpsgd,11,0.2,0.02,0.2,0.16746367514133453,0.018837450072169304,0.2309345006942749
100,20.0,0.40561225411365304,1e-05,gaussian,11,0.2,0.02,0.2,0.20839163661003113,0.01600526086986065,0.2174416333436966
100,20.0,0.40561225411365304,1e-05,edge_flip,11,0.2,0.02,0.2,0.08994072675704956,0.0,0.2531484067440033
100,20.0,0.40561225411365304,1e-05,sbm_dpsgd,12,0.2,0.02,0.2,0.21857419610023499,0.052321530878543854,0.2161014825105667
100,20.0,0.40561225411365304,1e-05,gaussian,12,0.2,0.02,0.2,0.19667330384254456,0.027897056192159653,0.2122175246477127
100,20.0,0.40561225411365304,1e-05,edge_flip,12,0.2,0.02,0.2,0.22458705306053162,0.04216168448328972,0.273549348115921
100,20.0,0.40561225411365304,1e-05,sbm_dpsgd,13,0.2,0.02,0.2,0.2511783540248871,0.11346887052059174,0.22322368621826172
100,20.0,0.40561225411365304,1e-05,gaussian,13,0.2,0.02,0.2,0.1609955132007599,0.012871772982180119,0.17418189346790314
100,20.0,0.40561225411365304,1e-05,edge_flip,13,0.2,0.02,0.2,0.1552238017320633,0.00017651027883403003,0.10626149922609329
100,20.0,0.40561225411365304,1e-05,sbm_dpsgd,14,0.2,0.02,0.2,0.3260815143585205,0.016402821987867355,0.13384491205215454
100,20.0,0.40561225411365304,1e-05,gaussian,14,0.2,0.02,0.2,0.16226832568645477,0.030795836821198463,0.14398139715194702
100,20.0,0.40561225411365304,1e-05,edge_flip,14,0.2,0.02,0.2,0.049138810485601425,0.046160269528627396,0.17154456675052643
100,20.0,0.40561225411365304,1e-05,sbm_dpsgd,15,0.2,0.02,0.2,0.12247950583696365,0.03570856153964996,0.20015281438827515
100,20.0,0.40561225411365304,1e-05,gaussian,15,0.2,0.02,0.2,0.19905562698841095,0.01192514505237341,0.25860854983329773
100,20.0,0.40561225411365304,1e-05,edge_flip,15,0.2,0.02,0.2,0.23274743556976318,0.0,0.13482284545898438
100,20.0,0.40561225411365304,1e-05,sbm_dpsgd,16,0.2,0.02,0.2,0.24441394209861755,0.19879300892353058,0.32945460081100464
100,20.0,0.40561225411365304,1e-05,gaussian,16,0.2,0.02,0.2,0.24420024454593658,0.03365364298224449,0.1911987066268921
100,20.0,0.40561225411365304,1e-05,edge_flip,16,0.2,0.02,0.2,0.24090781807899475,0.0941433236002922,0.21642667055130005
100,20.0,0.40561225411365304,1e-05,sbm_dpsgd,17,0.2,0.02,0.2,0.19521188735961914,0.03136410191655159,0.27418217062950134
100,20.0,0.40561225411365304,1e-05,gaussian,17,0.2,0.02,0.2,0.20799455046653748,0.015179150737822056,0.19021083414554596
100,20.0,0.40561225411365304,1e-05,edge_flip,17,0.2,0.02,0.2,0.1552238017320633,0.006174392066895962,0.24498800933361053
100,20.0,0.40561225411365304,1e-05,sbm_dpsgd,18,0.2,0.02,0.2,0.3869551122188568,0.05571413040161133,0.41107532382011414
100,20.0,0.40561225411365304,1e-05,gaussian,18,0.2,0.02,0.2,0.13494957983493805,0.0,0.2212175577878952
100,20.0,0.40561225411365304,1e-05,edge_flip,18,0.2,0.02,0.2,0.2041860967874527,0.05015885829925537,0.19194552302360535
100,20.0,0.40561225411365304,1e-05,sbm_dpsgd,19,0.2,0.02,0.2,0.15154194831848145,0.12313269078731537,0.23551306128501892
100,20.0,0.40561225411365304,1e-05,gaussian,19,0.2,0.02,0.2,0.22644160687923431,0.03996209055185318,0.23391540348529816
100,20.0,0.40561225411365304,1e-05,edge_flip,19,0.2,0.02,0.2,0.26130878925323486,0.02416803687810898,0.17154456675052643
200,1.0,5.635918426327381,1e-05,sbm_dpsgd,0,0.2,0.02,0.2,0.2103184461593628,0.03462951257824898,0.21738626062870026
200,1.0,5.635918426327381,1e-05,gaussian,0,0.2,0.02,0.2,0.1984824687242508,0.02197299897670746,0.21214181184768677
200,1.0,5.635918426327381,1e-05,edge_flip,0,0.2,0.02,0.2,0.19825883209705353,0.02220313437283039,0.21189109981060028
200,1.0,5.635918426327381,1e-05,sbm_dpsgd,1,0.2,0.02,0.2,0.20820695161819458,0.03456240892410278,0.2140493392944336
200,1.0,5.635918426327381,1e-05,gaussian,1,0.2,0.02,0.2,0.20063422620296478,0.01981213502585888,0.21347711980342865
200,1.0,5.635918426327381,1e-05,edge_flip,1,0.2,0.02,0.2,0.20049697160720825,0.019584516063332558,0.2108737677335739
200,1.0,5.635918426327381,1e-05,sbm_dpsgd,2,0.2,0.02,0.2,0.21859592199325562,0.04104886204004288,0.20723599195480347
200,1.0,5.635918426327381,1e-05,gaussian,2,0.2,0.02,0.2,0.21280008554458618,0.022433102130889893,0.20549122989177704
200,1.0,5.635918426327381,1e-05,edge_flip,2,0.2,0.02,0.2,0.21270497143268585,0.022303849458694458,0.2051766961812973
200,1.0,5.635918426327381,1e-05,sbm_dpsgd,3,0.2,0.02,0.2,0.197432741522789,0.04103442654013634,0.2109955996274948
200,1.0,5.635918426327381,1e-05,gaussian,3,0.2,0.02,0.2,0.19534561038017273,0.020359091460704803,0.20397628843784332
200,1.0,5.635918426327381,1e-05,edge_flip,3,0.2,0.02,0.2,0.19561375677585602,0.020591676235198975,0.20273509621620178
200,1.0,5.635918426327381,1e-05,sbm_dpsgd,4,0.2,0.02,0.2,0.20433737337589264,0.030862344428896904,0.2013138234615326
200,1.0,5.635918426327381,1e-05,gaussian,4,0.2,0.02,0.2,0.1987917423248291,0.02041775919497013,0.19134193658828735
200,1.0,5.635918426327381,1e-05,edge_flip,4,0.2,0.02,0.2,0.19805535674095154,0.019584516063332558,0.19073055684566498
200,1.0,5.635918426327381,1e-05,sbm_dpsgd,5,0.2,0.02,0.2,0.22751358151435852,0.0382644385099411,0.21171067655086517
200,1.0,5.635918426327381,1e-05,gaussian,5,0.2,0.02,0.2,0.20931729674339294,0.02060922607779503,0.20183266699314117
200,1.0,5.635918426327381,1e-05,edge_flip,5,0.2,0.02,0.2,0.20965297520160675,0.02039024420082569,0.20334549248218536
200,1.0,5.635918426327381,1e-05,sbm_dpsgd,6,0.2,0.02,0.2,0.21541374921798706,0.027589336037635803,0.19633644819259644
200,1.0,5.635918426327381,1e-05,gaussian,6,0.2,0.02,0.2,0.20591336488723755,0.016459783539175987,0.19039613008499146
200,1.0,5.635918426327381,1e-05,edge_flip,6,0.2,0.02,0.2,0.20619402825832367,0.01646232046186924,0.19134096801280975
200,1.0,5.635918426327381,1e-05,sbm_dpsgd,7,0.2,0.02,0.2,0.20429222285747528,0.03820420056581497,0.19976060092449188
200,1.0,5.635918426327381,1e-05,gaussian,7,0.2,0.02,0.2,0.20606449246406555,0.020598717033863068,0.19414283335208893
200,1.0,5.635918426327381,1e-05,edge_flip,7,0.2,0.02,0.2,0.20619402825832367,0.021195972338318825,0.19479990005493164
200,1.0,5.635918426327381,1e-05,sbm_dpsgd,8,0.2,0.02,0.2,0.203663632273674,0.033677149564027786,0.2163313925266266
200,1.0,5.635918426327381,1e-05,gaussian,8,0.2,0.02,0.2,0.19813530147075653,0.019160596653819084,0.20402126014232635
200,1.0,5.635918426327381,1e-05,edge_flip,8,0.2,0.02,0.2,0.19703802466392517,0.01948380097746849,0.20375242829322815
200,1.0,5.635918426327381,1e-05,sbm_dpsgd,9,0.2,0.02,0.2,0.2071954607963562,0.02936633490025997,0.19374050199985504
200,1.0,5.635918426327381,1e-05,gaussian,9,0.2,0.02,0.2,0.20015856623649597,0.01934664696455002,0.1944255232810974
200,1.0,5.635918426327381,1e-05,edge_flip,9,0.2,0.02,0.2,0.20070043206214905,0.020793108269572258,0.19418948888778687
200,1.0,5.635918426327381,1e-05,sbm_dpsgd,10,0.2,0.02,0.2,0.21508952975273132,0.027045056223869324,0.20321574807167053
200,1.0,5.635918426327381,1e-05,gaussian,10,0.2,0.02,0.2,0.2039598822593689,0.019156714901328087,0.19039878249168396
200,1.0,5.635918426327381,1e-05,edge_flip,10,0.2,0.02,0.2,0.20436283946037292,0.02039024420082569,0.19154442846775055
200,1.0,5.635918426327381,1e-05,sbm_dpsgd,11,0.2,0.02,0.2,0.20695334672927856,0.03788437321782112,0.20228905975818634
200,1.0,5.635918426327381,1e-05,gaussian,11,0.2,0.02,0.2,0.20714136958122253,0.02259703166782856,0.1971171796321869
200,1.0,5.635918426327381,1e-05,edge_flip,11,0.2,0.02,0.2,0.20639750361442566,0.022605998441576958,0.19663110375404358
200,1.0,5.635918426327381,1e-05,sbm_dpsgd,12,0.2,0.02,0.2,0.21151389181613922,0.03172032907605171,0.19777707755565643
200,1.0,5.635918426327381,1e-05,gaussian,12,0.2,0.02,0.2,0.20444372296333313,0.018888739868998528,0.19571495056152344
200,1.0,5.635918426327381,1e-05,edge_flip,12,0.2,0.02,0.2,0.20415936410427094,0.01767091266810894,0.19683456420898438
200,1.0,5.635918426327381,1e-05,sbm_dpsgd,13,0.2,0.02,0.2,0.22589685022830963,0.027416404336690903,0.204584538936615
200,1.0,5.635918426327381,1e-05,gaussian,13,0.2,0.02,0.2,0.2134092152118683,0.019796904176473618,0.19738949835300446
200,1.0,5.635918426327381,1e-05,edge_flip,13,0.2,0.02,0.2,0.21616390347480774,0.019080936908721924,0.19805535674095154
200,1.0,5.635918426327381,1e-05,sbm_dpsgd,14,0.2,0.02,0.2,0.19866570830345154,0.028766490519046783,0.21262559294700623
200,1.0,5.635918426327381,1e-05,gaussian,14,0.2,0.02,0.2,0.1967467963695526,0.01844107173383236,0.19935224950313568
200,1.0,5.635918426327381,1e-05,edge_flip,14,0.2,0.02,0.2,0.19663110375404358,0.018375923857092857,0.2021246999502182
200,1.0,5.635918426327381,1e-05,sbm_dpsgd,15,0.2,0.02,0.2,0.21678730845451355,0.03318736329674721,0.21095651388168335
200,1.0,5.635918426327381,1e-05,gaussian,15,0.2,0.02,0.2,0.2054828256368637,0.01914512738585472,0.20276403427124023
200,1.0,5.635918426327381,1e-05,edge_flip,15,0.2,0.02,0.2,0.2053801715373993,0.019685233011841774,0.20375242829322815
200,1.0,5.635918426327381,1e-05,sbm_dpsgd,16,0.2,0.02,0.2,0.2117183804512024,0.028975993394851685,0.19891877472400665
200,1.0,5.635918426327381,1e-05,gaussian,16,0.2,0.02,0.2,0.2047061026096344,0.01866121217608452,0.1969386339187622
200,1.0,5.635918426327381,1e-05,edge_flip,16,0.2,0.02,0.2,0.2053801715373993,0.019080936908721924,0.19479990005493164
200,1.0,5.635918426327381,1e-05,sbm_dpsgd,17,0.2,0.02,0.2,0.20729517936706543,0.03917158022522926,0.1955256462097168
200,1.0,5.635918426327381,1e-05,gaussian,17,0.2,0.02,0.2,0.20473694801330566,0.02072751522064209,0.1943807303905487
200,1.0,5.635918426327381,1e-05,edge_flip,17,0.2,0.02,0.2,0.20395590364933014,0.02099454030394554,0.19459642469882965
200,1.0,5.635918426327381,1e-05,sbm_dpsgd,18,0.2,0.02,0.2,0.20924028754234314,0.035585928708314896,0.20909371972084045
200,1.0,5.635918426327381,1e-05,gaussian,18,0.2,0.02,0.2,0.20581990480422974,0.023087823763489723,0.2041376829147339
200,1.0,5.635918426327381,1e-05,edge_flip,18,0.2,0.02,0.2,0.2053801715373993,0.02351244166493416,0.202531635761261
200,1.0,5.635918426327381,1e-05,sbm_dpsgd,19,0.2,0.02,0.2,0.19913212954998016,0.025909870862960815,0.2096901535987854
200,1.0,5.635918426327381,1e-05,gaussian,19,0.2,0.02,0.2,0.19340434670448303,0.019038667902350426,0.20268377661705017
200,1.0,5.635918426327381,1e-05,edge_flip,19,0.2,0.02,0.2,0.19357909262180328,0.018778787925839424,0.20171776413917542
200,2.0,2.668102829441137,1e-05,sbm_dpsgd,0,0.2,0.02,0.2,0.2131223827600479,0.031807295978069305,0.2090032994747162
200,2.0,2.668102829441137,1e-05,gaussian,0,0.2,0.02,0.2,0.20381039381027222,0.019498221576213837,0.1970776617527008
200,2.0,2.668102829441137,1e-05,edge_flip,0,0.2,0.02,0.2,0.20285549759864807,0.021394219249486923,0.19960547983646393
200,2.0,2.668102829441137,1e-05,sbm_dpsgd,1,0.2,0.02,0.2,0.20756110548973083,0.03786560148000717,0.20901110768318176
200,2.0,2.668102829441137,1e-05,gaussian,1,0.2,0.02,0.2,0.19768156111240387,0.01933428831398487,0.20142389833927155
200,2.0,2.668102829441137,1e-05,edge_flip,1,0.2,0.02,0.2,0.1903197169303894,0.0179468784481287,0.20053404569625854
200,2.0,2.668102829441137,1e-05,sbm_dpsgd,2,0.2,0.02,0.2,0.20127685368061066,0.032507870346307755,0.22383952140808105
200,2.0,2.668102829441137,1e-05,gaussian,2,0.2,0.02,0.2,0.19332140684127808,0.020386548712849617,0.20355477929115295
200,2.0,2.668102829441137,1e-05,edge_flip,2,0.2,0.02,0.2,0.19240900874137878,0.023462623357772827,0.19937333464622498
200,2.0,2.668102829441137,1e-05,sbm_dpsgd,3,0.2,0.02,0.2,0.19671018421649933,0.034917350858449936,0.2041798084974289
200,2.0,2.668102829441137,1e-05,gaussian,3,0.2,0.02,0.2,0.19135834276676178,0.021040240302681923,0.20195364952087402
200,2.0,2.668102829441137,1e-05,edge_flip,3,0.2,0.02,0.2,0.19008757174015045,0.0228880662471056,0.20726622641086578
200,2.0,2.668102829441137,1e-05,sbm_dpsgd,4,0.2,0.02,0.2,0.19912412762641907,0.030266419053077698,0.21158266067504883
200,2.0,2.668102829441137,1e-05,gaussian,4,0.2,0.02,0.2,0.18607884645462036,0.019932840019464493,0.1987413763999939
200,2.0,2.668102829441137,1e-05,edge_flip,4,0.2,0.02,0.2,0.1828911006450653,0.023232800886034966,0.19124828279018402
200,2.0,2.668102829441137,1e-05,sbm_dpsgd,5,0.2,0.02,0.2,0.21002252399921417,0.032263465225696564,0.20322759449481964
200,2.0,2.668102829441137,1e-05,gaussian,5,0.2,0.02,0.2,0.2069355696439743,0.020745856687426567,0.19276627898216248
200,2.0,2.668102829441137,1e-05,edge_flip,5,0.2,0.02,0.2,0.20262335240840912,0.015993386507034302,0.19983762502670288
200,2.0,2.668102829441137,1e-05,sbm_dpsgd,6,0.2,0.02,0.2,0.21473345160484314,0.03568282723426819,0.20720084011554718
200,2.0,2.668102829441137,1e-05,gaussian,6,0.2,0.02,0.2,0.20890747010707855,0.019768310710787773,0.19799350202083588
200,2.0,2.668102829441137,1e-05,edge_flip,6,0.2,0.02,0.2,0.21074838936328888,0.024381915107369423,0.20099833607673645
200,2.0,2.668102829441137,1e-05,sbm_dpsgd,7,0.2,0.02,0.2,0.2081773430109024,0.03543378412723541,0.19790375232696533
200,2.0,2.668102829441137,1e-05,gaussian,7,0.2,0.02,0.2,0.19900955259799957,0.021222634240984917,0.1991165280342102
200,2.0,2.668102829441137,1e-05,edge_flip,7,0.2,0.02,0.2,0.19356973469257355,0.022428421303629875,0.19612331688404083
200,2.0,2.668102829441137,1e-05,sbm_dpsgd,8,0.2,0.02,0.2,0.20783913135528564,0.03774895519018173,0.200621098279953
200,2.0,2.668102829441137,1e-05,gaussian,8,0.2,0.02,0.2,0.2046375274658203,0.020738279446959496,0.2001553773880005
200,2.0,2.668102829441137,1e-05,edge_flip,8,0.2,0.02,0.2,0.2042483538389206,0.01932581514120102,0.19798046350479126
200,2.0,2.668102829441137,1e-05,sbm_dpsgd,9,0.2,0.02,0.2,0.2135220319032669,0.03987165912985802,0.20553939044475555
200,2.0,2.668102829441137,1e-05,gaussian,9,0.2,0.02,0.2,0.20638146996498108,0.01887267827987671,0.20192667841911316
200,2.0,2.668102829441137,1e-05,edge_flip,9,0.2,0.02,0.2,0.20796266198158264,0.021968776360154152,0.20285549759864807
200,2.0,2.668102829441137,1e-05,sbm_dpsgd,10,0.2,0.02,0.2,0.20995305478572845,0.033688709139823914,0.20492443442344666
200,2.0,2.668102829441137,1e-05,gaussian,10,0.2,0.02,0.2,0.20390580594539642,0.021424563601613045,0.20071741938591003
200,2.0,2.668102829441137,1e-05,edge_flip,10,0.2,0.02,0.2,0.21376626193523407,0.01875125803053379,0.19194471836090088
200,2.0,2.668102829441137,1e-05,sbm_dpsgd,11,0.2,0.02,0.2,0.2082110494375229,0.032295845448970795,0.2168717086315155
200,2.0,2.668102829441137,1e-05,gaussian,11,0.2,0.02,0.2,0.20215347409248352,0.018299367278814316,0.21051570773124695
200,2.0,2.668102829441137,1e-05,edge_flip,11,0.2,0.02,0.2,0.2047126442193985,0.02116439677774906,0.21098053455352783
200,2.0,2.668102829441137,1e-05,sbm_dpsgd,12,0.2,0.02,0.2,0.20901507139205933,0.03200443089008331,0.20765002071857452
200,2.0,2.668102829441137,1e-05,gaussian,12,0.2,0.02,0.2,0.20389799773693085,0.021433968096971512,0.19282175600528717
200,2.0,2.668102829441137,1e-05,edge_flip,12,0.2,0.02,0.2,0.20610551536083221,0.017487233504652977,0.1972840279340744
200,2.0,2.668102829441137,1e-05,sbm_dpsgd,13,0.2,0.02,0.2,0.19914183020591736,0.03308229520916939,0.20627306401729584
200,2.0,2.668102829441137,1e-05,gaussian,13,0.2,0.02,0.2,0.1853533387184143,0.019577546045184135,0.2006804347038269
200,2.0,2.668102829441137,1e-05,edge_flip,13,0.2,0.02,0.2,0.18776611983776093,0.018981080502271652,0.20099833607673645
200,2.0,2.668102829441137,1e-05,sbm_dpsgd,14,0.2,0.02,0.2,0.210558220744133,0.03840199485421181,0.22764049470424652
200,2.0,2.668102829441137,1e-05,gaussian,14,0.2,0.02,0.2,0.2088436484336853,0.024570778012275696,0.21200016140937805
200,2.0,2.668102829441137,1e-05,edge_flip,14,0.2,0.02,0.2,0.21237340569496155,0.0209345743060112,0.20749837160110474
200,2.0,2.668102829441137,1e-05,sbm_dpsgd,15,0.2,0.02,0.2,0.19663389027118683,0.025168990716338158,0.18878141045570374
200,2.0,2.668102829441137,1e-05,gaussian,15,0.2,0.02,0.2,0.19055010378360748,0.01772136241197586,0.19196730852127075
200,2.0,2.668102829441137,1e-05,edge_flip,15,0.2,0.02,0.2,0.19078399240970612,0.016108296811580658,0.19798046350479126
200,2.0,2.668102829441137,1e-05,sbm_dpsgd,16,0.2,0.02,0.2,0.21137818694114685,0.032734740525484085,0.20631404221057892
200,2.0,2.668102829441137,1e-05,gaussian,16,0.2,0.02,0.2,0.20264844596385956,0.02010398544371128,0.20174233615398407
200,2.0,2.668102829441137,1e-05,edge_flip,16,0.2,0.02,0.2,0.2091233879327774,0.015418829396367073,0.20285549759864807
200,2.0,2.668102829441137,1e-05,sbm_dpsgd,17,0.2,0.02,0.2,0.20603959262371063,0.03315538167953491,0.212840735912323
200,2.0,2.668102829441137,1e-05,gaussian,17,0.2,0.02,0.2,0.19900034368038177,0.01828540489077568,0.2063128799200058
200,2.0,2.668102829441137,1e-05,edge_flip,17,0.2,0.02,0.2,0.2021590620279312,0.018981080502271652,0.20448049902915955
200,2.0,2.668102829441137,1e-05,sbm_dpsgd,18,0.2,0.02,0.2,0.20999544858932495,0.03041045553982258,0.1973872184753418
200,2.0,2.668102829441137,1e-05,gaussian,18,0.2,0.02,0.2,0.20602372288703918,0.02005830779671669,0.18785257637500763
200,2.0,2.668102829441137,1e-05,edge_flip,18,0.2,0.02,0.2,0.20656980574131012,0.022083686664700508,0.1828911006450653
200,2.0,2.668102829441137,1e-05,sbm_dpsgd,19,0.2,0.02,0.2,0.2050553858280182,0.029197242110967636,0.20023879408836365
200,2.0,2.668102829441137,1e-05,gaussian,19,0.2,0.02,0.2,0.19817012548446655,0.019629396498203278,0.19326527416706085
200,2.0,2.668102829441137,1e-05,edge_flip,19,0.2,0.02,0.2,0.19240900874137878,0.015303917229175568,0.19356973469257355
200,5.0,1.0338953100711687,1e-05,sbm_dpsgd,0,0.2,0.02,0.2,0.20914413034915924,0.027861515060067177,0.22047798335552216
200,5.0,1.0338953100711687,1e-05,gaussian,0,0.2,0.02,0.2,0.19897140562534332,0.022747712209820747,0.20864498615264893
200,5.0,1.0338953100711687,1e-05,edge_flip,0,0.2,0.02,0.2,0.180824413895607,0.021395988762378693,0.2046244591474533
200,5.0,1.0338953100711687,1e-05,sbm_dpsgd,1,0.2,0.02,0.2,0.21451228857040405,0.023148978129029274,0.2145754098892212
200,5.0,1.0338953100711687,1e-05,gaussian,1,0.2,0.02,0.2,0.20045258104801178,0.022729862481355667,0.2071768343448639
200,5.0,1.0338953100711687,1e-05,edge_flip,1,0.2,0.02,0.2,0.19229942560195923,0.0037244558334350586,0.188899427652359
200,5.0,1.0338953100711687,1e-05,sbm_dpsgd,2,0.2,0.02,0.2,0.20418789982795715,0.036989837884902954,0.20286047458648682
200,5.0,1.0338953100711687,1e-05,gaussian,2,0.2,0.02,0.2,0.1928011029958725,0.019951840862631798,0.20342932641506195
200,5.0,1.0338953100711687,1e-05,edge_flip,2,0.2,0.02,0.2,0.24159951508045197,0.020344112068414688,0.2105744630098343
200,5.0,1.0338953100711687,1e-05,sbm_dpsgd,3,0.2,0.02,0.2,0.2275160551071167,0.0332789346575737,0.21135781705379486
200,5.0,1.0338953100711687,1e-05,gaussian,3,0.2,0.02,0.2,0.20462588965892792,0.019642697647213936,0.19653567671775818
200,5.0,1.0338953100711687,1e-05,edge_flip,3,0.2,0.02,0.2,0.19272443652153015,0.03570151329040527,0.19102442264556885
200,5.0,1.0338953100711687,1e-05,sbm_dpsgd,4,0.2,0.02,0.2,0.18974930047988892,0.041316017508506775,0.20832617580890656
200,5.0,1.0338953100711687,1e-05,gaussian,4,0.2,0.02,0.2,0.19886049628257751,0.019064122810959816,0.19494573771953583
200,5.0,1.0338953100711687,1e-05,edge_flip,4,0.2,0.02,0.2,0.20802445709705353,0.011929095722734928,0.18634942173957825
200,5.0,1.0338953100711687,1e-05,sbm_dpsgd,5,0.2,0.02,0.2,0.19373320043087006,0.02736932784318924,0.21100912988185883
200,5.0,1.0338953100711687,1e-05,gaussian,5,0.2,0.02,0.2,0.19436243176460266,0.021431971341371536,0.2060486227273941
200,5.0,1.0338953100711687,1e-05,edge_flip,5,0.2,0.02,0.2,0.19739943742752075,0.021395988762378693,0.20334945619106293
200,5.0,1.0338953100711687,1e-05,sbm_dpsgd,6,0.2,0.02,0.2,0.21233704686164856,0.03937787935137749,0.19658097624778748
200,5.0,1.0338953100711687,1e-05,gaussian,6,0.2,0.02,0.2,0.1984119862318039,0.019519003108143806,0.1991385817527771
200,5.0,1.0338953100711687,1e-05,edge_flip,6,0.2,0.02,0.2,0.20717446506023407,0.021185612305998802,0.22289948165416718
200,5.0,1.0338953100711687,1e-05,sbm_dpsgd,7,0.2,0.02,0.2,0.2174965888261795,0.04123269394040108,0.184195876121521
200,5.0,1.0338953100711687,1e-05,gaussian,7,0.2,0.02,0.2,0.19993838667869568,0.02272002212703228,0.18867018818855286
200,5.0,1.0338953100711687,1e-05,edge_flip,7,0.2,0.02,0.2,0.17359939217567444,0.019292235374450684,0.18209941685199738
200,5.0,1.0338953100711687,1e-05,sbm_dpsgd,8,0.2,0.02,0.2,0.2154669463634491,0.03382717818021774,0.2196042239665985
200,5.0,1.0338953100711687,1e-05,gaussian,8,0.2,0.02,0.2,0.2047673612833023,0.01888858899474144,0.2003520131111145
200,5.0,1.0338953100711687,1e-05,edge_flip,8,0.2,0.02,0.2,0.19782443344593048,0.024972369894385338,0.18507441878318787
200,5.0,1.0338953100711687,1e-05,sbm_dpsgd,9,0.2,0.02,0.2,0.21827886998653412,0.03061477281153202,0.22369498014450073
200,5.0,1.0338953100711687,1e-05,gaussian,9,0.2,0.02,0.2,0.21109917759895325,0.018944764509797096,0.21554645895957947
200,5.0,1.0338953100711687,1e-05,edge_flip,9,0.2,0.02,0.2,0.20079945027828217,0.03549113869667053,0.21354946494102478
200,5.0,1.0338953100711687,1e-05,sbm_dpsgd,10,0.2,0.02,0.2,0.19999387860298157,0.026441581547260284,0.2024012804031372
200,5.0,1.0338953100711687,1e-05,gaussian,10,0.2,0.02,0.2,0.18681401014328003,0.01924208179116249,0.1999789923429489
200,5.0,1.0338953100711687,1e-05,edge_flip,10,0.2,0.02,0.2,0.20632445812225342,0.012770597822964191,0.2186494767665863
200,5.0,1.0338953100711687,1e-05,sbm_dpsgd,11,0.2,0.02,0.2,0.20632976293563843,0.04813164845108986,0.1962374895811081
200,5.0,1.0338953100711687,1e-05,gaussian,11,0.2,0.02,0.2,0.19295214116573334,0.025563931092619896,0.19305624067783356
200,5.0,1.0338953100711687,1e-05,edge_flip,11,0.2,0.02,0.2,0.17869940400123596,0.03233550861477852,0.17232438921928406
200,5.0,1.0338953100711687,1e-05,sbm_dpsgd,12,0.2,0.02,0.2,0.20489980280399323,0.029965195804834366,0.22411489486694336
200,5.0,1.0338953100711687,1e-05,gaussian,12,0.2,0.02,0.2,0.18891748785972595,0.019504107534885406,0.19966243207454681
200,5.0,1.0338953100711687,1e-05,edge_flip,12,0.2,0.02,0.2,0.17487439513206482,0.020344112068414688,0.21312446892261505
200,5.0,1.0338953100711687,1e-05,sbm_dpsgd,13,0.2,0.02,0.2,0.19938234984874725,0.026778295636177063,0.22799339890480042
200,5.0,1.0338953100711687,1e-05,gaussian,13,0.2,0.02,0.2,0.2103615552186966,0.018952149897813797,0.21291270852088928
200,5.0,1.0338953100711687,1e-05,edge_flip,13,0.2,0.02,0.2,0.20334945619106293,0.024130867794156075,0.2500995397567749
200,5.0,1.0338953100711687,1e-05,sbm_dpsgd,14,0.2,0.02,0.2,0.22474351525306702,0.04168281704187393,0.2156839519739151
200,5.0,1.0338953100711687,1e-05,gaussian,14,0.2,0.02,0.2,0.2035762369632721,0.01994924433529377,0.19886259734630585
200,5.0,1.0338953100711687,1e-05,edge_flip,14,0.2,0.02,0.2,0.24244952201843262,0.021185612305998802,0.22544948756694794
200,5.0,1.0338953100711687,1e-05,sbm_dpsgd,15,0.2,0.02,0.2,0.20758606493473053,0.033087942749261856,0.2122265249490738
200,5.0,1.0338953100711687,1e-05,gaussian,15,0.2,0.02,0.2,0.20061807334423065,0.02424720674753189,0.20418798923492432
200,5.0,1.0338953100711687,1e-05,edge_flip,15,0.2,0.02,0.2,0.20377445220947266,0.0014103265712037683,0.21184946596622467
200,5.0,1.0338953100711687,1e-05,sbm_dpsgd,16,0.2,0.02,0.2,0.20749470591545105,0.039226774126291275,0.20837430655956268
200,5.0,1.0338953100711687,1e-05,gaussian,16,0.2,0.02,0.2,0.19766736030578613,0.021751131862401962,0.195154070854187
200,5.0,1.0338953100711687,1e-05,edge_flip,16,0.2,0.02,0.2,0.1982494443655014,0.03570151329040527,0.20547445118427277
200,5.0,1.0338953100711687,1e-05,sbm_dpsgd,17,0.2,0.02,0.2,0.20391540229320526,0.03924937918782234,0.19926483929157257
200,5.0,1.0338953100711687,1e-05,gaussian,17,0.2,0.02,0.2,0.20602145791053772,0.019900711253285408,0.2020139992237091
200,5.0,1.0338953100711687,1e-05,edge_flip,17,0.2,0.02,0.2,0.2075994610786438,0.008983840234577656,0.1965494453907013
200,5.0,1.0338953100711687,1e-05,sbm_dpsgd,18,0.2,0.02,0.2,0.1964040845632553,0.02924610674381256,0.21733960509300232
200,5.0,1.0338953100711687,1e-05,gaussian,18,0.2,0.02,0.2,0.20169413089752197,0.02379666082561016,0.20447112619876862
200,5.0,1.0338953100711687,1e-05,edge_flip,18,0.2,0.02,0.2,0.19229942560195923,0.028969502076506615,0.2326745092868805
200,5.0,1.0338953100711687,1e-05,sbm_dpsgd,19,0.2,0.02,0.2,0.2135932594537735,0.0367254875600338,0.2104201465845108
200,5.0,1.0338953100711687,1e-05,gaussian,19,0.2,0.02,0.2,0.2071019858121872,0.020902346819639206,0.2000371664762497
200,5.0,1.0338953100711687,1e-05,edge_flip,19,0.2,0.02,0.2,0.19314943253993988,0.019712984561920166,0.20419944822788239
200,10.0,0.5431122541136532,1e-05,sbm_dpsgd,0,0.2,0.02,0.2,0.21934932470321655,0.022273646667599678,0.20426711440086365
200,10.0,0.5431122541136532,1e-05,gaussian,0,0.2,0.02,0.2,0.20613451302051544,0.022125739604234695,0.18860024213790894
200,10.0,0.5431122541136532,1e-05,edge_flip,0,0.2,0.02,0.2,0.2096274495124817,0.032202959060668945,0.20429252088069916
200,10.0,0.5431122541136532,1e-05,sbm_dpsgd,1,0.2,0.02,0.2,0.2182447761297226,0.037731755524873734,0.19784291088581085
200,10.0,0.5431122541136532,1e-05,gaussian,1,0.2,0.02,0.2,0.18877547979354858,0.024295423179864883,0.19395768642425537
200,10.0,0.5431122541136532,1e-05,edge_flip,1,0.2,0.02,0.2,0.2073410451412201,0.009190362878143787,0.1936226636171341
200,10.0,0.5431122541136532,1e-05,sbm_dpsgd,2,0.2,0.02,0.2,0.2307613343000412,0.03941856697201729,0.2006063163280487
200,10.0,0.5431122541136532,1e-05,gaussian,2,0.2,0.02,0.2,0.21068021655082703,0.020349962636828423,0.19858510792255402
200,10.0,0.5431122541136532,1e-05,edge_flip,2,0.2,0.02,0.2,0.22868075966835022,0.04163435101509094,0.20200611650943756
200,10.0,0.5431122541136532,1e-05,sbm_dpsgd,3,0.2,0.02,0.2,0.20033158361911774,0.029601838439702988,0.22329525649547577
200,10.0,0.5431122541136532,1e-05,gaussian,3,0.2,0.02,0.2,0.19559559226036072,0.019234953448176384,0.20735828578472137
200,10.0,0.5431122541136532,1e-05,edge_flip,3,0.2,0.02,0.2,0.20886531472206116,0.014094687066972256,0.2096274495124817
200,10.0,0.5431122541136532,1e-05,sbm_dpsgd,4,0.2,0.02,0.2,0.19260136783123016,0.02021678537130356,0.19537240266799927
200,10.0,0.5431122541136532,1e-05,gaussian,4,0.2,0.02,0.2,0.1973029375076294,0.017300106585025787,0.19624045491218567
200,10.0,0.5431122541136532,1e-05,edge_flip,4,0.2,0.02,0.2,0.19971972703933716,0.005040550604462624,0.2279186248779297
200,10.0,0.5431122541136532,1e-05,sbm_dpsgd,5,0.2,0.02,0.2,0.1989343762397766,0.03731308504939079,0.21104690432548523
200,10.0,0.5431122541136532,1e-05,gaussian,5,0.2,0.02,0.2,0.18470914661884308,0.019626183435320854,0.2018800973892212
200,10.0,0.5431122541136532,1e-05,edge_flip,5,0.2,0.02,0.2,0.23172929883003235,0.0,0.18066640198230743
200,10.0,0.5431122541136532,1e-05,sbm_dpsgd,6,0.2,0.02,0.2,0.2044711410999298,0.02834438346326351,0.235456645488739
200,10.0,0.5431122541136532,1e-05,gaussian,6,0.2,0.02,0.2,0.2076220065355301,0.022778231650590897,0.2013075053691864
200,10.0,0.5431122541136532,1e-05,edge_flip,6,0.2,0.02,0.2,0.1250307261943817,0.060874391347169876,0.20429252088069916
200,10.0,0.5431122541136532,1e-05,sbm_dpsgd,7,0.2,0.02,0.2,0.18763922154903412,0.03857497125864029,0.16311714053153992
200,10.0,0.5431122541136532,1e-05,gaussian,7,0.2,0.02,0.2,0.1959465742111206,0.012811199761927128,0.1982947140932083
200,10.0,0.5431122541136532,1e-05,edge_flip,7,0.2,0.02,0.2,0.2233458310365677,0.04653867334127426,0.2561175525188446
200,10.0,0.5431122541136532,1e-05,sbm_dpsgd,8,0.2,0.02,0.2,0.22011522948741913,0.03103371523320675,0.1942298263311386
200,10.0,0.5431122541136532,1e-05,gaussian,8,0.2,0.02,0.2,0.2013862282037735,0.030590025708079338,0.2109154611825943
200,10.0,0.5431122541136532,1e-05,edge_flip,8,0.2,0.02,0.2,0.21038958430290222,0.06162890046834946,0.21496237814426422
200,10.0,0.5431122541136532,1e-05,sbm_dpsgd,9,0.2,0.02,0.2,0.20332229137420654,0.03405206277966499,0.20166920125484467
200,10.0,0.5431122541136532,1e-05,gaussian,9,0.2,0.02,0.2,0.1930684894323349,0.015301031060516834,0.18631191551685333
200,10.0,0.5431122541136532,1e-05,edge_flip,9,0.2,0.02,0.2,0.22639437019824982,0.023148823529481888,0.2096274495124817
200,10.0,0.5431122541136532,1e-05,sbm_dpsgd,10,0.2,0.02,0.2,0.20207063853740692,0.03286979719996452,0.20186477899551392
200,10.0,0.5431122541136532,1e-05,gaussian,10,0.2,0.02,0.2,0.19337444007396698,0.02428307570517063,0.1771191656589508
200,10.0,0.5431122541136532,1e-05,edge_flip,10,0.2,0.02,0.2,0.22258369624614716,0.01635822094976902,0.20810317993164062
200,10.0,0.5431122541136532,1e-05,sbm_dpsgd,11,0.2,0.02,0.2,0.2218620777130127,0.02196888066828251,0.19039523601531982
200,10.0,0.5431122541136532,1e-05,gaussian,11,0.2,0.02,0.2,0.2031673938035965,0.02098718471825123,0.19393403828144073
200,10.0,0.5431122541136532,1e-05,edge_flip,11,0.2,0.02,0.2,0.19667118787765503,0.035598259419202805,0.13493844866752625
200,10.0,0.5431122541136532,1e-05,sbm_dpsgd,12,0.2,0.02,0.2,0.20442017912864685,0.031186243519186974,0.2200850248336792
200,10.0,0.5431122541136532,1e-05,gaussian,12,0.2,0.02,0.2,0.20453213155269623,0.019906029105186462,0.20695695281028748
200,10.0,0.5431122541136532,1e-05,edge_flip,12,0.2,0.02,0.2,0.23553995788097382,0.07634187489748001,0.18523919582366943
200,10.0,0.5431122541136532,1e-05,sbm_dpsgd,13,0.2,0.02,0.2,0.21561770141124725,0.024188024923205376,0.22182564437389374
200,10.0,0.5431122541136532,1e-05,gaussian,13,0.2,0.02,0.2,0.20963338017463684,0.018860433250665665,0.20710726082324982
200,10.0,0.5431122541136532,1e-05,edge_flip,13,0.2,0.02,0.2,0.20429252088069916,0.008058595471084118,0.23172929883003235
200,10.0,0.5431122541136532,1e-05,sbm_dpsgd,14,0.2,0.02,0.2,0.20283038914203644,0.02387922815978527,0.1964891254901886
200,10.0,0.5431122541136532,1e-05,gaussian,14,0.2,0.02,0.2,0.20927190780639648,0.01278680469840765,0.2008073925971985
200,10.0,0.5431122541136532,1e-05,edge_flip,14,0.2,0.02,0.2,0.2378263622522354,0.01975352130830288,0.19743332266807556
200,10.0,0.5431122541136532,1e-05,sbm_dpsgd,15,0.2,0.02,0.2,0.20911608636379242,0.03700743988156319,0.19285807013511658
200,10.0,0.5431122541136532,1e-05,gaussian,15,0.2,0.02,0.2,0.197777658700943,0.02171449176967144,0.19087737798690796
200,10.0,0.5431122541136532,1e-05,edge_flip,15,0.2,0.02,0.2,0.24544768035411835,0.027298634871840477,0.22715650498867035
200,10.0,0.5431122541136532,1e-05,sbm_dpsgd,16,0.2,0.02,0.2,0.21641887724399567,0.027809228748083115,0.19280706346035004
200,10.0,0.5431122541136532,1e-05,gaussian,16,0.2,0.02,0.2,0.2016979604959488,0.023007139563560486,0.20099826157093048
200,10.0,0.5431122541136532,1e-05,edge_flip,16,0.2,0.02,0.2,0.1478946954011917,0.034843750298023224,0.16542375087738037
200,10.0,0.5431122541136532,1e-05,sbm_dpsgd,17,0.2,0.02,0.2,0.22547298669815063,0.04392838850617409,0.20042386651039124
200,10.0,0.5431122541136532,1e-05,gaussian,17,0.2,0.02,0.2,0.21663832664489746,0.025625381618738174,0.20744608342647552
200,10.0,0.5431122541136532,1e-05,edge_flip,17,0.2,0.02,0.2,0.2027682512998581,0.031825702637434006,0.1959090530872345
200,10.0,0.5431122541136532,1e-05,sbm_dpsgd,18,0.2,0.02,0.2,0.22851991653442383,0.043767884373664856,0.2153540998697281
200,10.0,0.5431122541136532,1e-05,gaussian,18,0.2,0.02,0.2,0.20253248512744904,0.015593628399074078,0.1988697648048401
200,10.0,0.5431122541136532,1e-05,edge_flip,18,0.2,0.02,0.2,0.1890498697757721,0.0,0.22182157635688782
200,10.0,0.5431122541136532,1e-05,sbm_dpsgd,19,0.2,0.02,0.2,0.19900302588939667,0.05019650235772133,0.20026621222496033
200,10.0,0.5431122541136532,1e-05,gaussian,19,0.2,0.02,0.2,0.19229894876480103,0.02444172464311123,0.20306122303009033
200,10.0,0.5431122541136532,1e-05,edge_flip,19,0.2,0.02,0.2,0.21038958430290222,0.01522645354270935,0.24163702130317688
200,20.0,0.40561225411365304,1e-05,sbm_dpsgd,0,0.2,0.02,0.2,0.19804616272449493,0.010150675661861897,0.1919737309217453
200,20.0,0.40561225411365304,1e-05,gaussian,0,0.2,0.02,0.2,0.20319794118404388,0.016040712594985962,0.2056611329317093
200,20.0,0.40561225411365304,1e-05,edge_flip,0,0.2,0.02,0.2,0.2707880139350891,0.036163803189992905,0.21929104626178741
200,20.0,0.40561225411365304,1e-05,sbm_dpsgd,1,0.2,0.02,0.2,0.2273929864168167,0.017920533195137978,0.23910917341709137
200,20.0,0.40561225411365304,1e-05,gaussian,1,0.2,0.02,0.2,0.19856157898902893,0.020730679854750633,0.19988864660263062
200,20.0,0.40561225411365304,1e-05,edge_flip,1,0.2,0.02,0.2,0.16375510394573212,0.01567103900015354,0.1920279562473297
200,20.0,0.40561225411365304,1e-05,sbm_dpsgd,2,0.2,0.02,0.2,0.20505869388580322,0.027489569038152695,0.23052722215652466
200,20.0,0.40561225411365304,1e-05,gaussian,2,0.2,0.02,0.2,0.20409952104091644,0.021016810089349747,0.19041013717651367
200,20.0,0.40561225411365304,1e-05,edge_flip,2,0.2,0.02,0.2,0.2505931258201599,0.013671744614839554,0.1718330681324005
200,20.0,0.40561225411365304,1e-05,sbm_dpsgd,3,0.2,0.02,0.2,0.19094765186309814,0.04613472893834114,0.1609993577003479
200,20.0,0.40561225411365304,1e-05,gaussian,3,0.2,0.02,0.2,0.21026462316513062,0.022871972993016243,0.18939194083213806
200,20.0,0.40561225411365304,1e-05,edge_flip,3,0.2,0.02,0.2,0.15870638191699982,0.06915215402841568,0.22433976829051971
200,20.0,0.40561225411365304,1e-05,sbm_dpsgd,4,0.2,0.02,0.2,0.2030051350593567,0.016997773200273514,0.1994885802268982
200,20.0,0.40561225411365304,1e-05,gaussian,4,0.2,0.02,0.2,0.1958812177181244,0.017920110374689102,0.20026704668998718
200,20.0,0.40561225411365304,1e-05,edge_flip,4,0.2,0.02,0.2,0.15769663453102112,0.02316839061677456,0.2586710751056671
200,20.0,0.40561225411365304,1e-05,sbm_dpsgd,5,0.2,0.02,0.2,0.24182185530662537,0.023076729848980904,0.20989620685577393
200,20.0,0.40561225411365304,1e-05,gaussian,5,0.2,0.02,0.2,0.19701515138149261,0.020420098677277565,0.18619348108768463
200,20.0,0.40561225411365304,1e-05,edge_flip,5,0.2,0.02,0.2,0.2223202884197235,0.0,0.241505429148674
200,20.0,0.40561225411365304,1e-05,sbm_dpsgd,6,0.2,0.02,0.2,0.19638395309448242,0.018773166462779045,0.17863096296787262
200,20.0,0.40561225411365304,1e-05,gaussian,6,0.2,0.02,0.2,0.19318599998950958,0.014836600981652737,0.19037272036075592
200,20.0,0.40561225411365304,1e-05,edge_flip,6,0.2,0.02,0.2,0.2576613426208496,0.0,0.21929104626178741
200,20.0,0.40561225411365304,1e-05,sbm_dpsgd,7,0.2,0.02,0.2,0.22875045239925385,0.06060226261615753,0.20308563113212585
200,20.0,0.40561225411365304,1e-05,gaussian,7,0.2,0.02,0.2,0.21448105573654175,0.024382559582591057,0.2087501436471939
200,20.0,0.40561225411365304,1e-05,edge_flip,7,0.2,0.02,0.2,0.235446959733963,0.024667860940098763,0.2253495156764984
200,20.0,0.40561225411365304,1e-05,sbm_dpsgd,8,0.2,0.02,0.2,0.2570355236530304,0.030239060521125793,0.21558716893196106
200,20.0,0.40561225411365304,1e-05,gaussian,8,0.2,0.02,0.2,0.19824999570846558,0.017304737120866776,0.18784748017787933
200,20.0,0.40561225411365304,1e-05,edge_flip,8,0.2,0.02,0.2,0.16375510394573212,0.0,0.20414488017559052
200,20.0,0.40561225411365304,1e-05,sbm_dpsgd,9,0.2,0.02,0.2,0.2324904352426529,0.0229689609259367,0.21971523761749268
200,20.0,0.40561225411365304,1e-05,gaussian,9,0.2,0.02,0.2,0.2062145471572876,0.02000717632472515,0.19446906447410583
200,20.0,0.40561225411365304,1e-05,edge_flip,9,0.2,0.02,0.2,0.15567715466022491,0.0,0.2485736459493637
200,20.0,0.40561225411365304,1e-05,sbm_dpsgd,10,0.2,0.02,0.2,0.2447347491979599,0.016353068873286247,0.24446134269237518
200,20.0,0.40561225411365304,1e-05,gaussian,10,0.2,0.02,0.2,0.20950807631015778,0.020377138629555702,0.2039722353219986
200,20.0,0.40561225411365304,1e-05,edge_flip,10,0.2,0.02,0.2,0.2303982377052307,0.05215815454721451,0.18394999206066132
200,20.0,0.40561225411365304,1e-05,sbm_dpsgd,11,0.2,0.02,0.2,0.20096661150455475,0.025286128744482994,0.22071824967861176
200,20.0,0.40561225411365304,1e-05,gaussian,11,0.2,0.02,0.2,0.21143139898777008,0.022560838609933853,0.2112714946269989
200,20.0,0.40561225411365304,1e-05,edge_flip,11,0.2,0.02,0.2,0.1667843461036682,0.0,0.2586710751056671
200,20.0,0.40561225411365304,1e-05,sbm_dpsgd,12,0.2,0.02,0.2,0.21690642833709717,0.021632252261042595,0.22430139780044556
200,20.0,0.40561225411365304,1e-05,gaussian,12,0.2,0.02,0.2,0.20935697853565216,0.023422546684741974,0.1908389925956726
200,20.0,0.40561225411365304,1e-05,edge_flip,12,0.2,0.02,0.2,0.2162618190050125,0.0,0.146589457988739
200,20.0,0.40561225411365304,1e-05,sbm_dpsgd,13,0.2,0.02,0.2,0.22558198869228363,0.032814815640449524,0.24990078806877136
200,20.0,0.40561225411365304,1e-05,gaussian,13,0.2,0.02,0.2,0.19864390790462494,0.02425275184214115,0.20760832726955414
200,20.0,0.40561225411365304,1e-05,edge_flip,13,0.2,0.02,0.2,0.16779407858848572,0.0331648588180542,0.2849244475364685
200,20.0,0.40561225411365304,1e-05,sbm_dpsgd,14,0.2,0.02,0.2,0.17529892921447754,0.0385473370552063,0.2309427112340927
200,20.0,0.40561225411365304,1e-05,gaussian,14,0.2,0.02,0.2,0.20546187460422516,0.033615291118621826,0.20074093341827393
200,20.0,0.40561225411365304,1e-05,edge_flip,14,0.2,0.02,0.2,0.18394999206066132,0.0,0.1859694868326187
200,20.0,0.40561225411365304,1e-05,sbm_dpsgd,15,0.2,0.02,0.2,0.22994714975357056,0.04578442499041557,0.19556136429309845
200,20.0,0.40561225411365304,1e-05,gaussian,15,0.2,0.02,0.2,0.19510096311569214,0.022732747718691826,0.19539667665958405
200,20.0,0.40561225411365304,1e-05,edge_flip,15,0.2,0.02,0.2,0.15365765988826752,0.019669625908136368,0.1758720427751541
200,20.0,0.40561225411365304,1e-05,sbm_dpsgd,16,0.2,0.02,0.2,0.2305886447429657,0.04917687550187111,0.20492590963840485
200,20.0,0.40561225411365304,1e-05,gaussian,16,0.2,0.02,0.2,0.20159107446670532,0.020993996411561966,0.19795817136764526
200,20.0,0.40561225411365304,1e-05,edge_flip,16,0.2,0.02,0.2,0.23443721234798431,0.0,0.261700302362442
200,20.0,0.40561225411365304,1e-05,sbm_dpsgd,17,0.2,0.02,0.2,0.26216062903404236,0.0232081301510334,0.22269366681575775
200,20.0,0.40561225411365304,1e-05,gaussian,17,0.2,0.02,0.2,0.19562359154224396,0.01750699058175087,0.21356149017810822
200,20.0,0.40561225411365304,1e-05,edge_flip,17,0.2,0.02,0.2,0.2324177324771881,0.042661506682634354,0.1859694868326187
200,20.0,0.40561225411365304,1e-05,sbm_dpsgd,18,0.2,0.02,0.2,0.21156230568885803,0.017375854775309563,0.23476199805736542
200,20.0,0.40561225411365304,1e-05,gaussian,18,0.2,0.02,0.2,0.20548291504383087,0.02079925313591957,0.19879481196403503
200,20.0,0.40561225411365304,1e-05,edge_flip,18,0.2,0.02,0.2,0.1758720427751541,0.01567103900015354,0.19000846147537231
200,20.0,0.40561225411365304,1e-05,sbm_dpsgd,19,0.2,0.02,0.2,0.2071933001279831,0.015184864401817322,0.22050310671329498
200,20.0,0.40561225411365304,1e-05,gaussian,19,0.2,0.02,0.2,0.20355334877967834,0.02735692262649536,0.20129826664924622
200,20.0,0.40561225411365304,1e-05,edge_flip,19,0.2,0.02,0.2,0.19808641076087952,0.05465726926922798,0.19808641076087952
500,1.0,5.635918426327381,1e-05,sbm_dpsgd,0,0.2,0.02,0.2,0.20221389830112457,0.030684763565659523,0.19995874166488647
500,1.0,5.635918426327381,1e-05,gaussian,0,0.2,0.02,0.2,0.19641193747520447,0.020111091434955597,0.19777630269527435
500,1.0,5.635918426327381,1e-05,edge_flip,0,0.2,0.02,0.2,0.196428120136261,0.0199793241918087,0.19794897735118866
500,1.0,5.635918426327381,1e-05,sbm_dpsgd,1,0.2,0.02,0.2,0.20034167170524597,0.029458779841661453,0.20644737780094147
500,1.0,5.635918426327381,1e-05,gaussian,1,0.2,0.02,0.2,0.1937139928340912,0.01990330033004284,0.20130003988742828
500,1.0,5.635918426327381,1e-05,edge_flip,1,0.2,0.02,0.2,0.1935158520936966,0.01983429305255413,0.20118482410907745
500,1.0,5.635918426327381,1e-05,sbm_dpsgd,2,0.2,0.02,0.2,0.20415329933166504,0.03270789980888367,0.20620012283325195
500,1.0,5.635918426327381,1e-05,gaussian,2,0.2,0.02,0.2,0.19912852346897125,0.020048197358846664,0.2016317993402481
500,1.0,5.635918426327381,1e-05,edge_flip,2,0.2,0.02,0.2,0.1989520937204361,0.01988263614475727,0.20176728069782257
500,1.0,5.635918426327381,1e-05,sbm_dpsgd,3,0.2,0.02,0.2,0.21012790501117706,0.03153574839234352,0.2063005417585373
500,1.0,5.635918426327381,1e-05,gaussian,3,0.2,0.02,0.2,0.2013547122478485,0.020431093871593475,0.20275816321372986
500,1.0,5.635918426327381,1e-05,edge_flip,3,0.2,0.02,0.2,0.2013142704963684,0.020575562492012978,0.20270568132400513
500,1.0,5.635918426327381,1e-05,sbm_dpsgd,4,0.2,0.02,0.2,0.20109514892101288,0.030142266303300858,0.2088077962398529
500,1.0,5.635918426327381,1e-05,gaussian,4,0.2,0.02,0.2,0.19684387743473053,0.01943223550915718,0.20440268516540527
500,1.0,5.635918426327381,1e-05,edge_flip,4,0.2,0.02,0.2,0.1968487799167633,0.019383084028959274,0.20477662980556488
500,1.0,5.635918426327381,1e-05,sbm_dpsgd,5,0.2,0.02,0.2,0.2054671347141266,0.03182234987616539,0.201011061668396
500,1.0,5.635918426327381,1e-05,gaussian,5,0.2,0.02,0.2,0.1998513787984848,0.019971849396824837,0.1950683891773224
500,1.0,5.635918426327381,1e-05,edge_flip,5,0.2,0.02,0.2,0.1995992660522461,0.020349958911538124,0.19484254717826843
500,1.0,5.635918426327381,1e-05,sbm_dpsgd,6,0.2,0.02,0.2,0.20443962514400482,0.027425866574048996,0.20101064443588257
500,1.0,5.635918426327381,1e-05,gaussian,6,0.2,0.02,0.2,0.19993530213832855,0.01953740604221821,0.1952425241470337
500,1.0,5.635918426327381,1e-05,edge_flip,6,0.2,0.02,0.2,0.19924332201480865,0.01944754272699356,0.1955544352531433
500,1.0,5.635918426327381,1e-05,sbm_dpsgd,7,0.2,0.02,0.2,0.20302852988243103,0.03282560035586357,0.20433564484119415
500,1.0,5.635918426327381,1e-05,gaussian,7,0.2,0.02,0.2,0.19690364599227905,0.01992427185177803,0.19738642871379852
500,1.0,5.635918426327381,1e-05,edge_flip,7,0.2,0.02,0.2,0.19649283587932587,0.020108239725232124,0.1978195458650589
500,1.0,5.635918426327381,1e-05,sbm_dpsgd,8,0.2,0.02,0.2,0.20684608817100525,0.03164772689342499,0.20452603697776794
500,1.0,5.635918426327381,1e-05,gaussian,8,0.2,0.02,0.2,0.19873982667922974,0.01971406489610672,0.1991259902715683
500,1.0,5.635918426327381,1e-05,edge_flip,8,0.2,0.02,0.2,0.19924332201480865,0.019769834354519844,0.19940510392189026
500,1.0,5.635918426327381,1e-05,sbm_dpsgd,9,0.2,0.02,0.2,0.20169061422348022,0.02892063558101654,0.20712386071681976
500,1.0,5.635918426327381,1e-05,gaussian,9,0.2,0.02,0.2,0.19751518964767456,0.020005468279123306,0.19980426132678986
500,1.0,5.635918426327381,1e-05,edge_flip,9,0.2,0.02,0.2,0.19736652076244354,0.02022104151546955,0.19956690073013306
500,1.0,5.635918426327381,1e-05,sbm_dpsgd,10,0.2,0.02,0.2,0.2024143785238266,0.035394374281167984,0.2062508910894394
500,1.0,5.635918426327381,1e-05,gaussian,10,0.2,0.02,0.2,0.19947504997253418,0.020583923906087875,0.2016112506389618
500,1.0,5.635918426327381,1e-05,edge_flip,10,0.2,0.02,0.2,0.19995521008968353,0.02031772956252098,0.2019614279270172
500,1.0,5.635918426327381,1e-05,sbm_dpsgd,11,0.2,0.02,0.2,0.20329317450523376,0.029851039871573448,0.20642881095409393
500,1.0,5.635918426327381,1e-05,gaussian,11,0.2,0.02,0.2,0.19775578379631042,0.019347254186868668,0.20091494917869568
500,1.0,5.635918426327381,1e-05,edge_flip,11,0.2,0.02,0.2,0.19769009947776794,0.01915748044848442,0.20108775794506073
500,1.0,5.635918426327381,1e-05,sbm_dpsgd,12,0.2,0.02,0.2,0.20360571146011353,0.032054923474788666,0.20285877585411072
500,1.0,5.635918426327381,1e-05,gaussian,12,0.2,0.02,0.2,0.19934289157390594,0.020443076267838478,0.1958821415901184
500,1.0,5.635918426327381,1e-05,edge_flip,12,0.2,0.02,0.2,0.19985812902450562,0.020833395421504974,0.1960398107767105
500,1.0,5.635918426327381,1e-05,sbm_dpsgd,13,0.2,0.02,0.2,0.20797748863697052,0.028581736609339714,0.20956850051879883
500,1.0,5.635918426327381,1e-05,gaussian,13,0.2,0.02,0.2,0.20291872322559357,0.019629715010523796,0.20454531908035278
500,1.0,5.635918426327381,1e-05,edge_flip,13,0.2,0.02,0.2,0.2030939906835556,0.0197376050055027,0.20529437065124512
500,1.0,5.635918426327381,1e-05,sbm_dpsgd,14,0.2,0.02,0.2,0.20703330636024475,0.029304130002856255,0.2001165896654129
500,1.0,5.635918426327381,1e-05,gaussian,14,0.2,0.02,0.2,0.20156650245189667,0.019578877836465836,0.19690680503845215
500,1.0,5.635918426327381,1e-05,edge_flip,14,0.2,0.02,0.2,0.20167021453380585,0.019512001425027847,0.19633103907108307
500,1.0,5.635918426327381,1e-05,sbm_dpsgd,15,0.2,0.02,0.2,0.20841284096240997,0.029374860227108,0.20048603415489197
500,1.0,5.635918426327381,1e-05,gaussian,15,0.2,0.02,0.2,0.2017732411623001,0.019780214875936508,0.19610972702503204
500,1.0,5.635918426327381,1e-05,edge_flip,15,0.2,0.02,0.2,0.20134662091732025,0.019673146307468414,0.19697821140289307
500,1.0,5.635918426327381,1e-05,sbm_dpsgd,16,0.2,0.02,0.2,0.20706428587436676,0.030843185260891914,0.20496733486652374
500,1.0,5.635918426327381,1e-05,gaussian,16,0.2,0.02,0.2,0.20342551171779633,0.02058883011341095,0.19907020032405853
500,1.0,5.635918426327381,1e-05,edge_flip,16,0.2,0.02,0.2,0.20322342216968536,0.02017269842326641,0.19904915988445282
500,1.0,5.635918426327381,1e-05,sbm_dpsgd,17,0.2,0.02,0.2,0.2055181860923767,0.030491597950458527,0.202588751912117
500,1.0,5.635918426327381,1e-05,gaussian,17,0.2,0.02,0.2,0.20043733716011047,0.019536247476935387,0.1988593190908432
500,1.0,5.635918426327381,1e-05,edge_flip,17,0.2,0.02,0.2,0.20082888007164001,0.01930251158773899,0.1986285001039505
500,1.0,5.635918426327381,1e-05,sbm_dpsgd,18,0.2,0.02,0.2,0.20561860501766205,0.035104308277368546,0.20624087750911713
500,1.0,5.635918426327381,1e-05,gaussian,18,0.2,0.02,0.2,0.2000846266746521,0.021025706082582474,0.19920487701892853
500,1.0,5.635918426327381,1e-05,edge_flip,18,0.2,0.02,0.2,0.20018170773983002,0.021397404372692108,0.19921095669269562
500,1.0,5.635918426327381,1e-05,sbm_dpsgd,19,0.2,0.02,0.2,0.20480839908123016,0.027478661388158798,0.206178680062294
500,1.0,5.635918426327381,1e-05,gaussian,19,0.2,0.02,0.2,0.19901427626609802,0.019881555810570717,0.19953420758247375
500,1.0,5.635918426327381,1e-05,edge_flip,19,0.2,0.02,0.2,0.19885501265525818,0.019914865493774414,0.1992756724357605
500,2.0,2.668102829441137,1e-05,sbm_dpsgd,0,0.2,0.02,0.2,0.20654915273189545,0.033402688801288605,0.20237866044044495
500,2.0,2.668102829441137,1e-05,gaussian,0,0.2,0.02,0.2,0.2018580585718155,0.01963883638381958,0.19682125747203827
500,2.0,2.668102829441137,1e-05,edge_flip,0,0.2,0.02,0.2,0.2004551738500595,0.01840192824602127,0.19580334424972534
500,2.0,2.668102829441137,1e-05,sbm_dpsgd,1,0.2,0.02,0.2,0.20393651723861694,0.03273880481719971,0.20421700179576874
500,2.0,2.668102829441137,1e-05,gaussian,1,0.2,0.02,0.2,0.19865748286247253,0.020645471289753914,0.19889473915100098
500,2.0,2.668102829441137,1e-05,edge_flip,1,0.2,0.02,0.2,0.19476960599422455,0.022814523428678513,0.19916300475597382
500,2.0,2.668102829441137,1e-05,sbm_dpsgd,2,0.2,0.02,0.2,0.20256300270557404,0.03388061001896858,0.20285725593566895
500,2.0,2.668102829441137,1e-05,gaussian,2,0.2,0.02,0.2,0.2004449963569641,0.019556665793061256,0.19894441962242126
500,2.0,2.668102829441137,1e-05,edge_flip,2,0.2,0.02,0.2,0.1993476003408432,0.020405981689691544,0.19702167809009552
500,2.0,2.668102829441137,1e-05,sbm_dpsgd,3,0.2,0.02,0.2,0.20223979651927948,0.03150586411356926,0.20562514662742615
500,2.0,2.668102829441137,1e-05,gaussian,3,0.2,0.02,0.2,0.197179913520813,0.01958785019814968,0.20097725093364716
500,2.0,2.668102829441137,1e-05,edge_flip,3,0.2,0.02,0.2,0.19776007533073425,0.020516296848654747,0.20130431652069092
500,2.0,2.668102829441137,1e-05,sbm_dpsgd,4,0.2,0.02,0.2,0.2047015130519867,0.03214602917432785,0.20515790581703186
500,2.0,2.668102829441137,1e-05,gaussian,4,0.2,0.02,0.2,0.1995122730731964,0.019824035465717316,0.20152220129966736
500,2.0,2.668102829441137,1e-05,edge_flip,4,0.2,0.02,0.2,0.1980554312467575,0.019652163609862328,0.2001967430114746
500,2.0,2.668102829441137,1e-05,sbm_dpsgd,5,0.2,0.02,0.2,0.20143437385559082,0.03180756792426109,0.20730450749397278
500,2.0,2.668102829441137,1e-05,gaussian,5,0.2,0.02,0.2,0.19704192876815796,0.02006833627820015,0.20055046677589417
500,2.0,2.668102829441137,1e-05,edge_flip,5,0.2,0.02,0.2,0.19580334424972534,0.02066338248550892,0.20134124159812927
500,2.0,2.668102829441137,1e-05,sbm_dpsgd,6,0.2,0.02,0.2,0.2002679705619812,0.030986091122031212,0.20535413920879364
500,2.0,2.668102829441137,1e-05,gaussian,6,0.2,0.02,0.2,0.19687969982624054,0.020229890942573547,0.19918163120746613
500,2.0,2.668102829441137,1e-05,edge_flip,6,0.2,0.02,0.2,0.19632022082805634,0.020185351371765137,0.20137816667556763
500,2.0,2.668102829441137,1e-05,sbm_dpsgd,7,0.2,0.02,0.2,0.20412126183509827,0.02945742756128311,0.20708289742469788
500,2.0,2.668102829441137,1e-05,gaussian,7,0.2,0.02,0.2,0.19842450320720673,0.01938539557158947,0.2042151838541031
500,2.0,2.668102829441137,1e-05,edge_flip,7,0.2,0.02,0.2,0.19846153259277344,0.01976247876882553,0.20650994777679443
500,2.0,2.668102829441137,1e-05,sbm_dpsgd,8,0.2,0.02,0.2,0.20835892856121063,0.03255895897746086,0.20559358596801758
500,2.0,2.668102829441137,1e-05,gaussian,8,0.2,0.02,0.2,0.20327907800674438,0.020889887586236,0.2013806849718094
500,2.0,2.668102829441137,1e-05,edge_flip,8,0.2,0.02,0.2,0.2022642195224762,0.022226177155971527,0.19768622517585754
500,2.0,2.668102829441137,1e-05,sbm_dpsgd,9,0.2,0.02,0.2,0.2085460126399994,0.028992533683776855,0.20692279934883118
500,2.0,2.668102829441137,1e-05,gaussian,9,0.2,0.02,0.2,0.20199482142925262,0.01972566358745098,0.20139487087726593
500,2.0,2.668102829441137,1e-05,edge_flip,9,0.2,0.02,0.2,0.1998644769191742,0.018199684098362923,0.19953219592571259
500,2.0,2.668102829441137,1e-05,sbm_dpsgd,10,0.2,0.02,0.2,0.20598551630973816,0.027097515761852264,0.20235687494277954
500,2.0,2.668102829441137,1e-05,gaussian,10,0.2,0.02,0.2,0.19902391731739044,0.018513081595301628,0.19820059835910797
500,2.0,2.668102829441137,1e-05,edge_flip,10,0.2,0.02,0.2,0.19886764883995056,0.019688934087753296,0.19705860316753387
500,2.0,2.668102829441137,1e-05,sbm_dpsgd,11,0.2,0.02,0.2,0.2095976322889328,0.03492755815386772,0.2096298635005951
500,2.0,2.668102829441137,1e-05,gaussian,11,0.2,0.02,0.2,0.20196962356567383,0.020521653816103935,0.20221497118473053
500,2.0,2.668102829441137,1e-05,edge_flip,11,0.2,0.02,0.2,0.2014150768518448,0.020369209349155426,0.20189502835273743
500,2.0,2.668102829441137,1e-05,sbm_dpsgd,12,0.2,0.02,0.2,0.2055695652961731,0.03228254243731499,0.204149067401886
500,2.0,2.668102829441137,1e-05,gaussian,12,0.2,0.02,0.2,0.19972121715545654,0.021070783957839012,0.1996830701828003
500,2.0,2.668102829441137,1e-05,edge_flip,12,0.2,0.02,0.2,0.19613562524318695,0.02027728036046028,0.1984984576702118
500,2.0,2.668102829441137,1e-05,sbm_dpsgd,13,0.2,0.02,0.2,0.2028621882200241,0.031771205365657806,0.20408733189105988
500,2.0,2.668102829441137,1e-05,gaussian,13,0.2,0.02,0.2,0.19920781254768372,0.019819771870970726,0.20230714976787567
500,2.0,2.668102829441137,1e-05,edge_flip,13,0.2,0.02,0.2,0.20030750334262848,0.021968776360154152,0.1999383121728897
500,2.0,2.668102829441137,1e-05,sbm_dpsgd,14,0.2,0.02,0.2,0.2031845599412918,0.031367138028144836,0.20469053089618683
500,2.0,2.668102829441137,1e-05,gaussian,14,0.2,0.02,0.2,0.1976766288280487,0.0197907704859972,0.19797663390636444
500,2.0,2.668102829441137,1e-05,edge_flip,14,0.2,0.02,0.2,0.1980554312467575,0.0211414135992527,0.19890457391738892
500,2.0,2.668102829441137,1e-05,sbm_dpsgd,15,0.2,0.02,0.2,0.20541122555732727,0.03167371824383736,0.2053254097700119
500,2.0,2.668102829441137,1e-05,gaussian,15,0.2,0.02,0.2,0.2007375955581665,0.020577173680067062,0.20170466601848602
500,2.0,2.668102829441137,1e-05,edge_flip,15,0.2,0.02,0.2,0.2009720504283905,0.021362043917179108,0.2020796239376068
500,2.0,2.668102829441137,1e-05,sbm_dpsgd,16,0.2,0.02,0.2,0.20774658024311066,0.032738663256168365,0.2037515789270401
500,2.0,2.668102829441137,1e-05,gaussian,16,0.2,0.02,0.2,0.20054873824119568,0.019806547090411186,0.19792374968528748
500,2.0,2.668102829441137,1e-05,edge_flip,16,0.2,0.02,0.2,0.20067669451236725,0.020865626633167267,0.19794467091560364
500,2.0,2.668102829441137,1e-05,sbm_dpsgd,17,0.2,0.02,0.2,0.2031245231628418,0.03139795735478401,0.21169064939022064
500,2.0,2.668102829441137,1e-05,gaussian,17,0.2,0.02,0.2,0.1980719119310379,0.020446447655558586,0.2058800905942917
500,2.0,2.668102829441137,1e-05,edge_flip,17,0.2,0.02,0.2,0.20023366808891296,0.02286968007683754,0.2047378122806549
500,2.0,2.668102829441137,1e-05,sbm_dpsgd,18,0.2,0.02,0.2,0.20464366674423218,0.037359025329351425,0.20600329339504242
500,2.0,2.668102829441137,1e-05,gaussian,18,0.2,0.02,0.2,0.2002536952495575,0.02144262008368969,0.20274898409843445
500,2.0,2.668102829441137,1e-05,edge_flip,18,0.2,0.02,0.2,0.20222730934619904,0.020589839667081833,0.20377792418003082
500,2.0,2.668102829441137,1e-05,sbm_dpsgd,19,0.2,0.02,0.2,0.20452538132667542,0.02857164293527603,0.20944750308990479
500,2.0,2.668102829441137,1e-05,gaussian,19,0.2,0.02,0.2,0.19940724968910217,0.020916733890771866,0.20182429254055023
500,2.0,2.668102829441137,1e-05,edge_flip,19,0.2,0.02,0.2,0.20078745484352112,0.020700154826045036,0.19990138709545135
500,5.0,1.0338953100711687,1e-05,sbm_dpsgd,0,0.2,0.02,0.2,0.2033044844865799,0.028870100155472755,0.19822093844413757
500,5.0,1.0338953100711687,1e-05,gaussian,0,0.2,0.02,0.2,0.19890882074832916,0.01985582523047924,0.19573651254177094
500,5.0,1.0338953100711687,1e-05,edge_flip,0,0.2,0.02,0.2,0.2030411958694458,0.023609137162566185,0.19520069658756256
500,5.0,1.0338953100711687,1e-05,sbm_dpsgd,1,0.2,0.02,0.2,0.20314869284629822,0.02894248627126217,0.20612408220767975
500,5.0,1.0338953100711687,1e-05,gaussian,1,0.2,0.02,0.2,0.1981782615184784,0.019551007077097893,0.19840218126773834
500,5.0,1.0338953100711687,1e-05,edge_flip,1,0.2,0.02,0.2,0.19851262867450714,0.019536269828677177,0.20479854941368103
500,5.0,1.0338953100711687,1e-05,sbm_dpsgd,2,0.2,0.02,0.2,0.2061833143234253,0.029637331143021584,0.2042403668165207
500,5.0,1.0338953100711687,1e-05,gaussian,2,0.2,0.02,0.2,0.2031307816505432,0.019521621987223625,0.19739817082881927
500,5.0,1.0338953100711687,1e-05,edge_flip,2,0.2,0.02,0.2,0.20905674993991852,0.015900982543826103,0.19107767939567566
500,5.0,1.0338953100711687,1e-05,sbm_dpsgd,3,0.2,0.02,0.2,0.20947009325027466,0.030447466298937798,0.2010006159543991
500,5.0,1.0338953100711687,1e-05,gaussian,3,0.2,0.02,0.2,0.20257988572120667,0.020425325259566307,0.19681976735591888
500,5.0,1.0338953100711687,1e-05,edge_flip,3,0.2,0.02,0.2,0.20378468930721283,0.016069283708930016,0.2041226476430893
500,5.0,1.0338953100711687,1e-05,sbm_dpsgd,4,0.2,0.02,0.2,0.20609910786151886,0.029292777180671692,0.2086544930934906
500,5.0,1.0338953100711687,1e-05,gaussian,4,0.2,0.02,0.2,0.19944655895233154,0.020076340064406395,0.20175102353096008
500,5.0,1.0338953100711687,1e-05,edge_flip,4,0.2,0.02,0.2,0.2083132565021515,0.019536269828677177,0.2112872302532196
500,5.0,1.0338953100711687,1e-05,sbm_dpsgd,5,0.2,0.02,0.2,0.20499242842197418,0.03484597057104111,0.20195934176445007
500,5.0,1.0338953100711687,1e-05,gaussian,5,0.2,0.02,0.2,0.19869719445705414,0.019965464249253273,0.19686247408390045
500,5.0,1.0338953100711687,1e-05,edge_flip,5,0.2,0.02,0.2,0.1937813013792038,0.019771890714764595,0.19837746024131775
500,5.0,1.0338953100711687,1e-05,sbm_dpsgd,6,0.2,0.02,0.2,0.19546842575073242,0.031115859746932983,0.20568327605724335
500,5.0,1.0338953100711687,1e-05,gaussian,6,0.2,0.02,0.2,0.19212260842323303,0.02007358893752098,0.19995327293872833
500,5.0,1.0338953100711687,1e-05,edge_flip,6,0.2,0.02,0.2,0.1885092407464981,0.018324507400393486,0.207231804728508
500,5.0,1.0338953100711687,1e-05,sbm_dpsgd,7,0.2,0.02,0.2,0.20684678852558136,0.02752825990319252,0.20458434522151947
500,5.0,1.0338953100711687,1e-05,gaussian,7,0.2,0.02,0.2,0.20080240070819855,0.018811805173754692,0.20254769921302795
500,5.0,1.0338953100711687,1e-05,edge_flip,7,0.2,0.02,0.2,0.18742778897285461,0.02128659375011921,0.2103409767150879
500,5.0,1.0338953100711687,1e-05,sbm_dpsgd,8,0.2,0.02,0.2,0.2019670456647873,0.024982020258903503,0.20432855188846588
500,5.0,1.0338953100711687,1e-05,gaussian,8,0.2,0.02,0.2,0.196604922413826,0.019459163770079613,0.19955694675445557
500,5.0,1.0338953100711687,1e-05,edge_flip,8,0.2,0.02,0.2,0.1885768324136734,0.022161755710840225,0.19540347158908844
500,5.0,1.0338953100711687,1e-05,sbm_dpsgd,9,0.2,0.02,0.2,0.20265281200408936,0.030975889414548874,0.20475049316883087
500,5.0,1.0338953100711687,1e-05,gaussian,9,0.2,0.02,0.2,0.19848737120628357,0.020666062831878662,0.2003745436668396
500,5.0,1.0338953100711687,1e-05,edge_flip,9,0.2,0.02,0.2,0.2010810673236847,0.023743778467178345,0.197971910238266
500,5.0,1.0338953100711687,1e-05,sbm_dpsgd,10,0.2,0.02,0.2,0.20397652685642242,0.029274700209498405,0.2045844942331314
500,5.0,1.0338953100711687,1e-05,gaussian,10,0.2,0.02,0.2,0.19836515188217163,0.019551241770386696,0.19726839661598206
500,5.0,1.0338953100711687,1e-05,edge_flip,10,0.2,0.02,0.2,0.19655251502990723,0.016035623848438263,0.19317299127578735
500,5.0,1.0338953100711687,1e-05,sbm_dpsgd,11,0.2,0.02,0.2,0.2052653729915619,0.032104555517435074,0.2076125144958496
500,5.0,1.0338953100711687,1e-05,gaussian,11,0.2,0.02,0.2,0.20221026241779327,0.020242562517523766,0.20022304356098175
500,5.0,1.0338953100711687,1e-05,edge_flip,11,0.2,0.02,0.2,0.1977691352367401,0.023306196555495262,0.20993542671203613
500,5.0,1.0338953100711687,1e-05,sbm_dpsgd,12,0.2,0.02,0.2,0.20685289800167084,0.03156127408146858,0.20425674319267273
500,5.0,1.0338953100711687,1e-05,gaussian,12,0.2,0.02,0.2,0.20077142119407654,0.02049211971461773,0.1997622549533844
500,5.0,1.0338953100711687,1e-05,edge_flip,12,0.2,0.02,0.2,0.19844503700733185,0.02290227636694908,0.19614696502685547
500,5.0,1.0338953100711687,1e-05,sbm_dpsgd,13,0.2,0.02,0.2,0.2032640427350998,0.033692616969347,0.2025015503168106
500,5.0,1.0338953100711687,1e-05,gaussian,13,0.2,0.02,0.2,0.2008087933063507,0.020395692437887192,0.19647350907325745
500,5.0,1.0338953100711687,1e-05,edge_flip,13,0.2,0.02,0.2,0.20554204285144806,0.02064705267548561,0.19297021627426147
500,5.0,1.0338953100711687,1e-05,sbm_dpsgd,14,0.2,0.02,0.2,0.21255213022232056,0.028838662430644035,0.209568053483963
500,5.0,1.0338953100711687,1e-05,gaussian,14,0.2,0.02,0.2,0.2070319950580597,0.018952371552586555,0.2009221911430359
500,5.0,1.0338953100711687,1e-05,edge_flip,14,0.2,0.02,0.2,0.19736360013484955,0.02010849118232727,0.1998644471168518
500,5.0,1.0338953100711687,1e-05,sbm_dpsgd,15,0.2,0.02,0.2,0.20282229781150818,0.030416788533329964,0.20430712401866913
500,5.0,1.0338953100711687,1e-05,gaussian,15,0.2,0.02,0.2,0.2000834196805954,0.01985170505940914,0.20099462568759918
500,5.0,1.0338953100711687,1e-05,edge_flip,15,0.2,0.02,0.2,0.19425442814826965,0.022700315341353416,0.20689386129379272
500,5.0,1.0338953100711687,1e-05,sbm_dpsgd,16,0.2,0.02,0.2,0.20410867035388947,0.03387627750635147,0.20930080115795135
500,5.0,1.0338953100711687,1e-05,gaussian,16,0.2,0.02,0.2,0.20082540810108185,0.020294219255447388,0.20360538363456726
500,5.0,1.0338953100711687,1e-05,edge_flip,16,0.2,0.02,0.2,0.19770154356956482,0.022464696317911148,0.20256806910037994
500,5.0,1.0338953100711687,1e-05,sbm_dpsgd,17,0.2,0.02,0.2,0.20466306805610657,0.03401676192879677,0.20178717374801636
500,5.0,1.0338953100711687,1e-05,gaussian,17,0.2,0.02,0.2,0.2003501057624817,0.01905299350619316,0.19986625015735626
500,5.0,1.0338953100711687,1e-05,edge_flip,17,0.2,0.02,0.2,0.1938488930463791,0.023238876834511757,0.19533587992191315
500,5.0,1.0338953100711687,1e-05,sbm_dpsgd,18,0.2,0.02,0.2,0.20478592813014984,0.031583454459905624,0.20206768810749054
500,5.0,1.0338953100711687,1e-05,gaussian,18,0.2,0.02,0.2,0.19917896389961243,0.020405637100338936,0.20020703971385956
500,5.0,1.0338953100711687,1e-05,edge_flip,18,0.2,0.02,0.2,0.20074312388896942,0.022262735292315483,0.207231804728508
500,5.0,1.0338953100711687,1e-05,sbm_dpsgd,19,0.2,0.02,0.2,0.20701703429222107,0.03138682618737221,0.20923486351966858
500,5.0,1.0338953100711687,1e-05,gaussian,19,0.2,0.02,0.2,0.20275980234146118,0.019490569829940796,0.2056601345539093
500,5.0,1.0338953100711687,1e-05,edge_flip,19,0.2,0.02,0.2,0.20040516555309296,0.023710118606686592,0.21054373681545258
500,10.0,0.5431122541136532,1e-05,sbm_dpsgd,0,0.2,0.02,0.2,0.20791201293468475,0.03015839122235775,0.20424020290374756
500,10.0,0.5431122541136532,1e-05,gaussian,0,0.2,0.02,0.2,0.20012037456035614,0.01978849433362484,0.2035081684589386
500,10.0,0.5431122541136532,1e-05,edge_flip,0,0.2,0.02,0.2,0.1839536726474762,0.015905514359474182,0.18904435634613037
500,10.0,0.5431122541136532,1e-05,sbm_dpsgd,1,0.2,0.02,0.2,0.19811317324638367,0.02932463027536869,0.21017445623874664
500,10.0,0.5431122541136532,1e-05,gaussian,1,0.2,0.02,0.2,0.19275625050067902,0.019503116607666016,0.20164237916469574
500,10.0,0.5431122541136532,1e-05,edge_flip,1,0.2,0.02,0.2,0.19946812093257904,0.034134507179260254,0.192316934466362
500,10.0,0.5431122541136532,1e-05,sbm_dpsgd,2,0.2,0.02,0.2,0.2030440866947174,0.0317397378385067,0.20592224597930908
500,10.0,0.5431122541136532,1e-05,gaussian,2,0.2,0.02,0.2,0.20237690210342407,0.02018103003501892,0.1992340385913849
500,10.0,0.5431122541136532,1e-05,edge_flip,2,0.2,0.02,0.2,0.19971054792404175,0.020553303882479668,0.20031657814979553
500,10.0,0.5431122541136532,1e-05,sbm_dpsgd,3,0.2,0.02,0.2,0.20507070422172546,0.03296705707907677,0.20464302599430084
500,10.0,0.5431122541136532,1e-05,gaussian,3,0.2,0.02,0.2,0.1966700553894043,0.019222218543291092,0.20092561841011047
500,10.0,0.5431122541136532,1e-05,edge_flip,3,0.2,0.02,0.2,0.1998317539691925,0.018018145114183426,0.18831712007522583
500,10.0,0.5431122541136532,1e-05,sbm_dpsgd,4,0.2,0.02,0.2,0.20784561336040497,0.03368702158331871,0.20538097620010376
500,10.0,0.5431122541136532,1e-05,gaussian,4,0.2,0.02,0.2,0.2016051858663559,0.020118819549679756,0.19674159586429596
500,10.0,0.5431122541136532,1e-05,edge_flip,4,0.2,0.02,0.2,0.20637691020965576,0.013249633833765984,0.19461986422538757
500,10.0,0.5431122541136532,1e-05,sbm_dpsgd,5,0.2,0.02,0.2,0.20212312042713165,0.03378894552588463,0.2024410218000412
500,10.0,0.5431122541136532,1e-05,gaussian,5,0.2,0.02,0.2,0.20036964118480682,0.021013891324400902,0.1993335783481598
500,10.0,0.5431122541136532,1e-05,edge_flip,5,0.2,0.02,0.2,0.18904435634613037,0.027675891295075417,0.2071041464805603
500,10.0,0.5431122541136532,1e-05,sbm_dpsgd,6,0.2,0.02,0.2,0.2100290060043335,0.03048546612262726,0.20921500027179718
500,10.0,0.5431122541136532,1e-05,gaussian,6,0.2,0.02,0.2,0.20265331864356995,0.019808700308203697,0.20378513634204865
500,10.0,0.5431122541136532,1e-05,edge_flip,6,0.2,0.02,0.2,0.1976500302553177,0.024054236710071564,0.19910450279712677
500,10.0,0.5431122541136532,1e-05,sbm_dpsgd,7,0.2,0.02,0.2,0.20388315618038177,0.031645942479372025,0.19821996986865997
500,10.0,0.5431122541136532,1e-05,gaussian,7,0.2,0.02,0.2,0.19762562215328217,0.018995700404047966,0.19876283407211304
500,10.0,0.5431122541136532,1e-05,edge_flip,7,0.2,0.02,0.2,0.20613449811935425,0.022122686728835106,0.19280175864696503
500,10.0,0.5431122541136532,1e-05,sbm_dpsgd,8,0.2,0.02,0.2,0.20189878344535828,0.03148135542869568,0.20176789164543152
500,10.0,0.5431122541136532,1e-05,gaussian,8,0.2,0.02,0.2,0.19896140694618225,0.01899871975183487,0.19891294836997986
500,10.0,0.5431122541136532,1e-05,edge_flip,8,0.2,0.02,0.2,0.20249828696250916,0.009567618370056152,0.20613449811935425
500,10.0,0.5431122541136532,1e-05,sbm_dpsgd,9,0.2,0.02,0.2,0.20301198959350586,0.028144434094429016,0.20217646658420563
500,10.0,0.5431122541136532,1e-05,gaussian,9,0.2,0.02,0.2,0.20069357752799988,0.018853547051548958,0.1999204307794571
500,10.0,0.5431122541136532,1e-05,edge_flip,9,0.2,0.02,0.2,0.20528604090213776,0.010412671603262424,0.19643795490264893
500,10.0,0.5431122541136532,1e-05,sbm_dpsgd,10,0.2,0.02,0.2,0.20480401813983917,0.030340928584337234,0.1995430886745453
500,10.0,0.5431122541136532,1e-05,gaussian,10,0.2,0.02,0.2,0.2015220820903778,0.020566999912261963,0.197604700922966
500,10.0,0.5431122541136532,1e-05,edge_flip,10,0.2,0.02,0.2,0.21922481060028076,0.014758656732738018,0.19001400470733643
500,10.0,0.5431122541136532,1e-05,sbm_dpsgd,11,0.2,0.02,0.2,0.20427973568439484,0.030029939487576485,0.2036069929599762
500,10.0,0.5431122541136532,1e-05,gaussian,11,0.2,0.02,0.2,0.19964765012264252,0.019629502668976784,0.19634996354579926
500,10.0,0.5431122541136532,1e-05,edge_flip,11,0.2,0.02,0.2,0.2107403427362442,0.02640831284224987,0.1934077888727188
500,10.0,0.5431122541136532,1e-05,sbm_dpsgd,12,0.2,0.02,0.2,0.20721401274204254,0.033890414983034134,0.20862847566604614
500,10.0,0.5431122541136532,1e-05,gaussian,12,0.2,0.02,0.2,0.2025657743215561,0.020686399191617966,0.19961512088775635
500,10.0,0.5431122541136532,1e-05,edge_flip,12,0.2,0.02,0.2,0.20855861902236938,0.029607439413666725,0.19934691488742828
500,10.0,0.5431122541136532,1e-05,sbm_dpsgd,13,0.2,0.02,0.2,0.20557455718517303,0.02951628714799881,0.2105661928653717
500,10.0,0.5431122541136532,1e-05,gaussian,13,0.2,0.02,0.2,0.20572862029075623,0.019678113982081413,0.20116768777370453
500,10.0,0.5431122541136532,1e-05,edge_flip,13,0.2,0.02,0.2,0.2032255381345749,0.028219139203429222,0.21583102643489838
500,10.0,0.5431122541136532,1e-05,sbm_dpsgd,14,0.2,0.02,0.2,0.2020711749792099,0.02881292998790741,0.20607759058475494
500,10.0,0.5431122541136532,1e-05,gaussian,14,0.2,0.02,0.2,0.19920502603054047,0.020146984606981277,0.2001453936100006
500,10.0,0.5431122541136532,1e-05,edge_flip,14,0.2,0.02,0.2,0.19134728610515594,0.01373252086341381,0.19025641679763794
500,10.0,0.5431122541136532,1e-05,sbm_dpsgd,15,0.2,0.02,0.2,0.2033567875623703,0.030450599268078804,0.21242965757846832
500,10.0,0.5431122541136532,1e-05,gaussian,15,0.2,0.02,0.2,0.20024973154067993,0.019049707800149918,0.20744071900844574
500,10.0,0.5431122541136532,1e-05,edge_flip,15,0.2,0.02,0.2,0.20395277440547943,0.017716340720653534,0.19825606048107147
500,10.0,0.5431122541136532,1e-05,sbm_dpsgd,16,0.2,0.02,0.2,0.20949050784111023,0.03444555401802063,0.20777365565299988
500,10.0,0.5431122541136532,1e-05,gaussian,16,0.2,0.02,0.2,0.20146337151527405,0.020089108496904373,0.2010199874639511
500,10.0,0.5431122541136532,1e-05,edge_flip,16,0.2,0.02,0.2,0.19922570884227753,0.02121727354824543,0.17849937081336975
500,10.0,0.5431122541136532,1e-05,sbm_dpsgd,17,0.2,0.02,0.2,0.20528104901313782,0.02924327366054058,0.20061525702476501
500,10.0,0.5431122541136532,1e-05,gaussian,17,0.2,0.02,0.2,0.20030434429645538,0.01978296786546707,0.19755154848098755
500,10.0,0.5431122541136532,1e-05,edge_flip,17,0.2,0.02,0.2,0.21364930272102356,0.020553303882479668,0.2026194930076599
500,10.0,0.5431122541136532,1e-05,sbm_dpsgd,18,0.2,0.02,0.2,0.20574596524238586,0.02983669564127922,0.19916772842407227
500,10.0,0.5431122541136532,1e-05,gaussian,18,0.2,0.02,0.2,0.20320230722427368,0.021078597754240036,0.19990593194961548
500,10.0,0.5431122541136532,1e-05,edge_flip,18,0.2,0.02,0.2,0.19728641211986542,0.03135790675878525,0.1903776228427887
500,10.0,0.5431122541136532,1e-05,sbm_dpsgd,19,0.2,0.02,0.2,0.20478679239749908,0.03356493264436722,0.21152427792549133
500,10.0,0.5431122541136532,1e-05,gaussian,19,0.2,0.02,0.2,0.19730301201343536,0.02054510824382305,0.20166084170341492
500,10.0,0.5431122541136532,1e-05,edge_flip,19,0.2,0.02,0.2,0.22698204219341278,0.02683083899319172,0.20577087998390198
500,20.0,0.40561225411365304,1e-05,sbm_dpsgd,0,0.2,0.02,0.2,0.20165488123893738,0.027480842545628548,0.2099745273590088
500,20.0,0.40561225411365304,1e-05,gaussian,0,0.2,0.02,0.2,0.20136548578739166,0.020871179178357124,0.204786479473114
500,20.0,0.40561225411365304,1e-05,edge_flip,0,0.2,0.02,0.2,0.2004270851612091,0.030885664746165276,0.20524466037750244
500,20.0,0.40561225411365304,1e-05,sbm_dpsgd,1,0.2,0.02,0.2,0.2086697220802307,0.03193371742963791,0.20555441081523895
500,20.0,0.40561225411365304,1e-05,gaussian,1,0.2,0.02,0.2,0.19931082427501678,0.020000727847218513,0.20115205645561218
500,20.0,0.40561225411365304,1e-05,edge_flip,1,0.2,0.02,0.2,0.18902547657489777,0.021369026973843575,0.21744917333126068
500,20.0,0.40561225411365304,1e-05,sbm_dpsgd,2,0.2,0.02,0.2,0.20374120771884918,0.030629398301243782,0.19747591018676758
500,20.0,0.40561225411365304,1e-05,gaussian,2,0.2,0.02,0.2,0.20037169754505157,0.01933426782488823,0.2019524723291397
500,20.0,0.40561225411365304,1e-05,edge_flip,2,0.2,0.02,0.2,0.2160039097070694,0.010093008168041706,0.2090987116098404
500,20.0,0.40561225411365304,1e-05,sbm_dpsgd,3,0.2,0.02,0.2,0.21084827184677124,0.03249393776059151,0.20362354815006256
500,20.0,0.40561225411365304,1e-05,gaussian,3,0.2,0.02,0.2,0.20089666545391083,0.019669020548462868,0.19365805387496948
500,20.0,0.40561225411365304,1e-05,edge_flip,3,0.2,0.02,0.2,0.20347820222377777,0.0046549285762012005,0.18934665620326996
500,20.0,0.40561225411365304,1e-05,sbm_dpsgd,4,0.2,0.02,0.2,0.20756907761096954,0.036888618022203445,0.20272958278656006
500,20.0,0.40561225411365304,1e-05,gaussian,4,0.2,0.02,0.2,0.1984499990940094,0.01973666623234749,0.19814755022525787
500,20.0,0.40561225411365304,1e-05,edge_flip,4,0.2,0.02,0.2,0.19785770773887634,0.008093714714050293,0.19127368927001953
500,20.0,0.40561225411365304,1e-05,sbm_dpsgd,5,0.2,0.02,0.2,0.1991475224494934,0.036313071846961975,0.2087564319372177
500,20.0,0.40561225411365304,1e-05,gaussian,5,0.2,0.02,0.2,0.20234625041484833,0.019460640847682953,0.19881175458431244
500,20.0,0.40561225411365304,1e-05,edge_flip,5,0.2,0.02,0.2,0.2156827300786972,0.019689619541168213,0.2004270851612091
500,20.0,0.40561225411365304,1e-05,sbm_dpsgd,6,0.2,0.02,0.2,0.21295839548110962,0.02570829726755619,0.21111451089382172
500,20.0,0.40561225411365304,1e-05,gaussian,6,0.2,0.02,0.2,0.20097783207893372,0.018622690811753273,0.2029893696308136
500,20.0,0.40561225411365304,1e-05,edge_flip,6,0.2,0.02,0.2,0.22788725793361664,0.023528262972831726,0.20315703749656677
500,20.0,0.40561225411365304,1e-05,sbm_dpsgd,7,0.2,0.02,0.2,0.20716483891010284,0.0334957130253315,0.20623832941055298
500,20.0,0.40561225411365304,1e-05,gaussian,7,0.2,0.02,0.2,0.20027212798595428,0.018994638696312904,0.2038758248090744
500,20.0,0.40561225411365304,1e-05,edge_flip,7,0.2,0.02,0.2,0.2227485179901123,0.006654222495853901,0.16895225644111633
500,20.0,0.40561225411365304,1e-05,sbm_dpsgd,8,0.2,0.02,0.2,0.21266910433769226,0.021987957879900932,0.21024484932422638
500,20.0,0.40561225411365304,1e-05,gaussian,8,0.2,0.02,0.2,0.19920410215854645,0.020476266741752625,0.2043377161026001
500,20.0,0.40561225411365304,1e-05,edge_flip,8,0.2,0.02,0.2,0.19512774050235748,0.01697058044373989,0.1856531798839569
500,20.0,0.40561225411365304,1e-05,sbm_dpsgd,9,0.2,0.02,0.2,0.20545373857021332,0.029152940958738327,0.20496179163455963
500,20.0,0.40561225411365304,1e-05,gaussian,9,0.2,0.02,0.2,0.19759505987167358,0.018634090200066566,0.19849950075149536
500,20.0,0.40561225411365304,1e-05,edge_flip,9,0.2,0.02,0.2,0.20363879203796387,0.027686795219779015,0.18372614681720734
500,20.0,0.40561225411365304,1e-05,sbm_dpsgd,10,0.2,0.02,0.2,0.2006441056728363,0.02626274898648262,0.20812925696372986
500,20.0,0.40561225411365304,1e-05,gaussian,10,0.2,0.02,0.2,0.19827190041542053,0.01913408935070038,0.2034367173910141
500,20.0,0.40561225411365304,1e-05,edge_flip,10,0.2,0.02,0.2,0.19994531571865082,0.0,0.19705477356910706
500,20.0,0.40561225411365304,1e-05,sbm_dpsgd,11,0.2,0.02,0.2,0.21098341047763824,0.03063410148024559,0.2059272825717926
500,20.0,0.40561225411365304,1e-05,gaussian,11,0.2,0.02,0.2,0.20222525298595428,0.019024820998311043,0.19821500778198242
500,20.0,0.40561225411365304,1e-05,edge_flip,11,0.2,0.02,0.2,0.2013905942440033,0.017690325155854225,0.23527421057224274
500,20.0,0.40561225411365304,1e-05,sbm_dpsgd,12,0.2,0.02,0.2,0.21729101240634918,0.03701526299118996,0.19788406789302826
500,20.0,0.40561225411365304,1e-05,gaussian,12,0.2,0.02,0.2,0.20318593084812164,0.020148618146777153,0.19820605218410492
500,20.0,0.40561225411365304,1e-05,edge_flip,12,0.2,0.02,0.2,0.19737595319747925,0.005614589899778366,0.20604757964611053
500,20.0,0.40561225411365304,1e-05,sbm_dpsgd,13,0.2,0.02,0.2,0.20514783263206482,0.029607541859149933,0.19897015392780304
500,20.0,0.40561225411365304,1e-05,gaussian,13,0.2,0.02,0.2,0.19935087859630585,0.01955016516149044,0.19846072793006897
500,20.0,0.40561225411365304,1e-05,edge_flip,13,0.2,0.02,0.2,0.19207660853862762,0.04384109005331993,0.19962415099143982
500,20.0,0.40561225411365304,1e-05,sbm_dpsgd,14,0.2,0.02,0.2,0.2008594423532486,0.03248496726155281,0.20618459582328796
500,20.0,0.40561225411365304,1e-05,gaussian,14,0.2,0.02,0.2,0.1963624656200409,0.018886655569076538,0.2017846703529358
500,20.0,0.40561225411365304,1e-05,edge_flip,14,0.2,0.02,0.2,0.2020329385995865,0.014571426436305046,0.19111309945583344
500,20.0,0.40561225411365304,1e-05,sbm_dpsgd,15,0.2,0.02,0.2,0.20073829591274261,0.03175913915038109,0.20723682641983032
500,20.0,0.40561225411365304,1e-05,gaussian,15,0.2,0.02,0.2,0.1951788365840912,0.02011965960264206,0.20032398402690887
500,20.0,0.40561225411365304,1e-05,edge_flip,15,0.2,0.02,0.2,0.18083560466766357,0.016730664297938347,0.19014957547187805
500,20.0,0.40561225411365304,1e-05,sbm_dpsgd,16,0.2,0.02,0.2,0.20828291773796082,0.03189850226044655,0.20481839776039124
500,20.0,0.40561225411365304,1e-05,gaussian,16,0.2,0.02,0.2,0.20344839990139008,0.02017468400299549,0.19739854335784912
500,20.0,0.40561225411365304,1e-05,edge_flip,16,0.2,0.02,0.2,0.19817887246608734,0.005454646423459053,0.20235410332679749
500,20.0,0.40561225411365304,1e-05,sbm_dpsgd,17,0.2,0.02,0.2,0.2091054469347,0.02660933881998062,0.21220481395721436
500,20.0,0.40561225411365304,1e-05,gaussian,17,0.2,0.02,0.2,0.19866658747196198,0.019082238897681236,0.20226629078388214
500,20.0,0.40561225411365304,1e-05,edge_flip,17,0.2,0.02,0.2,0.1936824768781662,0.03008594736456871,0.20283587276935577
500,20.0,0.40561225411365304,1e-05,sbm_dpsgd,18,0.2,0.02,0.2,0.2026163786649704,0.03300736844539642,0.20669318735599518
500,20.0,0.40561225411365304,1e-05,gaussian,18,0.2,0.02,0.2,0.19915443658828735,0.020823445171117783,0.19695772230625153
500,20.0,0.40561225411365304,1e-05,edge_flip,18,0.2,0.02,0.2,0.21214984357357025,0.024487925693392754,0.19223719835281372
500,20.0,0.40561225411365304,1e-05,sbm_dpsgd,19,0.2,0.02,0.2,0.2011943906545639,0.03237379342317581,0.20304705202579498
500,20.0,0.40561225411365304,1e-05,gaussian,19,0.2,0.02,0.2,0.19515226781368256,0.020831549540162086,0.19724445044994354
500,20.0,0.40561225411365304,1e-05,edge_flip,19,0.2,0.02,0.2,0.19962415099143982,0.025607530027627945,0.215040385723114
