regime,N,p,q,sigma,epsilon,rep,method,epsilon_gamma,epsilon_beta,epsilon_rho,epochs,epochs_gamma,epochs_beta,delta,n_fit,mean_degree,lcc_size,lcc_frac,n_components,n_isolated,beta_true_00,beta_true_01,beta_true_11,beta_est_00,beta_est_01,beta_est_11,nmi
relatively_sparse,500,0.012429216196844383,0.0012429216196844384,0.5,inf,0,spectral,,,,,,,1e-05,485,3.328,485,0.97,15,13,0.012429216196844383,0.0012429216196844384,0.012429216196844383,0.007206436002480761,0.0003479471120389701,0.3333333333333333,0.022439706488874195
relatively_sparse,500,0.012429216196844383,0.0012429216196844384,0.5,75.26107361311833,0,edge_flip_vem,,,,554,,,1e-05,485,3.328,485,0.97,15,13,0.012429216196844383,0.0012429216196844384,0.012429216196844383,0.007080173585563898,0.0,0.0,0.0
relatively_sparse,500,0.012429216196844383,0.0012429216196844384,0.5,75.26107361311833,0,sbm_dpsgd_all_noised,70.77218472422943,12.423129399151788,1.0338953100711687,11.0,6.0,5.0,1e-05,485,3.328,485,0.97,15,13,0.012429216196844383,0.0012429216196844384,0.012429216196844383,0.10913170129060745,0.006114624906331301,0.11872834712266922,0.0008734822094061343
relatively_sparse,500,0.012429216196844383,0.0012429216196844384,0.5,inf,1,spectral,,,,,,,1e-05,479,3.588,479,0.958,20,18,0.012429216196844383,0.0012429216196844384,0.012429216196844383,0.013378827332315704,0.0013162513162513162,0.015483603154836031,0.5751478976842598
relatively_sparse,500,0.012429216196844383,0.0012429216196844384,0.5,75.26107361311833,1,edge_flip_vem,,,,213,,,1e-05,479,3.588,479,0.958,20,18,0.012429216196844383,0.0012429216196844384,0.012429216196844383,0.0,0.0,0.007817891426384449,0.0
relatively_sparse,500,0.012429216196844383,0.0012429216196844384,0.5,75.26107361311833,1,sbm_dpsgd_all_noised,70.77218472422943,12.423129399151788,1.0338953100711687,10.999903914186634,5.999947589556346,4.999956324630288,1e-05,479,3.588,479,0.958,20,18,0.012429216196844383,0.0012429216196844384,0.012429216196844383,0.1008816733956337,0.0065073552541434765,0.13055551052093506,0.004498760674912024
relatively_sparse,500,0.012429216196844383,0.0012429216196844384,0.5,inf,2,spectral,,,,,,,1e-05,483,3.54,483,0.966,18,17,0.012429216196844383,0.0012429216196844384,0.012429216196844383,0.014643832216430876,0.0012519293431658377,0.013348946135831381,0.66439037466286
relatively_sparse,500,0.012429216196844383,0.0012429216196844384,0.5,75.26107361311833,2,edge_flip_vem,,,,403,,,1e-05,483,3.54,483,0.966,18,17,0.012429216196844383,0.0012429216196844384,0.012429216196844383,0.007602897007018328,0.0,0.0,0.0
relatively_sparse,500,0.012429216196844383,0.0012429216196844384,0.5,75.26107361311833,2,sbm_dpsgd_all_noised,70.77218472422943,12.423129399151788,1.0338953100711687,10.999716502152006,5.999845364810185,4.999871137341821,1e-05,483,3.54,483,0.966,18,17,0.012429216196844383,0.0012429216196844384,0.012429216196844383,0.13431750237941742,0.006383778993040323,0.10115344822406769,0.001654293574007196
relatively_sparse,500,0.012429216196844383,0.0012429216196844384,0.5,inf,3,spectral,,,,,,,1e-05,475,3.36,475,0.95,24,21,0.012429216196844383,0.0012429216196844384,0.012429216196844383,0.012725200781419579,0.0011771950159374094,0.014827098473394137,0.5579741112079813
relatively_sparse,500,0.012429216196844383,0.0012429216196844384,0.5,75.26107361311833,3,edge_flip_vem,,,,431,,,1e-05,475,3.36,475,0.95,24,21,0.012429216196844383,0.0012429216196844384,0.012429216196844383,0.0073683555237948895,0.025316456332802773,0.0,0.00399227337676485
relatively_sparse,500,0.012429216196844383,0.0012429216196844384,0.5,75.26107361311833,3,sbm_dpsgd_all_noised,70.77218472422943,12.423129399151788,1.0338953100711687,11.0,6.0,5.0,1e-05,475,3.36,475,0.95,24,21,0.012429216196844383,0.0012429216196844384,0.012429216196844383,0.11511395871639252,0.006263951305299997,0.1141815111041069,0.000516529118522776
relatively_sparse,500,0.012429216196844383,0.0012429216196844384,0.5,inf,4,spectral,,,,,,,1e-05,483,3.492,483,0.966,17,15,0.012429216196844383,0.0012429216196844384,0.012429216196844383,0.014072090897218231,0.001115305422100206,0.013675213675213675,0.6258541818203225
relatively_sparse,500,0.012429216196844383,0.0012429216196844384,0.5,75.26107361311833,4,edge_flip_vem,,,,206,,,1e-05,483,3.492,483,0.966,17,15,0.012429216196844383,0.0012429216196844384,0.012429216196844383,0.007491216063499451,0.0,0.0,0.0
relatively_sparse,500,0.012429216196844383,0.0012429216196844384,0.5,75.26107361311833,4,sbm_dpsgd_all_noised,70.77218472422943,12.423129399151788,1.0338953100711687,10.999716502152006,5.999845364810185,4.999871137341821,1e-05,483,3.492,483,0.966,17,15,0.012429216196844383,0.0012429216196844384,0.012429216196844383,0.11308877915143967,0.006364850327372551,0.11538253724575043,0.0008931932679396578
relatively_sparse,500,0.012429216196844383,0.0012429216196844384,0.5,inf,5,spectral,,,,,,,1e-05,477,3.312,477,0.954,23,21,0.012429216196844383,0.0012429216196844384,0.012429216196844383,0.01293222683264177,0.0012659118081440326,0.013739632167327804,0.737027659774806
relatively_sparse,500,0.012429216196844383,0.0012429216196844384,0.5,75.26107361311833,5,edge_flip_vem,,,,231,,,1e-05,477,3.312,477,0.954,23,21,0.012429216196844383,0.0012429216196844384,0.012429216196844383,0.007209199480712414,0.02521008439362049,0.0,0.0039291846037809094
relatively_sparse,500,0.012429216196844383,0.0012429216196844384,0.5,75.26107361311833,5,sbm_dpsgd_all_noised,70.77218472422943,12.423129399151788,1.0338953100711687,10.999903105896447,5.999947148670789,4.999955957225658,1e-05,477,3.312,477,0.954,23,21,0.012429216196844383,0.0012429216196844384,0.012429216196844383,0.11186905205249786,0.006521236151456833,0.11775430291891098,0.0009780424554171607
relatively_sparse,500,0.012429216196844383,0.0012429216196844384,0.5,inf,6,spectral,,,,,,,1e-05,480,3.328,480,0.96,21,20,0.012429216196844383,0.0012429216196844384,0.012429216196844383,0.0125016193807488,0.0010779046923625236,0.01445511010728402,0.6263790050818999
relatively_sparse,500,0.012429216196844383,0.0012429216196844384,0.5,75.26107361311833,6,edge_flip_vem,,,,141,,,1e-05,480,3.328,480,0.96,21,20,0.012429216196844383,0.0012429216196844384,0.012429216196844383,0.007237299811094999,0.0,0.0,0.0
relatively_sparse,500,0.012429216196844383,0.0012429216196844384,0.5,75.26107361311833,6,sbm_dpsgd_all_noised,70.77218472422943,12.423129399151788,1.0338953100711687,11.0,6.0,5.0,1e-05,480,3.328,480,0.96,21,20,0.012429216196844383,0.0012429216196844384,0.012429216196844383,0.1368347406387329,0.006684746127575636,0.09752381592988968,1.2530830392732956e-05
relatively_sparse,500,0.012429216196844383,0.0012429216196844384,0.5,inf,7,spectral,,,,,,,1e-05,488,3.692,488,0.976,13,12,0.012429216196844383,0.0012429216196844384,0.012429216196844383,0.014153582831374873,0.0012431333680514725,0.014488243430152144,0.6207484415423347
relatively_sparse,500,0.012429216196844383,0.0012429216196844384,0.5,75.26107361311833,7,edge_flip_vem,,,,263,,,1e-05,488,3.692,488,0.976,13,12,0.012429216196844383,0.0012429216196844384,0.012429216196844383,0.00776752969250083,0.0,0.0,0.0
relatively_sparse,500,0.012429216196844383,0.0012429216196844384,0.5,75.26107361311833,7,sbm_dpsgd_all_noised,70.77218472422943,12.423129399151788,1.0338953100711687,10.999722287676306,5.999848520550712,4.999873767125593,1e-05,488,3.692,488,0.976,13,12,0.012429216196844383,0.0012429216196844384,0.012429216196844383,0.1159268170595169,0.006235100328922272,0.11332152783870697,1.832006770637436e-09
relatively_sparse,500,0.012429216196844383,0.0012429216196844384,0.5,inf,8,spectral,,,,,,,1e-05,482,3.52,482,0.964,19,18,0.012429216196844383,0.0012429216196844384,0.012429216196844383,0.013457556935817806,0.001156428534442584,0.014709262238565847,0.6538715202469884
relatively_sparse,500,0.012429216196844383,0.0012429216196844384,0.5,75.26107361311833,8,edge_flip_vem,,,,197,,,1e-05,482,3.52,482,0.964,19,18,0.012429216196844383,0.0012429216196844384,0.012429216196844383,0.0075913770124316216,0.0,0.0,0.0
relatively_sparse,500,0.012429216196844383,0.0012429216196844384,0.5,75.26107361311833,8,sbm_dpsgd_all_noised,70.77218472422943,12.423129399151788,1.0338953100711687,10.999905107788924,5.999948240612141,4.999956867176784,1e-05,482,3.52,482,0.964,19,18,0.012429216196844383,0.0012429216196844384,0.012429216196844383,0.1137731522321701,0.006318701896816492,0.11521607637405396,0.0003105434232176646
relatively_sparse,500,0.012429216196844383,0.0012429216196844384,0.5,inf,9,spectral,,,,,,,1e-05,479,3.352,479,0.958,19,16,0.012429216196844383,0.0012429216196844384,0.012429216196844383,0.014260897668969418,0.0010685257847533633,0.01289828431372549,0.6202219421847078
relatively_sparse,500,0.012429216196844383,0.0012429216196844384,0.5,75.26107361311833,9,edge_flip_vem,,,,397,,,1e-05,479,3.352,479,0.958,19,16,0.012429216196844383,0.0012429216196844384,0.012429216196844383,0.007293786853551865,0.0,0.0,0.0
relatively_sparse,500,0.012429216196844383,0.0012429216196844384,0.5,75.26107361311833,9,sbm_dpsgd_all_noised,70.77218472422943,12.423129399151788,1.0338953100711687,10.999903914186634,5.999947589556346,4.999956324630288,1e-05,479,3.352,479,0.958,19,16,0.012429216196844383,0.0012429216196844384,0.012429216196844383,0.1309979259967804,0.006328352261334658,0.09946903586387634,0.0020491840611259974
relatively_sparse,500,0.012429216196844383,0.0012429216196844384,0.5,inf,10,spectral,,,,,,,1e-05,473,3.312,473,0.946,26,23,0.012429216196844383,0.0012429216196844384,0.012429216196844383,0.014126984126984127,0.0012365591397849463,0.013092595011100954,0.5477618857165253
relatively_sparse,500,0.012429216196844383,0.0012429216196844384,0.5,75.26107361311833,10,edge_flip_vem,,,,268,,,1e-05,473,3.312,473,0.946,26,23,0.012429216196844383,0.0012429216196844384,0.012429216196844383,0.0,0.0,0.007399577181786299,0.0
relatively_sparse,500,0.012429216196844383,0.0012429216196844384,0.5,75.26107361311833,10,sbm_dpsgd_all_noised,70.77218472422943,12.423129399151788,1.0338953100711687,10.999704375246353,5.999838750134375,4.999865625111979,1e-05,473,3.312,473,0.946,26,23,0.012429216196844383,0.0012429216196844384,0.012429216196844383,0.10173358023166656,0.00650212774053216,0.13478347659111023,0.0018439922440658535
relatively_sparse,500,0.012429216196844383,0.0012429216196844384,0.5,inf,11,spectral,,,,,,,1e-05,484,3.364,484,0.968,15,12,0.012429216196844383,0.0012429216196844384,0.012429216196844383,0.013275140934715404,0.0011108262838588395,0.013246534525197565,0.6418561431665796
relatively_sparse,500,0.012429216196844383,0.0012429216196844384,0.5,75.26107361311833,11,edge_flip_vem,,,,189,,,1e-05,484,3.364,484,0.968,15,12,0.012429216196844383,0.0012429216196844384,0.012429216196844383,0.0,0.0,0.0071779340505599976,0.0
relatively_sparse,500,0.012429216196844383,0.0012429216196844384,0.5,75.26107361311833,11,sbm_dpsgd_all_noised,70.77218472422943,12.423129399151788,1.0338953100711687,10.99990589121024,5.999948667932857,4.999957223277382,1e-05,484,3.364,484,0.968,15,12,0.012429216196844383,0.0012429216196844384,0.012429216196844383,0.10518272966146469,0.006335990037769079,0.13132207095623016,0.001460955971357802
relatively_sparse,500,0.012429216196844383,0.0012429216196844384,0.5,inf,12,spectral,,,,,,,1e-05,481,3.54,481,0.962,19,17,0.012429216196844383,0.0012429216196844384,0.012429216196844383,0.007751528284269683,0.0005241090146750524,0.5,1.2225792384185247e-06
relatively_sparse,500,0.012429216196844383,0.0012429216196844384,0.5,75.26107361311833,12,edge_flip_vem,,,,257,,,1e-05,481,3.54,481,0.962,19,17,0.012429216196844383,0.0012429216196844384,0.012429216196844383,0.0,0.0,0.007657657843083143,0.0
relatively_sparse,500,0.012429216196844383,0.0012429216196844384,0.5,75.26107361311833,12,sbm_dpsgd_all_noised,70.77218472422943,12.423129399151788,1.0338953100711687,11.0,6.0,5.0,1e-05,481,3.54,481,0.962,19,17,0.012429216196844383,0.0012429216196844384,0.012429216196844383,0.1342821568250656,0.006524471566081047,0.10367331653833389,0.00017143716171890664
relatively_sparse,500,0.012429216196844383,0.0012429216196844384,0.5,inf,13,spectral,,,,,,,1e-05,488,3.336,488,0.976,13,12,0.012429216196844383,0.0012429216196844384,0.012429216196844383,0.012272399133713002,0.0011767514837301317,0.013426352507568778,0.5612650336300037
relatively_sparse,500,0.012429216196844383,0.0012429216196844384,0.5,75.26107361311833,13,edge_flip_vem,,,,221,,,1e-05,488,3.336,488,0.976,13,12,0.012429216196844383,0.0012429216196844384,0.012429216196844383,0.007018547970801592,0.0,0.0,0.0
relatively_sparse,500,0.012429216196844383,0.0012429216196844384,0.5,75.26107361311833,13,sbm_dpsgd_all_noised,70.77218472422943,12.423129399151788,1.0338953100711687,10.999722287676306,5.999848520550712,4.999873767125593,1e-05,488,3.336,488,0.976,13,12,0.012429216196844383,0.0012429216196844384,0.012429216196844383,0.10038670897483826,0.006341820582747459,0.13484568893909454,0.003506417010923905
relatively_sparse,500,0.012429216196844383,0.0012429216196844384,0.5,inf,14,spectral,,,,,,,1e-05,481,3.488,481,0.962,18,15,0.012429216196844383,0.0012429216196844384,0.012429216196844383,0.2857142857142857,0.0006027727546714888,0.007689494295322967,0.02627119196163895
relatively_sparse,500,0.012429216196844383,0.0012429216196844384,0.5,75.26107361311833,14,edge_flip_vem,,,,256,,,1e-05,481,3.488,481,0.962,18,15,0.012429216196844383,0.0012429216196844384,0.012429216196844383,0.0075363824144005775,0.0,0.0,0.0
relatively_sparse,500,0.012429216196844383,0.0012429216196844384,0.5,75.26107361311833,14,sbm_dpsgd_all_noised,70.77218472422943,12.423129399151788,1.0338953100711687,11.0,6.0,5.0,1e-05,481,3.488,481,0.962,18,15,0.012429216196844383,0.0012429216196844384,0.012429216196844383,0.12603719532489777,0.006770500913262367,0.10321525484323502,0.0006912491179613972
relatively_sparse,500,0.012429216196844383,0.0012429216196844384,0.5,inf,15,spectral,,,,,,,1e-05,481,3.316,481,0.962,18,16,0.012429216196844383,0.0012429216196844384,0.012429216196844383,0.007262273330384785,0.0008403361344537816,0.4,0.005636500221214605
relatively_sparse,500,0.012429216196844383,0.0012429216196844384,0.5,75.26107361311833,15,edge_flip_vem,,,,245,,,1e-05,481,3.316,481,0.962,18,16,0.012429216196844383,0.0012429216196844384,0.012429216196844383,0.0,0.0,0.0071638948284089565,0.0
relatively_sparse,500,0.012429216196844383,0.0012429216196844384,0.5,75.26107361311833,15,sbm_dpsgd_all_noised,70.77218472422943,12.423129399151788,1.0338953100711687,11.0,6.0,5.0,1e-05,481,3.316,481,0.962,18,16,0.012429216196844383,0.0012429216196844384,0.012429216196844383,0.1103479415178299,0.006185013800859451,0.11782421171665192,0.0001424525470606363
relatively_sparse,500,0.012429216196844383,0.0012429216196844384,0.5,inf,16,spectral,,,,,,,1e-05,485,3.412,485,0.97,16,15,0.012429216196844383,0.0012429216196844384,0.012429216196844383,0.007376478775226166,0.0004166666666666667,0.4,0.0005937451915917222
relatively_sparse,500,0.012429216196844383,0.0012429216196844384,0.5,75.26107361311833,16,edge_flip_vem,,,,227,,,1e-05,485,3.412,485,0.97,16,15,0.012429216196844383,0.0012429216196844384,0.012429216196844383,0.007267615292221308,0.0,0.0,0.0
relatively_sparse,500,0.012429216196844383,0.0012429216196844384,0.5,75.26107361311833,16,sbm_dpsgd_all_noised,70.77218472422943,12.423129399151788,1.0338953100711687,11.0,6.0,5.0,1e-05,485,3.412,485,0.97,16,15,0.012429216196844383,0.0012429216196844384,0.012429216196844383,0.11032070219516754,0.006247295066714287,0.11760226637125015,0.0013687706785872403
relatively_sparse,500,0.012429216196844383,0.0012429216196844384,0.5,inf,17,spectral,,,,,,,1e-05,475,3.288,475,0.95,22,17,0.012429216196844383,0.0012429216196844384,0.012429216196844383,0.013204819277108433,0.0009955555555555555,0.013928571428571429,0.6410154172434638
relatively_sparse,500,0.012429216196844383,0.0012429216196844384,0.5,75.26107361311833,17,edge_flip_vem,,,,249,,,1e-05,475,3.288,475,0.95,22,17,0.012429216196844383,0.0012429216196844384,0.012429216196844383,0.0,0.0,0.0072662667371332645,0.0
relatively_sparse,500,0.012429216196844383,0.0012429216196844384,0.5,75.26107361311833,17,sbm_dpsgd_all_noised,70.77218472422943,12.423129399151788,1.0338953100711687,11.0,6.0,5.0,1e-05,475,3.288,475,0.95,22,17,0.012429216196844383,0.0012429216196844384,0.012429216196844383,0.10758744180202484,0.006329100113362074,0.12124473601579666,0.002361396250154963
relatively_sparse,500,0.012429216196844383,0.0012429216196844384,0.5,inf,18,spectral,,,,,,,1e-05,481,3.344,481,0.962,19,17,0.012429216196844383,0.0012429216196844384,0.012429216196844383,0.013256425824731835,0.0010894376426644533,0.013552170492741185,0.6648789075419448
relatively_sparse,500,0.012429216196844383,0.0012429216196844384,0.5,75.26107361311833,18,edge_flip_vem,,,,346,,,1e-05,481,3.344,481,0.962,19,17,0.012429216196844383,0.0012429216196844384,0.012429216196844383,0.0,0.02500000037252903,0.007159011904150248,0.004138333373900589
relatively_sparse,500,0.012429216196844383,0.0012429216196844384,0.5,75.26107361311833,18,sbm_dpsgd_all_noised,70.77218472422943,12.423129399151788,1.0338953100711687,11.0,6.0,5.0,1e-05,481,3.344,481,0.962,19,17,0.012429216196844383,0.0012429216196844384,0.012429216196844383,0.12921474874019623,0.006514839828014374,0.10157008469104767,0.004723572157869013
relatively_sparse,500,0.012429216196844383,0.0012429216196844384,0.5,inf,19,spectral,,,,,,,1e-05,488,3.312,488,0.976,13,12,0.012429216196844383,0.0012429216196844384,0.012429216196844383,0.01298417894162575,0.001194180472626356,0.012547838634795156,0.6143769096732136
relatively_sparse,500,0.012429216196844383,0.0012429216196844384,0.5,75.26107361311833,19,edge_flip_vem,,,,249,,,1e-05,488,3.312,488,0.976,13,12,0.012429216196844383,0.0012429216196844384,0.012429216196844383,0.0069680544547736645,0.0,0.0,0.0
relatively_sparse,500,0.012429216196844383,0.0012429216196844384,0.5,75.26107361311833,19,sbm_dpsgd_all_noised,70.77218472422943,12.423129399151788,1.0338953100711687,10.999722287676306,5.999848520550712,4.999873767125593,1e-05,488,3.312,488,0.976,13,12,0.012429216196844383,0.0012429216196844384,0.012429216196844383,0.11623343080282211,0.006104583386331797,0.11136072874069214,0.003104247413736438
relatively_sparse,500,0.012429216196844383,0.0012429216196844384,1.0,inf,0,spectral,,,,,,,1e-05,485,3.328,485,0.97,15,13,0.012429216196844383,0.0012429216196844384,0.012429216196844383,0.007206436002480761,0.0003479471120389701,0.3333333333333333,0.022439706488874195
relatively_sparse,500,0.012429216196844383,0.0012429216196844384,1.0,27.449962502007253,0,edge_flip_vem,,,,554,,,1e-05,485,3.328,485,0.97,15,13,0.012429216196844383,0.0012429216196844384,0.012429216196844383,0.007080173585563898,0.0,0.0,0.0
relatively_sparse,500,0.012429216196844383,0.0012429216196844384,1.0,27.449962502007253,0,sbm_dpsgd_all_noised,26.32774027978503,5.635918426327381,0.5431122541136532,11.0,6.0,5.0,1e-05,485,3.328,485,0.97,15,13,0.012429216196844383,0.0012429216196844384,0.012429216196844383,0.10767365247011185,0.006108983885496855,0.12065573036670685,0.0006647759644729078
relatively_sparse,500,0.012429216196844383,0.0012429216196844384,1.0,inf,1,spectral,,,,,,,1e-05,479,3.588,479,0.958,20,18,0.012429216196844383,0.0012429216196844384,0.012429216196844383,0.013378827332315704,0.0013162513162513162,0.015483603154836031,0.5751478976842598
relatively_sparse,500,0.012429216196844383,0.0012429216196844384,1.0,27.449962502007253,1,edge_flip_vem,,,,213,,,1e-05,479,3.588,479,0.958,20,18,0.012429216196844383,0.0012429216196844384,0.012429216196844383,0.0,0.0,0.007817891426384449,0.0
relatively_sparse,500,0.012429216196844383,0.0012429216196844384,1.0,27.449962502007253,1,sbm_dpsgd_all_noised,26.32774027978503,5.635918426327381,0.5431122541136532,10.999903914186634,5.999947589556346,4.999956324630288,1e-05,479,3.588,479,0.958,20,18,0.012429216196844383,0.0012429216196844384,0.012429216196844383,0.1024322584271431,0.006532083265483379,0.12814797461032867,0.001529095520460202
relatively_sparse,500,0.012429216196844383,0.0012429216196844384,1.0,inf,2,spectral,,,,,,,1e-05,483,3.54,483,0.966,18,17,0.012429216196844383,0.0012429216196844384,0.012429216196844383,0.014643832216430876,0.0012519293431658377,0.013348946135831381,0.66439037466286
relatively_sparse,500,0.012429216196844383,0.0012429216196844384,1.0,27.449962502007253,2,edge_flip_vem,,,,403,,,1e-05,483,3.54,483,0.966,18,17,0.012429216196844383,0.0012429216196844384,0.012429216196844383,0.007602897007018328,0.0,0.0,0.0
relatively_sparse,500,0.012429216196844383,0.0012429216196844384,1.0,27.449962502007253,2,sbm_dpsgd_all_noised,26.32774027978503,5.635918426327381,0.5431122541136532,10.999716502152006,5.999845364810185,4.999871137341821,1e-05,483,3.54,483,0.966,18,17,0.012429216196844383,0.0012429216196844384,0.012429216196844383,0.13247369229793549,0.006383420899510384,0.10215811431407928,2.8890833479261103e-05
relatively_sparse,500,0.012429216196844383,0.0012429216196844384,1.0,inf,3,spectral,,,,,,,1e-05,475,3.36,475,0.95,24,21,0.012429216196844383,0.0012429216196844384,0.012429216196844383,0.012725200781419579,0.0011771950159374094,0.014827098473394137,0.5579741112079813
relatively_sparse,500,0.012429216196844383,0.0012429216196844384,1.0,27.449962502007253,3,edge_flip_vem,,,,431,,,1e-05,475,3.36,475,0.95,24,21,0.012429216196844383,0.0012429216196844384,0.012429216196844383,0.0073683555237948895,0.025316456332802773,0.0,0.00399227337676485
relatively_sparse,500,0.012429216196844383,0.0012429216196844384,1.0,27.449962502007253,3,sbm_dpsgd_all_noised,26.32774027978503,5.635918426327381,0.5431122541136532,11.0,6.0,5.0,1e-05,475,3.36,475,0.95,24,21,0.012429216196844383,0.0012429216196844384,0.012429216196844383,0.11564014106988907,0.006361604668200016,0.11346569657325745,0.0007222256585874475
relatively_sparse,500,0.012429216196844383,0.0012429216196844384,1.0,inf,4,spectral,,,,,,,1e-05,483,3.492,483,0.966,17,15,0.012429216196844383,0.0012429216196844384,0.012429216196844383,0.014072090897218231,0.001115305422100206,0.013675213675213675,0.6258541818203225
relatively_sparse,500,0.012429216196844383,0.0012429216196844384,1.0,27.449962502007253,4,edge_flip_vem,,,,206,,,1e-05,483,3.492,483,0.966,17,15,0.012429216196844383,0.0012429216196844384,0.012429216196844383,0.007491216063499451,0.0,0.0,0.0
relatively_sparse,500,0.012429216196844383,0.0012429216196844384,1.0,27.449962502007253,4,sbm_dpsgd_all_noised,26.32774027978503,5.635918426327381,0.5431122541136532,10.999716502152006,5.999845364810185,4.999871137341821,1e-05,483,3.492,483,0.966,17,15,0.012429216196844383,0.0012429216196844384,0.012429216196844383,0.1194152757525444,0.0063002221286296844,0.10975468158721924,0.0019257684328218743
relatively_sparse,500,0.012429216196844383,0.0012429216196844384,1.0,inf,5,spectral,,,,,,,1e-05,477,3.312,477,0.954,23,21,0.012429216196844383,0.0012429216196844384,0.012429216196844383,0.01293222683264177,0.0012659118081440326,0.013739632167327804,0.737027659774806
relatively_sparse,500,0.012429216196844383,0.0012429216196844384,1.0,27.449962502007253,5,edge_flip_vem,,,,231,,,1e-05,477,3.312,477,0.954,23,21,0.012429216196844383,0.0012429216196844384,0.012429216196844383,0.007209199480712414,0.02521008439362049,0.0,0.0039291846037809094
relatively_sparse,500,0.012429216196844383,0.0012429216196844384,1.0,27.449962502007253,5,sbm_dpsgd_all_noised,26.32774027978503,5.635918426327381,0.5431122541136532,10.999903105896447,5.999947148670789,4.999955957225658,1e-05,477,3.312,477,0.954,23,21,0.012429216196844383,0.0012429216196844384,0.012429216196844383,0.10753550380468369,0.006504534278064966,0.1207590326666832,0.0006996029833093838
relatively_sparse,500,0.012429216196844383,0.0012429216196844384,1.0,inf,6,spectral,,,,,,,1e-05,480,3.328,480,0.96,21,20,0.012429216196844383,0.0012429216196844384,0.012429216196844383,0.0125016193807488,0.0010779046923625236,0.01445511010728402,0.6263790050818999
relatively_sparse,500,0.012429216196844383,0.0012429216196844384,1.0,27.449962502007253,6,edge_flip_vem,,,,141,,,1e-05,480,3.328,480,0.96,21,20,0.012429216196844383,0.0012429216196844384,0.012429216196844383,0.007237299811094999,0.0,0.0,0.0
relatively_sparse,500,0.012429216196844383,0.0012429216196844384,1.0,27.449962502007253,6,sbm_dpsgd_all_noised,26.32774027978503,5.635918426327381,0.5431122541136532,11.0,6.0,5.0,1e-05,480,3.328,480,0.96,21,20,0.012429216196844383,0.0012429216196844384,0.012429216196844383,0.13400167226791382,0.0066767181269824505,0.09925931692123413,0.00031317411103593006
relatively_sparse,500,0.012429216196844383,0.0012429216196844384,1.0,inf,7,spectral,,,,,,,1e-05,488,3.692,488,0.976,13,12,0.012429216196844383,0.0012429216196844384,0.012429216196844383,0.014153582831374873,0.0012431333680514725,0.014488243430152144,0.6207484415423347
relatively_sparse,500,0.012429216196844383,0.0012429216196844384,1.0,27.449962502007253,7,edge_flip_vem,,,,263,,,1e-05,488,3.692,488,0.976,13,12,0.012429216196844383,0.0012429216196844384,0.012429216196844383,0.00776752969250083,0.0,0.0,0.0
relatively_sparse,500,0.012429216196844383,0.0012429216196844384,1.0,27.449962502007253,7,sbm_dpsgd_all_noised,26.32774027978503,5.635918426327381,0.5431122541136532,10.999722287676306,5.999848520550712,4.999873767125593,1e-05,488,3.692,488,0.976,13,12,0.012429216196844383,0.0012429216196844384,0.012429216196844383,0.11396527290344238,0.0062226103618741035,0.11551984399557114,0.0009816538264108318
relatively_sparse,500,0.012429216196844383,0.0012429216196844384,1.0,inf,8,spectral,,,,,,,1e-05,482,3.52,482,0.964,19,18,0.012429216196844383,0.0012429216196844384,0.012429216196844383,0.013457556935817806,0.001156428534442584,0.014709262238565847,0.6538715202469884
relatively_sparse,500,0.012429216196844383,0.0012429216196844384,1.0,27.449962502007253,8,edge_flip_vem,,,,197,,,1e-05,482,3.52,482,0.964,19,18,0.012429216196844383,0.0012429216196844384,0.012429216196844383,0.0075913770124316216,0.0,0.0,0.0
relatively_sparse,500,0.012429216196844383,0.0012429216196844384,1.0,27.449962502007253,8,sbm_dpsgd_all_noised,26.32774027978503,5.635918426327381,0.5431122541136532,10.999905107788924,5.999948240612141,4.999956867176784,1e-05,482,3.52,482,0.964,19,18,0.012429216196844383,0.0012429216196844384,0.012429216196844383,0.11414279788732529,0.006121484562754631,0.11485569179058075,4.9680460104069894e-05
relatively_sparse,500,0.012429216196844383,0.0012429216196844384,1.0,inf,9,spectral,,,,,,,1e-05,479,3.352,479,0.958,19,16,0.012429216196844383,0.0012429216196844384,0.012429216196844383,0.014260897668969418,0.0010685257847533633,0.01289828431372549,0.6202219421847078
relatively_sparse,500,0.012429216196844383,0.0012429216196844384,1.0,27.449962502007253,9,edge_flip_vem,,,,397,,,1e-05,479,3.352,479,0.958,19,16,0.012429216196844383,0.0012429216196844384,0.012429216196844383,0.007293786853551865,0.0,0.0,0.0
relatively_sparse,500,0.012429216196844383,0.0012429216196844384,1.0,27.449962502007253,9,sbm_dpsgd_all_noised,26.32774027978503,5.635918426327381,0.5431122541136532,10.999903914186634,5.999947589556346,4.999956324630288,1e-05,479,3.352,479,0.958,19,16,0.012429216196844383,0.0012429216196844384,0.012429216196844383,0.12666691839694977,0.006330655887722969,0.10286673158407211,0.007081751607300713
relatively_sparse,500,0.012429216196844383,0.0012429216196844384,1.0,inf,10,spectral,,,,,,,1e-05,473,3.312,473,0.946,26,23,0.012429216196844383,0.0012429216196844384,0.012429216196844383,0.014126984126984127,0.0012365591397849463,0.013092595011100954,0.5477618857165253
relatively_sparse,500,0.012429216196844383,0.0012429216196844384,1.0,27.449962502007253,10,edge_flip_vem,,,,268,,,1e-05,473,3.312,473,0.946,26,23,0.012429216196844383,0.0012429216196844384,0.012429216196844383,0.0,0.0,0.007399577181786299,0.0
relatively_sparse,500,0.012429216196844383,0.0012429216196844384,1.0,27.449962502007253,10,sbm_dpsgd_all_noised,26.32774027978503,5.635918426327381,0.5431122541136532,10.999704375246353,5.999838750134375,4.999865625111979,1e-05,473,3.312,473,0.946,26,23,0.012429216196844383,0.0012429216196844384,0.012429216196844383,0.10278187692165375,0.006582154426723719,0.1343494951725006,1.8848000303104824e-05
relatively_sparse,500,0.012429216196844383,0.0012429216196844384,1.0,inf,11,spectral,,,,,,,1e-05,484,3.364,484,0.968,15,12,0.012429216196844383,0.0012429216196844384,0.012429216196844383,0.013275140934715404,0.0011108262838588395,0.013246534525197565,0.6418561431665796
relatively_sparse,500,0.012429216196844383,0.0012429216196844384,1.0,27.449962502007253,11,edge_flip_vem,,,,189,,,1e-05,484,3.364,484,0.968,15,12,0.012429216196844383,0.0012429216196844384,0.012429216196844383,0.0,0.0,0.0071779340505599976,0.0
relatively_sparse,500,0.012429216196844383,0.0012429216196844384,1.0,27.449962502007253,11,sbm_dpsgd_all_noised,26.32774027978503,5.635918426327381,0.5431122541136532,10.99990589121024,5.999948667932857,4.999957223277382,1e-05,484,3.364,484,0.968,15,12,0.012429216196844383,0.0012429216196844384,0.012429216196844383,0.10419024527072906,0.006318732164800167,0.13147160410881042,0.001217740390999227
relatively_sparse,500,0.012429216196844383,0.0012429216196844384,1.0,inf,12,spectral,,,,,,,1e-05,481,3.54,481,0.962,19,17,0.012429216196844383,0.0012429216196844384,0.012429216196844383,0.007751528284269683,0.0005241090146750524,0.5,1.2225792384185247e-06
relatively_sparse,500,0.012429216196844383,0.0012429216196844384,1.0,27.449962502007253,12,edge_flip_vem,,,,257,,,1e-05,481,3.54,481,0.962,19,17,0.012429216196844383,0.0012429216196844384,0.012429216196844383,0.0,0.0,0.007657657843083143,0.0
relatively_sparse,500,0.012429216196844383,0.0012429216196844384,1.0,27.449962502007253,12,sbm_dpsgd_all_noised,26.32774027978503,5.635918426327381,0.5431122541136532,11.0,6.0,5.0,1e-05,481,3.54,481,0.962,19,17,0.012429216196844383,0.0012429216196844384,0.012429216196844383,0.13309454917907715,0.00652676448225975,0.10401938110589981,8.733188230894638e-05
relatively_sparse,500,0.012429216196844383,0.0012429216196844384,1.0,inf,13,spectral,,,,,,,1e-05,488,3.336,488,0.976,13,12,0.012429216196844383,0.0012429216196844384,0.012429216196844383,0.012272399133713002,0.0011767514837301317,0.013426352507568778,0.5612650336300037
relatively_sparse,500,0.012429216196844383,0.0012429216196844384,1.0,27.449962502007253,13,edge_flip_vem,,,,221,,,1e-05,488,3.336,488,0.976,13,12,0.012429216196844383,0.0012429216196844384,0.012429216196844383,0.007018547970801592,0.0,0.0,0.0
relatively_sparse,500,0.012429216196844383,0.0012429216196844384,1.0,27.449962502007253,13,sbm_dpsgd_all_noised,26.32774027978503,5.635918426327381,0.5431122541136532,10.999722287676306,5.999848520550712,4.999873767125593,1e-05,488,3.336,488,0.976,13,12,0.012429216196844383,0.0012429216196844384,0.012429216196844383,0.09917420893907547,0.006373561453074217,0.13610973954200745,0.004863060633436513
relatively_sparse,500,0.012429216196844383,0.0012429216196844384,1.0,inf,14,spectral,,,,,,,1e-05,481,3.488,481,0.962,18,15,0.012429216196844383,0.0012429216196844384,0.012429216196844383,0.2857142857142857,0.0006027727546714888,0.007689494295322967,0.02627119196163895
relatively_sparse,500,0.012429216196844383,0.0012429216196844384,1.0,27.449962502007253,14,edge_flip_vem,,,,256,,,1e-05,481,3.488,481,0.962,18,15,0.012429216196844383,0.0012429216196844384,0.012429216196844383,0.0075363824144005775,0.0,0.0,0.0
relatively_sparse,500,0.012429216196844383,0.0012429216196844384,1.0,27.449962502007253,14,sbm_dpsgd_all_noised,26.32774027978503,5.635918426327381,0.5431122541136532,11.0,6.0,5.0,1e-05,481,3.488,481,0.962,18,15,0.012429216196844383,0.0012429216196844384,0.012429216196844383,0.12395378947257996,0.0067419251427054405,0.10492101311683655,0.00037364736003708056
relatively_sparse,500,0.012429216196844383,0.0012429216196844384,1.0,inf,15,spectral,,,,,,,1e-05,481,3.316,481,0.962,18,16,0.012429216196844383,0.0012429216196844384,0.012429216196844383,0.007262273330384785,0.0008403361344537816,0.4,0.005636500221214605
relatively_sparse,500,0.012429216196844383,0.0012429216196844384,1.0,27.449962502007253,15,edge_flip_vem,,,,245,,,1e-05,481,3.316,481,0.962,18,16,0.012429216196844383,0.0012429216196844384,0.012429216196844383,0.0,0.0,0.0071638948284089565,0.0
relatively_sparse,500,0.012429216196844383,0.0012429216196844384,1.0,27.449962502007253,15,sbm_dpsgd_all_noised,26.32774027978503,5.635918426327381,0.5431122541136532,11.0,6.0,5.0,1e-05,481,3.316,481,0.962,18,16,0.012429216196844383,0.0012429216196844384,0.012429216196844383,0.10804484039545059,0.006136729847639799,0.12011957913637161,0.000250200361217081
relatively_sparse,500,0.012429216196844383,0.0012429216196844384,1.0,inf,16,spectral,,,,,,,1e-05,485,3.412,485,0.97,16,15,0.012429216196844383,0.0012429216196844384,0.012429216196844383,0.007376478775226166,0.0004166666666666667,0.4,0.0005937451915917222
relatively_sparse,500,0.012429216196844383,0.0012429216196844384,1.0,27.449962502007253,16,edge_flip_vem,,,,227,,,1e-05,485,3.412,485,0.97,16,15,0.012429216196844383,0.0012429216196844384,0.012429216196844383,0.007267615292221308,0.0,0.0,0.0
relatively_sparse,500,0.012429216196844383,0.0012429216196844384,1.0,27.449962502007253,16,sbm_dpsgd_all_noised,26.32774027978503,5.635918426327381,0.5431122541136532,11.0,6.0,5.0,1e-05,485,3.412,485,0.97,16,15,0.012429216196844383,0.0012429216196844384,0.012429216196844383,0.1104741245508194,0.006274931598454714,0.11755958944559097,0.0005276561590349509
relatively_sparse,500,0.012429216196844383,0.0012429216196844384,1.0,inf,17,spectral,,,,,,,1e-05,475,3.288,475,0.95,22,17,0.012429216196844383,0.0012429216196844384,0.012429216196844383,0.013204819277108433,0.0009955555555555555,0.013928571428571429,0.6410154172434638
relatively_sparse,500,0.012429216196844383,0.0012429216196844384,1.0,27.449962502007253,17,edge_flip_vem,,,,249,,,1e-05,475,3.288,475,0.95,22,17,0.012429216196844383,0.0012429216196844384,0.012429216196844383,0.0,0.0,0.0072662667371332645,0.0
relatively_sparse,500,0.012429216196844383,0.0012429216196844384,1.0,27.449962502007253,17,sbm_dpsgd_all_noised,26.32774027978503,5.635918426327381,0.5431122541136532,11.0,6.0,5.0,1e-05,475,3.288,475,0.95,22,17,0.012429216196844383,0.0012429216196844384,0.012429216196844383,0.10986148566007614,0.006430139299482107,0.11815284937620163,3.487272200551802e-06
relatively_sparse,500,0.012429216196844383,0.0012429216196844384,1.0,inf,18,spectral,,,,,,,1e-05,481,3.344,481,0.962,19,17,0.012429216196844383,0.0012429216196844384,0.012429216196844383,0.013256425824731835,0.0010894376426644533,0.013552170492741185,0.6648789075419448
relatively_sparse,500,0.012429216196844383,0.0012429216196844384,1.0,27.449962502007253,18,edge_flip_vem,,,,346,,,1e-05,481,3.344,481,0.962,19,17,0.012429216196844383,0.0012429216196844384,0.012429216196844383,0.0,0.02500000037252903,0.007159011904150248,0.004138333373900589
relatively_sparse,500,0.012429216196844383,0.0012429216196844384,1.0,27.449962502007253,18,sbm_dpsgd_all_noised,26.32774027978503,5.635918426327381,0.5431122541136532,11.0,6.0,5.0,1e-05,481,3.344,481,0.962,19,17,0.012429216196844383,0.0012429216196844384,0.012429216196844383,0.1286582201719284,0.006629991345107555,0.10222966969013214,0.001916454660400856
relatively_sparse,500,0.012429216196844383,0.0012429216196844384,1.0,inf,19,spectral,,,,,,,1e-05,488,3.312,488,0.976,13,12,0.012429216196844383,0.0012429216196844384,0.012429216196844383,0.01298417894162575,0.001194180472626356,0.012547838634795156,0.6143769096732136
relatively_sparse,500,0.012429216196844383,0.0012429216196844384,1.0,27.449962502007253,19,edge_flip_vem,,,,249,,,1e-05,488,3.312,488,0.976,13,12,0.012429216196844383,0.0012429216196844384,0.012429216196844383,0.0069680544547736645,0.0,0.0,0.0
relatively_sparse,500,0.012429216196844383,0.0012429216196844384,1.0,27.449962502007253,19,sbm_dpsgd_all_noised,26.32774027978503,5.635918426327381,0.5431122541136532,10.999722287676306,5.999848520550712,4.999873767125593,1e-05,488,3.312,488,0.976,13,12,0.012429216196844383,0.0012429216196844384,0.012429216196844383,0.11710327118635178,0.006048077251762152,0.11065187305212021,0.0012204850200087337
relatively_sparse,500,0.012429216196844383,0.0012429216196844384,2.0,inf,0,spectral,,,,,,,1e-05,485,3.328,485,0.97,15,13,0.012429216196844383,0.0012429216196844384,0.012429216196844383,0.007206436002480761,0.0003479471120389701,0.3333333333333333,0.022439706488874195
relatively_sparse,500,0.012429216196844383,0.0012429216196844384,2.0,11.732851621374003,0,edge_flip_vem,,,,469,,,1e-05,485,3.328,485,0.97,15,13,0.012429216196844383,0.0012429216196844384,0.012429216196844383,0.007089301943778992,0.0,0.0,0.0
relatively_sparse,500,0.012429216196844383,0.0012429216196844384,2.0,11.732851621374003,0,sbm_dpsgd_all_noised,11.245049229064149,2.668102829441137,0.40561225411365304,11.0,6.0,5.0,1e-05,485,3.328,485,0.97,15,13,0.012429216196844383,0.0012429216196844384,0.012429216196844383,0.1086973249912262,0.00598363159224391,0.11934114992618561,0.005181680460186163
relatively_sparse,500,0.012429216196844383,0.0012429216196844384,2.0,inf,1,spectral,,,,,,,1e-05,479,3.588,479,0.958,20,18,0.012429216196844383,0.0012429216196844384,0.012429216196844383,0.013378827332315704,0.0013162513162513162,0.015483603154836031,0.5751478976842598
relatively_sparse,500,0.012429216196844383,0.0012429216196844384,2.0,11.732851621374003,1,edge_flip_vem,,,,165,,,1e-05,479,3.588,479,0.958,20,18,0.012429216196844383,0.0012429216196844384,0.012429216196844383,0.007818725891411304,0.0,0.0,0.0
relatively_sparse,500,0.012429216196844383,0.0012429216196844384,2.0,11.732851621374003,1,sbm_dpsgd_all_noised,11.245049229064149,2.668102829441137,0.40561225411365304,10.999903914186634,5.999947589556346,4.999956324630288,1e-05,479,3.588,479,0.958,20,18,0.012429216196844383,0.0012429216196844384,0.012429216196844383,0.1053021103143692,0.00662317406386137,0.12442058324813843,0.0011109869047976817
relatively_sparse,500,0.012429216196844383,0.0012429216196844384,2.0,inf,2,spectral,,,,,,,1e-05,483,3.54,483,0.966,18,17,0.012429216196844383,0.0012429216196844384,0.012429216196844383,0.014643832216430876,0.0012519293431658377,0.013348946135831381,0.66439037466286
relatively_sparse,500,0.012429216196844383,0.0012429216196844384,2.0,11.732851621374003,2,edge_flip_vem,,,,327,,,1e-05,483,3.54,483,0.966,18,17,0.012429216196844383,0.0012429216196844384,0.012429216196844383,0.007603583857417107,0.0,0.0,0.0
relatively_sparse,500,0.012429216196844383,0.0012429216196844384,2.0,11.732851621374003,2,sbm_dpsgd_all_noised,11.245049229064149,2.668102829441137,0.40561225411365304,10.999716502152006,5.999845364810185,4.999871137341821,1e-05,483,3.54,483,0.966,18,17,0.012429216196844383,0.0012429216196844384,0.012429216196844383,0.13029274344444275,0.006282692775130272,0.1027870625257492,0.0011093438415576574
relatively_sparse,500,0.012429216196844383,0.0012429216196844384,2.0,inf,3,spectral,,,,,,,1e-05,475,3.36,475,0.95,24,21,0.012429216196844383,0.0012429216196844384,0.012429216196844383,0.012725200781419579,0.0011771950159374094,0.014827098473394137,0.5579741112079813
relatively_sparse,500,0.012429216196844383,0.0012429216196844384,2.0,11.732851621374003,3,edge_flip_vem,,,,490,,,1e-05,475,3.36,475,0.95,24,21,0.012429216196844383,0.0012429216196844384,0.012429216196844383,0.007369368337094784,0.02530883625149727,0.0,0.00399227337676485
relatively_sparse,500,0.012429216196844383,0.0012429216196844384,2.0,11.732851621374003,3,sbm_dpsgd_all_noised,11.245049229064149,2.668102829441137,0.40561225411365304,11.0,6.0,5.0,1e-05,475,3.36,475,0.95,24,21,0.012429216196844383,0.0012429216196844384,0.012429216196844383,0.10836832970380783,0.0060892775654792786,0.12094755470752716,3.1065622410108826e-05
relatively_sparse,500,0.012429216196844383,0.0012429216196844384,2.0,inf,4,spectral,,,,,,,1e-05,483,3.492,483,0.966,17,15,0.012429216196844383,0.0012429216196844384,0.012429216196844383,0.014072090897218231,0.001115305422100206,0.013675213675213675,0.6258541818203225
relatively_sparse,500,0.012429216196844383,0.0012429216196844384,2.0,11.732851621374003,4,edge_flip_vem,,,,191,,,1e-05,483,3.492,483,0.966,17,15,0.012429216196844383,0.0012429216196844384,0.012429216196844383,0.00749190105125308,0.0,0.0,0.0
relatively_sparse,500,0.012429216196844383,0.0012429216196844384,2.0,11.732851621374003,4,sbm_dpsgd_all_noised,11.245049229064149,2.668102829441137,0.40561225411365304,10.999716502152006,5.999845364810185,4.999871137341821,1e-05,483,3.492,483,0.966,17,15,0.012429216196844383,0.0012429216196844384,0.012429216196844383,0.1155083030462265,0.006424295715987682,0.11343172937631607,0.0006920322320339948
relatively_sparse,500,0.012429216196844383,0.0012429216196844384,2.0,inf,5,spectral,,,,,,,1e-05,477,3.312,477,0.954,23,21,0.012429216196844383,0.0012429216196844384,0.012429216196844383,0.01293222683264177,0.0012659118081440326,0.013739632167327804,0.737027659774806
relatively_sparse,500,0.012429216196844383,0.0012429216196844384,2.0,11.732851621374003,5,edge_flip_vem,,,,252,,,1e-05,477,3.312,477,0.954,23,21,0.012429216196844383,0.0012429216196844384,0.012429216196844383,0.007210134994238615,0.025202462449669838,0.0,0.0039291846037809094
relatively_sparse,500,0.012429216196844383,0.0012429216196844384,2.0,11.732851621374003,5,sbm_dpsgd_all_noised,11.245049229064149,2.668102829441137,0.40561225411365304,10.999903105896447,5.999947148670789,4.999955957225658,1e-05,477,3.312,477,0.954,23,21,0.012429216196844383,0.0012429216196844384,0.012429216196844383,0.11068199574947357,0.006488728802651167,0.11837942153215408,7.640420585836644e-05
relatively_sparse,500,0.012429216196844383,0.0012429216196844384,2.0,inf,6,spectral,,,,,,,1e-05,480,3.328,480,0.96,21,20,0.012429216196844383,0.0012429216196844384,0.012429216196844383,0.0125016193807488,0.0010779046923625236,0.01445511010728402,0.6263790050818999
relatively_sparse,500,0.012429216196844383,0.0012429216196844384,2.0,11.732851621374003,6,edge_flip_vem,,,,157,,,1e-05,480,3.328,480,0.96,21,20,0.012429216196844383,0.0012429216196844384,0.012429216196844383,0.0072467876598238945,0.0,0.0,0.0
relatively_sparse,500,0.012429216196844383,0.0012429216196844384,2.0,11.732851621374003,6,sbm_dpsgd_all_noised,11.245049229064149,2.668102829441137,0.40561225411365304,11.0,6.0,5.0,1e-05,480,3.328,480,0.96,21,20,0.012429216196844383,0.0012429216196844384,0.012429216196844383,0.13421112298965454,0.006562649272382259,0.09838137030601501,0.0006138639362923108
relatively_sparse,500,0.012429216196844383,0.0012429216196844384,2.0,inf,7,spectral,,,,,,,1e-05,488,3.692,488,0.976,13,12,0.012429216196844383,0.0012429216196844384,0.012429216196844383,0.014153582831374873,0.0012431333680514725,0.014488243430152144,0.6207484415423347
relatively_sparse,500,0.012429216196844383,0.0012429216196844384,2.0,11.732851621374003,7,edge_flip_vem,,,,270,,,1e-05,488,3.692,488,0.976,13,12,0.012429216196844383,0.0012429216196844384,0.012429216196844383,0.007768044248223305,0.0,0.0,0.0
relatively_sparse,500,0.012429216196844383,0.0012429216196844384,2.0,11.732851621374003,7,sbm_dpsgd_all_noised,11.245049229064149,2.668102829441137,0.40561225411365304,10.999722287676306,5.999848520550712,4.999873767125593,1e-05,488,3.692,488,0.976,13,12,0.012429216196844383,0.0012429216196844384,0.012429216196844383,0.11641868948936462,0.006131631322205067,0.11317706108093262,4.750529225910044e-05
relatively_sparse,500,0.012429216196844383,0.0012429216196844384,2.0,inf,8,spectral,,,,,,,1e-05,482,3.52,482,0.964,19,18,0.012429216196844383,0.0012429216196844384,0.012429216196844383,0.013457556935817806,0.001156428534442584,0.014709262238565847,0.6538715202469884
relatively_sparse,500,0.012429216196844383,0.0012429216196844384,2.0,11.732851621374003,8,edge_flip_vem,,,,197,,,1e-05,482,3.52,482,0.964,19,18,0.012429216196844383,0.0012429216196844384,0.012429216196844383,0.00758347287774086,0.0,0.0,0.0
relatively_sparse,500,0.012429216196844383,0.0012429216196844384,2.0,11.732851621374003,8,sbm_dpsgd_all_noised,11.245049229064149,2.668102829441137,0.40561225411365304,10.999905107788924,5.999948240612141,4.999956867176784,1e-05,482,3.52,482,0.964,19,18,0.012429216196844383,0.0012429216196844384,0.012429216196844383,0.10942482948303223,0.006129719782620668,0.11931083351373672,0.0015045740594219186
relatively_sparse,500,0.012429216196844383,0.0012429216196844384,2.0,inf,9,spectral,,,,,,,1e-05,479,3.352,479,0.958,19,16,0.012429216196844383,0.0012429216196844384,0.012429216196844383,0.014260897668969418,0.0010685257847533633,0.01289828431372549,0.6202219421847078
relatively_sparse,500,0.012429216196844383,0.0012429216196844384,2.0,11.732851621374003,9,edge_flip_vem,,,,316,,,1e-05,479,3.352,479,0.958,19,16,0.012429216196844383,0.0012429216196844384,0.012429216196844383,0.007294613402336836,0.0,0.0,0.0
relatively_sparse,500,0.012429216196844383,0.0012429216196844384,2.0,11.732851621374003,9,sbm_dpsgd_all_noised,11.245049229064149,2.668102829441137,0.40561225411365304,10.999903914186634,5.999947589556346,4.999956324630288,1e-05,479,3.352,479,0.958,19,16,0.012429216196844383,0.0012429216196844384,0.012429216196844383,0.12422145158052444,0.006155697163194418,0.10492244362831116,0.003101869602782468
relatively_sparse,500,0.012429216196844383,0.0012429216196844384,2.0,inf,10,spectral,,,,,,,1e-05,473,3.312,473,0.946,26,23,0.012429216196844383,0.0012429216196844384,0.012429216196844383,0.014126984126984127,0.0012365591397849463,0.013092595011100954,0.5477618857165253
relatively_sparse,500,0.012429216196844383,0.0012429216196844384,2.0,11.732851621374003,10,edge_flip_vem,,,,269,,,1e-05,473,3.312,473,0.946,26,23,0.012429216196844383,0.0012429216196844384,0.012429216196844383,0.007418545428663492,0.0,0.0,0.0
relatively_sparse,500,0.012429216196844383,0.0012429216196844384,2.0,11.732851621374003,10,sbm_dpsgd_all_noised,11.245049229064149,2.668102829441137,0.40561225411365304,10.999704375246353,5.999838750134375,4.999865625111979,1e-05,473,3.312,473,0.946,26,23,0.012429216196844383,0.0012429216196844384,0.012429216196844383,0.10601706057786942,0.0065321289002895355,0.1306530088186264,0.0062233775586630615
relatively_sparse,500,0.012429216196844383,0.0012429216196844384,2.0,inf,11,spectral,,,,,,,1e-05,484,3.364,484,0.968,15,12,0.012429216196844383,0.0012429216196844384,0.012429216196844383,0.013275140934715404,0.0011108262838588395,0.013246534525197565,0.6418561431665796
relatively_sparse,500,0.012429216196844383,0.0012429216196844384,2.0,11.732851621374003,11,edge_flip_vem,,,,189,,,1e-05,484,3.364,484,0.968,15,12,0.012429216196844383,0.0012429216196844384,0.012429216196844383,0.0,0.0,0.007170023396611214,0.0
relatively_sparse,500,0.012429216196844383,0.0012429216196844384,2.0,11.732851621374003,11,sbm_dpsgd_all_noised,11.245049229064149,2.668102829441137,0.40561225411365304,10.99990589121024,5.999948667932857,4.999957223277382,1e-05,484,3.364,484,0.968,15,12,0.012429216196844383,0.0012429216196844384,0.012429216196844383,0.10462173819541931,0.006347643677145243,0.13067643344402313,9.942746536741166e-05
relatively_sparse,500,0.012429216196844383,0.0012429216196844384,2.0,inf,12,spectral,,,,,,,1e-05,481,3.54,481,0.962,19,17,0.012429216196844383,0.0012429216196844384,0.012429216196844383,0.007751528284269683,0.0005241090146750524,0.5,1.2225792384185247e-06
relatively_sparse,500,0.012429216196844383,0.0012429216196844384,2.0,11.732851621374003,12,edge_flip_vem,,,,290,,,1e-05,481,3.54,481,0.962,19,17,0.012429216196844383,0.0012429216196844384,0.012429216196844383,0.007658417336642742,0.0,0.0,0.0
relatively_sparse,500,0.012429216196844383,0.0012429216196844384,2.0,11.732851621374003,12,sbm_dpsgd_all_noised,11.245049229064149,2.668102829441137,0.40561225411365304,11.0,6.0,5.0,1e-05,481,3.54,481,0.962,19,17,0.012429216196844383,0.0012429216196844384,0.012429216196844383,0.1341896504163742,0.006515358574688435,0.10367807000875473,0.0005003392288247206
relatively_sparse,500,0.012429216196844383,0.0012429216196844384,2.0,inf,13,spectral,,,,,,,1e-05,488,3.336,488,0.976,13,12,0.012429216196844383,0.0012429216196844384,0.012429216196844383,0.012272399133713002,0.0011767514837301317,0.013426352507568778,0.5612650336300037
relatively_sparse,500,0.012429216196844383,0.0012429216196844384,2.0,11.732851621374003,13,edge_flip_vem,,,,210,,,1e-05,488,3.336,488,0.976,13,12,0.012429216196844383,0.0012429216196844384,0.012429216196844383,0.007019050419330597,0.0,0.0,0.0
relatively_sparse,500,0.012429216196844383,0.0012429216196844384,2.0,11.732851621374003,13,sbm_dpsgd_all_noised,11.245049229064149,2.668102829441137,0.40561225411365304,10.999722287676306,5.999848520550712,4.999873767125593,1e-05,488,3.336,488,0.976,13,12,0.012429216196844383,0.0012429216196844384,0.012429216196844383,0.0976918563246727,0.006458364427089691,0.13628554344177246,0.00010905065267331141
relatively_sparse,500,0.012429216196844383,0.0012429216196844384,2.0,inf,14,spectral,,,,,,,1e-05,481,3.488,481,0.962,18,15,0.012429216196844383,0.0012429216196844384,0.012429216196844383,0.2857142857142857,0.0006027727546714888,0.007689494295322967,0.02627119196163895
relatively_sparse,500,0.012429216196844383,0.0012429216196844384,2.0,11.732851621374003,14,edge_flip_vem,,,,276,,,1e-05,481,3.488,481,0.962,18,15,0.012429216196844383,0.0012429216196844384,0.012429216196844383,0.0075371405109763145,0.0,0.0,0.0
relatively_sparse,500,0.012429216196844383,0.0012429216196844384,2.0,11.732851621374003,14,sbm_dpsgd_all_noised,11.245049229064149,2.668102829441137,0.40561225411365304,11.0,6.0,5.0,1e-05,481,3.488,481,0.962,18,15,0.012429216196844383,0.0012429216196844384,0.012429216196844383,0.12151496112346649,0.006752929650247097,0.10729164630174637,0.0003768862801271707
relatively_sparse,500,0.012429216196844383,0.0012429216196844384,2.0,inf,15,spectral,,,,,,,1e-05,481,3.316,481,0.962,18,16,0.012429216196844383,0.0012429216196844384,0.012429216196844383,0.007262273330384785,0.0008403361344537816,0.4,0.005636500221214605
relatively_sparse,500,0.012429216196844383,0.0012429216196844384,2.0,11.732851621374003,15,edge_flip_vem,,,,245,,,1e-05,481,3.316,481,0.962,18,16,0.012429216196844383,0.0012429216196844384,0.012429216196844383,0.0,0.0,0.007155983708798885,0.0
relatively_sparse,500,0.012429216196844383,0.0012429216196844384,2.0,11.732851621374003,15,sbm_dpsgd_all_noised,11.245049229064149,2.668102829441137,0.40561225411365304,11.0,6.0,5.0,1e-05,481,3.316,481,0.962,18,16,0.012429216196844383,0.0012429216196844384,0.012429216196844383,0.11559730023145676,0.006121071521192789,0.11325786262750626,0.004251396299202224
relatively_sparse,500,0.012429216196844383,0.0012429216196844384,2.0,inf,16,spectral,,,,,,,1e-05,485,3.412,485,0.97,16,15,0.012429216196844383,0.0012429216196844384,0.012429216196844383,0.007376478775226166,0.0004166666666666667,0.4,0.0005937451915917222
relatively_sparse,500,0.012429216196844383,0.0012429216196844384,2.0,11.732851621374003,16,edge_flip_vem,,,,211,,,1e-05,485,3.412,485,0.97,16,15,0.012429216196844383,0.0012429216196844384,0.012429216196844383,0.0,0.0,0.0072682262398302555,0.0
relatively_sparse,500,0.012429216196844383,0.0012429216196844384,2.0,11.732851621374003,16,sbm_dpsgd_all_noised,11.245049229064149,2.668102829441137,0.40561225411365304,11.0,6.0,5.0,1e-05,485,3.412,485,0.97,16,15,0.012429216196844383,0.0012429216196844384,0.012429216196844383,0.10855379700660706,0.006161512807011604,0.11931277066469193,0.00014698811719277873
relatively_sparse,500,0.012429216196844383,0.0012429216196844384,2.0,inf,17,spectral,,,,,,,1e-05,475,3.288,475,0.95,22,17,0.012429216196844383,0.0012429216196844384,0.012429216196844383,0.013204819277108433,0.0009955555555555555,0.013928571428571429,0.6410154172434638
relatively_sparse,500,0.012429216196844383,0.0012429216196844384,2.0,11.732851621374003,17,edge_flip_vem,,,,249,,,1e-05,475,3.288,475,0.95,22,17,0.012429216196844383,0.0012429216196844384,0.012429216196844383,0.0,0.0,0.00725835794582963,0.0
relatively_sparse,500,0.012429216196844383,0.0012429216196844384,2.0,11.732851621374003,17,sbm_dpsgd_all_noised,11.245049229064149,2.668102829441137,0.40561225411365304,11.0,6.0,5.0,1e-05,475,3.288,475,0.95,22,17,0.012429216196844383,0.0012429216196844384,0.012429216196844383,0.10935360938310623,0.006319365464150906,0.11919620633125305,0.0014096198450612447
relatively_sparse,500,0.012429216196844383,0.0012429216196844384,2.0,inf,18,spectral,,,,,,,1e-05,481,3.344,481,0.962,19,17,0.012429216196844383,0.0012429216196844384,0.012429216196844383,0.013256425824731835,0.0010894376426644533,0.013552170492741185,0.6648789075419448
relatively_sparse,500,0.012429216196844383,0.0012429216196844384,2.0,11.732851621374003,18,edge_flip_vem,,,,346,,,1e-05,481,3.344,481,0.962,19,17,0.012429216196844383,0.0012429216196844384,0.012429216196844383,0.0,0.02499237470328808,0.007151100784540176,0.004138333373900589
relatively_sparse,500,0.012429216196844383,0.0012429216196844384,2.0,11.732851621374003,18,sbm_dpsgd_all_noised,11.245049229064149,2.668102829441137,0.40561225411365304,11.0,6.0,5.0,1e-05,481,3.344,481,0.962,19,17,0.012429216196844383,0.0012429216196844384,0.012429216196844383,0.13091541826725006,0.006588292308151722,0.10000213235616684,0.0013548235344016495
relatively_sparse,500,0.012429216196844383,0.0012429216196844384,2.0,inf,19,spectral,,,,,,,1e-05,488,3.312,488,0.976,13,12,0.012429216196844383,0.0012429216196844384,0.012429216196844383,0.01298417894162575,0.001194180472626356,0.012547838634795156,0.6143769096732136
relatively_sparse,500,0.012429216196844383,0.0012429216196844384,2.0,11.732851621374003,19,edge_flip_vem,,,,249,,,1e-05,488,3.312,488,0.976,13,12,0.012429216196844383,0.0012429216196844384,0.012429216196844383,0.0069601405411958694,0.0,0.0,0.0
relatively_sparse,500,0.012429216196844383,0.0012429216196844384,2.0,11.732851621374003,19,sbm_dpsgd_all_noised,11.245049229064149,2.668102829441137,0.40561225411365304,10.999722287676306,5.999848520550712,4.999873767125593,1e-05,488,3.312,488,0.976,13,12,0.012429216196844383,0.0012429216196844384,0.012429216196844383,0.11265642940998077,0.006162527482956648,0.11462408304214478,0.017554941234570697
relatively_sparse,500,0.012429216196844383,0.0012429216196844384,5.0,inf,0,spectral,,,,,,,1e-05,485,3.328,485,0.97,15,13,0.012429216196844383,0.0012429216196844384,0.012429216196844383,0.007206436002480761,0.0003479471120389701,0.3333333333333333,0.022439706488874195
relatively_sparse,500,0.012429216196844383,0.0012429216196844384,5.0,4.150006096013556,0,edge_flip_vem,,,,228,,,1e-05,485,3.328,485,0.97,15,13,0.012429216196844383,0.0012429216196844384,0.012429216196844383,0.007574786432087421,0.0,0.0,0.0
relatively_sparse,500,0.012429216196844383,0.0012429216196844384,5.0,4.150006096013556,0,sbm_dpsgd_all_noised,3.992894984902444,1.0338953100711687,0.36711225411365295,11.0,6.0,5.0,1e-05,485,3.328,485,0.97,15,13,0.012429216196844383,0.0012429216196844384,0.012429216196844383,0.1159847229719162,0.005868763662874699,0.11238421499729156,0.000889843748733258
relatively_sparse,500,0.012429216196844383,0.0012429216196844384,5.0,inf,1,spectral,,,,,,,1e-05,479,3.588,479,0.958,20,18,0.012429216196844383,0.0012429216196844384,0.012429216196844383,0.013378827332315704,0.0013162513162513162,0.015483603154836031,0.5751478976842598
relatively_sparse,500,0.012429216196844383,0.0012429216196844384,5.0,4.150006096013556,1,edge_flip_vem,,,,634,,,1e-05,479,3.588,479,0.958,20,18,0.012429216196844383,0.0012429216196844384,0.012429216196844383,0.023293273523449898,0.007912861183285713,0.0,8.146739764985828e-05
relatively_sparse,500,0.012429216196844383,0.0012429216196844384,5.0,4.150006096013556,1,sbm_dpsgd_all_noised,3.992894984902444,1.0338953100711687,0.36711225411365295,10.999903914186634,5.999947589556346,4.999956324630288,1e-05,479,3.588,479,0.958,20,18,0.012429216196844383,0.0012429216196844384,0.012429216196844383,0.11859261989593506,0.006756594870239496,0.11153968423604965,0.0009623287230994999
relatively_sparse,500,0.012429216196844383,0.0012429216196844384,5.0,inf,2,spectral,,,,,,,1e-05,483,3.54,483,0.966,18,17,0.012429216196844383,0.0012429216196844384,0.012429216196844383,0.014643832216430876,0.0012519293431658377,0.013348946135831381,0.66439037466286
relatively_sparse,500,0.012429216196844383,0.0012429216196844384,5.0,4.150006096013556,2,edge_flip_vem,,,,572,,,1e-05,483,3.54,483,0.966,18,17,0.012429216196844383,0.0012429216196844384,0.012429216196844383,0.0,0.007581189274787903,0.022668382152915,8.672139973314082e-05
relatively_sparse,500,0.012429216196844383,0.0012429216196844384,5.0,4.150006096013556,2,sbm_dpsgd_all_noised,3.992894984902444,1.0338953100711687,0.36711225411365295,10.999716502152006,5.999845364810185,4.999871137341821,1e-05,483,3.54,483,0.966,18,17,0.012429216196844383,0.0012429216196844384,0.012429216196844383,0.1304624080657959,0.006250117439776659,0.10088718682527542,0.00025764232167840433
relatively_sparse,500,0.012429216196844383,0.0012429216196844384,5.0,inf,3,spectral,,,,,,,1e-05,475,3.36,475,0.95,24,21,0.012429216196844383,0.0012429216196844384,0.012429216196844383,0.012725200781419579,0.0011771950159374094,0.014827098473394137,0.5579741112079813
relatively_sparse,500,0.012429216196844383,0.0012429216196844384,5.0,4.150006096013556,3,edge_flip_vem,,,,310,,,1e-05,475,3.36,475,0.95,24,21,0.012429216196844383,0.0012429216196844384,0.012429216196844383,0.0,0.0,0.0071770125068724155,0.0
relatively_sparse,500,0.012429216196844383,0.0012429216196844384,5.0,4.150006096013556,3,sbm_dpsgd_all_noised,3.992894984902444,1.0338953100711687,0.36711225411365295,11.0,6.0,5.0,1e-05,475,3.36,475,0.95,24,21,0.012429216196844383,0.0012429216196844384,0.012429216196844383,0.11564432084560394,0.0061610061675310135,0.11216920614242554,0.0007312729805595403
relatively_sparse,500,0.012429216196844383,0.0012429216196844384,5.0,inf,4,spectral,,,,,,,1e-05,483,3.492,483,0.966,17,15,0.012429216196844383,0.0012429216196844384,0.012429216196844383,0.014072090897218231,0.001115305422100206,0.013675213675213675,0.6258541818203225
relatively_sparse,500,0.012429216196844383,0.0012429216196844384,5.0,4.150006096013556,4,edge_flip_vem,,,,340,,,1e-05,483,3.492,483,0.966,17,15,0.012429216196844383,0.0012429216196844384,0.012429216196844383,0.00756685109809041,0.0,0.0,0.0
relatively_sparse,500,0.012429216196844383,0.0012429216196844384,5.0,4.150006096013556,4,sbm_dpsgd_all_noised,3.992894984902444,1.0338953100711687,0.36711225411365295,10.999716502152006,5.999845364810185,4.999871137341821,1e-05,483,3.492,483,0.966,17,15,0.012429216196844383,0.0012429216196844384,0.012429216196844383,0.11664077639579773,0.006204669829457998,0.11313389241695404,0.0033688200351584484
relatively_sparse,500,0.012429216196844383,0.0012429216196844384,5.0,inf,5,spectral,,,,,,,1e-05,477,3.312,477,0.954,23,21,0.012429216196844383,0.0012429216196844384,0.012429216196844383,0.01293222683264177,0.0012659118081440326,0.013739632167327804,0.737027659774806
relatively_sparse,500,0.012429216196844383,0.0012429216196844384,5.0,4.150006096013556,5,edge_flip_vem,,,,266,,,1e-05,477,3.312,477,0.954,23,21,0.012429216196844383,0.0012429216196844384,0.012429216196844383,0.006991810165345669,0.0,0.0,0.0
relatively_sparse,500,0.012429216196844383,0.0012429216196844384,5.0,4.150006096013556,5,sbm_dpsgd_all_noised,3.992894984902444,1.0338953100711687,0.36711225411365295,10.999903105896447,5.999947148670789,4.999955957225658,1e-05,477,3.312,477,0.954,23,21,0.012429216196844383,0.0012429216196844384,0.012429216196844383,0.1183445006608963,0.006329740863293409,0.11189419031143188,0.0007483094730806219
relatively_sparse,500,0.012429216196844383,0.0012429216196844384,5.0,inf,6,spectral,,,,,,,1e-05,480,3.328,480,0.96,21,20,0.012429216196844383,0.0012429216196844384,0.012429216196844383,0.0125016193807488,0.0010779046923625236,0.01445511010728402,0.6263790050818999
relatively_sparse,500,0.012429216196844383,0.0012429216196844384,5.0,4.150006096013556,6,edge_flip_vem,,,,397,,,1e-05,480,3.328,480,0.96,21,20,0.012429216196844383,0.0012429216196844384,0.012429216196844383,0.03603751212358475,0.013042725622653961,0.0022138708736747503,0.0032797686046936994
relatively_sparse,500,0.012429216196844383,0.0012429216196844384,5.0,4.150006096013556,6,sbm_dpsgd_all_noised,3.992894984902444,1.0338953100711687,0.36711225411365295,11.0,6.0,5.0,1e-05,480,3.328,480,0.96,21,20,0.012429216196844383,0.0012429216196844384,0.012429216196844383,0.12863779067993164,0.006444526370614767,0.10203751921653748,0.00020068697659158461
relatively_sparse,500,0.012429216196844383,0.0012429216196844384,5.0,inf,7,spectral,,,,,,,1e-05,488,3.692,488,0.976,13,12,0.012429216196844383,0.0012429216196844384,0.012429216196844383,0.014153582831374873,0.0012431333680514725,0.014488243430152144,0.6207484415423347
relatively_sparse,500,0.012429216196844383,0.0012429216196844384,5.0,4.150006096013556,7,edge_flip_vem,,,,582,,,1e-05,488,3.692,488,0.976,13,12,0.012429216196844383,0.0012429216196844384,0.012429216196844383,0.006377491168677807,0.02233714610338211,0.05993371084332466,0.00040630900327513466
relatively_sparse,500,0.012429216196844383,0.0012429216196844384,5.0,4.150006096013556,7,sbm_dpsgd_all_noised,3.992894984902444,1.0338953100711687,0.36711225411365295,10.999722287676306,5.999848520550712,4.999873767125593,1e-05,488,3.692,488,0.976,13,12,0.012429216196844383,0.0012429216196844384,0.012429216196844383,0.11561890691518784,0.005973460618406534,0.11499405652284622,0.0004325563390395423
relatively_sparse,500,0.012429216196844383,0.0012429216196844384,5.0,inf,8,spectral,,,,,,,1e-05,482,3.52,482,0.964,19,18,0.012429216196844383,0.0012429216196844384,0.012429216196844383,0.013457556935817806,0.001156428534442584,0.014709262238565847,0.6538715202469884
relatively_sparse,500,0.012429216196844383,0.0012429216196844384,5.0,4.150006096013556,8,edge_flip_vem,,,,336,,,1e-05,482,3.52,482,0.964,19,18,0.012429216196844383,0.0012429216196844384,0.012429216196844383,0.0,0.0,0.007246475666761398,0.0
relatively_sparse,500,0.012429216196844383,0.0012429216196844384,5.0,4.150006096013556,8,sbm_dpsgd_all_noised,3.992894984902444,1.0338953100711687,0.36711225411365295,10.999905107788924,5.999948240612141,4.999956867176784,1e-05,482,3.52,482,0.964,19,18,0.012429216196844383,0.0012429216196844384,0.012429216196844383,0.10621003806591034,0.006545222830027342,0.12321752309799194,0.006019644183260588
relatively_sparse,500,0.012429216196844383,0.0012429216196844384,5.0,inf,9,spectral,,,,,,,1e-05,479,3.352,479,0.958,19,16,0.012429216196844383,0.0012429216196844384,0.012429216196844383,0.014260897668969418,0.0010685257847533633,0.01289828431372549,0.6202219421847078
relatively_sparse,500,0.012429216196844383,0.0012429216196844384,5.0,4.150006096013556,9,edge_flip_vem,,,,382,,,1e-05,479,3.352,479,0.958,19,16,0.012429216196844383,0.0012429216196844384,0.012429216196844383,0.0,0.0,0.007448944263160229,0.0
relatively_sparse,500,0.012429216196844383,0.0012429216196844384,5.0,4.150006096013556,9,sbm_dpsgd_all_noised,3.992894984902444,1.0338953100711687,0.36711225411365295,10.999903914186634,5.999947589556346,4.999956324630288,1e-05,479,3.352,479,0.958,19,16,0.012429216196844383,0.0012429216196844384,0.012429216196844383,0.12633952498435974,0.0059417495504021645,0.10454805940389633,0.004803721615370542
relatively_sparse,500,0.012429216196844383,0.0012429216196844384,5.0,inf,10,spectral,,,,,,,1e-05,473,3.312,473,0.946,26,23,0.012429216196844383,0.0012429216196844384,0.012429216196844383,0.014126984126984127,0.0012365591397849463,0.013092595011100954,0.5477618857165253
relatively_sparse,500,0.012429216196844383,0.0012429216196844384,5.0,4.150006096013556,10,edge_flip_vem,,,,275,,,1e-05,473,3.312,473,0.946,26,23,0.012429216196844383,0.0012429216196844384,0.012429216196844383,0.0,0.03864598274230957,0.007705214899033308,0.0042603306994238865
relatively_sparse,500,0.012429216196844383,0.0012429216196844384,5.0,4.150006096013556,10,sbm_dpsgd_all_noised,3.992894984902444,1.0338953100711687,0.36711225411365295,10.999704375246353,5.999838750134375,4.999865625111979,1e-05,473,3.312,473,0.946,26,23,0.012429216196844383,0.0012429216196844384,0.012429216196844383,0.10565049946308136,0.006501584779471159,0.12733934819698334,0.0027110399233237306
relatively_sparse,500,0.012429216196844383,0.0012429216196844384,5.0,inf,11,spectral,,,,,,,1e-05,484,3.364,484,0.968,15,12,0.012429216196844383,0.0012429216196844384,0.012429216196844383,0.013275140934715404,0.0011108262838588395,0.013246534525197565,0.6418561431665796
relatively_sparse,500,0.012429216196844383,0.0012429216196844384,5.0,4.150006096013556,11,edge_flip_vem,,,,325,,,1e-05,484,3.364,484,0.968,15,12,0.012429216196844383,0.0012429216196844384,0.012429216196844383,0.0,0.0,0.006966121960431337,0.0
relatively_sparse,500,0.012429216196844383,0.0012429216196844384,5.0,4.150006096013556,11,sbm_dpsgd_all_noised,3.992894984902444,1.0338953100711687,0.36711225411365295,10.99990589121024,5.999948667932857,4.999957223277382,1e-05,484,3.364,484,0.968,15,12,0.012429216196844383,0.0012429216196844384,0.012429216196844383,0.10270397365093231,0.0063684252090752125,0.1284630000591278,0.0012504224339167998
relatively_sparse,500,0.012429216196844383,0.0012429216196844384,5.0,inf,12,spectral,,,,,,,1e-05,481,3.54,481,0.962,19,17,0.012429216196844383,0.0012429216196844384,0.012429216196844383,0.007751528284269683,0.0005241090146750524,0.5,1.2225792384185247e-06
relatively_sparse,500,0.012429216196844383,0.0012429216196844384,5.0,4.150006096013556,12,edge_flip_vem,,,,406,,,1e-05,481,3.54,481,0.962,19,17,0.012429216196844383,0.0012429216196844384,0.012429216196844383,0.006842765957117081,0.0,0.0,0.0
relatively_sparse,500,0.012429216196844383,0.0012429216196844384,5.0,4.150006096013556,12,sbm_dpsgd_all_noised,3.992894984902444,1.0338953100711687,0.36711225411365295,11.0,6.0,5.0,1e-05,481,3.54,481,0.962,19,17,0.012429216196844383,0.0012429216196844384,0.012429216196844383,0.13271352648735046,0.006352689582854509,0.10303041338920593,0.0001608894832088629
relatively_sparse,500,0.012429216196844383,0.0012429216196844384,5.0,inf,13,spectral,,,,,,,1e-05,488,3.336,488,0.976,13,12,0.012429216196844383,0.0012429216196844384,0.012429216196844383,0.012272399133713002,0.0011767514837301317,0.013426352507568778,0.5612650336300037
relatively_sparse,500,0.012429216196844383,0.0012429216196844384,5.0,4.150006096013556,13,edge_flip_vem,,,,395,,,1e-05,488,3.336,488,0.976,13,12,0.012429216196844383,0.0012429216196844384,0.012429216196844383,0.006851066369563341,0.0,0.0,0.0
relatively_sparse,500,0.012429216196844383,0.0012429216196844384,5.0,4.150006096013556,13,sbm_dpsgd_all_noised,3.992894984902444,1.0338953100711687,0.36711225411365295,10.999722287676306,5.999848520550712,4.999873767125593,1e-05,488,3.336,488,0.976,13,12,0.012429216196844383,0.0012429216196844384,0.012429216196844383,0.0991915613412857,0.00640609348192811,0.1299213021993637,0.008850996682505302
relatively_sparse,500,0.012429216196844383,0.0012429216196844384,5.0,inf,14,spectral,,,,,,,1e-05,481,3.488,481,0.962,18,15,0.012429216196844383,0.0012429216196844384,0.012429216196844383,0.2857142857142857,0.0006027727546714888,0.007689494295322967,0.02627119196163895
relatively_sparse,500,0.012429216196844383,0.0012429216196844384,5.0,4.150006096013556,14,edge_flip_vem,,,,487,,,1e-05,481,3.488,481,0.962,18,15,0.012429216196844383,0.0012429216196844384,0.012429216196844383,0.007271885871887207,0.0,0.0,0.0
relatively_sparse,500,0.012429216196844383,0.0012429216196844384,5.0,4.150006096013556,14,sbm_dpsgd_all_noised,3.992894984902444,1.0338953100711687,0.36711225411365295,11.0,6.0,5.0,1e-05,481,3.488,481,0.962,18,15,0.012429216196844383,0.0012429216196844384,0.012429216196844383,0.117587611079216,0.006557419430464506,0.11043772101402283,0.004776980421935321
relatively_sparse,500,0.012429216196844383,0.0012429216196844384,5.0,inf,15,spectral,,,,,,,1e-05,481,3.316,481,0.962,18,16,0.012429216196844383,0.0012429216196844384,0.012429216196844383,0.007262273330384785,0.0008403361344537816,0.4,0.005636500221214605
relatively_sparse,500,0.012429216196844383,0.0012429216196844384,5.0,4.150006096013556,15,edge_flip_vem,,,,375,,,1e-05,481,3.316,481,0.962,18,16,0.012429216196844383,0.0012429216196844384,0.012429216196844383,0.0,0.0,0.0074864462949335575,0.0
relatively_sparse,500,0.012429216196844383,0.0012429216196844384,5.0,4.150006096013556,15,sbm_dpsgd_all_noised,3.992894984902444,1.0338953100711687,0.36711225411365295,11.0,6.0,5.0,1e-05,481,3.316,481,0.962,18,16,0.012429216196844383,0.0012429216196844384,0.012429216196844383,0.11828465759754181,0.005960808601230383,0.11127302795648575,0.0007116093157741146
relatively_sparse,500,0.012429216196844383,0.0012429216196844384,5.0,inf,16,spectral,,,,,,,1e-05,485,3.412,485,0.97,16,15,0.012429216196844383,0.0012429216196844384,0.012429216196844383,0.007376478775226166,0.0004166666666666667,0.4,0.0005937451915917222
relatively_sparse,500,0.012429216196844383,0.0012429216196844384,5.0,4.150006096013556,16,edge_flip_vem,,,,270,,,1e-05,485,3.412,485,0.97,16,15,0.012429216196844383,0.0012429216196844384,0.012429216196844383,0.00823426153510809,0.0,0.0,0.0
relatively_sparse,500,0.012429216196844383,0.0012429216196844384,5.0,4.150006096013556,16,sbm_dpsgd_all_noised,3.992894984902444,1.0338953100711687,0.36711225411365295,11.0,6.0,5.0,1e-05,485,3.412,485,0.97,16,15,0.012429216196844383,0.0012429216196844384,0.012429216196844383,0.11462702602148056,0.006145178806036711,0.11396229267120361,2.794524398451316e-05
relatively_sparse,500,0.012429216196844383,0.0012429216196844384,5.0,inf,17,spectral,,,,,,,1e-05,475,3.288,475,0.95,22,17,0.012429216196844383,0.0012429216196844384,0.012429216196844383,0.013204819277108433,0.0009955555555555555,0.013928571428571429,0.6410154172434638
relatively_sparse,500,0.012429216196844383,0.0012429216196844384,5.0,4.150006096013556,17,edge_flip_vem,,,,344,,,1e-05,475,3.288,475,0.95,22,17,0.012429216196844383,0.0012429216196844384,0.012429216196844383,0.0,0.0,0.007213682401925325,0.0
relatively_sparse,500,0.012429216196844383,0.0012429216196844384,5.0,4.150006096013556,17,sbm_dpsgd_all_noised,3.992894984902444,1.0338953100711687,0.36711225411365295,11.0,6.0,5.0,1e-05,475,3.288,475,0.95,22,17,0.012429216196844383,0.0012429216196844384,0.012429216196844383,0.11253475397825241,0.006076883990317583,0.11654693633317947,0.0030943019982258312
relatively_sparse,500,0.012429216196844383,0.0012429216196844384,5.0,inf,18,spectral,,,,,,,1e-05,481,3.344,481,0.962,19,17,0.012429216196844383,0.0012429216196844384,0.012429216196844383,0.013256425824731835,0.0010894376426644533,0.013552170492741185,0.6648789075419448
relatively_sparse,500,0.012429216196844383,0.0012429216196844384,5.0,4.150006096013556,18,edge_flip_vem,,,,311,,,1e-05,481,3.344,481,0.962,19,17,0.012429216196844383,0.0012429216196844384,0.012429216196844383,0.0,0.0,0.007799345999956131,0.0
relatively_sparse,500,0.012429216196844383,0.0012429216196844384,5.0,4.150006096013556,18,sbm_dpsgd_all_noised,3.992894984902444,1.0338953100711687,0.36711225411365295,11.0,6.0,5.0,1e-05,481,3.344,481,0.962,19,17,0.012429216196844383,0.0012429216196844384,0.012429216196844383,0.1281527429819107,0.00653638131916523,0.10216258466243744,0.0008879723799219412
relatively_sparse,500,0.012429216196844383,0.0012429216196844384,5.0,inf,19,spectral,,,,,,,1e-05,488,3.312,488,0.976,13,12,0.012429216196844383,0.0012429216196844384,0.012429216196844383,0.01298417894162575,0.001194180472626356,0.012547838634795156,0.6143769096732136
relatively_sparse,500,0.012429216196844383,0.0012429216196844384,5.0,4.150006096013556,19,edge_flip_vem,,,,423,,,1e-05,488,3.312,488,0.976,13,12,0.012429216196844383,0.0012429216196844384,0.012429216196844383,0.0,0.0,0.007294006645679474,0.0
relatively_sparse,500,0.012429216196844383,0.0012429216196844384,5.0,4.150006096013556,19,sbm_dpsgd_all_noised,3.992894984902444,1.0338953100711687,0.36711225411365295,10.999722287676306,5.999848520550712,4.999873767125593,1e-05,488,3.312,488,0.976,13,12,0.012429216196844383,0.0012429216196844384,0.012429216196844383,0.10897638648748398,0.006060644518584013,0.11900505423545837,0.000976558913547622
relatively_sparse,500,0.012429216196844383,0.0012429216196844384,10.0,inf,0,spectral,,,,,,,1e-05,485,3.328,485,0.97,15,13,0.012429216196844383,0.0012429216196844384,0.012429216196844383,0.007206436002480761,0.0003479471120389701,0.3333333333333333,0.022439706488874195
relatively_sparse,500,0.012429216196844383,0.0012429216196844384,10.0,1.9953178628215948,0,edge_flip_vem,,,,291,,,1e-05,485,3.328,485,0.97,15,13,0.012429216196844383,0.0012429216196844384,0.012429216196844383,0.006265651434659958,0.0,0.0,0.0
relatively_sparse,500,0.012429216196844383,0.0012429216196844384,10.0,1.9953178628215948,0,sbm_dpsgd_all_noised,1.9223734183771504,0.5431122541136532,0.361612254113653,11.0,6.0,5.0,1e-05,485,3.328,485,0.97,15,13,0.012429216196844383,0.0012429216196844384,0.012429216196844383,0.11791880428791046,0.005687947850674391,0.10941421985626221,0.0037386229355831947
relatively_sparse,500,0.012429216196844383,0.0012429216196844384,10.0,inf,1,spectral,,,,,,,1e-05,479,3.588,479,0.958,20,18,0.012429216196844383,0.0012429216196844384,0.012429216196844383,0.013378827332315704,0.0013162513162513162,0.015483603154836031,0.5751478976842598
relatively_sparse,500,0.012429216196844383,0.0012429216196844384,10.0,1.9953178628215948,1,edge_flip_vem,,,,283,,,1e-05,479,3.588,479,0.958,20,18,0.012429216196844383,0.0012429216196844384,0.012429216196844383,0.0,0.0,0.007673262618482113,0.0
relatively_sparse,500,0.012429216196844383,0.0012429216196844384,10.0,1.9953178628215948,1,sbm_dpsgd_all_noised,1.9223734183771504,0.5431122541136532,0.361612254113653,10.999903914186634,5.999947589556346,4.999956324630288,1e-05,479,3.588,479,0.958,20,18,0.012429216196844383,0.0012429216196844384,0.012429216196844383,0.10897045582532883,0.006496190093457699,0.12373640388250351,0.0008677686519217513
relatively_sparse,500,0.012429216196844383,0.0012429216196844384,10.0,inf,2,spectral,,,,,,,1e-05,483,3.54,483,0.966,18,17,0.012429216196844383,0.0012429216196844384,0.012429216196844383,0.014643832216430876,0.0012519293431658377,0.013348946135831381,0.66439037466286
relatively_sparse,500,0.012429216196844383,0.0012429216196844384,10.0,1.9953178628215948,2,edge_flip_vem,,,,600,,,1e-05,483,3.54,483,0.966,18,17,0.012429216196844383,0.0012429216196844384,0.012429216196844383,0.037486009299755096,0.0036230289842933416,0.0,0.0002725600567655507
relatively_sparse,500,0.012429216196844383,0.0012429216196844384,10.0,1.9953178628215948,2,sbm_dpsgd_all_noised,1.9223734183771504,0.5431122541136532,0.361612254113653,10.999716502152006,5.999845364810185,4.999871137341821,1e-05,483,3.54,483,0.966,18,17,0.012429216196844383,0.0012429216196844384,0.012429216196844383,0.12926502525806427,0.00608686450868845,0.1006937175989151,0.0001589023317619796
relatively_sparse,500,0.012429216196844383,0.0012429216196844384,10.0,inf,3,spectral,,,,,,,1e-05,475,3.36,475,0.95,24,21,0.012429216196844383,0.0012429216196844384,0.012429216196844383,0.012725200781419579,0.0011771950159374094,0.014827098473394137,0.5579741112079813
relatively_sparse,500,0.012429216196844383,0.0012429216196844384,10.0,1.9953178628215948,3,edge_flip_vem,,,,466,,,1e-05,475,3.36,475,0.95,24,21,0.012429216196844383,0.0012429216196844384,0.012429216196844383,0.006426485721021891,0.07055676728487015,1.0,0.007861593643106717
relatively_sparse,500,0.012429216196844383,0.0012429216196844384,10.0,1.9953178628215948,3,sbm_dpsgd_all_noised,1.9223734183771504,0.5431122541136532,0.361612254113653,11.0,6.0,5.0,1e-05,475,3.36,475,0.95,24,21,0.012429216196844383,0.0012429216196844384,0.012429216196844383,0.11673331260681152,0.006181809119880199,0.11091620475053787,0.0034630070758171773
relatively_sparse,500,0.012429216196844383,0.0012429216196844384,10.0,inf,4,spectral,,,,,,,1e-05,483,3.492,483,0.966,17,15,0.012429216196844383,0.0012429216196844384,0.012429216196844383,0.014072090897218231,0.001115305422100206,0.013675213675213675,0.6258541818203225
relatively_sparse,500,0.012429216196844383,0.0012429216196844384,10.0,1.9953178628215948,4,edge_flip_vem,,,,398,,,1e-05,483,3.492,483,0.966,17,15,0.012429216196844383,0.0012429216196844384,0.012429216196844383,0.008234924636781216,0.0,0.0,0.0
relatively_sparse,500,0.012429216196844383,0.0012429216196844384,10.0,1.9953178628215948,4,sbm_dpsgd_all_noised,1.9223734183771504,0.5431122541136532,0.361612254113653,10.999716502152006,5.999845364810185,4.999871137341821,1e-05,483,3.492,483,0.966,17,15,0.012429216196844383,0.0012429216196844384,0.012429216196844383,0.11564875394105911,0.006144260987639427,0.11587582528591156,0.0008958513943056097
relatively_sparse,500,0.012429216196844383,0.0012429216196844384,10.0,inf,5,spectral,,,,,,,1e-05,477,3.312,477,0.954,23,21,0.012429216196844383,0.0012429216196844384,0.012429216196844383,0.01293222683264177,0.0012659118081440326,0.013739632167327804,0.737027659774806
relatively_sparse,500,0.012429216196844383,0.0012429216196844384,10.0,1.9953178628215948,5,edge_flip_vem,,,,436,,,1e-05,477,3.312,477,0.954,23,21,0.012429216196844383,0.0012429216196844384,0.012429216196844383,0.007915104739367962,0.0,0.0,0.0
relatively_sparse,500,0.012429216196844383,0.0012429216196844384,10.0,1.9953178628215948,5,sbm_dpsgd_all_noised,1.9223734183771504,0.5431122541136532,0.361612254113653,10.999903105896447,5.999947148670789,4.999955957225658,1e-05,477,3.312,477,0.954,23,21,0.012429216196844383,0.0012429216196844384,0.012429216196844383,0.1122455894947052,0.006127746310085058,0.11897117644548416,8.036912413979308e-05
relatively_sparse,500,0.012429216196844383,0.0012429216196844384,10.0,inf,6,spectral,,,,,,,1e-05,480,3.328,480,0.96,21,20,0.012429216196844383,0.0012429216196844384,0.012429216196844383,0.0125016193807488,0.0010779046923625236,0.01445511010728402,0.6263790050818999
relatively_sparse,500,0.012429216196844383,0.0012429216196844384,10.0,1.9953178628215948,6,edge_flip_vem,,,,368,,,1e-05,480,3.328,480,0.96,21,20,0.012429216196844383,0.0012429216196844384,0.012429216196844383,0.0,0.0,0.007260066457092762,0.0
relatively_sparse,500,0.012429216196844383,0.0012429216196844384,10.0,1.9953178628215948,6,sbm_dpsgd_all_noised,1.9223734183771504,0.5431122541136532,0.361612254113653,11.0,6.0,5.0,1e-05,480,3.328,480,0.96,21,20,0.012429216196844383,0.0012429216196844384,0.012429216196844383,0.12765002250671387,0.006097827572375536,0.10543348640203476,0.0015161844694271253
relatively_sparse,500,0.012429216196844383,0.0012429216196844384,10.0,inf,7,spectral,,,,,,,1e-05,488,3.692,488,0.976,13,12,0.012429216196844383,0.0012429216196844384,0.012429216196844383,0.014153582831374873,0.0012431333680514725,0.014488243430152144,0.6207484415423347
relatively_sparse,500,0.012429216196844383,0.0012429216196844384,10.0,1.9953178628215948,7,edge_flip_vem,,,,463,,,1e-05,488,3.692,488,0.976,13,12,0.012429216196844383,0.0012429216196844384,0.012429216196844383,0.0,0.0,0.01578797772526741,0.0009170139140375456
relatively_sparse,500,0.012429216196844383,0.0012429216196844384,10.0,1.9953178628215948,7,sbm_dpsgd_all_noised,1.9223734183771504,0.5431122541136532,0.361612254113653,10.999722287676306,5.999848520550712,4.999873767125593,1e-05,488,3.692,488,0.976,13,12,0.012429216196844383,0.0012429216196844384,0.012429216196844383,0.12417921423912048,0.005804737098515034,0.1073649600148201,1.1351560302437048e-05
relatively_sparse,500,0.012429216196844383,0.0012429216196844384,10.0,inf,8,spectral,,,,,,,1e-05,482,3.52,482,0.964,19,18,0.012429216196844383,0.0012429216196844384,0.012429216196844383,0.013457556935817806,0.001156428534442584,0.014709262238565847,0.6538715202469884
relatively_sparse,500,0.012429216196844383,0.0012429216196844384,10.0,1.9953178628215948,8,edge_flip_vem,,,,343,,,1e-05,482,3.52,482,0.964,19,18,0.012429216196844383,0.0012429216196844384,0.012429216196844383,0.0,0.025566931813955307,0.06573884934186935,0.00017729801140143237
relatively_sparse,500,0.012429216196844383,0.0012429216196844384,10.0,1.9953178628215948,8,sbm_dpsgd_all_noised,1.9223734183771504,0.5431122541136532,0.361612254113653,10.999905107788924,5.999948240612141,4.999956867176784,1e-05,482,3.52,482,0.964,19,18,0.012429216196844383,0.0012429216196844384,0.012429216196844383,0.11126154661178589,0.0067993090488016605,0.11735959351062775,0.0006087070606898079
relatively_sparse,500,0.012429216196844383,0.0012429216196844384,10.0,inf,9,spectral,,,,,,,1e-05,479,3.352,479,0.958,19,16,0.012429216196844383,0.0012429216196844384,0.012429216196844383,0.014260897668969418,0.0010685257847533633,0.01289828431372549,0.6202219421847078
relatively_sparse,500,0.012429216196844383,0.0012429216196844384,10.0,1.9953178628215948,9,edge_flip_vem,,,,620,,,1e-05,479,3.352,479,0.958,19,16,0.012429216196844383,0.0012429216196844384,0.012429216196844383,0.008570654317736626,0.0,0.0,0.0063434236450641245
relatively_sparse,500,0.012429216196844383,0.0012429216196844384,10.0,1.9953178628215948,9,sbm_dpsgd_all_noised,1.9223734183771504,0.5431122541136532,0.361612254113653,10.999903914186634,5.999947589556346,4.999956324630288,1e-05,479,3.352,479,0.958,19,16,0.012429216196844383,0.0012429216196844384,0.012429216196844383,0.11981469392776489,0.0058444589376449585,0.1118244081735611,0.006343291614403562
relatively_sparse,500,0.012429216196844383,0.0012429216196844384,10.0,inf,10,spectral,,,,,,,1e-05,473,3.312,473,0.946,26,23,0.012429216196844383,0.0012429216196844384,0.012429216196844383,0.014126984126984127,0.0012365591397849463,0.013092595011100954,0.5477618857165253
relatively_sparse,500,0.012429216196844383,0.0012429216196844384,10.0,1.9953178628215948,10,edge_flip_vem,,,,636,,,1e-05,473,3.312,473,0.946,26,23,0.012429216196844383,0.0012429216196844384,0.012429216196844383,0.0,0.07850302755832672,0.006776680238544941,0.008389342973517983
relatively_sparse,500,0.012429216196844383,0.0012429216196844384,10.0,1.9953178628215948,10,sbm_dpsgd_all_noised,1.9223734183771504,0.5431122541136532,0.361612254113653,10.999704375246353,5.999838750134375,4.999865625111979,1e-05,473,3.312,473,0.946,26,23,0.012429216196844383,0.0012429216196844384,0.012429216196844383,0.1117362231016159,0.006204075179994106,0.12131401896476746,0.00010433930187678246
relatively_sparse,500,0.012429216196844383,0.0012429216196844384,10.0,inf,11,spectral,,,,,,,1e-05,484,3.364,484,0.968,15,12,0.012429216196844383,0.0012429216196844384,0.012429216196844383,0.013275140934715404,0.0011108262838588395,0.013246534525197565,0.6418561431665796
relatively_sparse,500,0.012429216196844383,0.0012429216196844384,10.0,1.9953178628215948,11,edge_flip_vem,,,,599,,,1e-05,484,3.364,484,0.968,15,12,0.012429216196844383,0.0012429216196844384,0.012429216196844383,0.10255694389343262,0.04312455654144287,0.0002634174597915262,0.007688956386524878
relatively_sparse,500,0.012429216196844383,0.0012429216196844384,10.0,1.9953178628215948,11,sbm_dpsgd_all_noised,1.9223734183771504,0.5431122541136532,0.361612254113653,10.99990589121024,5.999948667932857,4.999957223277382,1e-05,484,3.364,484,0.968,15,12,0.012429216196844383,0.0012429216196844384,0.012429216196844383,0.1080859899520874,0.006243889220058918,0.12165382504463196,0.00101651832855473
relatively_sparse,500,0.012429216196844383,0.0012429216196844384,10.0,inf,12,spectral,,,,,,,1e-05,481,3.54,481,0.962,19,17,0.012429216196844383,0.0012429216196844384,0.012429216196844383,0.007751528284269683,0.0005241090146750524,0.5,1.2225792384185247e-06
relatively_sparse,500,0.012429216196844383,0.0012429216196844384,10.0,1.9953178628215948,12,edge_flip_vem,,,,229,,,1e-05,481,3.54,481,0.962,19,17,0.012429216196844383,0.0012429216196844384,0.012429216196844383,0.006586932111531496,0.0,0.0,0.0
relatively_sparse,500,0.012429216196844383,0.0012429216196844384,10.0,1.9953178628215948,12,sbm_dpsgd_all_noised,1.9223734183771504,0.5431122541136532,0.361612254113653,11.0,6.0,5.0,1e-05,481,3.54,481,0.962,19,17,0.012429216196844383,0.0012429216196844384,0.012429216196844383,0.1251460462808609,0.005958303809165955,0.10827955603599548,0.000387064878752489
relatively_sparse,500,0.012429216196844383,0.0012429216196844384,10.0,inf,13,spectral,,,,,,,1e-05,488,3.336,488,0.976,13,12,0.012429216196844383,0.0012429216196844384,0.012429216196844383,0.012272399133713002,0.0011767514837301317,0.013426352507568778,0.5612650336300037
relatively_sparse,500,0.012429216196844383,0.0012429216196844384,10.0,1.9953178628215948,13,edge_flip_vem,,,,472,,,1e-05,488,3.336,488,0.976,13,12,0.012429216196844383,0.0012429216196844384,0.012429216196844383,0.0,0.0,0.008462288416922092,0.0
relatively_sparse,500,0.012429216196844383,0.0012429216196844384,10.0,1.9953178628215948,13,sbm_dpsgd_all_noised,1.9223734183771504,0.5431122541136532,0.361612254113653,10.999722287676306,5.999848520550712,4.999873767125593,1e-05,488,3.336,488,0.976,13,12,0.012429216196844383,0.0012429216196844384,0.012429216196844383,0.09747886657714844,0.006398205645382404,0.131422758102417,0.003942213908542591
relatively_sparse,500,0.012429216196844383,0.0012429216196844384,10.0,inf,14,spectral,,,,,,,1e-05,481,3.488,481,0.962,18,15,0.012429216196844383,0.0012429216196844384,0.012429216196844383,0.2857142857142857,0.0006027727546714888,0.007689494295322967,0.02627119196163895
relatively_sparse,500,0.012429216196844383,0.0012429216196844384,10.0,1.9953178628215948,14,edge_flip_vem,,,,191,,,1e-05,481,3.488,481,0.962,18,15,0.012429216196844383,0.0012429216196844384,0.012429216196844383,0.00791943445801735,0.0,0.0,0.0
relatively_sparse,500,0.012429216196844383,0.0012429216196844384,10.0,1.9953178628215948,14,sbm_dpsgd_all_noised,1.9223734183771504,0.5431122541136532,0.361612254113653,11.0,6.0,5.0,1e-05,481,3.488,481,0.962,18,15,0.012429216196844383,0.0012429216196844384,0.012429216196844383,0.12114008516073227,0.006203192751854658,0.10854462534189224,0.004263880644863122
relatively_sparse,500,0.012429216196844383,0.0012429216196844384,10.0,inf,15,spectral,,,,,,,1e-05,481,3.316,481,0.962,18,16,0.012429216196844383,0.0012429216196844384,0.012429216196844383,0.007262273330384785,0.0008403361344537816,0.4,0.005636500221214605
relatively_sparse,500,0.012429216196844383,0.0012429216196844384,10.0,1.9953178628215948,15,edge_flip_vem,,,,193,,,1e-05,481,3.316,481,0.962,18,16,0.012429216196844383,0.0012429216196844384,0.012429216196844383,0.009365825913846493,0.0,0.0,0.0
relatively_sparse,500,0.012429216196844383,0.0012429216196844384,10.0,1.9953178628215948,15,sbm_dpsgd_all_noised,1.9223734183771504,0.5431122541136532,0.361612254113653,11.0,6.0,5.0,1e-05,481,3.316,481,0.962,18,16,0.012429216196844383,0.0012429216196844384,0.012429216196844383,0.1129961758852005,0.005881089251488447,0.11774307489395142,0.0019265172043631137
relatively_sparse,500,0.012429216196844383,0.0012429216196844384,10.0,inf,16,spectral,,,,,,,1e-05,485,3.412,485,0.97,16,15,0.012429216196844383,0.0012429216196844384,0.012429216196844383,0.007376478775226166,0.0004166666666666667,0.4,0.0005937451915917222
relatively_sparse,500,0.012429216196844383,0.0012429216196844384,10.0,1.9953178628215948,16,edge_flip_vem,,,,359,,,1e-05,485,3.412,485,0.97,16,15,0.012429216196844383,0.0012429216196844384,0.012429216196844383,0.0,0.0,0.014865614473819733,9.463613365869415e-05
relatively_sparse,500,0.012429216196844383,0.0012429216196844384,10.0,1.9953178628215948,16,sbm_dpsgd_all_noised,1.9223734183771504,0.5431122541136532,0.361612254113653,11.0,6.0,5.0,1e-05,485,3.412,485,0.97,16,15,0.012429216196844383,0.0012429216196844384,0.012429216196844383,0.11404262483119965,0.005932083819061518,0.11481879651546478,7.763379877354149e-05
relatively_sparse,500,0.012429216196844383,0.0012429216196844384,10.0,inf,17,spectral,,,,,,,1e-05,475,3.288,475,0.95,22,17,0.012429216196844383,0.0012429216196844384,0.012429216196844383,0.013204819277108433,0.0009955555555555555,0.013928571428571429,0.6410154172434638
relatively_sparse,500,0.012429216196844383,0.0012429216196844384,10.0,1.9953178628215948,17,edge_flip_vem,,,,209,,,1e-05,475,3.288,475,0.95,22,17,0.012429216196844383,0.0012429216196844384,0.012429216196844383,0.0,0.0,0.006963936146348715,0.0
relatively_sparse,500,0.012429216196844383,0.0012429216196844384,10.0,1.9953178628215948,17,sbm_dpsgd_all_noised,1.9223734183771504,0.5431122541136532,0.361612254113653,11.0,6.0,5.0,1e-05,475,3.288,475,0.95,22,17,0.012429216196844383,0.0012429216196844384,0.012429216196844383,0.1219019815325737,0.005852263420820236,0.1082490012049675,2.794207876500494e-05
relatively_sparse,500,0.012429216196844383,0.0012429216196844384,10.0,inf,18,spectral,,,,,,,1e-05,481,3.344,481,0.962,19,17,0.012429216196844383,0.0012429216196844384,0.012429216196844383,0.013256425824731835,0.0010894376426644533,0.013552170492741185,0.6648789075419448
relatively_sparse,500,0.012429216196844383,0.0012429216196844384,10.0,1.9953178628215948,18,edge_flip_vem,,,,255,,,1e-05,481,3.344,481,0.962,19,17,0.012429216196844383,0.0012429216196844384,0.012429216196844383,0.007258877623826265,0.0,0.0,0.0
relatively_sparse,500,0.012429216196844383,0.0012429216196844384,10.0,1.9953178628215948,18,sbm_dpsgd_all_noised,1.9223734183771504,0.5431122541136532,0.361612254113653,11.0,6.0,5.0,1e-05,481,3.344,481,0.962,19,17,0.012429216196844383,0.0012429216196844384,0.012429216196844383,0.12174621969461441,0.006581349764019251,0.10857430100440979,0.0001446067741909305
relatively_sparse,500,0.012429216196844383,0.0012429216196844384,10.0,inf,19,spectral,,,,,,,1e-05,488,3.312,488,0.976,13,12,0.012429216196844383,0.0012429216196844384,0.012429216196844383,0.01298417894162575,0.001194180472626356,0.012547838634795156,0.6143769096732136
relatively_sparse,500,0.012429216196844383,0.0012429216196844384,10.0,1.9953178628215948,19,edge_flip_vem,,,,367,,,1e-05,488,3.312,488,0.976,13,12,0.012429216196844383,0.0012429216196844384,0.012429216196844383,0.019316039979457855,0.04964620620012283,0.004061457235366106,0.00014959799435964276
relatively_sparse,500,0.012429216196844383,0.0012429216196844384,10.0,1.9953178628215948,19,sbm_dpsgd_all_noised,1.9223734183771504,0.5431122541136532,0.361612254113653,10.999722287676306,5.999848520550712,4.999873767125593,1e-05,488,3.312,488,0.976,13,12,0.012429216196844383,0.0012429216196844384,0.012429216196844383,0.10870562493801117,0.006215082481503487,0.11903703212738037,0.0075731205592406
sparse,500,0.01,0.001,0.5,inf,0,spectral,,,,,,,1e-05,467,2.796,467,0.934,31,28,0.01,0.001,0.01,0.010959310959310959,0.0008175399479747306,0.013273298625768022,0.5615258305454313
sparse,500,0.01,0.001,0.5,75.26107361311833,0,edge_flip_vem,,,,150,,,1e-05,467,2.796,467,0.934,31,28,0.01,0.001,0.01,0.0,0.0,0.006396411918103695,0.0
sparse,500,0.01,0.001,0.5,75.26107361311833,0,sbm_dpsgd_all_noised,70.77218472422943,12.423129399151788,1.0338953100711687,10.999898907279595,5.999944858516143,4.999954048763453,1e-05,467,2.796,467,0.934,31,28,0.01,0.001,0.01,0.11058821529150009,0.005887938197702169,0.11730571836233139,0.0002606881630647816
sparse,500,0.01,0.001,0.5,inf,1,spectral,,,,,,,1e-05,459,2.7,459,0.918,40,37,0.01,0.001,0.01,0.012818540737322463,0.0010836332675413136,0.010816386678455643,0.3760697466890227
sparse,500,0.01,0.001,0.5,75.26107361311833,1,edge_flip_vem,,,,253,,,1e-05,459,2.7,459,0.918,40,37,0.01,0.001,0.01,0.006402755156159401,0.0,0.0,0.0
sparse,500,0.01,0.001,0.5,75.26107361311833,1,sbm_dpsgd_all_noised,70.77218472422943,12.423129399151788,1.0338953100711687,10.999895348726584,5.999942917487227,4.999952431239357,1e-05,459,2.7,459,0.918,40,37,0.01,0.001,0.01,0.12163320928812027,0.005937993060797453,0.10756785422563553,0.005810693818601583
sparse,500,0.01,0.001,0.5,inf,2,spectral,,,,,,,1e-05,458,2.772,458,0.916,36,30,0.01,0.001,0.01,0.006671506779428213,0.0003687315634218289,0.3333333333333333,0.02343372712026787
sparse,500,0.01,0.001,0.5,75.26107361311833,2,edge_flip_vem,,,,259,,,1e-05,458,2.772,458,0.916,36,30,0.01,0.001,0.01,0.006554996129125357,0.0,0.0,0.0
sparse,500,0.01,0.001,0.5,75.26107361311833,2,sbm_dpsgd_all_noised,70.77218472422943,12.423129399151788,1.0338953100711687,10.999684672202422,5.999828003019503,4.999856669182919,1e-05,458,2.772,458,0.916,36,30,0.01,0.001,0.01,0.10159338265657425,0.006166819948703051,0.1286621391773224,0.00012974461191395605
sparse,500,0.01,0.001,0.5,inf,3,spectral,,,,,,,1e-05,457,2.736,457,0.914,39,33,0.01,0.001,0.01,0.006622320768662232,0.0007390983000739098,0.3333333333333333,0.008197741206168134
sparse,500,0.01,0.001,0.5,75.26107361311833,3,edge_flip_vem,,,,277,,,1e-05,457,2.736,457,0.914,39,33,0.01,0.001,0.01,0.006516565103083849,0.0,0.0,0.0
sparse,500,0.01,0.001,0.5,75.26107361311833,3,sbm_dpsgd_all_noised,70.77218472422943,12.423129399151788,1.0338953100711687,10.999894429728588,5.999942416215593,4.999952013512995,1e-05,457,2.736,457,0.914,39,33,0.01,0.001,0.01,0.1204456239938736,0.006219314876943827,0.10755518078804016,0.0001656445939592473
sparse,500,0.01,0.001,0.5,inf,4,spectral,,,,,,,1e-05,455,2.632,455,0.91,41,36,0.01,0.001,0.01,0.006535947712418301,0.0006961364427427776,0.15384615384615385,0.04868619312065654
sparse,500,0.01,0.001,0.5,75.26107361311833,4,edge_flip_vem,,,,188,,,1e-05,455,2.632,455,0.91,41,36,0.01,0.001,0.01,0.006233528722077608,0.026431718841195107,0.0,0.004346650141481046
sparse,500,0.01,0.001,0.5,75.26107361311833,4,sbm_dpsgd_all_noised,70.77218472422943,12.423129399151788,1.0338953100711687,11.0,6.0,5.0,1e-05,455,2.632,455,0.91,41,36,0.01,0.001,0.01,0.09971415251493454,0.005681668408215046,0.13776040077209473,0.0005710147491024517
sparse,500,0.01,0.001,0.5,inf,5,spectral,,,,,,,1e-05,464,2.72,464,0.928,35,32,0.01,0.001,0.01,0.009134103383304662,0.0008674861942745911,0.016865342163355408,0.2878882649497277
sparse,500,0.01,0.001,0.5,75.26107361311833,5,edge_flip_vem,,,,237,,,1e-05,464,2.72,464,0.928,35,32,0.01,0.001,0.01,0.0,0.0,0.006311908829957247,0.0
sparse,500,0.01,0.001,0.5,75.26107361311833,5,sbm_dpsgd_all_noised,70.77218472422943,12.423129399151788,1.0338953100711687,10.999897594399345,5.9999441423996425,4.999953451999702,1e-05,464,2.72,464,0.928,35,32,0.01,0.001,0.01,0.12022627890110016,0.006044256035238504,0.1080523431301117,0.0004793777171395261
sparse,500,0.01,0.001,0.5,inf,6,spectral,,,,,,,1e-05,470,2.916,470,0.94,29,26,0.01,0.001,0.01,0.011349342481417952,0.0008467556373676945,0.013582018173122908,0.5610519194196646
sparse,500,0.01,0.001,0.5,75.26107361311833,6,edge_flip_vem,,,,89,,,1e-05,470,2.916,470,0.94,29,26,0.01,0.001,0.01,0.0,0.0,0.006596198305487633,0.0
sparse,500,0.01,0.001,0.5,75.26107361311833,6,sbm_dpsgd_all_noised,70.77218472422943,12.423129399151788,1.0338953100711687,11.0,6.0,5.0,1e-05,470,2.916,470,0.94,29,26,0.01,0.001,0.01,0.11239462345838547,0.005916394758969545,0.11579320579767227,0.005227283995117621
sparse,500,0.01,0.001,0.5,inf,7,spectral,,,,,,,1e-05,448,2.476,448,0.896,48,42,0.01,0.001,0.01,0.0062383927930146415,0.0003770739064856712,0.3333333333333333,0.024692020017794813
sparse,500,0.01,0.001,0.5,75.26107361311833,7,edge_flip_vem,,,,325,,,1e-05,448,2.476,448,0.896,48,42,0.01,0.001,0.01,0.0,0.0,0.006132151000201702,0.0
sparse,500,0.01,0.001,0.5,75.26107361311833,7,sbm_dpsgd_all_noised,70.77218472422943,12.423129399151788,1.0338953100711687,10.999670421860019,5.999820230105465,4.999850191754554,1e-05,448,2.476,448,0.896,48,42,0.01,0.001,0.01,0.10079970955848694,0.005948910489678383,0.1282050609588623,1.2928104513833964e-05
sparse,500,0.01,0.001,0.5,inf,8,spectral,,,,,,,1e-05,459,2.728,459,0.918,39,36,0.01,0.001,0.01,0.006671033405552477,0.0006898930665746809,0.16666666666666666,0.03072456436212815
sparse,500,0.01,0.001,0.5,75.26107361311833,8,edge_flip_vem,,,,192,,,1e-05,459,2.728,459,0.918,39,36,0.01,0.001,0.01,0.006459837779402733,0.0,0.0,0.0
sparse,500,0.01,0.001,0.5,75.26107361311833,8,sbm_dpsgd_all_noised,70.77218472422943,12.423129399151788,1.0338953100711687,10.999895348726584,5.999942917487227,4.999952431239357,1e-05,459,2.728,459,0.918,39,36,0.01,0.001,0.01,0.10127833485603333,0.0062232231721282005,0.12718148529529572,0.0022375460946693964
sparse,500,0.01,0.001,0.5,inf,9,spectral,,,,,,,1e-05,471,2.624,471,0.942,29,27,0.01,0.001,0.01,0.006081273088945723,0.0005928853754940712,0.18181818181818182,0.041603294172329566
sparse,500,0.01,0.001,0.5,75.26107361311833,9,edge_flip_vem,,,,363,,,1e-05,471,2.624,471,0.942,29,27,0.01,0.001,0.01,0.0,0.027659574523568153,0.0058249784633517265,0.004098499704583616
sparse,500,0.01,0.001,0.5,75.26107361311833,9,sbm_dpsgd_all_noised,70.77218472422943,12.423129399151788,1.0338953100711687,11.0,6.0,5.0,1e-05,471,2.624,471,0.942,29,27,0.01,0.001,0.01,0.11690057069063187,0.00563151016831398,0.11059276014566422,0.006586608207016316
sparse,500,0.01,0.001,0.5,inf,10,spectral,,,,,,,1e-05,463,2.808,463,0.926,34,29,0.01,0.001,0.01,0.0066905894136982036,0.0004894762604013706,0.2222222222222222,0.017345863861445533
sparse,500,0.01,0.001,0.5,75.26107361311833,10,edge_flip_vem,,,,103,,,1e-05,463,2.808,463,0.926,34,29,0.01,0.001,0.01,0.0,0.0,0.006526231300085783,0.0
sparse,500,0.01,0.001,0.5,75.26107361311833,10,sbm_dpsgd_all_noised,70.77218472422943,12.423129399151788,1.0338953100711687,10.999691453255167,5.9998317017755465,4.9998597514796215,1e-05,463,2.808,463,0.926,34,29,0.01,0.001,0.01,0.1133221834897995,0.005826154258102179,0.11445291340351105,0.00016440899784488534
sparse,500,0.01,0.001,0.5,inf,11,spectral,,,,,,,1e-05,449,2.724,449,0.898,46,40,0.01,0.001,0.01,0.015299877600979192,0.0011543950969691882,0.010333281012923141,0.2157165022524612
sparse,500,0.01,0.001,0.5,75.26107361311833,11,edge_flip_vem,,,,227,,,1e-05,449,2.724,449,0.898,46,40,0.01,0.001,0.01,0.0,0.0,0.006711342837661505,0.0
sparse,500,0.01,0.001,0.5,75.26107361311833,11,sbm_dpsgd_all_noised,70.77218472422943,12.423129399151788,1.0338953100711687,10.999890629971365,5.999940343620745,4.999950286350621,1e-05,449,2.724,449,0.898,46,40,0.01,0.001,0.01,0.1296132355928421,0.00635165348649025,0.1062185987830162,0.00044889230785691764
sparse,500,0.01,0.001,0.5,inf,12,spectral,,,,,,,1e-05,467,2.632,467,0.934,28,21,0.01,0.001,0.01,0.010507067599338228,0.0006337135614702154,0.012363566116101614,0.6745121079094515
sparse,500,0.01,0.001,0.5,75.26107361311833,12,edge_flip_vem,,,,466,,,1e-05,467,2.632,467,0.934,28,21,0.01,0.001,0.01,0.0,0.0,0.005992041435092688,0.0
sparse,500,0.01,0.001,0.5,75.26107361311833,12,sbm_dpsgd_all_noised,70.77218472422943,12.423129399151788,1.0338953100711687,10.999898907279595,5.999944858516143,4.999954048763453,1e-05,467,2.632,467,0.934,28,21,0.01,0.001,0.01,0.11198438704013824,0.005637060850858688,0.11542420089244843,0.0014583332128951484
sparse,500,0.01,0.001,0.5,inf,13,spectral,,,,,,,1e-05,463,2.708,463,0.926,34,30,0.01,0.001,0.01,0.011050273768043803,0.0008242478738151437,0.012630141662399726,0.4848317810067285
sparse,500,0.01,0.001,0.5,75.26107361311833,13,edge_flip_vem,,,,335,,,1e-05,463,2.708,463,0.926,34,30,0.01,0.001,0.01,0.0062924837693572044,0.0,0.0,0.0
sparse,500,0.01,0.001,0.5,75.26107361311833,13,sbm_dpsgd_all_noised,70.77218472422943,12.423129399151788,1.0338953100711687,10.999691453255167,5.9998317017755465,4.9998597514796215,1e-05,463,2.708,463,0.926,34,30,0.01,0.001,0.01,0.13706102967262268,0.00603867182508111,0.09554602205753326,0.002832261201936295
sparse,500,0.01,0.001,0.5,inf,14,spectral,,,,,,,1e-05,463,2.84,463,0.926,34,31,0.01,0.001,0.01,0.01435676562580116,0.0007432818753573471,0.011063464837049742,0.5186213556458031
sparse,500,0.01,0.001,0.5,75.26107361311833,14,edge_flip_vem,,,,255,,,1e-05,463,2.84,463,0.926,34,31,0.01,0.001,0.01,0.0,0.0,0.006601030472666025,0.0
sparse,500,0.01,0.001,0.5,75.26107361311833,14,sbm_dpsgd_all_noised,70.77218472422943,12.423129399151788,1.0338953100711687,10.999691453255167,5.9998317017755465,4.9998597514796215,1e-05,463,2.84,463,0.926,34,31,0.01,0.001,0.01,0.1325955092906952,0.006126177962869406,0.10392120480537415,0.0009691993179238161
sparse,500,0.01,0.001,0.5,inf,15,spectral,,,,,,,1e-05,448,2.724,448,0.896,45,37,0.01,0.001,0.01,0.006823079987334403,0.0004514672686230248,0.4,0.0217824523061022
sparse,500,0.01,0.001,0.5,75.26107361311833,15,edge_flip_vem,,,,101,,,1e-05,448,2.724,448,0.896,45,37,0.01,0.001,0.01,0.0,0.0,0.006721396464854479,0.0
sparse,500,0.01,0.001,0.5,75.26107361311833,15,sbm_dpsgd_all_noised,70.77218472422943,12.423129399151788,1.0338953100711687,10.999670421860019,5.999820230105465,4.999850191754554,1e-05,448,2.724,448,0.896,45,37,0.01,0.001,0.01,0.11682909727096558,0.006039452273398638,0.11183105409145355,0.0001390749866102583
sparse,500,0.01,0.001,0.5,inf,16,spectral,,,,,,,1e-05,457,2.804,457,0.914,39,34,0.01,0.001,0.01,0.0132213608957795,0.001152604887044721,0.011376210235131396,0.5852680326777043
sparse,500,0.01,0.001,0.5,75.26107361311833,16,edge_flip_vem,,,,286,,,1e-05,457,2.804,457,0.914,39,34,0.01,0.001,0.01,0.0,0.02631578966975212,0.006593406666070223,0.0042733735071288316
sparse,500,0.01,0.001,0.5,75.26107361311833,16,sbm_dpsgd_all_noised,70.77218472422943,12.423129399151788,1.0338953100711687,10.999894429728588,5.999942416215593,4.999952013512995,1e-05,457,2.804,457,0.914,39,34,0.01,0.001,0.01,0.10682687908411026,0.006203464698046446,0.1261724829673767,0.021822153377309108
sparse,500,0.01,0.001,0.5,inf,17,spectral,,,,,,,1e-05,459,2.716,459,0.918,40,37,0.01,0.001,0.01,0.00653499431105406,0.0004405286343612335,0.4,0.020530305579671535
sparse,500,0.01,0.001,0.5,75.26107361311833,17,edge_flip_vem,,,,155,,,1e-05,459,2.716,459,0.918,40,37,0.01,0.001,0.01,0.0,0.0,0.006440810393542051,0.0
sparse,500,0.01,0.001,0.5,75.26107361311833,17,sbm_dpsgd_all_noised,70.77218472422943,12.423129399151788,1.0338953100711687,10.999895348726584,5.999942917487227,4.999952431239357,1e-05,459,2.716,459,0.918,40,37,0.01,0.001,0.01,0.1353483945131302,0.006058515049517155,0.09788873791694641,0.0005722139656833861
sparse,500,0.01,0.001,0.5,inf,18,spectral,,,,,,,1e-05,455,2.732,455,0.91,44,41,0.01,0.001,0.01,0.006864775315800373,0.0006060606060606061,0.13333333333333333,0.0018216714553179378
sparse,500,0.01,0.001,0.5,75.26107361311833,18,edge_flip_vem,,,,211,,,1e-05,455,2.732,455,0.91,44,41,0.01,0.001,0.01,0.0,0.0,0.006593406666070223,0.0
sparse,500,0.01,0.001,0.5,75.26107361311833,18,sbm_dpsgd_all_noised,70.77218472422943,12.423129399151788,1.0338953100711687,11.0,6.0,5.0,1e-05,455,2.732,455,0.91,44,41,0.01,0.001,0.01,0.1312435418367386,0.0061167762614786625,0.10065778344869614,0.0022261571778383555
sparse,500,0.01,0.001,0.5,inf,19,spectral,,,,,,,1e-05,463,2.732,463,0.926,32,26,0.01,0.001,0.01,0.011520358118560942,0.0008809416704153546,0.012058570198105082,0.557400623339016
sparse,500,0.01,0.001,0.5,75.26107361311833,19,edge_flip_vem,,,,109,,,1e-05,463,2.732,463,0.926,32,26,0.01,0.001,0.01,0.0063298833556473255,0.0,0.0,0.0
sparse,500,0.01,0.001,0.5,75.26107361311833,19,sbm_dpsgd_all_noised,70.77218472422943,12.423129399151788,1.0338953100711687,10.999691453255167,5.9998317017755465,4.9998597514796215,1e-05,463,2.732,463,0.926,32,26,0.01,0.001,0.01,0.09809701144695282,0.005861219484359026,0.134765163064003,2.0824763387761133e-06
sparse,500,0.01,0.001,1.0,inf,0,spectral,,,,,,,1e-05,467,2.796,467,0.934,31,28,0.01,0.001,0.01,0.010959310959310959,0.0008175399479747306,0.013273298625768022,0.5615258305454313
sparse,500,0.01,0.001,1.0,27.449962502007253,0,edge_flip_vem,,,,150,,,1e-05,467,2.796,467,0.934,31,28,0.01,0.001,0.01,0.0,0.0,0.006396411918103695,0.0
sparse,500,0.01,0.001,1.0,27.449962502007253,0,sbm_dpsgd_all_noised,26.32774027978503,5.635918426327381,0.5431122541136532,10.999898907279595,5.999944858516143,4.999954048763453,1e-05,467,2.796,467,0.934,31,28,0.01,0.001,0.01,0.11239398270845413,0.005899008363485336,0.11504604667425156,3.041578087365803e-05
sparse,500,0.01,0.001,1.0,inf,1,spectral,,,,,,,1e-05,459,2.7,459,0.918,40,37,0.01,0.001,0.01,0.012818540737322463,0.0010836332675413136,0.010816386678455643,0.3760697466890227
sparse,500,0.01,0.001,1.0,27.449962502007253,1,edge_flip_vem,,,,253,,,1e-05,459,2.7,459,0.918,40,37,0.01,0.001,0.01,0.006402755156159401,0.0,0.0,0.0
sparse,500,0.01,0.001,1.0,27.449962502007253,1,sbm_dpsgd_all_noised,26.32774027978503,5.635918426327381,0.5431122541136532,10.999895348726584,5.999942917487227,4.999952431239357,1e-05,459,2.7,459,0.918,40,37,0.01,0.001,0.01,0.11859634518623352,0.005919792223721743,0.10988045483827591,0.0007684458790339694
sparse,500,0.01,0.001,1.0,inf,2,spectral,,,,,,,1e-05,458,2.772,458,0.916,36,30,0.01,0.001,0.01,0.006671506779428213,0.0003687315634218289,0.3333333333333333,0.02343372712026787
sparse,500,0.01,0.001,1.0,27.449962502007253,2,edge_flip_vem,,,,259,,,1e-05,458,2.772,458,0.916,36,30,0.01,0.001,0.01,0.006554996129125357,0.0,0.0,0.0
sparse,500,0.01,0.001,1.0,27.449962502007253,2,sbm_dpsgd_all_noised,26.32774027978503,5.635918426327381,0.5431122541136532,10.999684672202422,5.999828003019503,4.999856669182919,1e-05,458,2.772,458,0.916,36,30,0.01,0.001,0.01,0.10400739312171936,0.0062721348367631435,0.12543779611587524,0.00609821919843984
sparse,500,0.01,0.001,1.0,inf,3,spectral,,,,,,,1e-05,457,2.736,457,0.914,39,33,0.01,0.001,0.01,0.006622320768662232,0.0007390983000739098,0.3333333333333333,0.008197741206168134
sparse,500,0.01,0.001,1.0,27.449962502007253,3,edge_flip_vem,,,,277,,,1e-05,457,2.736,457,0.914,39,33,0.01,0.001,0.01,0.006516565103083849,0.0,0.0,0.0
sparse,500,0.01,0.001,1.0,27.449962502007253,3,sbm_dpsgd_all_noised,26.32774027978503,5.635918426327381,0.5431122541136532,10.999894429728588,5.999942416215593,4.999952013512995,1e-05,457,2.736,457,0.914,39,33,0.01,0.001,0.01,0.12098225951194763,0.006186746060848236,0.1068781241774559,0.0002791527662229212
sparse,500,0.01,0.001,1.0,inf,4,spectral,,,,,,,1e-05,455,2.632,455,0.91,41,36,0.01,0.001,0.01,0.006535947712418301,0.0006961364427427776,0.15384615384615385,0.04868619312065654
sparse,500,0.01,0.001,1.0,27.449962502007253,4,edge_flip_vem,,,,188,,,1e-05,455,2.632,455,0.91,41,36,0.01,0.001,0.01,0.006233528722077608,0.026431718841195107,0.0,0.004346650141481046
sparse,500,0.01,0.001,1.0,27.449962502007253,4,sbm_dpsgd_all_noised,26.32774027978503,5.635918426327381,0.5431122541136532,11.0,6.0,5.0,1e-05,455,2.632,455,0.91,41,36,0.01,0.001,0.01,0.1002303808927536,0.005717943422496319,0.1368352621793747,0.001515296924365268
sparse,500,0.01,0.001,1.0,inf,5,spectral,,,,,,,1e-05,464,2.72,464,0.928,35,32,0.01,0.001,0.01,0.009134103383304662,0.0008674861942745911,0.016865342163355408,0.2878882649497277
sparse,500,0.01,0.001,1.0,27.449962502007253,5,edge_flip_vem,,,,237,,,1e-05,464,2.72,464,0.928,35,32,0.01,0.001,0.01,0.0,0.0,0.006311908829957247,0.0
sparse,500,0.01,0.001,1.0,27.449962502007253,5,sbm_dpsgd_all_noised,26.32774027978503,5.635918426327381,0.5431122541136532,10.999897594399345,5.9999441423996425,4.999953451999702,1e-05,464,2.72,464,0.928,35,32,0.01,0.001,0.01,0.12214137613773346,0.0059757111594080925,0.10654886811971664,0.0002158857616987284
sparse,500,0.01,0.001,1.0,inf,6,spectral,,,,,,,1e-05,470,2.916,470,0.94,29,26,0.01,0.001,0.01,0.011349342481417952,0.0008467556373676945,0.013582018173122908,0.5610519194196646
sparse,500,0.01,0.001,1.0,27.449962502007253,6,edge_flip_vem,,,,89,,,1e-05,470,2.916,470,0.94,29,26,0.01,0.001,0.01,0.0,0.0,0.006596198305487633,0.0
sparse,500,0.01,0.001,1.0,27.449962502007253,6,sbm_dpsgd_all_noised,26.32774027978503,5.635918426327381,0.5431122541136532,11.0,6.0,5.0,1e-05,470,2.916,470,0.94,29,26,0.01,0.001,0.01,0.11359789222478867,0.005981032270938158,0.11472032964229584,5.008449410038879e-05
sparse,500,0.01,0.001,1.0,inf,7,spectral,,,,,,,1e-05,448,2.476,448,0.896,48,42,0.01,0.001,0.01,0.0062383927930146415,0.0003770739064856712,0.3333333333333333,0.024692020017794813
sparse,500,0.01,0.001,1.0,27.449962502007253,7,edge_flip_vem,,,,325,,,1e-05,448,2.476,448,0.896,48,42,0.01,0.001,0.01,0.0,0.0,0.006132151000201702,0.0
sparse,500,0.01,0.001,1.0,27.449962502007253,7,sbm_dpsgd_all_noised,26.32774027978503,5.635918426327381,0.5431122541136532,10.999670421860019,5.999820230105465,4.999850191754554,1e-05,448,2.476,448,0.896,48,42,0.01,0.001,0.01,0.103050597012043,0.00593545101583004,0.1254172921180725,0.00633937624625536
sparse,500,0.01,0.001,1.0,inf,8,spectral,,,,,,,1e-05,459,2.728,459,0.918,39,36,0.01,0.001,0.01,0.006671033405552477,0.0006898930665746809,0.16666666666666666,0.03072456436212815
sparse,500,0.01,0.001,1.0,27.449962502007253,8,edge_flip_vem,,,,192,,,1e-05,459,2.728,459,0.918,39,36,0.01,0.001,0.01,0.006459837779402733,0.0,0.0,0.0
sparse,500,0.01,0.001,1.0,27.449962502007253,8,sbm_dpsgd_all_noised,26.32774027978503,5.635918426327381,0.5431122541136532,10.999895348726584,5.999942917487227,4.999952431239357,1e-05,459,2.728,459,0.918,39,36,0.01,0.001,0.01,0.10428648442029953,0.006327400915324688,0.12317874282598495,0.0006003369404434439
sparse,500,0.01,0.001,1.0,inf,9,spectral,,,,,,,1e-05,471,2.624,471,0.942,29,27,0.01,0.001,0.01,0.006081273088945723,0.0005928853754940712,0.18181818181818182,0.041603294172329566
sparse,500,0.01,0.001,1.0,27.449962502007253,9,edge_flip_vem,,,,363,,,1e-05,471,2.624,471,0.942,29,27,0.01,0.001,0.01,0.0,0.027659574523568153,0.0058249784633517265,0.004098499704583616
sparse,500,0.01,0.001,1.0,27.449962502007253,9,sbm_dpsgd_all_noised,26.32774027978503,5.635918426327381,0.5431122541136532,11.0,6.0,5.0,1e-05,471,2.624,471,0.942,29,27,0.01,0.001,0.01,0.1132107824087143,0.005631725769490004,0.11448918282985687,0.008471924323581842
sparse,500,0.01,0.001,1.0,inf,10,spectral,,,,,,,1e-05,463,2.808,463,0.926,34,29,0.01,0.001,0.01,0.0066905894136982036,0.0004894762604013706,0.2222222222222222,0.017345863861445533
sparse,500,0.01,0.001,1.0,27.449962502007253,10,edge_flip_vem,,,,103,,,1e-05,463,2.808,463,0.926,34,29,0.01,0.001,0.01,0.0,0.0,0.006526231300085783,0.0
sparse,500,0.01,0.001,1.0,27.449962502007253,10,sbm_dpsgd_all_noised,26.32774027978503,5.635918426327381,0.5431122541136532,10.999691453255167,5.9998317017755465,4.9998597514796215,1e-05,463,2.808,463,0.926,34,29,0.01,0.001,0.01,0.11488964408636093,0.0056391325779259205,0.11316138505935669,3.4386211961541996e-06
sparse,500,0.01,0.001,1.0,inf,11,spectral,,,,,,,1e-05,449,2.724,449,0.898,46,40,0.01,0.001,0.01,0.015299877600979192,0.0011543950969691882,0.010333281012923141,0.2157165022524612
sparse,500,0.01,0.001,1.0,27.449962502007253,11,edge_flip_vem,,,,227,,,1e-05,449,2.724,449,0.898,46,40,0.01,0.001,0.01,0.0,0.0,0.006711342837661505,0.0
sparse,500,0.01,0.001,1.0,27.449962502007253,11,sbm_dpsgd_all_noised,26.32774027978503,5.635918426327381,0.5431122541136532,10.999890629971365,5.999940343620745,4.999950286350621,1e-05,449,2.724,449,0.898,46,40,0.01,0.001,0.01,0.13043321669101715,0.006413313094526529,0.10594062507152557,0.00030111052483463896
sparse,500,0.01,0.001,1.0,inf,12,spectral,,,,,,,1e-05,467,2.632,467,0.934,28,21,0.01,0.001,0.01,0.010507067599338228,0.0006337135614702154,0.012363566116101614,0.6745121079094515
sparse,500,0.01,0.001,1.0,27.449962502007253,12,edge_flip_vem,,,,466,,,1e-05,467,2.632,467,0.934,28,21,0.01,0.001,0.01,0.0,0.0,0.005992041435092688,0.0
sparse,500,0.01,0.001,1.0,27.449962502007253,12,sbm_dpsgd_all_noised,26.32774027978503,5.635918426327381,0.5431122541136532,10.999898907279595,5.999944858516143,4.999954048763453,1e-05,467,2.632,467,0.934,28,21,0.01,0.001,0.01,0.11189987510442734,0.005681995302438736,0.11587300896644592,0.0007423594825612661
sparse,500,0.01,0.001,1.0,inf,13,spectral,,,,,,,1e-05,463,2.708,463,0.926,34,30,0.01,0.001,0.01,0.011050273768043803,0.0008242478738151437,0.012630141662399726,0.4848317810067285
sparse,500,0.01,0.001,1.0,27.449962502007253,13,edge_flip_vem,,,,335,,,1e-05,463,2.708,463,0.926,34,30,0.01,0.001,0.01,0.0062924837693572044,0.0,0.0,0.0
sparse,500,0.01,0.001,1.0,27.449962502007253,13,sbm_dpsgd_all_noised,26.32774027978503,5.635918426327381,0.5431122541136532,10.999691453255167,5.9998317017755465,4.9998597514796215,1e-05,463,2.708,463,0.926,34,30,0.01,0.001,0.01,0.1353427618741989,0.006085775326937437,0.09653738141059875,0.000274580856646339
sparse,500,0.01,0.001,1.0,inf,14,spectral,,,,,,,1e-05,463,2.84,463,0.926,34,31,0.01,0.001,0.01,0.01435676562580116,0.0007432818753573471,0.011063464837049742,0.5186213556458031
sparse,500,0.01,0.001,1.0,27.449962502007253,14,edge_flip_vem,,,,255,,,1e-05,463,2.84,463,0.926,34,31,0.01,0.001,0.01,0.0,0.0,0.006601030472666025,0.0
sparse,500,0.01,0.001,1.0,27.449962502007253,14,sbm_dpsgd_all_noised,26.32774027978503,5.635918426327381,0.5431122541136532,10.999691453255167,5.9998317017755465,4.9998597514796215,1e-05,463,2.84,463,0.926,34,31,0.01,0.001,0.01,0.13062207400798798,0.006109984591603279,0.10486073791980743,0.0005639842405297295
sparse,500,0.01,0.001,1.0,inf,15,spectral,,,,,,,1e-05,448,2.724,448,0.896,45,37,0.01,0.001,0.01,0.006823079987334403,0.0004514672686230248,0.4,0.0217824523061022
sparse,500,0.01,0.001,1.0,27.449962502007253,15,edge_flip_vem,,,,101,,,1e-05,448,2.724,448,0.896,45,37,0.01,0.001,0.01,0.0,0.0,0.006721396464854479,0.0
sparse,500,0.01,0.001,1.0,27.449962502007253,15,sbm_dpsgd_all_noised,26.32774027978503,5.635918426327381,0.5431122541136532,10.999670421860019,5.999820230105465,4.999850191754554,1e-05,448,2.724,448,0.896,45,37,0.01,0.001,0.01,0.11693660169839859,0.005889099556952715,0.11179719865322113,0.007655975530070607
sparse,500,0.01,0.001,1.0,inf,16,spectral,,,,,,,1e-05,457,2.804,457,0.914,39,34,0.01,0.001,0.01,0.0132213608957795,0.001152604887044721,0.011376210235131396,0.5852680326777043
sparse,500,0.01,0.001,1.0,27.449962502007253,16,edge_flip_vem,,,,286,,,1e-05,457,2.804,457,0.914,39,34,0.01,0.001,0.01,0.0,0.02631578966975212,0.006593406666070223,0.0042733735071288316
sparse,500,0.01,0.001,1.0,27.449962502007253,16,sbm_dpsgd_all_noised,26.32774027978503,5.635918426327381,0.5431122541136532,10.999894429728588,5.999942416215593,4.999952013512995,1e-05,457,2.804,457,0.914,39,34,0.01,0.001,0.01,0.10605567693710327,0.006181720644235611,0.12737388908863068,0.01749043988768992
sparse,500,0.01,0.001,1.0,inf,17,spectral,,,,,,,1e-05,459,2.716,459,0.918,40,37,0.01,0.001,0.01,0.00653499431105406,0.0004405286343612335,0.4,0.020530305579671535
sparse,500,0.01,0.001,1.0,27.449962502007253,17,edge_flip_vem,,,,155,,,1e-05,459,2.716,459,0.918,40,37,0.01,0.001,0.01,0.0,0.0,0.006440810393542051,0.0
sparse,500,0.01,0.001,1.0,27.449962502007253,17,sbm_dpsgd_all_noised,26.32774027978503,5.635918426327381,0.5431122541136532,10.999895348726584,5.999942917487227,4.999952431239357,1e-05,459,2.716,459,0.918,40,37,0.01,0.001,0.01,0.13476599752902985,0.0061391787603497505,0.09681462496519089,0.002924391293907425
sparse,500,0.01,0.001,1.0,inf,18,spectral,,,,,,,1e-05,455,2.732,455,0.91,44,41,0.01,0.001,0.01,0.006864775315800373,0.0006060606060606061,0.13333333333333333,0.0018216714553179378
sparse,500,0.01,0.001,1.0,27.449962502007253,18,edge_flip_vem,,,,211,,,1e-05,455,2.732,455,0.91,44,41,0.01,0.001,0.01,0.0,0.0,0.006593406666070223,0.0
sparse,500,0.01,0.001,1.0,27.449962502007253,18,sbm_dpsgd_all_noised,26.32774027978503,5.635918426327381,0.5431122541136532,11.0,6.0,5.0,1e-05,455,2.732,455,0.91,44,41,0.01,0.001,0.01,0.12797023355960846,0.006110028829425573,0.10331305116415024,0.000607248523391913
sparse,500,0.01,0.001,1.0,inf,19,spectral,,,,,,,1e-05,463,2.732,463,0.926,32,26,0.01,0.001,0.01,0.011520358118560942,0.0008809416704153546,0.012058570198105082,0.557400623339016
sparse,500,0.01,0.001,1.0,27.449962502007253,19,edge_flip_vem,,,,109,,,1e-05,463,2.732,463,0.926,32,26,0.01,0.001,0.01,0.0063298833556473255,0.0,0.0,0.0
sparse,500,0.01,0.001,1.0,27.449962502007253,19,sbm_dpsgd_all_noised,26.32774027978503,5.635918426327381,0.5431122541136532,10.999691453255167,5.9998317017755465,4.9998597514796215,1e-05,463,2.732,463,0.926,32,26,0.01,0.001,0.01,0.09621810168027878,0.005965074989944696,0.13701412081718445,0.0005847792976050892
sparse,500,0.01,0.001,2.0,inf,0,spectral,,,,,,,1e-05,467,2.796,467,0.934,31,28,0.01,0.001,0.01,0.010959310959310959,0.0008175399479747306,0.013273298625768022,0.5615258305454313
sparse,500,0.01,0.001,2.0,11.732851621374003,0,edge_flip_vem,,,,150,,,1e-05,467,2.796,467,0.934,31,28,0.01,0.001,0.01,0.0,0.0,0.006388489156961441,0.0
sparse,500,0.01,0.001,2.0,11.732851621374003,0,sbm_dpsgd_all_noised,11.245049229064149,2.668102829441137,0.40561225411365304,10.999898907279595,5.999944858516143,4.999954048763453,1e-05,467,2.796,467,0.934,31,28,0.01,0.001,0.01,0.11251761019229889,0.005812218878418207,0.11538372188806534,0.0014583332128951484
sparse,500,0.01,0.001,2.0,inf,1,spectral,,,,,,,1e-05,459,2.7,459,0.918,40,37,0.01,0.001,0.01,0.012818540737322463,0.0010836332675413136,0.010816386678455643,0.3760697466890227
sparse,500,0.01,0.001,2.0,11.732851621374003,1,edge_flip_vem,,,,253,,,1e-05,459,2.7,459,0.918,40,37,0.01,0.001,0.01,0.00639483192935586,0.0,0.0,0.0
sparse,500,0.01,0.001,2.0,11.732851621374003,1,sbm_dpsgd_all_noised,11.245049229064149,2.668102829441137,0.40561225411365304,10.999895348726584,5.999942917487227,4.999952431239357,1e-05,459,2.7,459,0.918,40,37,0.01,0.001,0.01,0.12137001752853394,0.005995579529553652,0.10678243637084961,0.003796105443050179
sparse,500,0.01,0.001,2.0,inf,2,spectral,,,,,,,1e-05,458,2.772,458,0.916,36,30,0.01,0.001,0.01,0.006671506779428213,0.0003687315634218289,0.3333333333333333,0.02343372712026787
sparse,500,0.01,0.001,2.0,11.732851621374003,2,edge_flip_vem,,,,308,,,1e-05,458,2.772,458,0.916,36,30,0.01,0.001,0.01,0.0,0.0,0.006556631065905094,0.0
sparse,500,0.01,0.001,2.0,11.732851621374003,2,sbm_dpsgd_all_noised,11.245049229064149,2.668102829441137,0.40561225411365304,10.999684672202422,5.999828003019503,4.999856669182919,1e-05,458,2.772,458,0.916,36,30,0.01,0.001,0.01,0.10315246134996414,0.0060957372188568115,0.12652842700481415,0.00033008632992035606
sparse,500,0.01,0.001,2.0,inf,3,spectral,,,,,,,1e-05,457,2.736,457,0.914,39,33,0.01,0.001,0.01,0.006622320768662232,0.0007390983000739098,0.3333333333333333,0.008197741206168134
sparse,500,0.01,0.001,2.0,11.732851621374003,3,edge_flip_vem,,,,277,,,1e-05,457,2.736,457,0.914,39,33,0.01,0.001,0.01,0.006508643738925457,0.0,0.0,0.0
sparse,500,0.01,0.001,2.0,11.732851621374003,3,sbm_dpsgd_all_noised,11.245049229064149,2.668102829441137,0.40561225411365304,10.999894429728588,5.999942416215593,4.999952013512995,1e-05,457,2.736,457,0.914,39,33,0.01,0.001,0.01,0.11896391957998276,0.006084198597818613,0.10939325392246246,0.0015427298563556496
sparse,500,0.01,0.001,2.0,inf,4,spectral,,,,,,,1e-05,455,2.632,455,0.91,41,36,0.01,0.001,0.01,0.006535947712418301,0.0006961364427427776,0.15384615384615385,0.04868619312065654
sparse,500,0.01,0.001,2.0,11.732851621374003,4,edge_flip_vem,,,,188,,,1e-05,455,2.632,455,0.91,41,36,0.01,0.001,0.01,0.00622560316696763,0.026424117386341095,0.0,0.004346650141481046
sparse,500,0.01,0.001,2.0,11.732851621374003,4,sbm_dpsgd_all_noised,11.245049229064149,2.668102829441137,0.40561225411365304,11.0,6.0,5.0,1e-05,455,2.632,455,0.91,41,36,0.01,0.001,0.01,0.09941142797470093,0.005784597247838974,0.13505832850933075,0.0015214088856014127
sparse,500,0.01,0.001,2.0,inf,5,spectral,,,,,,,1e-05,464,2.72,464,0.928,35,32,0.01,0.001,0.01,0.009134103383304662,0.0008674861942745911,0.016865342163355408,0.2878882649497277
sparse,500,0.01,0.001,2.0,11.732851621374003,5,edge_flip_vem,,,,196,,,1e-05,464,2.72,464,0.928,35,32,0.01,0.001,0.01,0.0,0.0,0.006322603672742844,0.0
sparse,500,0.01,0.001,2.0,11.732851621374003,5,sbm_dpsgd_all_noised,11.245049229064149,2.668102829441137,0.40561225411365304,10.999897594399345,5.9999441423996425,4.999953451999702,1e-05,464,2.72,464,0.928,35,32,0.01,0.001,0.01,0.11953097581863403,0.00582338310778141,0.10923866182565689,0.0004832430035896054
sparse,500,0.01,0.001,2.0,inf,6,spectral,,,,,,,1e-05,470,2.916,470,0.94,29,26,0.01,0.001,0.01,0.011349342481417952,0.0008467556373676945,0.013582018173122908,0.5610519194196646
sparse,500,0.01,0.001,2.0,11.732851621374003,6,edge_flip_vem,,,,119,,,1e-05,470,2.916,470,0.94,29,26,0.01,0.001,0.01,0.006597351748496294,0.0,0.0,0.0
sparse,500,0.01,0.001,2.0,11.732851621374003,6,sbm_dpsgd_all_noised,11.245049229064149,2.668102829441137,0.40561225411365304,11.0,6.0,5.0,1e-05,470,2.916,470,0.94,29,26,0.01,0.001,0.01,0.11533600836992264,0.005966594442725182,0.1134505569934845,0.002198104587556899
sparse,500,0.01,0.001,2.0,inf,7,spectral,,,,,,,1e-05,448,2.476,448,0.896,48,42,0.01,0.001,0.01,0.0062383927930146415,0.0003770739064856712,0.3333333333333333,0.024692020017794813
sparse,500,0.01,0.001,2.0,11.732851621374003,7,edge_flip_vem,,,,431,,,1e-05,448,2.476,448,0.896,48,42,0.01,0.001,0.01,0.0,0.0,0.006134210620075464,0.0
sparse,500,0.01,0.001,2.0,11.732851621374003,7,sbm_dpsgd_all_noised,11.245049229064149,2.668102829441137,0.40561225411365304,10.999670421860019,5.999820230105465,4.999850191754554,1e-05,448,2.476,448,0.896,48,42,0.01,0.001,0.01,0.1056344136595726,0.005862846039235592,0.12299209088087082,0.0017402849169119046
sparse,500,0.01,0.001,2.0,inf,8,spectral,,,,,,,1e-05,459,2.728,459,0.918,39,36,0.01,0.001,0.01,0.006671033405552477,0.0006898930665746809,0.16666666666666666,0.03072456436212815
sparse,500,0.01,0.001,2.0,11.732851621374003,8,edge_flip_vem,,,,192,,,1e-05,459,2.728,459,0.918,39,36,0.01,0.001,0.01,0.006451915483921766,0.0,0.0,0.0
sparse,500,0.01,0.001,2.0,11.732851621374003,8,sbm_dpsgd_all_noised,11.245049229064149,2.668102829441137,0.40561225411365304,10.999895348726584,5.999942917487227,4.999952431239357,1e-05,459,2.728,459,0.918,39,36,0.01,0.001,0.01,0.10415040701627731,0.006176879163831472,0.12343928217887878,0.0007787444936309535
sparse,500,0.01,0.001,2.0,inf,9,spectral,,,,,,,1e-05,471,2.624,471,0.942,29,27,0.01,0.001,0.01,0.006081273088945723,0.0005928853754940712,0.18181818181818182,0.041603294172329566
sparse,500,0.01,0.001,2.0,11.732851621374003,9,edge_flip_vem,,,,363,,,1e-05,471,2.624,471,0.942,29,27,0.01,0.001,0.01,0.0,0.027651991695165634,0.005817045923322439,0.004098499704583616
sparse,500,0.01,0.001,2.0,11.732851621374003,9,sbm_dpsgd_all_noised,11.245049229064149,2.668102829441137,0.40561225411365304,11.0,6.0,5.0,1e-05,471,2.624,471,0.942,29,27,0.01,0.001,0.01,0.11670868843793869,0.005588972009718418,0.11113417893648148,2.7876043318976304e-06
sparse,500,0.01,0.001,2.0,inf,10,spectral,,,,,,,1e-05,463,2.808,463,0.926,34,29,0.01,0.001,0.01,0.0066905894136982036,0.0004894762604013706,0.2222222222222222,0.017345863861445533
sparse,500,0.01,0.001,2.0,11.732851621374003,10,edge_flip_vem,,,,103,,,1e-05,463,2.808,463,0.926,34,29,0.01,0.001,0.01,0.0,0.0,0.006518309935927391,0.0
sparse,500,0.01,0.001,2.0,11.732851621374003,10,sbm_dpsgd_all_noised,11.245049229064149,2.668102829441137,0.40561225411365304,10.999691453255167,5.9998317017755465,4.9998597514796215,1e-05,463,2.808,463,0.926,34,29,0.01,0.001,0.01,0.11613748222589493,0.005900869145989418,0.11171130836009979,0.0024558008262075626
sparse,500,0.01,0.001,2.0,inf,11,spectral,,,,,,,1e-05,449,2.724,449,0.898,46,40,0.01,0.001,0.01,0.015299877600979192,0.0011543950969691882,0.010333281012923141,0.2157165022524612
sparse,500,0.01,0.001,2.0,11.732851621374003,11,edge_flip_vem,,,,227,,,1e-05,449,2.724,449,0.898,46,40,0.01,0.001,0.01,0.0,0.0,0.006703424733132124,0.0
sparse,500,0.01,0.001,2.0,11.732851621374003,11,sbm_dpsgd_all_noised,11.245049229064149,2.668102829441137,0.40561225411365304,10.999890629971365,5.999940343620745,4.999950286350621,1e-05,449,2.724,449,0.898,46,40,0.01,0.001,0.01,0.1309749335050583,0.006395051721483469,0.10446053743362427,8.80509156882373e-05
sparse,500,0.01,0.001,2.0,inf,12,spectral,,,,,,,1e-05,467,2.632,467,0.934,28,21,0.01,0.001,0.01,0.010507067599338228,0.0006337135614702154,0.012363566116101614,0.6745121079094515
sparse,500,0.01,0.001,2.0,11.732851621374003,12,edge_flip_vem,,,,521,,,1e-05,467,2.632,467,0.934,28,21,0.01,0.001,0.01,0.0,0.0,0.00599330198019743,0.0
sparse,500,0.01,0.001,2.0,11.732851621374003,12,sbm_dpsgd_all_noised,11.245049229064149,2.668102829441137,0.40561225411365304,10.999898907279595,5.999944858516143,4.999954048763453,1e-05,467,2.632,467,0.934,28,21,0.01,0.001,0.01,0.11341960728168488,0.005616245791316032,0.11405535042285919,0.004074300436670547
sparse,500,0.01,0.001,2.0,inf,13,spectral,,,,,,,1e-05,463,2.708,463,0.926,34,30,0.01,0.001,0.01,0.011050273768043803,0.0008242478738151437,0.012630141662399726,0.4848317810067285
sparse,500,0.01,0.001,2.0,11.732851621374003,13,edge_flip_vem,,,,199,,,1e-05,463,2.708,463,0.926,34,30,0.01,0.001,0.01,0.006293908692896366,0.0,0.0,0.0
sparse,500,0.01,0.001,2.0,11.732851621374003,13,sbm_dpsgd_all_noised,11.245049229064149,2.668102829441137,0.40561225411365304,10.999691453255167,5.9998317017755465,4.9998597514796215,1e-05,463,2.708,463,0.926,34,30,0.01,0.001,0.01,0.13340125977993011,0.005941501818597317,0.09826289117336273,2.8944362191488474e-05
sparse,500,0.01,0.001,2.0,inf,14,spectral,,,,,,,1e-05,463,2.84,463,0.926,34,31,0.01,0.001,0.01,0.01435676562580116,0.0007432818753573471,0.011063464837049742,0.5186213556458031
sparse,500,0.01,0.001,2.0,11.732851621374003,14,edge_flip_vem,,,,247,,,1e-05,463,2.84,463,0.926,34,31,0.01,0.001,0.01,0.006602460518479347,0.0,0.0,0.0
sparse,500,0.01,0.001,2.0,11.732851621374003,14,sbm_dpsgd_all_noised,11.245049229064149,2.668102829441137,0.40561225411365304,10.999691453255167,5.9998317017755465,4.9998597514796215,1e-05,463,2.84,463,0.926,34,31,0.01,0.001,0.01,0.13133476674556732,0.006060644518584013,0.10366559028625488,0.00016907435779495907
sparse,500,0.01,0.001,2.0,inf,15,spectral,,,,,,,1e-05,448,2.724,448,0.896,45,37,0.01,0.001,0.01,0.006823079987334403,0.0004514672686230248,0.4,0.0217824523061022
sparse,500,0.01,0.001,2.0,11.732851621374003,15,edge_flip_vem,,,,101,,,1e-05,448,2.724,448,0.896,45,37,0.01,0.001,0.01,0.0,0.0,0.006713478825986385,0.0
sparse,500,0.01,0.001,2.0,11.732851621374003,15,sbm_dpsgd_all_noised,11.245049229064149,2.668102829441137,0.40561225411365304,10.999670421860019,5.999820230105465,4.999850191754554,1e-05,448,2.724,448,0.896,45,37,0.01,0.001,0.01,0.11566236615180969,0.005788689479231834,0.11283411085605621,0.002853814837904035
sparse,500,0.01,0.001,2.0,inf,16,spectral,,,,,,,1e-05,457,2.804,457,0.914,39,34,0.01,0.001,0.01,0.0132213608957795,0.001152604887044721,0.011376210235131396,0.5852680326777043
sparse,500,0.01,0.001,2.0,11.732851621374003,16,edge_flip_vem,,,,286,,,1e-05,457,2.804,457,0.914,39,34,0.01,0.001,0.01,0.0,0.02630818635225296,0.006585486698895693,0.0042733735071288316
sparse,500,0.01,0.001,2.0,11.732851621374003,16,sbm_dpsgd_all_noised,11.245049229064149,2.668102829441137,0.40561225411365304,10.999894429728588,5.999942416215593,4.999952013512995,1e-05,457,2.804,457,0.914,39,34,0.01,0.001,0.01,0.10528489947319031,0.0062171826139092445,0.12856923043727875,0.01848963963036288
sparse,500,0.01,0.001,2.0,inf,17,spectral,,,,,,,1e-05,459,2.716,459,0.918,40,37,0.01,0.001,0.01,0.00653499431105406,0.0004405286343612335,0.4,0.020530305579671535
sparse,500,0.01,0.001,2.0,11.732851621374003,17,edge_flip_vem,,,,155,,,1e-05,459,2.716,459,0.918,40,37,0.01,0.001,0.01,0.0,0.0,0.0064328876323997974,0.0
sparse,500,0.01,0.001,2.0,11.732851621374003,17,sbm_dpsgd_all_noised,11.245049229064149,2.668102829441137,0.40561225411365304,10.999895348726584,5.999942917487227,4.999952431239357,1e-05,459,2.716,459,0.918,40,37,0.01,0.001,0.01,0.13456259667873383,0.006180282682180405,0.09604045748710632,0.0021358497469956567
sparse,500,0.01,0.001,2.0,inf,18,spectral,,,,,,,1e-05,455,2.732,455,0.91,44,41,0.01,0.001,0.01,0.006864775315800373,0.0006060606060606061,0.13333333333333333,0.0018216714553179378
sparse,500,0.01,0.001,2.0,11.732851621374003,18,edge_flip_vem,,,,104,,,1e-05,455,2.732,455,0.91,44,41,0.01,0.001,0.01,0.006604850757867098,0.0,0.0,0.0
sparse,500,0.01,0.001,2.0,11.732851621374003,18,sbm_dpsgd_all_noised,11.245049229064149,2.668102829441137,0.40561225411365304,11.0,6.0,5.0,1e-05,455,2.732,455,0.91,44,41,0.01,0.001,0.01,0.12506751716136932,0.006023169029504061,0.1045072078704834,0.002216164253734905
sparse,500,0.01,0.001,2.0,inf,19,spectral,,,,,,,1e-05,463,2.732,463,0.926,32,26,0.01,0.001,0.01,0.011520358118560942,0.0008809416704153546,0.012058570198105082,0.557400623339016
sparse,500,0.01,0.001,2.0,11.732851621374003,19,edge_flip_vem,,,,161,,,1e-05,463,2.732,463,0.926,32,26,0.01,0.001,0.01,0.006331309210509062,0.0,0.0,0.0
sparse,500,0.01,0.001,2.0,11.732851621374003,19,sbm_dpsgd_all_noised,11.245049229064149,2.668102829441137,0.40561225411365304,10.999691453255167,5.9998317017755465,4.9998597514796215,1e-05,463,2.732,463,0.926,32,26,0.01,0.001,0.01,0.09657066315412521,0.005977441556751728,0.1347636878490448,0.0007556835829391843
sparse,500,0.01,0.001,5.0,inf,0,spectral,,,,,,,1e-05,467,2.796,467,0.934,31,28,0.01,0.001,0.01,0.010959310959310959,0.0008175399479747306,0.013273298625768022,0.5615258305454313
sparse,500,0.01,0.001,5.0,4.150006096013556,0,edge_flip_vem,,,,332,,,1e-05,467,2.796,467,0.934,31,28,0.01,0.001,0.01,0.006987119093537331,0.037135131657123566,0.0,0.004157977604423819
sparse,500,0.01,0.001,5.0,4.150006096013556,0,sbm_dpsgd_all_noised,3.992894984902444,1.0338953100711687,0.36711225411365295,10.999898907279595,5.999944858516143,4.999954048763453,1e-05,467,2.796,467,0.934,31,28,0.01,0.001,0.01,0.11459517478942871,0.005636286921799183,0.11332689970731735,0.0007379306074290451
sparse,500,0.01,0.001,5.0,inf,1,spectral,,,,,,,1e-05,459,2.7,459,0.918,40,37,0.01,0.001,0.01,0.012818540737322463,0.0010836332675413136,0.010816386678455643,0.3760697466890227
sparse,500,0.01,0.001,5.0,4.150006096013556,1,edge_flip_vem,,,,423,,,1e-05,459,2.7,459,0.918,40,37,0.01,0.001,0.01,0.006379211787134409,0.0,0.0,0.0
sparse,500,0.01,0.001,5.0,4.150006096013556,1,sbm_dpsgd_all_noised,3.992894984902444,1.0338953100711687,0.36711225411365295,10.999895348726584,5.999942917487227,4.999952431239357,1e-05,459,2.7,459,0.918,40,37,0.01,0.001,0.01,0.12186267226934433,0.006087459623813629,0.10591961443424225,0.0005523254516232773
sparse,500,0.01,0.001,5.0,inf,2,spectral,,,,,,,1e-05,458,2.772,458,0.916,36,30,0.01,0.001,0.01,0.006671506779428213,0.0003687315634218289,0.3333333333333333,0.02343372712026787
sparse,500,0.01,0.001,5.0,4.150006096013556,2,edge_flip_vem,,,,274,,,1e-05,458,2.772,458,0.916,36,30,0.01,0.001,0.01,0.0062997182831168175,0.0,0.0,0.0
sparse,500,0.01,0.001,5.0,4.150006096013556,2,sbm_dpsgd_all_noised,3.992894984902444,1.0338953100711687,0.36711225411365295,10.999684672202422,5.999828003019503,4.999856669182919,1e-05,458,2.772,458,0.916,36,30,0.01,0.001,0.01,0.11340455710887909,0.005963827949017286,0.11532556265592575,5.798118616086508e-05
sparse,500,0.01,0.001,5.0,inf,3,spectral,,,,,,,1e-05,457,2.736,457,0.914,39,33,0.01,0.001,0.01,0.006622320768662232,0.0007390983000739098,0.3333333333333333,0.008197741206168134
sparse,500,0.01,0.001,5.0,4.150006096013556,3,edge_flip_vem,,,,516,,,1e-05,457,2.736,457,0.914,39,33,0.01,0.001,0.01,0.0065856571309268475,0.03377428278326988,0.0,0.004219903248785682
sparse,500,0.01,0.001,5.0,4.150006096013556,3,sbm_dpsgd_all_noised,3.992894984902444,1.0338953100711687,0.36711225411365295,10.999894429728588,5.999942416215593,4.999952013512995,1e-05,457,2.736,457,0.914,39,33,0.01,0.001,0.01,0.11282361298799515,0.005938909947872162,0.115744948387146,0.0015288290969672589
sparse,500,0.01,0.001,5.0,inf,4,spectral,,,,,,,1e-05,455,2.632,455,0.91,41,36,0.01,0.001,0.01,0.006535947712418301,0.0006961364427427776,0.15384615384615385,0.04868619312065654
sparse,500,0.01,0.001,5.0,4.150006096013556,4,edge_flip_vem,,,,177,,,1e-05,455,2.632,455,0.91,41,36,0.01,0.001,0.01,0.0,0.0,0.006005764938890934,0.0
sparse,500,0.01,0.001,5.0,4.150006096013556,4,sbm_dpsgd_all_noised,3.992894984902444,1.0338953100711687,0.36711225411365295,11.0,6.0,5.0,1e-05,455,2.632,455,0.91,41,36,0.01,0.001,0.01,0.10353416204452515,0.005801205988973379,0.12983809411525726,0.004268202885925489
sparse,500,0.01,0.001,5.0,inf,5,spectral,,,,,,,1e-05,464,2.72,464,0.928,35,32,0.01,0.001,0.01,0.009134103383304662,0.0008674861942745911,0.016865342163355408,0.2878882649497277
sparse,500,0.01,0.001,5.0,4.150006096013556,5,edge_flip_vem,,,,234,,,1e-05,464,2.72,464,0.928,35,32,0.01,0.001,0.01,0.006388622336089611,0.0,0.0,0.0
sparse,500,0.01,0.001,5.0,4.150006096013556,5,sbm_dpsgd_all_noised,3.992894984902444,1.0338953100711687,0.36711225411365295,10.999897594399345,5.9999441423996425,4.999953451999702,1e-05,464,2.72,464,0.928,35,32,0.01,0.001,0.01,0.118021659553051,0.005611559376120567,0.11030197888612747,0.002257798180959583
sparse,500,0.01,0.001,5.0,inf,6,spectral,,,,,,,1e-05,470,2.916,470,0.94,29,26,0.01,0.001,0.01,0.011349342481417952,0.0008467556373676945,0.013582018173122908,0.5610519194196646
sparse,500,0.01,0.001,5.0,4.150006096013556,6,edge_flip_vem,,,,141,,,1e-05,470,2.916,470,0.94,29,26,0.01,0.001,0.01,0.0,0.0,0.006259717512875795,0.0
sparse,500,0.01,0.001,5.0,4.150006096013556,6,sbm_dpsgd_all_noised,3.992894984902444,1.0338953100711687,0.36711225411365295,11.0,6.0,5.0,1e-05,470,2.916,470,0.94,29,26,0.01,0.001,0.01,0.11636106669902802,0.005775950849056244,0.11209595203399658,0.0006433774976163119
sparse,500,0.01,0.001,5.0,inf,7,spectral,,,,,,,1e-05,448,2.476,448,0.896,48,42,0.01,0.001,0.01,0.0062383927930146415,0.0003770739064856712,0.3333333333333333,0.024692020017794813
sparse,500,0.01,0.001,5.0,4.150006096013556,7,edge_flip_vem,,,,273,,,1e-05,448,2.476,448,0.896,48,42,0.01,0.001,0.01,0.0,0.0,0.005514807533472776,0.0
sparse,500,0.01,0.001,5.0,4.150006096013556,7,sbm_dpsgd_all_noised,3.992894984902444,1.0338953100711687,0.36711225411365295,10.999670421860019,5.999820230105465,4.999850191754554,1e-05,448,2.476,448,0.896,48,42,0.01,0.001,0.01,0.10552260279655457,0.005787653848528862,0.12400979548692703,0.0017353819184195644
sparse,500,0.01,0.001,5.0,inf,8,spectral,,,,,,,1e-05,459,2.728,459,0.918,39,36,0.01,0.001,0.01,0.006671033405552477,0.0006898930665746809,0.16666666666666666,0.03072456436212815
sparse,500,0.01,0.001,5.0,4.150006096013556,8,edge_flip_vem,,,,241,,,1e-05,459,2.728,459,0.918,39,36,0.01,0.001,0.01,0.0,0.0,0.005976652726531029,0.0
sparse,500,0.01,0.001,5.0,4.150006096013556,8,sbm_dpsgd_all_noised,3.992894984902444,1.0338953100711687,0.36711225411365295,10.999895348726584,5.999942917487227,4.999952431239357,1e-05,459,2.728,459,0.918,39,36,0.01,0.001,0.01,0.1143706738948822,0.005898688454180956,0.11439766734838486,0.0001628005999032627
sparse,500,0.01,0.001,5.0,inf,9,spectral,,,,,,,1e-05,471,2.624,471,0.942,29,27,0.01,0.001,0.01,0.006081273088945723,0.0005928853754940712,0.18181818181818182,0.041603294172329566
sparse,500,0.01,0.001,5.0,4.150006096013556,9,edge_flip_vem,,,,429,,,1e-05,471,2.624,471,0.942,29,27,0.01,0.001,0.01,0.0,0.0,0.005642978008836508,0.0
sparse,500,0.01,0.001,5.0,4.150006096013556,9,sbm_dpsgd_all_noised,3.992894984902444,1.0338953100711687,0.36711225411365295,11.0,6.0,5.0,1e-05,471,2.624,471,0.942,29,27,0.01,0.001,0.01,0.11799024045467377,0.005422607529908419,0.11061602085828781,3.607098251955396e-06
sparse,500,0.01,0.001,5.0,inf,10,spectral,,,,,,,1e-05,463,2.808,463,0.926,34,29,0.01,0.001,0.01,0.0066905894136982036,0.0004894762604013706,0.2222222222222222,0.017345863861445533
sparse,500,0.01,0.001,5.0,4.150006096013556,10,edge_flip_vem,,,,315,,,1e-05,463,2.808,463,0.926,34,29,0.01,0.001,0.01,0.0,0.0,0.006032093428075314,0.0
sparse,500,0.01,0.001,5.0,4.150006096013556,10,sbm_dpsgd_all_noised,3.992894984902444,1.0338953100711687,0.36711225411365295,10.999691453255167,5.9998317017755465,4.9998597514796215,1e-05,463,2.808,463,0.926,34,29,0.01,0.001,0.01,0.11372701823711395,0.005922865588217974,0.11409477144479752,0.001213916884363913
sparse,500,0.01,0.001,5.0,inf,11,spectral,,,,,,,1e-05,449,2.724,449,0.898,46,40,0.01,0.001,0.01,0.015299877600979192,0.0011543950969691882,0.010333281012923141,0.2157165022524612
sparse,500,0.01,0.001,5.0,4.150006096013556,11,edge_flip_vem,,,,173,,,1e-05,449,2.724,449,0.898,46,40,0.01,0.001,0.01,0.006496327463537455,0.0,0.0,0.0
sparse,500,0.01,0.001,5.0,4.150006096013556,11,sbm_dpsgd_all_noised,3.992894984902444,1.0338953100711687,0.36711225411365295,10.999890629971365,5.999940343620745,4.999950286350621,1e-05,449,2.724,449,0.898,46,40,0.01,0.001,0.01,0.13422229886054993,0.006464757490903139,0.09975084662437439,0.003442219727442983
sparse,500,0.01,0.001,5.0,inf,12,spectral,,,,,,,1e-05,467,2.632,467,0.934,28,21,0.01,0.001,0.01,0.010507067599338228,0.0006337135614702154,0.012363566116101614,0.6745121079094515
sparse,500,0.01,0.001,5.0,4.150006096013556,12,edge_flip_vem,,,,507,,,1e-05,467,2.632,467,0.934,28,21,0.01,0.001,0.01,0.0,0.03270580247044563,0.0063012875616550446,0.004209648909839751
sparse,500,0.01,0.001,5.0,4.150006096013556,12,sbm_dpsgd_all_noised,3.992894984902444,1.0338953100711687,0.36711225411365295,10.999898907279595,5.999944858516143,4.999954048763453,1e-05,467,2.632,467,0.934,28,21,0.01,0.001,0.01,0.11276707798242569,0.00559342373162508,0.11488194018602371,0.0011982473540904503
sparse,500,0.01,0.001,5.0,inf,13,spectral,,,,,,,1e-05,463,2.708,463,0.926,34,30,0.01,0.001,0.01,0.011050273768043803,0.0008242478738151437,0.012630141662399726,0.4848317810067285
sparse,500,0.01,0.001,5.0,4.150006096013556,13,edge_flip_vem,,,,307,,,1e-05,463,2.708,463,0.926,34,30,0.01,0.001,0.01,0.0060610417276620865,0.0,0.0,0.0
sparse,500,0.01,0.001,5.0,4.150006096013556,13,sbm_dpsgd_all_noised,3.992894984902444,1.0338953100711687,0.36711225411365295,10.999691453255167,5.9998317017755465,4.9998597514796215,1e-05,463,2.708,463,0.926,34,30,0.01,0.001,0.01,0.12797442078590393,0.006118732038885355,0.10040910542011261,0.0014820091899911307
sparse,500,0.01,0.001,5.0,inf,14,spectral,,,,,,,1e-05,463,2.84,463,0.926,34,31,0.01,0.001,0.01,0.01435676562580116,0.0007432818753573471,0.011063464837049742,0.5186213556458031
sparse,500,0.01,0.001,5.0,4.150006096013556,14,edge_flip_vem,,,,353,,,1e-05,463,2.84,463,0.926,34,31,0.01,0.001,0.01,0.0,0.0,0.007035632152110338,0.0
sparse,500,0.01,0.001,5.0,4.150006096013556,14,sbm_dpsgd_all_noised,3.992894984902444,1.0338953100711687,0.36711225411365295,10.999691453255167,5.9998317017755465,4.9998597514796215,1e-05,463,2.84,463,0.926,34,31,0.01,0.001,0.01,0.12935829162597656,0.005863110534846783,0.1040225476026535,0.001231580256199174
sparse,500,0.01,0.001,5.0,inf,15,spectral,,,,,,,1e-05,448,2.724,448,0.896,45,37,0.01,0.001,0.01,0.006823079987334403,0.0004514672686230248,0.4,0.0217824523061022
sparse,500,0.01,0.001,5.0,4.150006096013556,15,edge_flip_vem,,,,375,,,1e-05,448,2.724,448,0.896,45,37,0.01,0.001,0.01,0.006488559301942587,0.03141970932483673,0.0,7.936851514710873e-06
sparse,500,0.01,0.001,5.0,4.150006096013556,15,sbm_dpsgd_all_noised,3.992894984902444,1.0338953100711687,0.36711225411365295,10.999670421860019,5.999820230105465,4.999850191754554,1e-05,448,2.724,448,0.896,45,37,0.01,0.001,0.01,0.11970562487840652,0.005572597496211529,0.11011380702257156,0.010552801114777832
sparse,500,0.01,0.001,5.0,inf,16,spectral,,,,,,,1e-05,457,2.804,457,0.914,39,34,0.01,0.001,0.01,0.0132213608957795,0.001152604887044721,0.011376210235131396,0.5852680326777043
sparse,500,0.01,0.001,5.0,4.150006096013556,16,edge_flip_vem,,,,306,,,1e-05,457,2.804,457,0.914,39,34,0.01,0.001,0.01,0.0,0.0,0.005971694365143776,0.0
sparse,500,0.01,0.001,5.0,4.150006096013556,16,sbm_dpsgd_all_noised,3.992894984902444,1.0338953100711687,0.36711225411365295,10.999894429728588,5.999942416215593,4.999952013512995,1e-05,457,2.804,457,0.914,39,34,0.01,0.001,0.01,0.10325640439987183,0.006066279020160437,0.1291702538728714,0.012957287085349883
sparse,500,0.01,0.001,5.0,inf,17,spectral,,,,,,,1e-05,459,2.716,459,0.918,40,37,0.01,0.001,0.01,0.00653499431105406,0.0004405286343612335,0.4,0.020530305579671535
sparse,500,0.01,0.001,5.0,4.150006096013556,17,edge_flip_vem,,,,366,,,1e-05,459,2.716,459,0.918,40,37,0.01,0.001,0.01,0.0,0.0,0.006349755916744471,0.0
sparse,500,0.01,0.001,5.0,4.150006096013556,17,sbm_dpsgd_all_noised,3.992894984902444,1.0338953100711687,0.36711225411365295,10.999895348726584,5.999942917487227,4.999952431239357,1e-05,459,2.716,459,0.918,40,37,0.01,0.001,0.01,0.12557001411914825,0.006090146489441395,0.10290240496397018,0.0042446945614826835
sparse,500,0.01,0.001,5.0,inf,18,spectral,,,,,,,1e-05,455,2.732,455,0.91,44,41,0.01,0.001,0.01,0.006864775315800373,0.0006060606060606061,0.13333333333333333,0.0018216714553179378
sparse,500,0.01,0.001,5.0,4.150006096013556,18,edge_flip_vem,,,,377,,,1e-05,455,2.732,455,0.91,44,41,0.01,0.001,0.01,0.006665022578090429,0.03626682609319687,0.0,0.0043744519283889245
sparse,500,0.01,0.001,5.0,4.150006096013556,18,sbm_dpsgd_all_noised,3.992894984902444,1.0338953100711687,0.36711225411365295,11.0,6.0,5.0,1e-05,455,2.732,455,0.91,44,41,0.01,0.001,0.01,0.12727078795433044,0.005897552706301212,0.10173023492097855,3.495770060152906e-05
sparse,500,0.01,0.001,5.0,inf,19,spectral,,,,,,,1e-05,463,2.732,463,0.926,32,26,0.01,0.001,0.01,0.011520358118560942,0.0008809416704153546,0.012058570198105082,0.557400623339016
sparse,500,0.01,0.001,5.0,4.150006096013556,19,edge_flip_vem,,,,256,,,1e-05,463,2.732,463,0.926,32,26,0.01,0.001,0.01,0.0,0.0,0.006543511990457773,0.0
sparse,500,0.01,0.001,5.0,4.150006096013556,19,sbm_dpsgd_all_noised,3.992894984902444,1.0338953100711687,0.36711225411365295,10.999691453255167,5.9998317017755465,4.9998597514796215,1e-05,463,2.732,463,0.926,32,26,0.01,0.001,0.01,0.1079549565911293,0.005810035392642021,0.11999984085559845,0.0032029102468121725
sparse,500,0.01,0.001,10.0,inf,0,spectral,,,,,,,1e-05,467,2.796,467,0.934,31,28,0.01,0.001,0.01,0.010959310959310959,0.0008175399479747306,0.013273298625768022,0.5615258305454313
sparse,500,0.01,0.001,10.0,1.9953178628215948,0,edge_flip_vem,,,,345,,,1e-05,467,2.796,467,0.934,31,28,0.01,0.001,0.01,0.0048551433719694614,0.0,0.0,0.0
sparse,500,0.01,0.001,10.0,1.9953178628215948,0,sbm_dpsgd_all_noised,1.9223734183771504,0.5431122541136532,0.361612254113653,10.999898907279595,5.999944858516143,4.999954048763453,1e-05,467,2.796,467,0.934,31,28,0.01,0.001,0.01,0.11105385422706604,0.005528024863451719,0.11711101979017258,0.002777876429854449
sparse,500,0.01,0.001,10.0,inf,1,spectral,,,,,,,1e-05,459,2.7,459,0.918,40,37,0.01,0.001,0.01,0.012818540737322463,0.0010836332675413136,0.010816386678455643,0.3760697466890227
sparse,500,0.01,0.001,10.0,1.9953178628215948,1,edge_flip_vem,,,,129,,,1e-05,459,2.7,459,0.918,40,37,0.01,0.001,0.01,0.007400992792099714,0.0,0.0,0.0
sparse,500,0.01,0.001,10.0,1.9953178628215948,1,sbm_dpsgd_all_noised,1.9223734183771504,0.5431122541136532,0.361612254113653,10.999895348726584,5.999942917487227,4.999952431239357,1e-05,459,2.7,459,0.918,40,37,0.01,0.001,0.01,0.11590291559696198,0.006017592735588551,0.11186937987804413,9.063026800011794e-05
sparse,500,0.01,0.001,10.0,inf,2,spectral,,,,,,,1e-05,458,2.772,458,0.916,36,30,0.01,0.001,0.01,0.006671506779428213,0.0003687315634218289,0.3333333333333333,0.02343372712026787
sparse,500,0.01,0.001,10.0,1.9953178628215948,2,edge_flip_vem,,,,488,,,1e-05,458,2.772,458,0.916,36,30,0.01,0.001,0.01,0.0,0.006728635169565678,0.047907404601573944,0.0007978217875788981
sparse,500,0.01,0.001,10.0,1.9953178628215948,2,sbm_dpsgd_all_noised,1.9223734183771504,0.5431122541136532,0.361612254113653,10.999684672202422,5.999828003019503,4.999856669182919,1e-05,458,2.772,458,0.916,36,30,0.01,0.001,0.01,0.12394827604293823,0.006164352409541607,0.10565951466560364,0.0007027842607134627
sparse,500,0.01,0.001,10.0,inf,3,spectral,,,,,,,1e-05,457,2.736,457,0.914,39,33,0.01,0.001,0.01,0.006622320768662232,0.0007390983000739098,0.3333333333333333,0.008197741206168134
sparse,500,0.01,0.001,10.0,1.9953178628215948,3,edge_flip_vem,,,,484,,,1e-05,457,2.736,457,0.914,39,33,0.01,0.001,0.01,0.0010976026533171535,0.047518305480480194,0.12254365533590317,0.0008982480381300209
sparse,500,0.01,0.001,10.0,1.9953178628215948,3,sbm_dpsgd_all_noised,1.9223734183771504,0.5431122541136532,0.361612254113653,10.999894429728588,5.999942416215593,4.999952013512995,1e-05,457,2.736,457,0.914,39,33,0.01,0.001,0.01,0.11306938529014587,0.005913703236728907,0.11687368899583817,5.824539310515548e-06
sparse,500,0.01,0.001,10.0,inf,4,spectral,,,,,,,1e-05,455,2.632,455,0.91,41,36,0.01,0.001,0.01,0.006535947712418301,0.0006961364427427776,0.15384615384615385,0.04868619312065654
sparse,500,0.01,0.001,10.0,1.9953178628215948,4,edge_flip_vem,,,,256,,,1e-05,455,2.632,455,0.91,41,36,0.01,0.001,0.01,0.0,0.0,0.007742680609226227,0.0
sparse,500,0.01,0.001,10.0,1.9953178628215948,4,sbm_dpsgd_all_noised,1.9223734183771504,0.5431122541136532,0.361612254113653,11.0,6.0,5.0,1e-05,455,2.632,455,0.91,41,36,0.01,0.001,0.01,0.10505092144012451,0.005697300191968679,0.12572228908538818,0.0002718993005610518
sparse,500,0.01,0.001,10.0,inf,5,spectral,,,,,,,1e-05,464,2.72,464,0.928,35,32,0.01,0.001,0.01,0.009134103383304662,0.0008674861942745911,0.016865342163355408,0.2878882649497277
sparse,500,0.01,0.001,10.0,1.9953178628215948,5,edge_flip_vem,,,,396,,,1e-05,464,2.72,464,0.928,35,32,0.01,0.001,0.01,0.0,0.0,0.006472328677773476,0.0
sparse,500,0.01,0.001,10.0,1.9953178628215948,5,sbm_dpsgd_all_noised,1.9223734183771504,0.5431122541136532,0.361612254113653,10.999897594399345,5.9999441423996425,4.999953451999702,1e-05,464,2.72,464,0.928,35,32,0.01,0.001,0.01,0.12531188130378723,0.005383805371820927,0.10457311570644379,0.0026219986798371635
sparse,500,0.01,0.001,10.0,inf,6,spectral,,,,,,,1e-05,470,2.916,470,0.94,29,26,0.01,0.001,0.01,0.011349342481417952,0.0008467556373676945,0.013582018173122908,0.5610519194196646
sparse,500,0.01,0.001,10.0,1.9953178628215948,6,edge_flip_vem,,,,422,,,1e-05,470,2.916,470,0.94,29,26,0.01,0.001,0.01,0.0,0.0,0.00541296973824501,0.0
sparse,500,0.01,0.001,10.0,1.9953178628215948,6,sbm_dpsgd_all_noised,1.9223734183771504,0.5431122541136532,0.361612254113653,11.0,6.0,5.0,1e-05,470,2.916,470,0.94,29,26,0.01,0.001,0.01,0.11189666390419006,0.005797250661998987,0.1163453608751297,0.0063369828901471
sparse,500,0.01,0.001,10.0,inf,7,spectral,,,,,,,1e-05,448,2.476,448,0.896,48,42,0.01,0.001,0.01,0.0062383927930146415,0.0003770739064856712,0.3333333333333333,0.024692020017794813
sparse,500,0.01,0.001,10.0,1.9953178628215948,7,edge_flip_vem,,,,570,,,1e-05,448,2.476,448,0.896,48,42,0.01,0.001,0.01,0.04117799922823906,0.0003532786213327199,0.0,0.0006998721207795924
sparse,500,0.01,0.001,10.0,1.9953178628215948,7,sbm_dpsgd_all_noised,1.9223734183771504,0.5431122541136532,0.361612254113653,10.999670421860019,5.999820230105465,4.999850191754554,1e-05,448,2.476,448,0.896,48,42,0.01,0.001,0.01,0.11068116128444672,0.005611781030893326,0.11924047023057938,0.0003607728150468322
sparse,500,0.01,0.001,10.0,inf,8,spectral,,,,,,,1e-05,459,2.728,459,0.918,39,36,0.01,0.001,0.01,0.006671033405552477,0.0006898930665746809,0.16666666666666666,0.03072456436212815
sparse,500,0.01,0.001,10.0,1.9953178628215948,8,edge_flip_vem,,,,632,,,1e-05,459,2.728,459,0.918,39,36,0.01,0.001,0.01,0.027545280754566193,0.0,0.0,0.005312778402658047
sparse,500,0.01,0.001,10.0,1.9953178628215948,8,sbm_dpsgd_all_noised,1.9223734183771504,0.5431122541136532,0.361612254113653,10.999895348726584,5.999942917487227,4.999952431239357,1e-05,459,2.728,459,0.918,39,36,0.01,0.001,0.01,0.11121033132076263,0.005598014686256647,0.11969568580389023,0.0057783600317359044
sparse,500,0.01,0.001,10.0,inf,9,spectral,,,,,,,1e-05,471,2.624,471,0.942,29,27,0.01,0.001,0.01,0.006081273088945723,0.0005928853754940712,0.18181818181818182,0.041603294172329566
sparse,500,0.01,0.001,10.0,1.9953178628215948,9,edge_flip_vem,,,,430,,,1e-05,471,2.624,471,0.942,29,27,0.01,0.001,0.01,0.002347437897697091,0.05215860903263092,0.09397871792316437,0.004153527033675528
sparse,500,0.01,0.001,10.0,1.9953178628215948,9,sbm_dpsgd_all_noised,1.9223734183771504,0.5431122541136532,0.361612254113653,11.0,6.0,5.0,1e-05,471,2.624,471,0.942,29,27,0.01,0.001,0.01,0.11607396602630615,0.005718356929719448,0.11300770193338394,3.074672482239112e-05
sparse,500,0.01,0.001,10.0,inf,10,spectral,,,,,,,1e-05,463,2.808,463,0.926,34,29,0.01,0.001,0.01,0.0066905894136982036,0.0004894762604013706,0.2222222222222222,0.017345863861445533
sparse,500,0.01,0.001,10.0,1.9953178628215948,10,edge_flip_vem,,,,565,,,1e-05,463,2.808,463,0.926,34,29,0.01,0.001,0.01,0.006771782413125038,0.0,0.0,0.0010215325386337942
sparse,500,0.01,0.001,10.0,1.9953178628215948,10,sbm_dpsgd_all_noised,1.9223734183771504,0.5431122541136532,0.361612254113653,10.999691453255167,5.9998317017755465,4.9998597514796215,1e-05,463,2.808,463,0.926,34,29,0.01,0.001,0.01,0.11607952415943146,0.005932671017944813,0.11183896660804749,3.1550056051163486e-06
sparse,500,0.01,0.001,10.0,inf,11,spectral,,,,,,,1e-05,449,2.724,449,0.898,46,40,0.01,0.001,0.01,0.015299877600979192,0.0011543950969691882,0.010333281012923141,0.2157165022524612
sparse,500,0.01,0.001,10.0,1.9953178628215948,11,edge_flip_vem,,,,284,,,1e-05,449,2.724,449,0.898,46,40,0.01,0.001,0.01,0.003895642701536417,0.05100109800696373,0.16035997867584229,0.000659341925015833
sparse,500,0.01,0.001,10.0,1.9953178628215948,11,sbm_dpsgd_all_noised,1.9223734183771504,0.5431122541136532,0.361612254113653,10.999890629971365,5.999940343620745,4.999950286350621,1e-05,449,2.724,449,0.898,46,40,0.01,0.001,0.01,0.12594307959079742,0.006176486611366272,0.10707796365022659,0.0019016034308249597
sparse,500,0.01,0.001,10.0,inf,12,spectral,,,,,,,1e-05,467,2.632,467,0.934,28,21,0.01,0.001,0.01,0.010507067599338228,0.0006337135614702154,0.012363566116101614,0.6745121079094515
sparse,500,0.01,0.001,10.0,1.9953178628215948,12,edge_flip_vem,,,,305,,,1e-05,467,2.632,467,0.934,28,21,0.01,0.001,0.01,0.008020822890102863,0.0,0.0,0.0
sparse,500,0.01,0.001,10.0,1.9953178628215948,12,sbm_dpsgd_all_noised,1.9223734183771504,0.5431122541136532,0.361612254113653,10.999898907279595,5.999944858516143,4.999954048763453,1e-05,467,2.632,467,0.934,28,21,0.01,0.001,0.01,0.11344993114471436,0.0054006255231797695,0.1159600242972374,0.0007428014251775279
sparse,500,0.01,0.001,10.0,inf,13,spectral,,,,,,,1e-05,463,2.708,463,0.926,34,30,0.01,0.001,0.01,0.011050273768043803,0.0008242478738151437,0.012630141662399726,0.4848317810067285
sparse,500,0.01,0.001,10.0,1.9953178628215948,13,edge_flip_vem,,,,336,,,1e-05,463,2.708,463,0.926,34,30,0.01,0.001,0.01,0.0,0.0,0.006960325874388218,0.0
sparse,500,0.01,0.001,10.0,1.9953178628215948,13,sbm_dpsgd_all_noised,1.9223734183771504,0.5431122541136532,0.361612254113653,10.999691453255167,5.9998317017755465,4.9998597514796215,1e-05,463,2.708,463,0.926,34,30,0.01,0.001,0.01,0.1259460151195526,0.005906848236918449,0.1012139692902565,0.0014827964546778722
sparse,500,0.01,0.001,10.0,inf,14,spectral,,,,,,,1e-05,463,2.84,463,0.926,34,31,0.01,0.001,0.01,0.01435676562580116,0.0007432818753573471,0.011063464837049742,0.5186213556458031
sparse,500,0.01,0.001,10.0,1.9953178628215948,14,edge_flip_vem,,,,374,,,1e-05,463,2.84,463,0.926,34,31,0.01,0.001,0.01,0.0,0.0,0.005681890062987804,0.0
sparse,500,0.01,0.001,10.0,1.9953178628215948,14,sbm_dpsgd_all_noised,1.9223734183771504,0.5431122541136532,0.361612254113653,10.999691453255167,5.9998317017755465,4.9998597514796215,1e-05,463,2.84,463,0.926,34,31,0.01,0.001,0.01,0.1254928708076477,0.005689016543328762,0.10732928663492203,0.0009641619505450608
sparse,500,0.01,0.001,10.0,inf,15,spectral,,,,,,,1e-05,448,2.724,448,0.896,45,37,0.01,0.001,0.01,0.006823079987334403,0.0004514672686230248,0.4,0.0217824523061022
sparse,500,0.01,0.001,10.0,1.9953178628215948,15,edge_flip_vem,,,,294,,,1e-05,448,2.724,448,0.896,45,37,0.01,0.001,0.01,0.0,0.0,0.006370149552822113,0.0
sparse,500,0.01,0.001,10.0,1.9953178628215948,15,sbm_dpsgd_all_noised,1.9223734183771504,0.5431122541136532,0.361612254113653,10.999670421860019,5.999820230105465,4.999850191754554,1e-05,448,2.724,448,0.896,45,37,0.01,0.001,0.01,0.11865565180778503,0.005438678897917271,0.11132744699716568,5.76061019318391e-05
sparse,500,0.01,0.001,10.0,inf,16,spectral,,,,,,,1e-05,457,2.804,457,0.914,39,34,0.01,0.001,0.01,0.0132213608957795,0.001152604887044721,0.011376210235131396,0.5852680326777043
sparse,500,0.01,0.001,10.0,1.9953178628215948,16,edge_flip_vem,,,,302,,,1e-05,457,2.804,457,0.914,39,34,0.01,0.001,0.01,1.0,0.07668403536081314,0.0026000828947871923,2.917979212941487e-08
sparse,500,0.01,0.001,10.0,1.9953178628215948,16,sbm_dpsgd_all_noised,1.9223734183771504,0.5431122541136532,0.361612254113653,10.999894429728588,5.999942416215593,4.999952013512995,1e-05,457,2.804,457,0.914,39,34,0.01,0.001,0.01,0.1041046530008316,0.0059361509047448635,0.1271921694278717,2.9943537861033837e-06
sparse,500,0.01,0.001,10.0,inf,17,spectral,,,,,,,1e-05,459,2.716,459,0.918,40,37,0.01,0.001,0.01,0.00653499431105406,0.0004405286343612335,0.4,0.020530305579671535
sparse,500,0.01,0.001,10.0,1.9953178628215948,17,edge_flip_vem,,,,267,,,1e-05,459,2.716,459,0.918,40,37,0.01,0.001,0.01,0.0,0.0,0.007751218508929014,0.0
sparse,500,0.01,0.001,10.0,1.9953178628215948,17,sbm_dpsgd_all_noised,1.9223734183771504,0.5431122541136532,0.361612254113653,10.999895348726584,5.999942917487227,4.999952431239357,1e-05,459,2.716,459,0.918,40,37,0.01,0.001,0.01,0.12669163942337036,0.005868712440133095,0.10230410844087601,2.4002564996271745e-06
sparse,500,0.01,0.001,10.0,inf,18,spectral,,,,,,,1e-05,455,2.732,455,0.91,44,41,0.01,0.001,0.01,0.006864775315800373,0.0006060606060606061,0.13333333333333333,0.0018216714553179378
sparse,500,0.01,0.001,10.0,1.9953178628215948,18,edge_flip_vem,,,,612,,,1e-05,455,2.732,455,0.91,44,41,0.01,0.001,0.01,0.008731633424758911,0.07726790755987167,0.0,0.012733696804833348
sparse,500,0.01,0.001,10.0,1.9953178628215948,18,sbm_dpsgd_all_noised,1.9223734183771504,0.5431122541136532,0.361612254113653,11.0,6.0,5.0,1e-05,455,2.732,455,0.91,44,41,0.01,0.001,0.01,0.12523093819618225,0.005632317159324884,0.10178995132446289,0.000594122855799269
sparse,500,0.01,0.001,10.0,inf,19,spectral,,,,,,,1e-05,463,2.732,463,0.926,32,26,0.01,0.001,0.01,0.011520358118560942,0.0008809416704153546,0.012058570198105082,0.557400623339016
sparse,500,0.01,0.001,10.0,1.9953178628215948,19,edge_flip_vem,,,,239,,,1e-05,463,2.732,463,0.926,32,26,0.01,0.001,0.01,0.0,0.08219356834888458,0.006791260093450546,2.2747172774832428e-06
sparse,500,0.01,0.001,10.0,1.9953178628215948,19,sbm_dpsgd_all_noised,1.9223734183771504,0.5431122541136532,0.361612254113653,10.999691453255167,5.9998317017755465,4.9998597514796215,1e-05,463,2.732,463,0.926,32,26,0.01,0.001,0.01,0.10937796533107758,0.0056048487313091755,0.11815279722213745,0.005101992809623512
