regime,N,p,q,sigma,epsilon,rep,method,epsilon_gamma,epsilon_beta,epsilon_rho,epochs,epochs_gamma,epochs_beta,delta,mean_degree,lcc_size,lcc_frac,n_components,n_isolated,beta_true_00,beta_true_01,beta_true_11,beta_est_00,beta_est_01,beta_est_11,nmi
relatively_sparse,500,0.012429216196844383,0.0012429216196844384,0.5,75.26107361311833,0,edge_flip_vem,,,,546,,,1e-05,3.436,482,0.964,19,18,0.012429216196844383,0.0012429216196844384,0.012429216196844383,0.0,0.020665323361754417,0.006663408130407333,0.002851159969085246
relatively_sparse,500,0.012429216196844383,0.0012429216196844384,0.5,75.26107361311833,0,sbm_dpsgd_all_noised,70.77218472422943,12.423129399151788,1.0338953100711687,11.0,6.0,5.0,1e-05,3.436,482,0.964,19,18,0.012429216196844383,0.0012429216196844384,0.012429216196844383,0.10208760201931,0.006401784718036652,0.1280440390110016,0.0005666097487232762
relatively_sparse,500,0.012429216196844383,0.0012429216196844384,0.5,75.26107361311833,1,edge_flip_vem,,,,715,,,1e-05,3.416,489,0.978,11,9,0.012429216196844383,0.0012429216196844384,0.012429216196844383,0.0,0.019393939524888992,0.006592238321900368,0.0005429505113007086
relatively_sparse,500,0.012429216196844383,0.0012429216196844384,0.5,75.26107361311833,1,sbm_dpsgd_all_noised,70.77218472422943,12.423129399151788,1.0338953100711687,11.0,6.0,5.0,1e-05,3.416,489,0.978,11,9,0.012429216196844383,0.0012429216196844384,0.012429216196844383,0.10388246923685074,0.005993362981826067,0.12649673223495483,0.005601187280047515
relatively_sparse,500,0.012429216196844383,0.0012429216196844384,0.5,75.26107361311833,2,edge_flip_vem,,,,712,,,1e-05,3.58,483,0.966,17,15,0.012429216196844383,0.0012429216196844384,0.012429216196844383,0.00477326987311244,0.011461740359663963,0.027160493656992912,0.005863795645189283
relatively_sparse,500,0.012429216196844383,0.0012429216196844384,0.5,75.26107361311833,2,sbm_dpsgd_all_noised,70.77218472422943,12.423129399151788,1.0338953100711687,11.0,6.0,5.0,1e-05,3.58,483,0.966,17,15,0.012429216196844383,0.0012429216196844384,0.012429216196844383,0.1293323040008545,0.006179419811815023,0.1006370410323143,0.004647542311117001
relatively_sparse,500,0.012429216196844383,0.0012429216196844384,0.5,75.26107361311833,3,edge_flip_vem,,,,326,,,1e-05,3.452,485,0.97,15,13,0.012429216196844383,0.0012429216196844384,0.012429216196844383,0.0,0.0,0.006917835678905249,0.0
relatively_sparse,500,0.012429216196844383,0.0012429216196844384,0.5,75.26107361311833,3,sbm_dpsgd_all_noised,70.77218472422943,12.423129399151788,1.0338953100711687,11.0,6.0,5.0,1e-05,3.452,485,0.97,15,13,0.012429216196844383,0.0012429216196844384,0.012429216196844383,0.10204272717237473,0.006097317207604647,0.127706378698349,0.006136811094267209
relatively_sparse,500,0.012429216196844383,0.0012429216196844384,0.5,75.26107361311833,4,edge_flip_vem,,,,548,,,1e-05,3.476,482,0.964,19,18,0.012429216196844383,0.0012429216196844384,0.012429216196844383,0.06666667014360428,0.019568150863051414,0.006651829928159714,0.007764754393899945
relatively_sparse,500,0.012429216196844383,0.0012429216196844384,0.5,75.26107361311833,4,sbm_dpsgd_all_noised,70.77218472422943,12.423129399151788,1.0338953100711687,11.0,6.0,5.0,1e-05,3.476,482,0.964,19,18,0.012429216196844383,0.0012429216196844384,0.012429216196844383,0.09742098301649094,0.0062097967602312565,0.13476106524467468,0.0005656226958973042
relatively_sparse,500,0.012429216196844383,0.0012429216196844384,0.5,75.26107361311833,5,edge_flip_vem,,,,277,,,1e-05,3.408,478,0.956,23,22,0.012429216196844383,0.0012429216196844384,0.012429216196844383,0.036363635212183,0.01635991781949997,0.006386402528733015,0.00023302813364847914
relatively_sparse,500,0.012429216196844383,0.0012429216196844384,0.5,75.26107361311833,5,sbm_dpsgd_all_noised,70.77218472422943,12.423129399151788,1.0338953100711687,11.0,6.0,5.0,1e-05,3.408,478,0.956,23,22,0.012429216196844383,0.0012429216196844384,0.012429216196844383,0.10645654052495956,0.005957812536507845,0.12068642675876617,0.0013984731232530231
relatively_sparse,500,0.012429216196844383,0.0012429216196844384,0.5,75.26107361311833,6,edge_flip_vem,,,,344,,,1e-05,3.304,476,0.952,22,19,0.012429216196844383,0.0012429216196844384,0.012429216196844383,0.00898462999612093,0.0018589901737868786,0.00025536262546665967,2.3537408551879442e-05
relatively_sparse,500,0.012429216196844383,0.0012429216196844384,0.5,75.26107361311833,6,sbm_dpsgd_all_noised,70.77218472422943,12.423129399151788,1.0338953100711687,11.0,6.0,5.0,1e-05,3.304,476,0.952,22,19,0.012429216196844383,0.0012429216196844384,0.012429216196844383,0.11528096348047256,0.006035177502781153,0.11373070627450943,0.0007390435571570498
relatively_sparse,500,0.012429216196844383,0.0012429216196844384,0.5,75.26107361311833,7,edge_flip_vem,,,,260,,,1e-05,3.24,474,0.948,25,22,0.012429216196844383,0.0012429216196844384,0.012429216196844383,0.0,0.0,0.006492985878139734,0.0
relatively_sparse,500,0.012429216196844383,0.0012429216196844384,0.5,75.26107361311833,7,sbm_dpsgd_all_noised,70.77218472422943,12.423129399151788,1.0338953100711687,11.0,6.0,5.0,1e-05,3.24,474,0.948,25,22,0.012429216196844383,0.0012429216196844384,0.012429216196844383,0.13816867768764496,0.00596186239272356,0.09892609715461731,0.0
relatively_sparse,500,0.012429216196844383,0.0012429216196844384,0.5,75.26107361311833,8,edge_flip_vem,,,,388,,,1e-05,3.46,473,0.946,28,27,0.012429216196844383,0.0012429216196844384,0.012429216196844383,0.0,0.0,0.006933867931365967,0.0
relatively_sparse,500,0.012429216196844383,0.0012429216196844384,0.5,75.26107361311833,8,sbm_dpsgd_all_noised,70.77218472422943,12.423129399151788,1.0338953100711687,11.0,6.0,5.0,1e-05,3.46,473,0.946,28,27,0.012429216196844383,0.0012429216196844384,0.012429216196844383,0.10494927316904068,0.006016062572598457,0.12347187101840973,0.0037440114111329625
relatively_sparse,500,0.012429216196844383,0.0012429216196844384,0.5,75.26107361311833,9,edge_flip_vem,,,,306,,,1e-05,3.316,485,0.97,16,15,0.012429216196844383,0.0012429216196844384,0.012429216196844383,0.006645290646702051,0.0,0.0,0.0
relatively_sparse,500,0.012429216196844383,0.0012429216196844384,0.5,75.26107361311833,9,sbm_dpsgd_all_noised,70.77218472422943,12.423129399151788,1.0338953100711687,11.0,6.0,5.0,1e-05,3.316,485,0.97,16,15,0.012429216196844383,0.0012429216196844384,0.012429216196844383,0.0964270830154419,0.005948726553469896,0.13802967965602875,0.0019514462383348017
relatively_sparse,500,0.012429216196844383,0.0012429216196844384,0.5,75.26107361311833,10,edge_flip_vem,,,,223,,,1e-05,3.684,490,0.98,11,10,0.012429216196844383,0.0012429216196844384,0.012429216196844383,0.0,0.0,0.0073827654123306274,0.0
relatively_sparse,500,0.012429216196844383,0.0012429216196844384,0.5,75.26107361311833,10,sbm_dpsgd_all_noised,70.77218472422943,12.423129399151788,1.0338953100711687,11.0,6.0,5.0,1e-05,3.684,490,0.98,11,10,0.012429216196844383,0.0012429216196844384,0.012429216196844383,0.12513338029384613,0.006514078471809626,0.1040416806936264,0.0013977413467974277
relatively_sparse,500,0.012429216196844383,0.0012429216196844384,0.5,75.26107361311833,11,edge_flip_vem,,,,337,,,1e-05,3.412,487,0.974,14,13,0.012429216196844383,0.0012429216196844384,0.012429216196844383,0.0068376753479242325,0.0,0.0,0.0
relatively_sparse,500,0.012429216196844383,0.0012429216196844384,0.5,75.26107361311833,11,sbm_dpsgd_all_noised,70.77218472422943,12.423129399151788,1.0338953100711687,11.0,6.0,5.0,1e-05,3.412,487,0.974,14,13,0.012429216196844383,0.0012429216196844384,0.012429216196844383,0.10372183471918106,0.006068024784326553,0.1256047785282135,0.00166625489634169
relatively_sparse,500,0.012429216196844383,0.0012429216196844384,0.5,75.26107361311833,12,edge_flip_vem,,,,839,,,1e-05,3.328,477,0.954,23,21,0.012429216196844383,0.0012429216196844384,0.012429216196844383,0.003874461865052581,0.008771929889917374,0.02142857201397419,0.001128672715942191
relatively_sparse,500,0.012429216196844383,0.0012429216196844384,0.5,75.26107361311833,12,sbm_dpsgd_all_noised,70.77218472422943,12.423129399151788,1.0338953100711687,11.0,6.0,5.0,1e-05,3.328,477,0.954,23,21,0.012429216196844383,0.0012429216196844384,0.012429216196844383,0.09596765041351318,0.005874997936189175,0.1358598917722702,4.626742990890368e-05
relatively_sparse,500,0.012429216196844383,0.0012429216196844384,0.5,75.26107361311833,13,edge_flip_vem,,,,567,,,1e-05,3.332,483,0.966,18,17,0.012429216196844383,0.0012429216196844384,0.012429216196844383,0.0,0.021084336563944817,0.0065614571794867516,0.0
relatively_sparse,500,0.012429216196844383,0.0012429216196844384,0.5,75.26107361311833,13,sbm_dpsgd_all_noised,70.77218472422943,12.423129399151788,1.0338953100711687,11.0,6.0,5.0,1e-05,3.332,483,0.966,18,17,0.012429216196844383,0.0012429216196844384,0.012429216196844383,0.10125339031219482,0.005980979185551405,0.13492465019226074,0.023562847641261833
relatively_sparse,500,0.012429216196844383,0.0012429216196844384,0.5,75.26107361311833,14,edge_flip_vem,,,,448,,,1e-05,3.288,478,0.956,22,20,0.012429216196844383,0.0012429216196844384,0.012429216196844383,0.006589178461581469,0.0,0.0,0.0
relatively_sparse,500,0.012429216196844383,0.0012429216196844384,0.5,75.26107361311833,14,sbm_dpsgd_all_noised,70.77218472422943,12.423129399151788,1.0338953100711687,11.0,6.0,5.0,1e-05,3.288,478,0.956,22,20,0.012429216196844383,0.0012429216196844384,0.012429216196844383,0.09886205196380615,0.0061372751370072365,0.13600946962833405,0.020545347922703964
relatively_sparse,500,0.012429216196844383,0.0012429216196844384,0.5,75.26107361311833,15,edge_flip_vem,,,,269,,,1e-05,3.204,483,0.966,17,15,0.012429216196844383,0.0012429216196844384,0.012429216196844383,0.006420841906219721,0.0,0.0,0.0
relatively_sparse,500,0.012429216196844383,0.0012429216196844384,0.5,75.26107361311833,15,sbm_dpsgd_all_noised,70.77218472422943,12.423129399151788,1.0338953100711687,11.0,6.0,5.0,1e-05,3.204,483,0.966,17,15,0.012429216196844383,0.0012429216196844384,0.012429216196844383,0.10193994641304016,0.005902936216443777,0.12616580724716187,0.0
relatively_sparse,500,0.012429216196844383,0.0012429216196844384,0.5,75.26107361311833,16,edge_flip_vem,,,,215,,,1e-05,3.416,483,0.966,18,17,0.012429216196844383,0.0012429216196844384,0.012429216196844383,0.0,0.0,0.006845691241323948,0.0
relatively_sparse,500,0.012429216196844383,0.0012429216196844384,0.5,75.26107361311833,16,sbm_dpsgd_all_noised,70.77218472422943,12.423129399151788,1.0338953100711687,11.0,6.0,5.0,1e-05,3.416,483,0.966,18,17,0.012429216196844383,0.0012429216196844384,0.012429216196844383,0.1395268738269806,0.006242615636438131,0.09489943087100983,4.6202942039026765e-05
relatively_sparse,500,0.012429216196844383,0.0012429216196844384,0.5,75.26107361311833,17,edge_flip_vem,,,,351,,,1e-05,3.692,485,0.97,15,13,0.012429216196844383,0.0012429216196844384,0.012429216196844383,0.0,0.0,0.007398797664791346,0.0
relatively_sparse,500,0.012429216196844383,0.0012429216196844384,0.5,75.26107361311833,17,sbm_dpsgd_all_noised,70.77218472422943,12.423129399151788,1.0338953100711687,11.0,6.0,5.0,1e-05,3.692,485,0.97,15,13,0.012429216196844383,0.0012429216196844384,0.012429216196844383,0.10198192298412323,0.006235003005713224,0.12772458791732788,1.1543852922255368e-05
relatively_sparse,500,0.012429216196844383,0.0012429216196844384,0.5,75.26107361311833,18,edge_flip_vem,,,,444,,,1e-05,3.552,484,0.968,14,12,0.012429216196844383,0.0012429216196844384,0.012429216196844383,0.007118236273527145,0.0,0.0,0.0
relatively_sparse,500,0.012429216196844383,0.0012429216196844384,0.5,75.26107361311833,18,sbm_dpsgd_all_noised,70.77218472422943,12.423129399151788,1.0338953100711687,11.0,6.0,5.0,1e-05,3.552,484,0.968,14,12,0.012429216196844383,0.0012429216196844384,0.012429216196844383,0.11765075474977493,0.0060172597877681255,0.11093535274267197,0.009764543729919216
relatively_sparse,500,0.012429216196844383,0.0012429216196844384,0.5,75.26107361311833,19,edge_flip_vem,,,,429,,,1e-05,3.312,480,0.96,20,18,0.012429216196844383,0.0012429216196844384,0.012429216196844383,0.0,0.0,0.006637274753302336,0.0
relatively_sparse,500,0.012429216196844383,0.0012429216196844384,0.5,75.26107361311833,19,sbm_dpsgd_all_noised,70.77218472422943,12.423129399151788,1.0338953100711687,11.0,6.0,5.0,1e-05,3.312,480,0.96,20,18,0.012429216196844383,0.0012429216196844384,0.012429216196844383,0.10114698857069016,0.00601440854370594,0.1288769394159317,0.0001040600025821321
relatively_sparse,500,0.012429216196844383,0.0012429216196844384,1.0,27.449962502007253,0,edge_flip_vem,,,,546,,,1e-05,3.436,482,0.964,19,18,0.012429216196844383,0.0012429216196844384,0.012429216196844383,0.0,0.020665323361754417,0.006663408130407333,0.002851159969085246
relatively_sparse,500,0.012429216196844383,0.0012429216196844384,1.0,27.449962502007253,0,sbm_dpsgd_all_noised,26.32774027978503,5.635918426327381,0.5431122541136532,11.0,6.0,5.0,1e-05,3.436,482,0.964,19,18,0.012429216196844383,0.0012429216196844384,0.012429216196844383,0.10342471301555634,0.006434115581214428,0.12712812423706055,0.00010425994036461417
relatively_sparse,500,0.012429216196844383,0.0012429216196844384,1.0,27.449962502007253,1,edge_flip_vem,,,,715,,,1e-05,3.416,489,0.978,11,9,0.012429216196844383,0.0012429216196844384,0.012429216196844383,0.0,0.019393939524888992,0.006592238321900368,0.0005429505113007086
relatively_sparse,500,0.012429216196844383,0.0012429216196844384,1.0,27.449962502007253,1,sbm_dpsgd_all_noised,26.32774027978503,5.635918426327381,0.5431122541136532,11.0,6.0,5.0,1e-05,3.416,489,0.978,11,9,0.012429216196844383,0.0012429216196844384,0.012429216196844383,0.10241987556219101,0.005885085556656122,0.1279677152633667,0.02251122147062973
relatively_sparse,500,0.012429216196844383,0.0012429216196844384,1.0,27.449962502007253,2,edge_flip_vem,,,,712,,,1e-05,3.58,483,0.966,17,15,0.012429216196844383,0.0012429216196844384,0.012429216196844383,0.00477326987311244,0.011461740359663963,0.027160493656992912,0.005863795645189283
relatively_sparse,500,0.012429216196844383,0.0012429216196844384,1.0,27.449962502007253,2,sbm_dpsgd_all_noised,26.32774027978503,5.635918426327381,0.5431122541136532,11.0,6.0,5.0,1e-05,3.58,483,0.966,17,15,0.012429216196844383,0.0012429216196844384,0.012429216196844383,0.12858092784881592,0.006259501911699772,0.10019643604755402,0.0019517867335456106
relatively_sparse,500,0.012429216196844383,0.0012429216196844384,1.0,27.449962502007253,3,edge_flip_vem,,,,326,,,1e-05,3.452,485,0.97,15,13,0.012429216196844383,0.0012429216196844384,0.012429216196844383,0.0,0.0,0.006917835678905249,0.0
relatively_sparse,500,0.012429216196844383,0.0012429216196844384,1.0,27.449962502007253,3,sbm_dpsgd_all_noised,26.32774027978503,5.635918426327381,0.5431122541136532,11.0,6.0,5.0,1e-05,3.452,485,0.97,15,13,0.012429216196844383,0.0012429216196844384,0.012429216196844383,0.1052398681640625,0.006168528459966183,0.1235770583152771,0.00028997790097239144
relatively_sparse,500,0.012429216196844383,0.0012429216196844384,1.0,27.449962502007253,4,edge_flip_vem,,,,548,,,1e-05,3.476,482,0.964,19,18,0.012429216196844383,0.0012429216196844384,0.012429216196844383,0.06666667014360428,0.019568150863051414,0.006651829928159714,0.007764754393899945
relatively_sparse,500,0.012429216196844383,0.0012429216196844384,1.0,27.449962502007253,4,sbm_dpsgd_all_noised,26.32774027978503,5.635918426327381,0.5431122541136532,11.0,6.0,5.0,1e-05,3.476,482,0.964,19,18,0.012429216196844383,0.0012429216196844384,0.012429216196844383,0.09937627613544464,0.006350918672978878,0.13122281432151794,1.1543852922255368e-05
relatively_sparse,500,0.012429216196844383,0.0012429216196844384,1.0,27.449962502007253,5,edge_flip_vem,,,,277,,,1e-05,3.408,478,0.956,23,22,0.012429216196844383,0.0012429216196844384,0.012429216196844383,0.036363635212183,0.01635991781949997,0.006386402528733015,0.00023302813364847914
relatively_sparse,500,0.012429216196844383,0.0012429216196844384,1.0,27.449962502007253,5,sbm_dpsgd_all_noised,26.32774027978503,5.635918426327381,0.5431122541136532,11.0,6.0,5.0,1e-05,3.408,478,0.956,23,22,0.012429216196844383,0.0012429216196844384,0.012429216196844383,0.10449834167957306,0.005997232161462307,0.12276154011487961,0.004625200009728827
relatively_sparse,500,0.012429216196844383,0.0012429216196844384,1.0,27.449962502007253,6,edge_flip_vem,,,,344,,,1e-05,3.304,476,0.952,22,19,0.012429216196844383,0.0012429216196844384,0.012429216196844383,0.00898462999612093,0.0018589901737868786,0.00025536262546665967,2.3537408551879442e-05
relatively_sparse,500,0.012429216196844383,0.0012429216196844384,1.0,27.449962502007253,6,sbm_dpsgd_all_noised,26.32774027978503,5.635918426327381,0.5431122541136532,11.0,6.0,5.0,1e-05,3.304,476,0.952,22,19,0.012429216196844383,0.0012429216196844384,0.012429216196844383,0.11303937435150146,0.00610642833635211,0.11547970771789551,0.0011553702977419621
relatively_sparse,500,0.012429216196844383,0.0012429216196844384,1.0,27.449962502007253,7,edge_flip_vem,,,,260,,,1e-05,3.24,474,0.948,25,22,0.012429216196844383,0.0012429216196844384,0.012429216196844383,0.0,0.0,0.006492985878139734,0.0
relatively_sparse,500,0.012429216196844383,0.0012429216196844384,1.0,27.449962502007253,7,sbm_dpsgd_all_noised,26.32774027978503,5.635918426327381,0.5431122541136532,11.0,6.0,5.0,1e-05,3.24,474,0.948,25,22,0.012429216196844383,0.0012429216196844384,0.012429216196844383,0.13540785014629364,0.0059395432472229,0.10061225295066833,0.0009424719914253799
relatively_sparse,500,0.012429216196844383,0.0012429216196844384,1.0,27.449962502007253,8,edge_flip_vem,,,,388,,,1e-05,3.46,473,0.946,28,27,0.012429216196844383,0.0012429216196844384,0.012429216196844383,0.0,0.0,0.006933867931365967,0.0
relatively_sparse,500,0.012429216196844383,0.0012429216196844384,1.0,27.449962502007253,8,sbm_dpsgd_all_noised,26.32774027978503,5.635918426327381,0.5431122541136532,11.0,6.0,5.0,1e-05,3.46,473,0.946,28,27,0.012429216196844383,0.0012429216196844384,0.012429216196844383,0.10599762201309204,0.005964066367596388,0.12214965373277664,1.1543852922255368e-05
relatively_sparse,500,0.012429216196844383,0.0012429216196844384,1.0,27.449962502007253,9,edge_flip_vem,,,,306,,,1e-05,3.316,485,0.97,16,15,0.012429216196844383,0.0012429216196844384,0.012429216196844383,0.006645290646702051,0.0,0.0,0.0
relatively_sparse,500,0.012429216196844383,0.0012429216196844384,1.0,27.449962502007253,9,sbm_dpsgd_all_noised,26.32774027978503,5.635918426327381,0.5431122541136532,11.0,6.0,5.0,1e-05,3.316,485,0.97,16,15,0.012429216196844383,0.0012429216196844384,0.012429216196844383,0.0940869152545929,0.005940879695117474,0.13978952169418335,0.0009350887961088373
relatively_sparse,500,0.012429216196844383,0.0012429216196844384,1.0,27.449962502007253,10,edge_flip_vem,,,,223,,,1e-05,3.684,490,0.98,11,10,0.012429216196844383,0.0012429216196844384,0.012429216196844383,0.0,0.0,0.0073827654123306274,0.0
relatively_sparse,500,0.012429216196844383,0.0012429216196844384,1.0,27.449962502007253,10,sbm_dpsgd_all_noised,26.32774027978503,5.635918426327381,0.5431122541136532,11.0,6.0,5.0,1e-05,3.684,490,0.98,11,10,0.012429216196844383,0.0012429216196844384,0.012429216196844383,0.12463533133268356,0.006386282853782177,0.10456876456737518,0.002270457627475247
relatively_sparse,500,0.012429216196844383,0.0012429216196844384,1.0,27.449962502007253,11,edge_flip_vem,,,,337,,,1e-05,3.412,487,0.974,14,13,0.012429216196844383,0.0012429216196844384,0.012429216196844383,0.0068376753479242325,0.0,0.0,0.0
relatively_sparse,500,0.012429216196844383,0.0012429216196844384,1.0,27.449962502007253,11,sbm_dpsgd_all_noised,26.32774027978503,5.635918426327381,0.5431122541136532,11.0,6.0,5.0,1e-05,3.412,487,0.974,14,13,0.012429216196844383,0.0012429216196844384,0.012429216196844383,0.10663258284330368,0.006038291845470667,0.12164556235074997,0.0
relatively_sparse,500,0.012429216196844383,0.0012429216196844384,1.0,27.449962502007253,12,edge_flip_vem,,,,839,,,1e-05,3.328,477,0.954,23,21,0.012429216196844383,0.0012429216196844384,0.012429216196844383,0.003874461865052581,0.008771929889917374,0.02142857201397419,0.001128672715942191
relatively_sparse,500,0.012429216196844383,0.0012429216196844384,1.0,27.449962502007253,12,sbm_dpsgd_all_noised,26.32774027978503,5.635918426327381,0.5431122541136532,11.0,6.0,5.0,1e-05,3.328,477,0.954,23,21,0.012429216196844383,0.0012429216196844384,0.012429216196844383,0.09367512166500092,0.005805605556815863,0.13886243104934692,0.0025989217677251084
relatively_sparse,500,0.012429216196844383,0.0012429216196844384,1.0,27.449962502007253,13,edge_flip_vem,,,,567,,,1e-05,3.332,483,0.966,18,17,0.012429216196844383,0.0012429216196844384,0.012429216196844383,0.0,0.021084336563944817,0.0065614571794867516,0.0
relatively_sparse,500,0.012429216196844383,0.0012429216196844384,1.0,27.449962502007253,13,sbm_dpsgd_all_noised,26.32774027978503,5.635918426327381,0.5431122541136532,11.0,6.0,5.0,1e-05,3.332,483,0.966,18,17,0.012429216196844383,0.0012429216196844384,0.012429216196844383,0.10080572962760925,0.005982165690511465,0.13467486202716827,0.029072768891242568
relatively_sparse,500,0.012429216196844383,0.0012429216196844384,1.0,27.449962502007253,14,edge_flip_vem,,,,448,,,1e-05,3.288,478,0.956,22,20,0.012429216196844383,0.0012429216196844384,0.012429216196844383,0.006589178461581469,0.0,0.0,0.0
relatively_sparse,500,0.012429216196844383,0.0012429216196844384,1.0,27.449962502007253,14,sbm_dpsgd_all_noised,26.32774027978503,5.635918426327381,0.5431122541136532,11.0,6.0,5.0,1e-05,3.288,478,0.956,22,20,0.012429216196844383,0.0012429216196844384,0.012429216196844383,0.09949645400047302,0.00609632208943367,0.13543011248111725,0.012605793076732178
relatively_sparse,500,0.012429216196844383,0.0012429216196844384,1.0,27.449962502007253,15,edge_flip_vem,,,,269,,,1e-05,3.204,483,0.966,17,15,0.012429216196844383,0.0012429216196844384,0.012429216196844383,0.006420841906219721,0.0,0.0,0.0
relatively_sparse,500,0.012429216196844383,0.0012429216196844384,1.0,27.449962502007253,15,sbm_dpsgd_all_noised,26.32774027978503,5.635918426327381,0.5431122541136532,11.0,6.0,5.0,1e-05,3.204,483,0.966,17,15,0.012429216196844383,0.0012429216196844384,0.012429216196844383,0.10587151348590851,0.005949927493929863,0.12129881978034973,0.005101295341608639
relatively_sparse,500,0.012429216196844383,0.0012429216196844384,1.0,27.449962502007253,16,edge_flip_vem,,,,215,,,1e-05,3.416,483,0.966,18,17,0.012429216196844383,0.0012429216196844384,0.012429216196844383,0.0,0.0,0.006845691241323948,0.0
relatively_sparse,500,0.012429216196844383,0.0012429216196844384,1.0,27.449962502007253,16,sbm_dpsgd_all_noised,26.32774027978503,5.635918426327381,0.5431122541136532,11.0,6.0,5.0,1e-05,3.416,483,0.966,18,17,0.012429216196844383,0.0012429216196844384,0.012429216196844383,0.1401485651731491,0.006193540524691343,0.09452352672815323,1.156197423649238e-05
relatively_sparse,500,0.012429216196844383,0.0012429216196844384,1.0,27.449962502007253,17,edge_flip_vem,,,,351,,,1e-05,3.692,485,0.97,15,13,0.012429216196844383,0.0012429216196844384,0.012429216196844383,0.0,0.0,0.007398797664791346,0.0
relatively_sparse,500,0.012429216196844383,0.0012429216196844384,1.0,27.449962502007253,17,sbm_dpsgd_all_noised,26.32774027978503,5.635918426327381,0.5431122541136532,11.0,6.0,5.0,1e-05,3.692,485,0.97,15,13,0.012429216196844383,0.0012429216196844384,0.012429216196844383,0.10331211239099503,0.006326755974441767,0.12652018666267395,0.0029576925866191296
relatively_sparse,500,0.012429216196844383,0.0012429216196844384,1.0,27.449962502007253,18,edge_flip_vem,,,,444,,,1e-05,3.552,484,0.968,14,12,0.012429216196844383,0.0012429216196844384,0.012429216196844383,0.007118236273527145,0.0,0.0,0.0
relatively_sparse,500,0.012429216196844383,0.0012429216196844384,1.0,27.449962502007253,18,sbm_dpsgd_all_noised,26.32774027978503,5.635918426327381,0.5431122541136532,11.0,6.0,5.0,1e-05,3.552,484,0.968,14,12,0.012429216196844383,0.0012429216196844384,0.012429216196844383,0.11851336807012558,0.005979820154607296,0.110036201775074,0.002265108126955345
relatively_sparse,500,0.012429216196844383,0.0012429216196844384,1.0,27.449962502007253,19,edge_flip_vem,,,,429,,,1e-05,3.312,480,0.96,20,18,0.012429216196844383,0.0012429216196844384,0.012429216196844383,0.0,0.0,0.006637274753302336,0.0
relatively_sparse,500,0.012429216196844383,0.0012429216196844384,1.0,27.449962502007253,19,sbm_dpsgd_all_noised,26.32774027978503,5.635918426327381,0.5431122541136532,11.0,6.0,5.0,1e-05,3.312,480,0.96,20,18,0.012429216196844383,0.0012429216196844384,0.012429216196844383,0.10105567425489426,0.005979040637612343,0.12870606780052185,0.00010393310367627851
relatively_sparse,500,0.012429216196844383,0.0012429216196844384,2.0,11.732851621374003,0,edge_flip_vem,,,,583,,,1e-05,3.436,482,0.964,19,18,0.012429216196844383,0.0012429216196844384,0.012429216196844383,0.0,0.020657628774642944,0.0066636353731155396,0.002851159969085246
relatively_sparse,500,0.012429216196844383,0.0012429216196844384,2.0,11.732851621374003,0,sbm_dpsgd_all_noised,11.245049229064149,2.668102829441137,0.40561225411365304,11.0,6.0,5.0,1e-05,3.436,482,0.964,19,18,0.012429216196844383,0.0012429216196844384,0.012429216196844383,0.10347004979848862,0.006386885419487953,0.1272778958082199,0.006120689870634151
relatively_sparse,500,0.012429216196844383,0.0012429216196844384,2.0,11.732851621374003,1,edge_flip_vem,,,,613,,,1e-05,3.416,489,0.978,11,9,0.012429216196844383,0.0012429216196844384,0.012429216196844383,0.0,0.019386224448680878,0.006600676104426384,0.0005429505113007086
relatively_sparse,500,0.012429216196844383,0.0012429216196844384,2.0,11.732851621374003,1,sbm_dpsgd_all_noised,11.245049229064149,2.668102829441137,0.40561225411365304,11.0,6.0,5.0,1e-05,3.416,489,0.978,11,9,0.012429216196844383,0.0012429216196844384,0.012429216196844383,0.1066393256187439,0.006030034739524126,0.1223648265004158,0.0001859834254967849
relatively_sparse,500,0.012429216196844383,0.0012429216196844384,2.0,11.732851621374003,2,edge_flip_vem,,,,712,,,1e-05,3.58,483,0.966,17,15,0.012429216196844383,0.0012429216196844384,0.012429216196844383,0.00476532056927681,0.011453898623585701,0.027152903378009796,0.005863795645189283
relatively_sparse,500,0.012429216196844383,0.0012429216196844384,2.0,11.732851621374003,2,sbm_dpsgd_all_noised,11.245049229064149,2.668102829441137,0.40561225411365304,11.0,6.0,5.0,1e-05,3.58,483,0.966,17,15,0.012429216196844383,0.0012429216196844384,0.012429216196844383,0.1260775625705719,0.006363186519593,0.10257811099290848,0.0007440314650185388
relatively_sparse,500,0.012429216196844383,0.0012429216196844384,2.0,11.732851621374003,3,edge_flip_vem,,,,374,,,1e-05,3.452,485,0.97,15,13,0.012429216196844383,0.0012429216196844384,0.012429216196844383,0.0,0.0,0.006925953086465597,0.0
relatively_sparse,500,0.012429216196844383,0.0012429216196844384,2.0,11.732851621374003,3,sbm_dpsgd_all_noised,11.245049229064149,2.668102829441137,0.40561225411365304,11.0,6.0,5.0,1e-05,3.452,485,0.97,15,13,0.012429216196844383,0.0012429216196844384,0.012429216196844383,0.10404139757156372,0.006366741377860308,0.12510451674461365,0.0007403983249251856
relatively_sparse,500,0.012429216196844383,0.0012429216196844384,2.0,11.732851621374003,4,edge_flip_vem,,,,499,,,1e-05,3.476,482,0.964,19,18,0.012429216196844383,0.0012429216196844384,0.012429216196844383,0.006844443269073963,0.024088745936751366,0.0,0.0
relatively_sparse,500,0.012429216196844383,0.0012429216196844384,2.0,11.732851621374003,4,sbm_dpsgd_all_noised,11.245049229064149,2.668102829441137,0.40561225411365304,11.0,6.0,5.0,1e-05,3.476,482,0.964,19,18,0.012429216196844383,0.0012429216196844384,0.012429216196844383,0.10003097355365753,0.006206324324011803,0.1307012140750885,0.0005657212714559232
relatively_sparse,500,0.012429216196844383,0.0012429216196844384,2.0,11.732851621374003,5,edge_flip_vem,,,,277,,,1e-05,3.408,478,0.956,23,22,0.012429216196844383,0.0012429216196844384,0.012429216196844383,0.03635619580745697,0.016352154314517975,0.006378479301929474,0.00023302813364847914
relatively_sparse,500,0.012429216196844383,0.0012429216196844384,2.0,11.732851621374003,5,sbm_dpsgd_all_noised,11.245049229064149,2.668102829441137,0.40561225411365304,11.0,6.0,5.0,1e-05,3.408,478,0.956,23,22,0.012429216196844383,0.0012429216196844384,0.012429216196844383,0.112714022397995,0.005982741713523865,0.1150808334350586,0.005095942125033169
relatively_sparse,500,0.012429216196844383,0.0012429216196844384,2.0,11.732851621374003,6,edge_flip_vem,,,,344,,,1e-05,3.304,476,0.952,22,19,0.012429216196844383,0.0012429216196844384,0.012429216196844383,0.008976748213171959,0.0018509940709918737,0.00024734088219702244,2.3537408551879442e-05
relatively_sparse,500,0.012429216196844383,0.0012429216196844384,2.0,11.732851621374003,6,sbm_dpsgd_all_noised,11.245049229064149,2.668102829441137,0.40561225411365304,11.0,6.0,5.0,1e-05,3.304,476,0.952,22,19,0.012429216196844383,0.0012429216196844384,0.012429216196844383,0.11607671529054642,0.005939079448580742,0.11261475831270218,0.0002885645309827219
relatively_sparse,500,0.012429216196844383,0.0012429216196844384,2.0,11.732851621374003,7,edge_flip_vem,,,,260,,,1e-05,3.24,474,0.948,25,22,0.012429216196844383,0.0012429216196844384,0.012429216196844383,0.0,0.0,0.006485064513981342,0.0
relatively_sparse,500,0.012429216196844383,0.0012429216196844384,2.0,11.732851621374003,7,sbm_dpsgd_all_noised,11.245049229064149,2.668102829441137,0.40561225411365304,11.0,6.0,5.0,1e-05,3.24,474,0.948,25,22,0.012429216196844383,0.0012429216196844384,0.012429216196844383,0.1344219148159027,0.005946274381130934,0.1007990837097168,0.001162663794679942
relatively_sparse,500,0.012429216196844383,0.0012429216196844384,2.0,11.732851621374003,8,edge_flip_vem,,,,290,,,1e-05,3.46,473,0.946,28,27,0.012429216196844383,0.0012429216196844384,0.012429216196844383,0.0,0.0,0.0069339694455266,0.0
relatively_sparse,500,0.012429216196844383,0.0012429216196844384,2.0,11.732851621374003,8,sbm_dpsgd_all_noised,11.245049229064149,2.668102829441137,0.40561225411365304,11.0,6.0,5.0,1e-05,3.46,473,0.946,28,27,0.012429216196844383,0.0012429216196844384,0.012429216196844383,0.108146533370018,0.005918481387197971,0.12111710757017136,0.002598468127896449
relatively_sparse,500,0.012429216196844383,0.0012429216196844384,2.0,11.732851621374003,9,edge_flip_vem,,,,400,,,1e-05,3.316,485,0.97,16,15,0.012429216196844383,0.0012429216196844384,0.012429216196844383,0.006645387504249811,0.0,0.0,0.0
relatively_sparse,500,0.012429216196844383,0.0012429216196844384,2.0,11.732851621374003,9,sbm_dpsgd_all_noised,11.245049229064149,2.668102829441137,0.40561225411365304,11.0,6.0,5.0,1e-05,3.316,485,0.97,16,15,0.012429216196844383,0.0012429216196844384,0.012429216196844383,0.09672451764345169,0.005908557213842869,0.1365944892168045,0.0019517867335456106
relatively_sparse,500,0.012429216196844383,0.0012429216196844384,2.0,11.732851621374003,10,edge_flip_vem,,,,310,,,1e-05,3.684,490,0.98,11,10,0.012429216196844383,0.0012429216196844384,0.012429216196844383,0.00739089073613286,0.0,0.0,0.0
relatively_sparse,500,0.012429216196844383,0.0012429216196844384,2.0,11.732851621374003,10,sbm_dpsgd_all_noised,11.245049229064149,2.668102829441137,0.40561225411365304,11.0,6.0,5.0,1e-05,3.684,490,0.98,11,10,0.012429216196844383,0.0012429216196844384,0.012429216196844383,0.12425631284713745,0.006385211367160082,0.10496523231267929,0.000415572270192081
relatively_sparse,500,0.012429216196844383,0.0012429216196844384,2.0,11.732851621374003,11,edge_flip_vem,,,,273,,,1e-05,3.412,487,0.974,14,13,0.012429216196844383,0.0012429216196844384,0.012429216196844383,0.006853807717561722,0.0,0.0,0.0
relatively_sparse,500,0.012429216196844383,0.0012429216196844384,2.0,11.732851621374003,11,sbm_dpsgd_all_noised,11.245049229064149,2.668102829441137,0.40561225411365304,11.0,6.0,5.0,1e-05,3.412,487,0.974,14,13,0.012429216196844383,0.0012429216196844384,0.012429216196844383,0.11195815354585648,0.0060410569421947,0.11595472693443298,1.1541842382148618e-05
relatively_sparse,500,0.012429216196844383,0.0012429216196844384,2.0,11.732851621374003,12,edge_flip_vem,,,,839,,,1e-05,3.328,477,0.954,23,21,0.012429216196844383,0.0012429216196844384,0.012429216196844383,0.003866498125717044,0.008764044381678104,0.02142089046537876,0.001128672715942191
relatively_sparse,500,0.012429216196844383,0.0012429216196844384,2.0,11.732851621374003,12,sbm_dpsgd_all_noised,11.245049229064149,2.668102829441137,0.40561225411365304,11.0,6.0,5.0,1e-05,3.328,477,0.954,23,21,0.012429216196844383,0.0012429216196844384,0.012429216196844383,0.1014237105846405,0.006084510590881109,0.1279570758342743,0.0011545646451437957
relatively_sparse,500,0.012429216196844383,0.0012429216196844384,2.0,11.732851621374003,13,edge_flip_vem,,,,567,,,1e-05,3.332,483,0.966,18,17,0.012429216196844383,0.0012429216196844384,0.012429216196844383,0.0,0.02107664942741394,0.006553536746650934,0.0
relatively_sparse,500,0.012429216196844383,0.0012429216196844384,2.0,11.732851621374003,13,sbm_dpsgd_all_noised,11.245049229064149,2.668102829441137,0.40561225411365304,11.0,6.0,5.0,1e-05,3.332,483,0.966,18,17,0.012429216196844383,0.0012429216196844384,0.012429216196844383,0.10006693750619888,0.005949130281805992,0.1342889815568924,0.018547746097674744
relatively_sparse,500,0.012429216196844383,0.0012429216196844384,2.0,11.732851621374003,14,edge_flip_vem,,,,454,,,1e-05,3.288,478,0.956,22,20,0.012429216196844383,0.0012429216196844384,0.012429216196844383,0.006589274387806654,0.0,0.0,0.0
relatively_sparse,500,0.012429216196844383,0.0012429216196844384,2.0,11.732851621374003,14,sbm_dpsgd_all_noised,11.245049229064149,2.668102829441137,0.40561225411365304,11.0,6.0,5.0,1e-05,3.288,478,0.956,22,20,0.012429216196844383,0.0012429216196844384,0.012429216196844383,0.0994805321097374,0.0060544125735759735,0.13485479354858398,0.01186043288259841
relatively_sparse,500,0.012429216196844383,0.0012429216196844384,2.0,11.732851621374003,15,edge_flip_vem,,,,269,,,1e-05,3.204,483,0.966,17,15,0.012429216196844383,0.0012429216196844384,0.012429216196844383,0.00641291867941618,0.0,0.0,0.0
relatively_sparse,500,0.012429216196844383,0.0012429216196844384,2.0,11.732851621374003,15,sbm_dpsgd_all_noised,11.245049229064149,2.668102829441137,0.40561225411365304,11.0,6.0,5.0,1e-05,3.204,483,0.966,17,15,0.012429216196844383,0.0012429216196844384,0.012429216196844383,0.10598089545965195,0.005869928747415543,0.12210757285356522,0.00018481769988705233
relatively_sparse,500,0.012429216196844383,0.0012429216196844384,2.0,11.732851621374003,16,edge_flip_vem,,,,321,,,1e-05,3.416,483,0.966,18,17,0.012429216196844383,0.0012429216196844384,0.012429216196844383,0.006853807717561722,0.0,0.0,0.0
relatively_sparse,500,0.012429216196844383,0.0012429216196844384,2.0,11.732851621374003,16,sbm_dpsgd_all_noised,11.245049229064149,2.668102829441137,0.40561225411365304,11.0,6.0,5.0,1e-05,3.416,483,0.966,18,17,0.012429216196844383,0.0012429216196844384,0.012429216196844383,0.1332569569349289,0.006154916249215603,0.09869025647640228,0.00041644269658137217
relatively_sparse,500,0.012429216196844383,0.0012429216196844384,2.0,11.732851621374003,17,edge_flip_vem,,,,351,,,1e-05,3.692,485,0.97,15,13,0.012429216196844383,0.0012429216196844384,0.012429216196844383,0.0,0.0,0.00739089073613286,0.0
relatively_sparse,500,0.012429216196844383,0.0012429216196844384,2.0,11.732851621374003,17,sbm_dpsgd_all_noised,11.245049229064149,2.668102829441137,0.40561225411365304,11.0,6.0,5.0,1e-05,3.692,485,0.97,15,13,0.012429216196844383,0.0012429216196844384,0.012429216196844383,0.10279062390327454,0.006338126957416534,0.1271856129169464,0.0007390435571570498
relatively_sparse,500,0.012429216196844383,0.0012429216196844384,2.0,11.732851621374003,18,edge_flip_vem,,,,494,,,1e-05,3.552,484,0.968,14,12,0.012429216196844383,0.0012429216196844384,0.012429216196844383,0.00711834104731679,0.0,0.0,0.0
relatively_sparse,500,0.012429216196844383,0.0012429216196844384,2.0,11.732851621374003,18,sbm_dpsgd_all_noised,11.245049229064149,2.668102829441137,0.40561225411365304,11.0,6.0,5.0,1e-05,3.552,484,0.968,14,12,0.012429216196844383,0.0012429216196844384,0.012429216196844383,0.11321770399808884,0.006031568627804518,0.11472324281930923,0.005101295341608639
relatively_sparse,500,0.012429216196844383,0.0012429216196844384,2.0,11.732851621374003,19,edge_flip_vem,,,,299,,,1e-05,3.312,480,0.96,20,18,0.012429216196844383,0.0012429216196844384,0.012429216196844383,0.006645387504249811,0.0,0.0,0.0
relatively_sparse,500,0.012429216196844383,0.0012429216196844384,2.0,11.732851621374003,19,sbm_dpsgd_all_noised,11.245049229064149,2.668102829441137,0.40561225411365304,11.0,6.0,5.0,1e-05,3.312,480,0.96,20,18,0.012429216196844383,0.0012429216196844384,0.012429216196844383,0.1014343872666359,0.005989322438836098,0.12822411954402924,0.00781690582853106
relatively_sparse,500,0.012429216196844383,0.0012429216196844384,5.0,4.150006096013556,0,edge_flip_vem,,,,262,,,1e-05,3.436,482,0.964,19,18,0.012429216196844383,0.0012429216196844384,0.012429216196844383,0.0,0.0,0.007188430521637201,0.0
relatively_sparse,500,0.012429216196844383,0.0012429216196844384,5.0,4.150006096013556,0,sbm_dpsgd_all_noised,3.992894984902444,1.0338953100711687,0.36711225411365295,11.0,6.0,5.0,1e-05,3.436,482,0.964,19,18,0.012429216196844383,0.0012429216196844384,0.012429216196844383,0.10716152936220169,0.005958134774118662,0.12324653565883636,1.1547875768087406e-05
relatively_sparse,500,0.012429216196844383,0.0012429216196844384,5.0,4.150006096013556,1,edge_flip_vem,,,,795,,,1e-05,3.416,489,0.978,11,9,0.012429216196844383,0.0012429216196844384,0.012429216196844383,0.006917266175150871,0.02547514997422695,0.005846224259585142,1.9645338229155144e-15
relatively_sparse,500,0.012429216196844383,0.0012429216196844384,5.0,4.150006096013556,1,sbm_dpsgd_all_noised,3.992894984902444,1.0338953100711687,0.36711225411365295,11.0,6.0,5.0,1e-05,3.416,489,0.978,11,9,0.012429216196844383,0.0012429216196844384,0.012429216196844383,0.11383332312107086,0.005975387524813414,0.11431051790714264,0.0019534907055170914
relatively_sparse,500,0.012429216196844383,0.0012429216196844384,5.0,4.150006096013556,2,edge_flip_vem,,,,281,,,1e-05,3.58,483,0.966,17,15,0.012429216196844383,0.0012429216196844384,0.012429216196844383,0.0,0.0,0.007196703460067511,0.0
relatively_sparse,500,0.012429216196844383,0.0012429216196844384,5.0,4.150006096013556,2,sbm_dpsgd_all_noised,3.992894984902444,1.0338953100711687,0.36711225411365295,11.0,6.0,5.0,1e-05,3.58,483,0.966,17,15,0.012429216196844383,0.0012429216196844384,0.012429216196844383,0.12727156281471252,0.0061688232235610485,0.10102522373199463,0.0005657212714559232
relatively_sparse,500,0.012429216196844383,0.0012429216196844384,5.0,4.150006096013556,3,edge_flip_vem,,,,588,,,1e-05,3.452,485,0.97,15,13,0.012429216196844383,0.0012429216196844384,0.012429216196844383,0.0,0.0,0.006849245168268681,0.0
relatively_sparse,500,0.012429216196844383,0.0012429216196844384,5.0,4.150006096013556,3,sbm_dpsgd_all_noised,3.992894984902444,1.0338953100711687,0.36711225411365295,11.0,6.0,5.0,1e-05,3.452,485,0.97,15,13,0.012429216196844383,0.0012429216196844384,0.012429216196844383,0.11157243698835373,0.006133876275271177,0.11722657829523087,0.0011545646451437957
relatively_sparse,500,0.012429216196844383,0.0012429216196844384,5.0,4.150006096013556,4,edge_flip_vem,,,,352,,,1e-05,3.476,482,0.964,19,18,0.012429216196844383,0.0012429216196844384,0.012429216196844383,0.0,0.0,0.0067334258928895,0.0
relatively_sparse,500,0.012429216196844383,0.0012429216196844384,5.0,4.150006096013556,4,sbm_dpsgd_all_noised,3.992894984902444,1.0338953100711687,0.36711225411365295,11.0,6.0,5.0,1e-05,3.476,482,0.964,19,18,0.012429216196844383,0.0012429216196844384,0.012429216196844383,0.10003646463155746,0.0059052761644124985,0.1294519454240799,0.0061142613176312505
relatively_sparse,500,0.012429216196844383,0.0012429216196844384,5.0,4.150006096013556,5,edge_flip_vem,,,,771,,,1e-05,3.408,478,0.956,23,22,0.012429216196844383,0.0012429216196844384,0.012429216196844383,0.02649257890880108,0.013423241674900055,0.0009464005124755204,0.0022201990253679343
relatively_sparse,500,0.012429216196844383,0.0012429216196844384,5.0,4.150006096013556,5,sbm_dpsgd_all_noised,3.992894984902444,1.0338953100711687,0.36711225411365295,11.0,6.0,5.0,1e-05,3.408,478,0.956,23,22,0.012429216196844383,0.0012429216196844384,0.012429216196844383,0.11868403851985931,0.005868243053555489,0.10970001667737961,0.0005656226958973042
relatively_sparse,500,0.012429216196844383,0.0012429216196844384,5.0,4.150006096013556,6,edge_flip_vem,,,,417,,,1e-05,3.304,476,0.952,22,19,0.012429216196844383,0.0012429216196844384,0.012429216196844383,0.006245329510420561,0.0,0.0,0.0
relatively_sparse,500,0.012429216196844383,0.0012429216196844384,5.0,4.150006096013556,6,sbm_dpsgd_all_noised,3.992894984902444,1.0338953100711687,0.36711225411365295,11.0,6.0,5.0,1e-05,3.304,476,0.952,22,19,0.012429216196844383,0.0012429216196844384,0.012429216196844383,0.11395495384931564,0.0059639159590005875,0.11464443802833557,1.2813706015259669e-15
relatively_sparse,500,0.012429216196844383,0.0012429216196844384,5.0,4.150006096013556,7,edge_flip_vem,,,,382,,,1e-05,3.24,474,0.948,25,22,0.012429216196844383,0.0012429216196844384,0.012429216196844383,0.0,0.0,0.006509130354970694,0.0017624926773030054
relatively_sparse,500,0.012429216196844383,0.0012429216196844384,5.0,4.150006096013556,7,sbm_dpsgd_all_noised,3.992894984902444,1.0338953100711687,0.36711225411365295,11.0,6.0,5.0,1e-05,3.24,474,0.948,25,22,0.012429216196844383,0.0012429216196844384,0.012429216196844383,0.13058476150035858,0.006127021741122007,0.10166329145431519,0.0005662145814271223
relatively_sparse,500,0.012429216196844383,0.0012429216196844384,5.0,4.150006096013556,8,edge_flip_vem,,,,323,,,1e-05,3.46,473,0.946,28,27,0.012429216196844383,0.0012429216196844384,0.012429216196844383,0.0,0.0,0.007147066295146942,0.0
relatively_sparse,500,0.012429216196844383,0.0012429216196844384,5.0,4.150006096013556,8,sbm_dpsgd_all_noised,3.992894984902444,1.0338953100711687,0.36711225411365295,11.0,6.0,5.0,1e-05,3.46,473,0.946,28,27,0.012429216196844383,0.0012429216196844384,0.012429216196844383,0.11388426274061203,0.005692548118531704,0.11548822373151779,0.0
relatively_sparse,500,0.012429216196844383,0.0012429216196844384,5.0,4.150006096013556,9,edge_flip_vem,,,,357,,,1e-05,3.316,485,0.97,16,15,0.012429216196844383,0.0012429216196844384,0.012429216196844383,0.006542386952787638,0.029483666643500328,0.0,0.00392410573208431
relatively_sparse,500,0.012429216196844383,0.0012429216196844384,5.0,4.150006096013556,9,sbm_dpsgd_all_noised,3.992894984902444,1.0338953100711687,0.36711225411365295,11.0,6.0,5.0,1e-05,3.316,485,0.97,16,15,0.012429216196844383,0.0012429216196844384,0.012429216196844383,0.09874482452869415,0.005894252099096775,0.1312103420495987,4.6182820458156546e-05
relatively_sparse,500,0.012429216196844383,0.0012429216196844384,5.0,4.150006096013556,10,edge_flip_vem,,,,195,,,1e-05,3.684,490,0.98,11,10,0.012429216196844383,0.0012429216196844384,0.012429216196844383,0.007339766714721918,0.03568827733397484,0.0,0.00392410573208431
relatively_sparse,500,0.012429216196844383,0.0012429216196844384,5.0,4.150006096013556,10,sbm_dpsgd_all_noised,3.992894984902444,1.0338953100711687,0.36711225411365295,11.0,6.0,5.0,1e-05,3.684,490,0.98,11,10,0.012429216196844383,0.0012429216196844384,0.012429216196844383,0.1211107075214386,0.00627640075981617,0.10670340806245804,0.0004158620733021031
relatively_sparse,500,0.012429216196844383,0.0012429216196844384,5.0,4.150006096013556,11,edge_flip_vem,,,,764,,,1e-05,3.412,487,0.974,14,13,0.012429216196844383,0.0012429216196844384,0.012429216196844383,0.044691044837236404,0.01987377740442753,0.004158064257353544,0.0002682692546707205
relatively_sparse,500,0.012429216196844383,0.0012429216196844384,5.0,4.150006096013556,11,sbm_dpsgd_all_noised,3.992894984902444,1.0338953100711687,0.36711225411365295,11.0,6.0,5.0,1e-05,3.412,487,0.974,14,13,0.012429216196844383,0.0012429216196844384,0.012429216196844383,0.11414090543985367,0.005814204458147287,0.11288464814424515,0.0
relatively_sparse,500,0.012429216196844383,0.0012429216196844384,5.0,4.150006096013556,12,edge_flip_vem,,,,603,,,1e-05,3.328,477,0.954,23,21,0.012429216196844383,0.0012429216196844384,0.012429216196844383,0.0,0.0,0.006170874461531639,0.0
relatively_sparse,500,0.012429216196844383,0.0012429216196844384,5.0,4.150006096013556,12,sbm_dpsgd_all_noised,3.992894984902444,1.0338953100711687,0.36711225411365295,11.0,6.0,5.0,1e-05,3.328,477,0.954,23,21,0.012429216196844383,0.0012429216196844384,0.012429216196844383,0.11061320453882217,0.00576461898162961,0.11756265163421631,0.0005657212714559232
relatively_sparse,500,0.012429216196844383,0.0012429216196844384,5.0,4.150006096013556,13,edge_flip_vem,,,,542,,,1e-05,3.332,483,0.966,18,17,0.012429216196844383,0.0012429216196844384,0.012429216196844383,0.0,0.0,0.00710570253431797,0.0
relatively_sparse,500,0.012429216196844383,0.0012429216196844384,5.0,4.150006096013556,13,sbm_dpsgd_all_noised,3.992894984902444,1.0338953100711687,0.36711225411365295,11.0,6.0,5.0,1e-05,3.332,483,0.966,18,17,0.012429216196844383,0.0012429216196844384,0.012429216196844383,0.10042628645896912,0.005808955989778042,0.1308974176645279,1.1547875768087406e-05
relatively_sparse,500,0.012429216196844383,0.0012429216196844384,5.0,4.150006096013556,14,edge_flip_vem,,,,353,,,1e-05,3.288,478,0.956,22,20,0.012429216196844383,0.0012429216196844384,0.012429216196844383,0.006708607077598572,0.0,0.0,0.0
relatively_sparse,500,0.012429216196844383,0.0012429216196844384,5.0,4.150006096013556,14,sbm_dpsgd_all_noised,3.992894984902444,1.0338953100711687,0.36711225411365295,11.0,6.0,5.0,1e-05,3.288,478,0.956,22,20,0.012429216196844383,0.0012429216196844384,0.012429216196844383,0.1000639870762825,0.006020844914019108,0.13071370124816895,0.011161473818948255
relatively_sparse,500,0.012429216196844383,0.0012429216196844384,5.0,4.150006096013556,15,edge_flip_vem,,,,496,,,1e-05,3.204,483,0.966,17,15,0.012429216196844383,0.0012429216196844384,0.012429216196844383,0.021830476820468903,0.007358727045357227,0.0,0.00011057155331014
relatively_sparse,500,0.012429216196844383,0.0012429216196844384,5.0,4.150006096013556,15,sbm_dpsgd_all_noised,3.992894984902444,1.0338953100711687,0.36711225411365295,11.0,6.0,5.0,1e-05,3.204,483,0.966,17,15,0.012429216196844383,0.0012429216196844384,0.012429216196844383,0.11269862949848175,0.005743630696088076,0.11508401483297348,0.006117474173674015
relatively_sparse,500,0.012429216196844383,0.0012429216196844384,5.0,4.150006096013556,16,edge_flip_vem,,,,376,,,1e-05,3.416,483,0.966,18,17,0.012429216196844383,0.0012429216196844384,0.012429216196844383,0.0,0.0,0.006989882793277502,0.0
relatively_sparse,500,0.012429216196844383,0.0012429216196844384,5.0,4.150006096013556,16,sbm_dpsgd_all_noised,3.992894984902444,1.0338953100711687,0.36711225411365295,11.0,6.0,5.0,1e-05,3.416,483,0.966,18,17,0.012429216196844383,0.0012429216196844384,0.012429216196844383,0.13545091450214386,0.005921205505728722,0.09673834592103958,0.0009385221755249058
relatively_sparse,500,0.012429216196844383,0.0012429216196844384,5.0,4.150006096013556,17,edge_flip_vem,,,,649,,,1e-05,3.692,485,0.97,15,13,0.012429216196844383,0.0012429216196844384,0.012429216196844383,0.00698161032050848,0.0,0.0,0.0
relatively_sparse,500,0.012429216196844383,0.0012429216196844384,5.0,4.150006096013556,17,sbm_dpsgd_all_noised,3.992894984902444,1.0338953100711687,0.36711225411365295,11.0,6.0,5.0,1e-05,3.692,485,0.97,15,13,0.012429216196844383,0.0012429216196844384,0.012429216196844383,0.11733725666999817,0.006331758573651314,0.1114921122789383,0.0029566597895797596
relatively_sparse,500,0.012429216196844383,0.0012429216196844384,5.0,4.150006096013556,18,edge_flip_vem,,,,386,,,1e-05,3.552,484,0.968,14,12,0.012429216196844383,0.0012429216196844384,0.012429216196844383,0.0,0.0,0.00732906861230731,0.0
relatively_sparse,500,0.012429216196844383,0.0012429216196844384,5.0,4.150006096013556,18,sbm_dpsgd_all_noised,3.992894984902444,1.0338953100711687,0.36711225411365295,11.0,6.0,5.0,1e-05,3.552,484,0.968,14,12,0.012429216196844383,0.0012429216196844384,0.012429216196844383,0.11169353127479553,0.005886690691113472,0.11732716858386993,0.000415572270192081
relatively_sparse,500,0.012429216196844383,0.0012429216196844384,5.0,4.150006096013556,19,edge_flip_vem,,,,386,,,1e-05,3.312,480,0.96,20,18,0.012429216196844383,0.0012429216196844384,0.012429216196844383,0.006683788727968931,0.0,0.0,0.0
relatively_sparse,500,0.012429216196844383,0.0012429216196844384,5.0,4.150006096013556,19,sbm_dpsgd_all_noised,3.992894984902444,1.0338953100711687,0.36711225411365295,11.0,6.0,5.0,1e-05,3.312,480,0.96,20,18,0.012429216196844383,0.0012429216196844384,0.012429216196844383,0.11316487938165665,0.005841218866407871,0.11457822471857071,0.007225704293565774
relatively_sparse,500,0.012429216196844383,0.0012429216196844384,10.0,1.9953178628215948,0,edge_flip_vem,,,,254,,,1e-05,3.436,482,0.964,19,18,0.012429216196844383,0.0012429216196844384,0.012429216196844383,0.0,0.0,0.007967452518641949,0.0
relatively_sparse,500,0.012429216196844383,0.0012429216196844384,10.0,1.9953178628215948,0,sbm_dpsgd_all_noised,1.9223734183771504,0.5431122541136532,0.361612254113653,11.0,6.0,5.0,1e-05,3.436,482,0.964,19,18,0.012429216196844383,0.0012429216196844384,0.012429216196844383,0.11729800701141357,0.005786370951682329,0.11497752368450165,0.0016632036125895037
relatively_sparse,500,0.012429216196844383,0.0012429216196844384,10.0,1.9953178628215948,1,edge_flip_vem,,,,638,,,1e-05,3.416,489,0.978,11,9,0.012429216196844383,0.0012429216196844384,0.012429216196844383,0.013216590508818626,0.0,0.0,0.00023693448909884994
relatively_sparse,500,0.012429216196844383,0.0012429216196844384,10.0,1.9953178628215948,1,sbm_dpsgd_all_noised,1.9223734183771504,0.5431122541136532,0.361612254113653,11.0,6.0,5.0,1e-05,3.416,489,0.978,11,9,0.012429216196844383,0.0012429216196844384,0.012429216196844383,0.12088805437088013,0.005882866680622101,0.10813789814710617,0.002956917932077909
relatively_sparse,500,0.012429216196844383,0.0012429216196844384,10.0,1.9953178628215948,2,edge_flip_vem,,,,269,,,1e-05,3.58,483,0.966,17,15,0.012429216196844383,0.0012429216196844384,0.012429216196844383,0.0,0.0,0.00588073767721653,0.0
relatively_sparse,500,0.012429216196844383,0.0012429216196844384,10.0,1.9953178628215948,2,sbm_dpsgd_all_noised,1.9223734183771504,0.5431122541136532,0.361612254113653,11.0,6.0,5.0,1e-05,3.58,483,0.966,17,15,0.012429216196844383,0.0012429216196844384,0.012429216196844383,0.12216369807720184,0.0060087633319199085,0.10536759346723557,0.002268275645006136
relatively_sparse,500,0.012429216196844383,0.0012429216196844384,10.0,1.9953178628215948,3,edge_flip_vem,,,,249,,,1e-05,3.452,485,0.97,15,13,0.012429216196844383,0.0012429216196844384,0.012429216196844383,0.0,0.0,0.006513075437396765,0.0
relatively_sparse,500,0.012429216196844383,0.0012429216196844384,10.0,1.9953178628215948,3,sbm_dpsgd_all_noised,1.9223734183771504,0.5431122541136532,0.361612254113653,11.0,6.0,5.0,1e-05,3.452,485,0.97,15,13,0.012429216196844383,0.0012429216196844384,0.012429216196844383,0.11079825460910797,0.006214718800038099,0.11879828572273254,0.00018468893066122505
relatively_sparse,500,0.012429216196844383,0.0012429216196844384,10.0,1.9953178628215948,4,edge_flip_vem,,,,164,,,1e-05,3.476,482,0.964,19,18,0.012429216196844383,0.0012429216196844384,0.012429216196844383,0.006239062175154686,0.0,0.0,0.0
relatively_sparse,500,0.012429216196844383,0.0012429216196844384,10.0,1.9953178628215948,4,sbm_dpsgd_all_noised,1.9223734183771504,0.5431122541136532,0.361612254113653,11.0,6.0,5.0,1e-05,3.476,482,0.964,19,18,0.012429216196844383,0.0012429216196844384,0.012429216196844383,0.10352092236280441,0.0058907209895551205,0.12514962255954742,0.0011545646451437957
relatively_sparse,500,0.012429216196844383,0.0012429216196844384,10.0,1.9953178628215948,5,edge_flip_vem,,,,450,,,1e-05,3.408,478,0.956,23,22,0.012429216196844383,0.0012429216196844384,0.012429216196844383,0.0,0.0,0.005975588224828243,0.0
relatively_sparse,500,0.012429216196844383,0.0012429216196844384,10.0,1.9953178628215948,5,sbm_dpsgd_all_noised,1.9223734183771504,0.5431122541136532,0.361612254113653,11.0,6.0,5.0,1e-05,3.408,478,0.956,23,22,0.012429216196844383,0.0012429216196844384,0.012429216196844383,0.11915305256843567,0.0058863465674221516,0.10885636508464813,0.0019524680230297482
relatively_sparse,500,0.012429216196844383,0.0012429216196844384,10.0,1.9953178628215948,6,edge_flip_vem,,,,284,,,1e-05,3.304,476,0.952,22,19,0.012429216196844383,0.0012429216196844384,0.012429216196844383,0.005406484007835388,0.0,0.0,0.0
relatively_sparse,500,0.012429216196844383,0.0012429216196844384,10.0,1.9953178628215948,6,sbm_dpsgd_all_noised,1.9223734183771504,0.5431122541136532,0.361612254113653,11.0,6.0,5.0,1e-05,3.304,476,0.952,22,19,0.012429216196844383,0.0012429216196844384,0.012429216196844383,0.1181492954492569,0.006113646551966667,0.10988593846559525,0.00010387879777911317
relatively_sparse,500,0.012429216196844383,0.0012429216196844384,10.0,1.9953178628215948,7,edge_flip_vem,,,,340,,,1e-05,3.24,474,0.948,25,22,0.012429216196844383,0.0012429216196844384,0.012429216196844383,0.008114997297525406,0.0,0.0,0.0
relatively_sparse,500,0.012429216196844383,0.0012429216196844384,10.0,1.9953178628215948,7,sbm_dpsgd_all_noised,1.9223734183771504,0.5431122541136532,0.361612254113653,11.0,6.0,5.0,1e-05,3.24,474,0.948,25,22,0.012429216196844383,0.0012429216196844384,0.012429216196844383,0.13116653263568878,0.0060164774768054485,0.10086893290281296,0.00010508461064696217
relatively_sparse,500,0.012429216196844383,0.0012429216196844384,10.0,1.9953178628215948,8,edge_flip_vem,,,,346,,,1e-05,3.46,473,0.946,28,27,0.012429216196844383,0.0012429216196844384,0.012429216196844383,0.0,0.0,0.006323373876512051,0.0
relatively_sparse,500,0.012429216196844383,0.0012429216196844384,10.0,1.9953178628215948,8,sbm_dpsgd_all_noised,1.9223734183771504,0.5431122541136532,0.361612254113653,11.0,6.0,5.0,1e-05,3.46,473,0.946,28,27,0.012429216196844383,0.0012429216196844384,0.012429216196844383,0.11633466184139252,0.0054625957272946835,0.11451072245836258,0.00010389689446032872
relatively_sparse,500,0.012429216196844383,0.0012429216196844384,10.0,1.9953178628215948,9,edge_flip_vem,,,,602,,,1e-05,3.316,485,0.97,16,15,0.012429216196844383,0.0012429216196844384,0.012429216196844383,0.0,0.0,0.009476645849645138,0.0
relatively_sparse,500,0.012429216196844383,0.0012429216196844384,10.0,1.9953178628215948,9,sbm_dpsgd_all_noised,1.9223734183771504,0.5431122541136532,0.361612254113653,11.0,6.0,5.0,1e-05,3.316,485,0.97,16,15,0.012429216196844383,0.0012429216196844384,0.012429216196844383,0.10478681325912476,0.0056015560403466225,0.12327549606561661,0.001154464004798532
relatively_sparse,500,0.012429216196844383,0.0012429216196844384,10.0,1.9953178628215948,10,edge_flip_vem,,,,386,,,1e-05,3.684,490,0.98,11,10,0.012429216196844383,0.0012429216196844384,0.012429216196844383,0.006734393537044525,0.0,0.0,0.0
relatively_sparse,500,0.012429216196844383,0.0012429216196844384,10.0,1.9953178628215948,10,sbm_dpsgd_all_noised,1.9223734183771504,0.5431122541136532,0.361612254113653,11.0,6.0,5.0,1e-05,3.684,490,0.98,11,10,0.012429216196844383,0.0012429216196844384,0.012429216196844383,0.1171918585896492,0.0062208171002566814,0.11008778214454651,0.002598468127896449
relatively_sparse,500,0.012429216196844383,0.0012429216196844384,10.0,1.9953178628215948,11,edge_flip_vem,,,,422,,,1e-05,3.412,487,0.974,14,13,0.012429216196844383,0.0012429216196844384,0.012429216196844383,0.0,0.0,0.0060915169306099415,0.0
relatively_sparse,500,0.012429216196844383,0.0012429216196844384,10.0,1.9953178628215948,11,sbm_dpsgd_all_noised,1.9223734183771504,0.5431122541136532,0.361612254113653,11.0,6.0,5.0,1e-05,3.412,487,0.974,14,13,0.012429216196844383,0.0012429216196844384,0.012429216196844383,0.10243725776672363,0.005700501147657633,0.1254776269197464,0.0004158620733021031
relatively_sparse,500,0.012429216196844383,0.0012429216196844384,10.0,1.9953178628215948,12,edge_flip_vem,,,,569,,,1e-05,3.328,477,0.954,23,21,0.012429216196844383,0.0012429216196844384,0.012429216196844383,0.044328637421131134,0.0055961585603654385,0.0,0.0007466449029118705
relatively_sparse,500,0.012429216196844383,0.0012429216196844384,10.0,1.9953178628215948,12,sbm_dpsgd_all_noised,1.9223734183771504,0.5431122541136532,0.361612254113653,11.0,6.0,5.0,1e-05,3.328,477,0.954,23,21,0.012429216196844383,0.0012429216196844384,0.012429216196844383,0.11727883666753769,0.005687922239303589,0.11089137941598892,0.0002885645309827219
relatively_sparse,500,0.012429216196844383,0.0012429216196844384,10.0,1.9953178628215948,13,edge_flip_vem,,,,529,,,1e-05,3.332,483,0.966,18,17,0.012429216196844383,0.0012429216196844384,0.012429216196844383,0.007748369127511978,0.08023502677679062,0.0,0.007732269651319529
relatively_sparse,500,0.012429216196844383,0.0012429216196844384,10.0,1.9953178628215948,13,sbm_dpsgd_all_noised,1.9223734183771504,0.5431122541136532,0.361612254113653,11.0,6.0,5.0,1e-05,3.332,483,0.966,18,17,0.012429216196844383,0.0012429216196844384,0.012429216196844383,0.10292133688926697,0.005776005331426859,0.1298821121454239,0.0002888664228856043
relatively_sparse,500,0.012429216196844383,0.0012429216196844384,10.0,1.9953178628215948,14,edge_flip_vem,,,,405,,,1e-05,3.288,478,0.956,22,20,0.012429216196844383,0.0012429216196844384,0.012429216196844383,0.006744932383298874,0.0,0.0,0.0
relatively_sparse,500,0.012429216196844383,0.0012429216196844384,10.0,1.9953178628215948,14,sbm_dpsgd_all_noised,1.9223734183771504,0.5431122541136532,0.361612254113653,11.0,6.0,5.0,1e-05,3.288,478,0.956,22,20,0.012429216196844383,0.0012429216196844384,0.012429216196844383,0.10052081197500229,0.005965034943073988,0.12947526574134827,0.005104869406733724
relatively_sparse,500,0.012429216196844383,0.0012429216196844384,10.0,1.9953178628215948,15,edge_flip_vem,,,,285,,,1e-05,3.204,483,0.966,17,15,0.012429216196844383,0.0012429216196844384,0.012429216196844383,0.007187569048255682,0.0,0.0,0.0
relatively_sparse,500,0.012429216196844383,0.0012429216196844384,10.0,1.9953178628215948,15,sbm_dpsgd_all_noised,1.9223734183771504,0.5431122541136532,0.361612254113653,11.0,6.0,5.0,1e-05,3.204,483,0.966,17,15,0.012429216196844383,0.0012429216196844384,0.012429216196844383,0.10885195434093475,0.005633854307234287,0.11838354170322418,4.623113694090763e-05
relatively_sparse,500,0.012429216196844383,0.0012429216196844384,10.0,1.9953178628215948,16,edge_flip_vem,,,,188,,,1e-05,3.416,483,0.966,18,17,0.012429216196844383,0.0012429216196844384,0.012429216196844383,0.0,0.0,0.009084582328796387,0.0
relatively_sparse,500,0.012429216196844383,0.0012429216196844384,10.0,1.9953178628215948,16,sbm_dpsgd_all_noised,1.9223734183771504,0.5431122541136532,0.361612254113653,11.0,6.0,5.0,1e-05,3.416,483,0.966,18,17,0.012429216196844383,0.0012429216196844384,0.012429216196844383,0.12917561829090118,0.005477536469697952,0.10150019079446793,0.0009367211080119864
relatively_sparse,500,0.012429216196844383,0.0012429216196844384,10.0,1.9953178628215948,17,edge_flip_vem,,,,481,,,1e-05,3.692,485,0.97,15,13,0.012429216196844383,0.0012429216196844384,0.012429216196844383,0.05340348929166794,0.03848862648010254,0.0,0.0013369478967696178
relatively_sparse,500,0.012429216196844383,0.0012429216196844384,10.0,1.9953178628215948,17,sbm_dpsgd_all_noised,1.9223734183771504,0.5431122541136532,0.361612254113653,11.0,6.0,5.0,1e-05,3.692,485,0.97,15,13,0.012429216196844383,0.0012429216196844384,0.012429216196844383,0.11828725039958954,0.006209803279489279,0.11128547042608261,0.00010387879777911317
relatively_sparse,500,0.012429216196844383,0.0012429216196844384,10.0,1.9953178628215948,18,edge_flip_vem,,,,528,,,1e-05,3.552,484,0.968,14,12,0.012429216196844383,0.0012429216196844384,0.012429216196844383,0.015307033434510231,0.0,0.0,0.004986900390570822
relatively_sparse,500,0.012429216196844383,0.0012429216196844384,10.0,1.9953178628215948,18,sbm_dpsgd_all_noised,1.9223734183771504,0.5431122541136532,0.361612254113653,11.0,6.0,5.0,1e-05,3.552,484,0.968,14,12,0.012429216196844383,0.0012429216196844384,0.012429216196844383,0.11868898570537567,0.005683631636202335,0.11065696179866791,4.623113694090763e-05
relatively_sparse,500,0.012429216196844383,0.0012429216196844384,10.0,1.9953178628215948,19,edge_flip_vem,,,,225,,,1e-05,3.312,480,0.96,20,18,0.012429216196844383,0.0012429216196844384,0.012429216196844383,0.005100854206830263,0.0,0.0,0.0
relatively_sparse,500,0.012429216196844383,0.0012429216196844384,10.0,1.9953178628215948,19,sbm_dpsgd_all_noised,1.9223734183771504,0.5431122541136532,0.361612254113653,11.0,6.0,5.0,1e-05,3.312,480,0.96,20,18,0.012429216196844383,0.0012429216196844384,0.012429216196844383,0.11638133972883224,0.005817769560962915,0.11219458281993866,0.0066727926492416425
sparse,500,0.01,0.001,0.5,75.26107361311833,0,edge_flip_vem,,,,572,,,1e-05,2.656,450,0.9,39,31,0.01,0.001,0.01,0.0,0.020040079951286316,0.005263539031147957,0.00392410573208431
sparse,500,0.01,0.001,0.5,75.26107361311833,0,sbm_dpsgd_all_noised,70.77218472422943,12.423129399151788,1.0338953100711687,11.0,6.0,5.0,1e-05,2.656,450,0.9,39,31,0.01,0.001,0.01,0.13644085824489594,0.005470001604408026,0.09996073693037033,0.008566830688275453
sparse,500,0.01,0.001,0.5,75.26107361311833,1,edge_flip_vem,,,,724,,,1e-05,2.896,470,0.94,28,24,0.01,0.001,0.01,0.005646783858537674,0.018108651041984558,0.3333333432674408,0.0009366905532250288
sparse,500,0.01,0.001,0.5,75.26107361311833,1,sbm_dpsgd_all_noised,70.77218472422943,12.423129399151788,1.0338953100711687,11.0,6.0,5.0,1e-05,2.896,470,0.94,28,24,0.01,0.001,0.01,0.10012180358171463,0.0057155597023665905,0.1317996084690094,0.0005656226958973042
sparse,500,0.01,0.001,0.5,75.26107361311833,2,edge_flip_vem,,,,77,,,1e-05,2.892,460,0.92,35,29,0.01,0.001,0.01,0.0,0.0,0.005795591045171022,0.0
sparse,500,0.01,0.001,0.5,75.26107361311833,2,sbm_dpsgd_all_noised,70.77218472422943,12.423129399151788,1.0338953100711687,11.0,6.0,5.0,1e-05,2.892,460,0.92,35,29,0.01,0.001,0.01,0.11934775114059448,0.005550891160964966,0.10756949335336685,0.0011548666544593938
sparse,500,0.01,0.001,0.5,75.26107361311833,3,edge_flip_vem,,,,308,,,1e-05,2.7,455,0.91,42,37,0.01,0.001,0.01,0.004355863202363253,0.012419871985912323,0.026209676638245583,0.00028707013203408663
sparse,500,0.01,0.001,0.5,75.26107361311833,3,sbm_dpsgd_all_noised,70.77218472422943,12.423129399151788,1.0338953100711687,11.0,6.0,5.0,1e-05,2.7,455,0.91,42,37,0.01,0.001,0.01,0.11644648015499115,0.005318972747772932,0.11120328307151794,0.0019517867335456106
sparse,500,0.01,0.001,0.5,75.26107361311833,4,edge_flip_vem,,,,205,,,1e-05,2.708,467,0.934,33,31,0.01,0.001,0.01,0.0,0.0,0.005426853895187378,0.0
sparse,500,0.01,0.001,0.5,75.26107361311833,4,sbm_dpsgd_all_noised,70.77218472422943,12.423129399151788,1.0338953100711687,11.0,6.0,5.0,1e-05,2.708,467,0.934,33,31,0.01,0.001,0.01,0.1246359646320343,0.005578051786869764,0.10422180593013763,1.1553914438397045e-05
sparse,500,0.01,0.001,0.5,75.26107361311833,5,edge_flip_vem,,,,377,,,1e-05,2.696,459,0.918,41,39,0.01,0.001,0.01,0.005213424563407898,0.01713709719479084,0.0,0.002851159969085246
sparse,500,0.01,0.001,0.5,75.26107361311833,5,sbm_dpsgd_all_noised,70.77218472422943,12.423129399151788,1.0338953100711687,11.0,6.0,5.0,1e-05,2.696,459,0.918,41,39,0.01,0.001,0.01,0.13547536730766296,0.005516709294170141,0.09855794161558151,0.000415572270192081
sparse,500,0.01,0.001,0.5,75.26107361311833,6,edge_flip_vem,,,,207,,,1e-05,2.76,455,0.91,42,37,0.01,0.001,0.01,0.00553106190636754,0.0,0.0,0.0
sparse,500,0.01,0.001,0.5,75.26107361311833,6,sbm_dpsgd_all_noised,70.77218472422943,12.423129399151788,1.0338953100711687,11.0,6.0,5.0,1e-05,2.76,455,0.91,42,37,0.01,0.001,0.01,0.1153690293431282,0.005235597491264343,0.1127471998333931,0.015009990154842846
sparse,500,0.01,0.001,0.5,75.26107361311833,7,edge_flip_vem,,,,547,,,1e-05,2.556,453,0.906,42,37,0.01,0.001,0.01,0.0,0.022044088691473007,0.005054285284131765,0.00392410573208431
sparse,500,0.01,0.001,0.5,75.26107361311833,7,sbm_dpsgd_all_noised,70.77218472422943,12.423129399151788,1.0338953100711687,11.0,6.0,5.0,1e-05,2.556,453,0.906,42,37,0.01,0.001,0.01,0.1055719256401062,0.005418780725449324,0.12262237071990967,0.0007393657438278189
sparse,500,0.01,0.001,0.5,75.26107361311833,8,edge_flip_vem,,,,442,,,1e-05,2.648,463,0.926,35,32,0.01,0.001,0.01,0.0,0.016767270863056183,0.005168105475604534,0.0009366905532250288
sparse,500,0.01,0.001,0.5,75.26107361311833,8,sbm_dpsgd_all_noised,70.77218472422943,12.423129399151788,1.0338953100711687,11.0,6.0,5.0,1e-05,2.648,463,0.926,35,32,0.01,0.001,0.01,0.11405152827501297,0.0050544519908726215,0.11369844526052475,0.00417280253605953
sparse,500,0.01,0.001,0.5,75.26107361311833,9,edge_flip_vem,,,,545,,,1e-05,2.708,460,0.92,37,32,0.01,0.001,0.01,0.005426853895187378,0.0,0.0,0.0
sparse,500,0.01,0.001,0.5,75.26107361311833,9,sbm_dpsgd_all_noised,70.77218472422943,12.423129399151788,1.0338953100711687,11.0,6.0,5.0,1e-05,2.708,460,0.92,37,32,0.01,0.001,0.01,0.10007968544960022,0.005347817204892635,0.1309126317501068,0.0026030105143527477
sparse,500,0.01,0.001,0.5,75.26107361311833,10,edge_flip_vem,,,,637,,,1e-05,2.828,470,0.94,29,26,0.01,0.001,0.01,0.10000000149011612,0.017777778208255768,0.005414468701928854,0.0005429505113007086
sparse,500,0.01,0.001,0.5,75.26107361311833,10,sbm_dpsgd_all_noised,70.77218472422943,12.423129399151788,1.0338953100711687,11.0,6.0,5.0,1e-05,2.828,470,0.94,29,26,0.01,0.001,0.01,0.13278788328170776,0.005667427554726601,0.10041636973619461,0.0037430301526527204
sparse,500,0.01,0.001,0.5,75.26107361311833,11,edge_flip_vem,,,,309,,,1e-05,2.828,458,0.916,37,31,0.01,0.001,0.01,0.0,0.0,0.005667334888130426,0.0
sparse,500,0.01,0.001,0.5,75.26107361311833,11,sbm_dpsgd_all_noised,70.77218472422943,12.423129399151788,1.0338953100711687,11.0,6.0,5.0,1e-05,2.828,458,0.916,37,31,0.01,0.001,0.01,0.10784687846899033,0.005614361725747585,0.11997005343437195,0.0
sparse,500,0.01,0.001,0.5,75.26107361311833,12,edge_flip_vem,,,,397,,,1e-05,2.884,455,0.91,40,34,0.01,0.001,0.01,0.05128205195069313,0.014057810418307781,0.005306698381900787,0.0017624926773030054
sparse,500,0.01,0.001,0.5,75.26107361311833,12,sbm_dpsgd_all_noised,70.77218472422943,12.423129399151788,1.0338953100711687,11.0,6.0,5.0,1e-05,2.884,455,0.91,40,34,0.01,0.001,0.01,0.11205817013978958,0.005417590029537678,0.11607576161623001,0.0002886148095763425
sparse,500,0.01,0.001,0.5,75.26107361311833,13,edge_flip_vem,,,,273,,,1e-05,2.764,456,0.912,39,33,0.01,0.001,0.01,0.0,0.0,0.005539078265428543,0.0
sparse,500,0.01,0.001,0.5,75.26107361311833,13,sbm_dpsgd_all_noised,70.77218472422943,12.423129399151788,1.0338953100711687,11.0,6.0,5.0,1e-05,2.764,456,0.912,39,33,0.01,0.001,0.01,0.0981985479593277,0.005578028969466686,0.13932734727859497,0.006144358794155658
sparse,500,0.01,0.001,0.5,75.26107361311833,14,edge_flip_vem,,,,218,,,1e-05,2.724,466,0.932,32,28,0.01,0.001,0.01,0.0,0.0,0.005458917934447527,0.0
sparse,500,0.01,0.001,0.5,75.26107361311833,14,sbm_dpsgd_all_noised,70.77218472422943,12.423129399151788,1.0338953100711687,11.0,6.0,5.0,1e-05,2.724,466,0.932,32,28,0.01,0.001,0.01,0.1203363835811615,0.00539985578507185,0.10755803436040878,0.0029631247205517517
sparse,500,0.01,0.001,0.5,75.26107361311833,15,edge_flip_vem,,,,311,,,1e-05,2.7,457,0.914,38,32,0.01,0.001,0.01,0.00541082164272666,0.0,0.0,0.0
sparse,500,0.01,0.001,0.5,75.26107361311833,15,sbm_dpsgd_all_noised,70.77218472422943,12.423129399151788,1.0338953100711687,11.0,6.0,5.0,1e-05,2.7,457,0.914,38,32,0.01,0.001,0.01,0.11188390105962753,0.005545209161937237,0.11517035216093063,0.0
sparse,500,0.01,0.001,0.5,75.26107361311833,16,edge_flip_vem,,,,676,,,1e-05,2.716,460,0.92,38,34,0.01,0.001,0.01,0.005384262651205063,0.020040079951286316,0.0,0.00392410573208431
sparse,500,0.01,0.001,0.5,75.26107361311833,16,sbm_dpsgd_all_noised,70.77218472422943,12.423129399151788,1.0338953100711687,11.0,6.0,5.0,1e-05,2.716,460,0.92,38,34,0.01,0.001,0.01,0.10832308232784271,0.005505501292645931,0.11952218413352966,0.00010389689446032872
sparse,500,0.01,0.001,0.5,75.26107361311833,17,edge_flip_vem,,,,346,,,1e-05,2.78,461,0.922,35,30,0.01,0.001,0.01,0.0,0.0,0.005571142304688692,0.0
sparse,500,0.01,0.001,0.5,75.26107361311833,17,sbm_dpsgd_all_noised,70.77218472422943,12.423129399151788,1.0338953100711687,11.0,6.0,5.0,1e-05,2.78,461,0.922,35,30,0.01,0.001,0.01,0.10563700646162033,0.005556847900152206,0.12950356304645538,0.013527425013064082
sparse,500,0.01,0.001,0.5,75.26107361311833,18,edge_flip_vem,,,,345,,,1e-05,2.596,462,0.924,36,32,0.01,0.001,0.01,0.0,0.0,0.00520240468904376,0.0
sparse,500,0.01,0.001,0.5,75.26107361311833,18,sbm_dpsgd_all_noised,70.77218472422943,12.423129399151788,1.0338953100711687,11.0,6.0,5.0,1e-05,2.596,462,0.924,36,32,0.01,0.001,0.01,0.09540353715419769,0.005367135629057884,0.13981398940086365,0.0002887154108162256
sparse,500,0.01,0.001,0.5,75.26107361311833,19,edge_flip_vem,,,,152,,,1e-05,2.724,462,0.924,33,27,0.01,0.001,0.01,0.0,0.0,0.005458917934447527,0.0
sparse,500,0.01,0.001,0.5,75.26107361311833,19,sbm_dpsgd_all_noised,70.77218472422943,12.423129399151788,1.0338953100711687,11.0,6.0,5.0,1e-05,2.724,462,0.924,33,27,0.01,0.001,0.01,0.1028604805469513,0.005457419902086258,0.13196977972984314,0.001970322579235174
sparse,500,0.01,0.001,1.0,27.449962502007253,0,edge_flip_vem,,,,572,,,1e-05,2.656,450,0.9,39,31,0.01,0.001,0.01,0.0,0.020040079951286316,0.005263539031147957,0.00392410573208431
sparse,500,0.01,0.001,1.0,27.449962502007253,0,sbm_dpsgd_all_noised,26.32774027978503,5.635918426327381,0.5431122541136532,11.0,6.0,5.0,1e-05,2.656,450,0.9,39,31,0.01,0.001,0.01,0.13764214515686035,0.005389661528170109,0.09945603460073471,0.007915951272740897
sparse,500,0.01,0.001,1.0,27.449962502007253,1,edge_flip_vem,,,,724,,,1e-05,2.896,470,0.94,28,24,0.01,0.001,0.01,0.005646783858537674,0.018108651041984558,0.3333333432674408,0.0009366905532250288
sparse,500,0.01,0.001,1.0,27.449962502007253,1,sbm_dpsgd_all_noised,26.32774027978503,5.635918426327381,0.5431122541136532,11.0,6.0,5.0,1e-05,2.896,470,0.94,28,24,0.01,0.001,0.01,0.09945089370012283,0.005697321612387896,0.13285663723945618,0.003338742291296572
sparse,500,0.01,0.001,1.0,27.449962502007253,2,edge_flip_vem,,,,77,,,1e-05,2.892,460,0.92,35,29,0.01,0.001,0.01,0.0,0.0,0.005795591045171022,0.0
sparse,500,0.01,0.001,1.0,27.449962502007253,2,sbm_dpsgd_all_noised,26.32774027978503,5.635918426327381,0.5431122541136532,11.0,6.0,5.0,1e-05,2.892,460,0.92,35,29,0.01,0.001,0.01,0.11587671935558319,0.005468276794999838,0.11112022399902344,0.0022641197992780146
sparse,500,0.01,0.001,1.0,27.449962502007253,3,edge_flip_vem,,,,308,,,1e-05,2.7,455,0.91,42,37,0.01,0.001,0.01,0.004355863202363253,0.012419871985912323,0.026209676638245583,0.00028707013203408663
sparse,500,0.01,0.001,1.0,27.449962502007253,3,sbm_dpsgd_all_noised,26.32774027978503,5.635918426327381,0.5431122541136532,11.0,6.0,5.0,1e-05,2.7,455,0.91,42,37,0.01,0.001,0.01,0.11486107856035233,0.005310898181051016,0.11296895891427994,0.0041706146477836275
sparse,500,0.01,0.001,1.0,27.449962502007253,4,edge_flip_vem,,,,205,,,1e-05,2.708,467,0.934,33,31,0.01,0.001,0.01,0.0,0.0,0.005426853895187378,0.0
sparse,500,0.01,0.001,1.0,27.449962502007253,4,sbm_dpsgd_all_noised,26.32774027978503,5.635918426327381,0.5431122541136532,11.0,6.0,5.0,1e-05,2.708,467,0.934,33,31,0.01,0.001,0.01,0.13070644438266754,0.005507220048457384,0.0998179242014885,0.0
sparse,500,0.01,0.001,1.0,27.449962502007253,5,edge_flip_vem,,,,377,,,1e-05,2.696,459,0.918,41,39,0.01,0.001,0.01,0.005213424563407898,0.01713709719479084,0.0,0.002851159969085246
sparse,500,0.01,0.001,1.0,27.449962502007253,5,sbm_dpsgd_all_noised,26.32774027978503,5.635918426327381,0.5431122541136532,11.0,6.0,5.0,1e-05,2.696,459,0.918,41,39,0.01,0.001,0.01,0.13638682663440704,0.005480946507304907,0.09792938083410263,0.0013972538524702218
sparse,500,0.01,0.001,1.0,27.449962502007253,6,edge_flip_vem,,,,207,,,1e-05,2.76,455,0.91,42,37,0.01,0.001,0.01,0.00553106190636754,0.0,0.0,0.0
sparse,500,0.01,0.001,1.0,27.449962502007253,6,sbm_dpsgd_all_noised,26.32774027978503,5.635918426327381,0.5431122541136532,11.0,6.0,5.0,1e-05,2.76,455,0.91,42,37,0.01,0.001,0.01,0.11215239763259888,0.0052757407538592815,0.11553940922021866,1.1553914438397045e-05
sparse,500,0.01,0.001,1.0,27.449962502007253,7,edge_flip_vem,,,,547,,,1e-05,2.556,453,0.906,42,37,0.01,0.001,0.01,0.0,0.022044088691473007,0.005054285284131765,0.00392410573208431
sparse,500,0.01,0.001,1.0,27.449962502007253,7,sbm_dpsgd_all_noised,26.32774027978503,5.635918426327381,0.5431122541136532,11.0,6.0,5.0,1e-05,2.556,453,0.906,42,37,0.01,0.001,0.01,0.10757733136415482,0.005298991221934557,0.1202612966299057,0.0
sparse,500,0.01,0.001,1.0,27.449962502007253,8,edge_flip_vem,,,,442,,,1e-05,2.648,463,0.926,35,32,0.01,0.001,0.01,0.0,0.016767270863056183,0.005168105475604534,0.0009366905532250288
sparse,500,0.01,0.001,1.0,27.449962502007253,8,sbm_dpsgd_all_noised,26.32774027978503,5.635918426327381,0.5431122541136532,11.0,6.0,5.0,1e-05,2.648,463,0.926,35,32,0.01,0.001,0.01,0.11331350356340408,0.005085696466267109,0.11428042501211166,0.00417280253605953
sparse,500,0.01,0.001,1.0,27.449962502007253,9,edge_flip_vem,,,,545,,,1e-05,2.708,460,0.92,37,32,0.01,0.001,0.01,0.005426853895187378,0.0,0.0,0.0
sparse,500,0.01,0.001,1.0,27.449962502007253,9,sbm_dpsgd_all_noised,26.32774027978503,5.635918426327381,0.5431122541136532,11.0,6.0,5.0,1e-05,2.708,460,0.92,37,32,0.01,0.001,0.01,0.10022100806236267,0.005410764366388321,0.13069051504135132,0.000415572270192081
sparse,500,0.01,0.001,1.0,27.449962502007253,10,edge_flip_vem,,,,637,,,1e-05,2.828,470,0.94,29,26,0.01,0.001,0.01,0.10000000149011612,0.017777778208255768,0.005414468701928854,0.0005429505113007086
sparse,500,0.01,0.001,1.0,27.449962502007253,10,sbm_dpsgd_all_noised,26.32774027978503,5.635918426327381,0.5431122541136532,11.0,6.0,5.0,1e-05,2.828,470,0.94,29,26,0.01,0.001,0.01,0.12967173755168915,0.005654231179505587,0.10243412852287292,0.0041749923532136786
sparse,500,0.01,0.001,1.0,27.449962502007253,11,edge_flip_vem,,,,309,,,1e-05,2.828,458,0.916,37,31,0.01,0.001,0.01,0.0,0.0,0.005667334888130426,0.0
sparse,500,0.01,0.001,1.0,27.449962502007253,11,sbm_dpsgd_all_noised,26.32774027978503,5.635918426327381,0.5431122541136532,11.0,6.0,5.0,1e-05,2.828,458,0.916,37,31,0.01,0.001,0.01,0.10903657972812653,0.005654193926602602,0.11916140466928482,0.002956917932077909
sparse,500,0.01,0.001,1.0,27.449962502007253,12,edge_flip_vem,,,,397,,,1e-05,2.884,455,0.91,40,34,0.01,0.001,0.01,0.05128205195069313,0.014057810418307781,0.005306698381900787,0.0017624926773030054
sparse,500,0.01,0.001,1.0,27.449962502007253,12,sbm_dpsgd_all_noised,26.32774027978503,5.635918426327381,0.5431122541136532,11.0,6.0,5.0,1e-05,2.884,455,0.91,40,34,0.01,0.001,0.01,0.1151290088891983,0.005295388400554657,0.11312219500541687,0.0
sparse,500,0.01,0.001,1.0,27.449962502007253,13,edge_flip_vem,,,,273,,,1e-05,2.764,456,0.912,39,33,0.01,0.001,0.01,0.0,0.0,0.005539078265428543,0.0
sparse,500,0.01,0.001,1.0,27.449962502007253,13,sbm_dpsgd_all_noised,26.32774027978503,5.635918426327381,0.5431122541136532,11.0,6.0,5.0,1e-05,2.764,456,0.912,39,33,0.01,0.001,0.01,0.10079338401556015,0.005564786959439516,0.13611756265163422,0.002265108126955345
sparse,500,0.01,0.001,1.0,27.449962502007253,14,edge_flip_vem,,,,218,,,1e-05,2.724,466,0.932,32,28,0.01,0.001,0.01,0.0,0.0,0.005458917934447527,0.0
sparse,500,0.01,0.001,1.0,27.449962502007253,14,sbm_dpsgd_all_noised,26.32774027978503,5.635918426327381,0.5431122541136532,11.0,6.0,5.0,1e-05,2.724,466,0.932,32,28,0.01,0.001,0.01,0.12115995585918427,0.005413511767983437,0.10691328346729279,0.000415572270192081
sparse,500,0.01,0.001,1.0,27.449962502007253,15,edge_flip_vem,,,,311,,,1e-05,2.7,457,0.914,38,32,0.01,0.001,0.01,0.00541082164272666,0.0,0.0,0.0
sparse,500,0.01,0.001,1.0,27.449962502007253,15,sbm_dpsgd_all_noised,26.32774027978503,5.635918426327381,0.5431122541136532,11.0,6.0,5.0,1e-05,2.7,457,0.914,38,32,0.01,0.001,0.01,0.11061976850032806,0.005490513052791357,0.11636116355657578,0.0001847372015009393
sparse,500,0.01,0.001,1.0,27.449962502007253,16,edge_flip_vem,,,,676,,,1e-05,2.716,460,0.92,38,34,0.01,0.001,0.01,0.005384262651205063,0.020040079951286316,0.0,0.00392410573208431
sparse,500,0.01,0.001,1.0,27.449962502007253,16,sbm_dpsgd_all_noised,26.32774027978503,5.635918426327381,0.5431122541136532,11.0,6.0,5.0,1e-05,2.716,460,0.92,38,34,0.01,0.001,0.01,0.1081627681851387,0.005463127046823502,0.11913438886404037,0.001663929258245369
sparse,500,0.01,0.001,1.0,27.449962502007253,17,edge_flip_vem,,,,346,,,1e-05,2.78,461,0.922,35,30,0.01,0.001,0.01,0.0,0.0,0.005571142304688692,0.0
sparse,500,0.01,0.001,1.0,27.449962502007253,17,sbm_dpsgd_all_noised,26.32774027978503,5.635918426327381,0.5431122541136532,11.0,6.0,5.0,1e-05,2.78,461,0.922,35,30,0.01,0.001,0.01,0.10544178634881973,0.005563311278820038,0.12994471192359924,0.0067169322500210595
sparse,500,0.01,0.001,1.0,27.449962502007253,18,edge_flip_vem,,,,345,,,1e-05,2.596,462,0.924,36,32,0.01,0.001,0.01,0.0,0.0,0.00520240468904376,0.0
sparse,500,0.01,0.001,1.0,27.449962502007253,18,sbm_dpsgd_all_noised,26.32774027978503,5.635918426327381,0.5431122541136532,11.0,6.0,5.0,1e-05,2.596,462,0.924,36,32,0.01,0.001,0.01,0.0925656408071518,0.005407330114394426,0.14346235990524292,0.0004158620733021031
sparse,500,0.01,0.001,1.0,27.449962502007253,19,edge_flip_vem,,,,152,,,1e-05,2.724,462,0.924,33,27,0.01,0.001,0.01,0.0,0.0,0.005458917934447527,0.0
sparse,500,0.01,0.001,1.0,27.449962502007253,19,sbm_dpsgd_all_noised,26.32774027978503,5.635918426327381,0.5431122541136532,11.0,6.0,5.0,1e-05,2.724,462,0.924,33,27,0.01,0.001,0.01,0.1009637713432312,0.005475983489304781,0.13436952233314514,0.007915951272740897
sparse,500,0.01,0.001,2.0,11.732851621374003,0,edge_flip_vem,,,,685,,,1e-05,2.656,450,0.9,39,31,0.01,0.001,0.01,0.0,0.020032376050949097,0.005263646133244038,0.00392410573208431
sparse,500,0.01,0.001,2.0,11.732851621374003,0,sbm_dpsgd_all_noised,11.245049229064149,2.668102829441137,0.40561225411365304,11.0,6.0,5.0,1e-05,2.656,450,0.9,39,31,0.01,0.001,0.01,0.1362605094909668,0.005324680358171463,0.09926244616508484,0.006679235865544641
sparse,500,0.01,0.001,2.0,11.732851621374003,1,edge_flip_vem,,,,773,,,1e-05,2.896,470,0.94,28,24,0.01,0.001,0.01,0.0056969779543578625,0.02007261849939823,0.0,0.0
sparse,500,0.01,0.001,2.0,11.732851621374003,1,sbm_dpsgd_all_noised,11.245049229064149,2.668102829441137,0.40561225411365304,11.0,6.0,5.0,1e-05,2.896,470,0.94,28,24,0.01,0.001,0.01,0.10184156894683838,0.005738322623074055,0.13019929826259613,0.0037456478023107373
sparse,500,0.01,0.001,2.0,11.732851621374003,2,edge_flip_vem,,,,118,,,1e-05,2.892,460,0.92,35,29,0.01,0.001,0.01,0.0,0.0,0.0057956743985414505,0.0
sparse,500,0.01,0.001,2.0,11.732851621374003,2,sbm_dpsgd_all_noised,11.245049229064149,2.668102829441137,0.40561225411365304,11.0,6.0,5.0,1e-05,2.892,460,0.92,35,29,0.01,0.001,0.01,0.1130821630358696,0.005517722573131323,0.11433181911706924,0.0013972538524702218
sparse,500,0.01,0.001,2.0,11.732851621374003,3,edge_flip_vem,,,,303,,,1e-05,2.7,455,0.91,42,37,0.01,0.001,0.01,0.06665971130132675,0.016186565160751343,0.005141065921634436,0.0
sparse,500,0.01,0.001,2.0,11.732851621374003,3,sbm_dpsgd_all_noised,11.245049229064149,2.668102829441137,0.40561225411365304,11.0,6.0,5.0,1e-05,2.7,455,0.91,42,37,0.01,0.001,0.01,0.12128908932209015,0.005321918521076441,0.10758455097675323,0.001403859172775576
sparse,500,0.01,0.001,2.0,11.732851621374003,4,edge_flip_vem,,,,204,,,1e-05,2.708,467,0.934,33,31,0.01,0.001,0.01,0.0,0.0,0.005426931194961071,0.0
sparse,500,0.01,0.001,2.0,11.732851621374003,4,sbm_dpsgd_all_noised,11.245049229064149,2.668102829441137,0.40561225411365304,11.0,6.0,5.0,1e-05,2.708,467,0.934,33,31,0.01,0.001,0.01,0.1263228803873062,0.005352986045181751,0.10338817536830902,0.00018481769988705233
sparse,500,0.01,0.001,2.0,11.732851621374003,5,edge_flip_vem,,,,469,,,1e-05,2.696,459,0.918,41,39,0.01,0.001,0.01,0.0052217748016119,0.017633385956287384,0.0,0.002851159969085246
sparse,500,0.01,0.001,2.0,11.732851621374003,5,sbm_dpsgd_all_noised,11.245049229064149,2.668102829441137,0.40561225411365304,11.0,6.0,5.0,1e-05,2.696,459,0.918,41,39,0.01,0.001,0.01,0.13557733595371246,0.005475194659084082,0.098358653485775,0.0011548666544593938
sparse,500,0.01,0.001,2.0,11.732851621374003,6,edge_flip_vem,,,,309,,,1e-05,2.76,455,0.91,42,37,0.01,0.001,0.01,0.005531141068786383,0.0,0.0,0.0
sparse,500,0.01,0.001,2.0,11.732851621374003,6,sbm_dpsgd_all_noised,11.245049229064149,2.668102829441137,0.40561225411365304,11.0,6.0,5.0,1e-05,2.76,455,0.91,42,37,0.01,0.001,0.01,0.1078236922621727,0.005353020038455725,0.11984623968601227,0.0025998294462108024
sparse,500,0.01,0.001,2.0,11.732851621374003,7,edge_flip_vem,,,,547,,,1e-05,2.556,453,0.906,42,37,0.01,0.001,0.01,0.0,0.022036416456103325,0.005046340636909008,0.00392410573208431
sparse,500,0.01,0.001,2.0,11.732851621374003,7,sbm_dpsgd_all_noised,11.245049229064149,2.668102829441137,0.40561225411365304,11.0,6.0,5.0,1e-05,2.556,453,0.906,42,37,0.01,0.001,0.01,0.11005371809005737,0.005245830863714218,0.1181422621011734,0.0011545646451437957
sparse,500,0.01,0.001,2.0,11.732851621374003,8,edge_flip_vem,,,,559,,,1e-05,2.648,463,0.926,35,32,0.01,0.001,0.01,0.0,0.016759512946009636,0.005168275907635689,0.0009366905532250288
sparse,500,0.01,0.001,2.0,11.732851621374003,8,sbm_dpsgd_all_noised,11.245049229064149,2.668102829441137,0.40561225411365304,11.0,6.0,5.0,1e-05,2.648,463,0.926,35,32,0.01,0.001,0.01,0.11430727690458298,0.005258229095488787,0.11329798400402069,4.6182820458156546e-05
sparse,500,0.01,0.001,2.0,11.732851621374003,9,edge_flip_vem,,,,391,,,1e-05,2.708,460,0.92,37,32,0.01,0.001,0.01,0.005442963447421789,0.0,0.0,0.0
sparse,500,0.01,0.001,2.0,11.732851621374003,9,sbm_dpsgd_all_noised,11.245049229064149,2.668102829441137,0.40561225411365304,11.0,6.0,5.0,1e-05,2.708,460,0.92,37,32,0.01,0.001,0.01,0.10146700590848923,0.00548013998195529,0.12907777726650238,0.00028932025416878495
sparse,500,0.01,0.001,2.0,11.732851621374003,10,edge_flip_vem,,,,637,,,1e-05,2.828,470,0.94,29,26,0.01,0.001,0.01,0.09999357908964157,0.017770037055015564,0.005406529642641544,0.0005429505113007086
sparse,500,0.01,0.001,2.0,11.732851621374003,10,sbm_dpsgd_all_noised,11.245049229064149,2.668102829441137,0.40561225411365304,11.0,6.0,5.0,1e-05,2.828,470,0.94,29,26,0.01,0.001,0.01,0.12776845693588257,0.005618288181722164,0.10377037525177002,0.0037427031624728594
sparse,500,0.01,0.001,2.0,11.732851621374003,11,edge_flip_vem,,,,309,,,1e-05,2.828,458,0.916,37,31,0.01,0.001,0.01,0.0,0.0,0.0056594000197947025,0.0
sparse,500,0.01,0.001,2.0,11.732851621374003,11,sbm_dpsgd_all_noised,11.245049229064149,2.668102829441137,0.40561225411365304,11.0,6.0,5.0,1e-05,2.828,458,0.916,37,31,0.01,0.001,0.01,0.10776705294847488,0.00552777573466301,0.12024007737636566,0.0022664930023180273
sparse,500,0.01,0.001,2.0,11.732851621374003,12,edge_flip_vem,,,,446,,,1e-05,2.884,455,0.91,40,34,0.01,0.001,0.01,0.051274847239255905,0.014050010591745377,0.005307208281010389,0.0017624926773030054
sparse,500,0.01,0.001,2.0,11.732851621374003,12,sbm_dpsgd_all_noised,11.245049229064149,2.668102829441137,0.40561225411365304,11.0,6.0,5.0,1e-05,2.884,455,0.91,40,34,0.01,0.001,0.01,0.11291828006505966,0.005312895402312279,0.11560235917568207,0.0011545646451437957
sparse,500,0.01,0.001,2.0,11.732851621374003,13,edge_flip_vem,,,,325,,,1e-05,2.764,456,0.912,39,33,0.01,0.001,0.01,0.0,0.0,0.005539157427847385,0.0
sparse,500,0.01,0.001,2.0,11.732851621374003,13,sbm_dpsgd_all_noised,11.245049229064149,2.668102829441137,0.40561225411365304,11.0,6.0,5.0,1e-05,2.764,456,0.912,39,33,0.01,0.001,0.01,0.10139340907335281,0.005560784135013819,0.1355169713497162,0.0005666097487232762
sparse,500,0.01,0.001,2.0,11.732851621374003,14,edge_flip_vem,,,,218,,,1e-05,2.724,466,0.932,32,28,0.01,0.001,0.01,0.0,0.0,0.005450979806482792,0.0
sparse,500,0.01,0.001,2.0,11.732851621374003,14,sbm_dpsgd_all_noised,11.245049229064149,2.668102829441137,0.40561225411365304,11.0,6.0,5.0,1e-05,2.724,466,0.932,32,28,0.01,0.001,0.01,0.11894138157367706,0.005467123817652464,0.1092393696308136,0.00010398745715354991
sparse,500,0.01,0.001,2.0,11.732851621374003,15,edge_flip_vem,,,,311,,,1e-05,2.7,457,0.914,38,32,0.01,0.001,0.01,0.00540288258343935,0.0,0.0,0.0
sparse,500,0.01,0.001,2.0,11.732851621374003,15,sbm_dpsgd_all_noised,11.245049229064149,2.668102829441137,0.40561225411365304,11.0,6.0,5.0,1e-05,2.7,457,0.914,38,32,0.01,0.001,0.01,0.11258453875780106,0.0053342971950769424,0.11516289412975311,0.006667528702713465
sparse,500,0.01,0.001,2.0,11.732851621374003,16,edge_flip_vem,,,,676,,,1e-05,2.716,460,0.92,38,34,0.01,0.001,0.01,0.005376323126256466,0.020032376050949097,0.0,0.00392410573208431
sparse,500,0.01,0.001,2.0,11.732851621374003,16,sbm_dpsgd_all_noised,11.245049229064149,2.668102829441137,0.40561225411365304,11.0,6.0,5.0,1e-05,2.716,460,0.92,38,34,0.01,0.001,0.01,0.11288043856620789,0.005379827227443457,0.11483095586299896,0.0033381591487554345
sparse,500,0.01,0.001,2.0,11.732851621374003,17,edge_flip_vem,,,,423,,,1e-05,2.78,461,0.922,35,30,0.01,0.001,0.01,0.0055792382918298244,0.0,0.0,0.0
sparse,500,0.01,0.001,2.0,11.732851621374003,17,sbm_dpsgd_all_noised,11.245049229064149,2.668102829441137,0.40561225411365304,11.0,6.0,5.0,1e-05,2.78,461,0.922,35,30,0.01,0.001,0.01,0.10395359992980957,0.005582483019679785,0.13241687417030334,0.0019565641509235007
sparse,500,0.01,0.001,2.0,11.732851621374003,18,edge_flip_vem,,,,314,,,1e-05,2.596,462,0.924,36,32,0.01,0.001,0.01,0.005202478729188442,0.0,0.0,0.0
sparse,500,0.01,0.001,2.0,11.732851621374003,18,sbm_dpsgd_all_noised,11.245049229064149,2.668102829441137,0.40561225411365304,11.0,6.0,5.0,1e-05,2.596,462,0.924,36,32,0.01,0.001,0.01,0.09480448067188263,0.005513472948223352,0.13771189749240875,0.0016626234781187102
sparse,500,0.01,0.001,2.0,11.732851621374003,19,edge_flip_vem,,,,201,,,1e-05,2.724,462,0.924,33,27,0.01,0.001,0.01,0.0,0.0,0.005458995699882507,0.0
sparse,500,0.01,0.001,2.0,11.732851621374003,19,sbm_dpsgd_all_noised,11.245049229064149,2.668102829441137,0.40561225411365304,11.0,6.0,5.0,1e-05,2.724,462,0.924,33,27,0.01,0.001,0.01,0.10164496302604675,0.005542033817619085,0.13112960755825043,0.009096320778089171
sparse,500,0.01,0.001,5.0,4.150006096013556,0,edge_flip_vem,,,,513,,,1e-05,2.656,450,0.9,39,31,0.01,0.001,0.01,0.005269137676805258,0.0,0.0,0.0
sparse,500,0.01,0.001,5.0,4.150006096013556,0,sbm_dpsgd_all_noised,3.992894984902444,1.0338953100711687,0.36711225411365295,11.0,6.0,5.0,1e-05,2.656,450,0.9,39,31,0.01,0.001,0.01,0.13012823462486267,0.005216313060373068,0.10125304013490677,0.009733680101213796
sparse,500,0.01,0.001,5.0,4.150006096013556,1,edge_flip_vem,,,,727,,,1e-05,2.896,470,0.94,28,24,0.01,0.001,0.01,0.0021942921448498964,0.015595884062349796,0.03585629537701607,0.0003276615668949236
sparse,500,0.01,0.001,5.0,4.150006096013556,1,sbm_dpsgd_all_noised,3.992894984902444,1.0338953100711687,0.36711225411365295,11.0,6.0,5.0,1e-05,2.896,470,0.94,28,24,0.01,0.001,0.01,0.10623688995838165,0.005733084864914417,0.12283193320035934,0.0005659185089766342
sparse,500,0.01,0.001,5.0,4.150006096013556,2,edge_flip_vem,,,,520,,,1e-05,2.892,460,0.92,35,29,0.01,0.001,0.01,0.0,0.0,0.00571586936712265,0.0
sparse,500,0.01,0.001,5.0,4.150006096013556,2,sbm_dpsgd_all_noised,3.992894984902444,1.0338953100711687,0.36711225411365295,11.0,6.0,5.0,1e-05,2.892,460,0.92,35,29,0.01,0.001,0.01,0.10441623628139496,0.00550447590649128,0.12426931411027908,0.0007388503580911319
sparse,500,0.01,0.001,5.0,4.150006096013556,3,edge_flip_vem,,,,191,,,1e-05,2.7,455,0.91,42,37,0.01,0.001,0.01,0.0,0.0,0.005128499586135149,0.0
sparse,500,0.01,0.001,5.0,4.150006096013556,3,sbm_dpsgd_all_noised,3.992894984902444,1.0338953100711687,0.36711225411365295,11.0,6.0,5.0,1e-05,2.7,455,0.91,42,37,0.01,0.001,0.01,0.11775104701519012,0.005227242596447468,0.1107063740491867,1.1541842382148618e-05
sparse,500,0.01,0.001,5.0,4.150006096013556,4,edge_flip_vem,,,,830,,,1e-05,2.708,467,0.934,33,31,0.01,0.001,0.01,0.03794572874903679,0.0208585225045681,0.004308517090976238,0.004983658209955183
sparse,500,0.01,0.001,5.0,4.150006096013556,4,sbm_dpsgd_all_noised,3.992894984902444,1.0338953100711687,0.36711225411365295,11.0,6.0,5.0,1e-05,2.708,467,0.934,33,31,0.01,0.001,0.01,0.11770030111074448,0.005209905095398426,0.11208347231149673,0.0016626234781187102
sparse,500,0.01,0.001,5.0,4.150006096013556,5,edge_flip_vem,,,,336,,,1e-05,2.696,459,0.918,41,39,0.01,0.001,0.01,0.00599714508280158,0.0,0.0,0.0
sparse,500,0.01,0.001,5.0,4.150006096013556,5,sbm_dpsgd_all_noised,3.992894984902444,1.0338953100711687,0.36711225411365295,11.0,6.0,5.0,1e-05,2.696,459,0.918,41,39,0.01,0.001,0.01,0.14191700518131256,0.005329439882189035,0.09259852021932602,1.1553914438397045e-05
sparse,500,0.01,0.001,5.0,4.150006096013556,6,edge_flip_vem,,,,723,,,1e-05,2.76,455,0.91,42,37,0.01,0.001,0.01,0.0012598966713994741,0.013264541514217854,0.0337197445333004,0.0002276149614284102
sparse,500,0.01,0.001,5.0,4.150006096013556,6,sbm_dpsgd_all_noised,3.992894984902444,1.0338953100711687,0.36711225411365295,11.0,6.0,5.0,1e-05,2.76,455,0.91,42,37,0.01,0.001,0.01,0.10479443520307541,0.005289976019412279,0.12306445091962814,0.010412478777945093
sparse,500,0.01,0.001,5.0,4.150006096013556,7,edge_flip_vem,,,,728,,,1e-05,2.556,453,0.906,42,37,0.01,0.001,0.01,0.0413183867931366,0.02345222420990467,0.004616136662662029,0.0002894879405638279
sparse,500,0.01,0.001,5.0,4.150006096013556,7,sbm_dpsgd_all_noised,3.992894984902444,1.0338953100711687,0.36711225411365295,11.0,6.0,5.0,1e-05,2.556,453,0.906,42,37,0.01,0.001,0.01,0.10746607929468155,0.00527035491541028,0.12061087787151337,0.0
sparse,500,0.01,0.001,5.0,4.150006096013556,8,edge_flip_vem,,,,367,,,1e-05,2.648,463,0.926,35,32,0.01,0.001,0.01,0.0,0.0,0.005600050091743469,0.0
sparse,500,0.01,0.001,5.0,4.150006096013556,8,sbm_dpsgd_all_noised,3.992894984902444,1.0338953100711687,0.36711225411365295,11.0,6.0,5.0,1e-05,2.648,463,0.926,35,32,0.01,0.001,0.01,0.11217744648456573,0.00525434548035264,0.11573895066976547,0.000415572270192081
sparse,500,0.01,0.001,5.0,4.150006096013556,9,edge_flip_vem,,,,408,,,1e-05,2.708,460,0.92,37,32,0.01,0.001,0.01,0.0,0.0,0.0051781367510557175,0.0
sparse,500,0.01,0.001,5.0,4.150006096013556,9,sbm_dpsgd_all_noised,3.992894984902444,1.0338953100711687,0.36711225411365295,11.0,6.0,5.0,1e-05,2.708,460,0.92,37,32,0.01,0.001,0.01,0.10258913785219193,0.0054532974027097225,0.12714387476444244,0.0002887154108162256
sparse,500,0.01,0.001,5.0,4.150006096013556,10,edge_flip_vem,,,,758,,,1e-05,2.828,470,0.94,29,26,0.01,0.001,0.01,0.0,0.028282415121793747,0.005518774036318064,0.0009366905532250288
sparse,500,0.01,0.001,5.0,4.150006096013556,10,sbm_dpsgd_all_noised,3.992894984902444,1.0338953100711687,0.36711225411365295,11.0,6.0,5.0,1e-05,2.828,470,0.94,29,26,0.01,0.001,0.01,0.12514758110046387,0.005499201826751232,0.1051756888628006,0.0013972538524702218
sparse,500,0.01,0.001,5.0,4.150006096013556,11,edge_flip_vem,,,,574,,,1e-05,2.828,458,0.916,37,31,0.01,0.001,0.01,0.029577938839793205,0.013375598937273026,0.0011710465187206864,0.0018259045003854012
sparse,500,0.01,0.001,5.0,4.150006096013556,11,sbm_dpsgd_all_noised,3.992894984902444,1.0338953100711687,0.36711225411365295,11.0,6.0,5.0,1e-05,2.828,458,0.916,37,31,0.01,0.001,0.01,0.1057470440864563,0.005273705814033747,0.12273792177438736,0.0009350887961088373
sparse,500,0.01,0.001,5.0,4.150006096013556,12,edge_flip_vem,,,,710,,,1e-05,2.884,455,0.91,40,34,0.01,0.001,0.01,0.0007310344954021275,0.012793281115591526,0.034135736525058746,0.00020713988849825051
sparse,500,0.01,0.001,5.0,4.150006096013556,12,sbm_dpsgd_all_noised,3.992894984902444,1.0338953100711687,0.36711225411365295,11.0,6.0,5.0,1e-05,2.884,455,0.91,40,34,0.01,0.001,0.01,0.10890412330627441,0.005415965802967548,0.1197863519191742,0.001954855680669348
sparse,500,0.01,0.001,5.0,4.150006096013556,13,edge_flip_vem,,,,174,,,1e-05,2.764,456,0.912,39,33,0.01,0.001,0.01,0.00527741014957428,0.0,0.0,0.0
sparse,500,0.01,0.001,5.0,4.150006096013556,13,sbm_dpsgd_all_noised,3.992894984902444,1.0338953100711687,0.36711225411365295,11.0,6.0,5.0,1e-05,2.764,456,0.912,39,33,0.01,0.001,0.01,0.09902866184711456,0.005574618931859732,0.13687856495380402,0.0013984731232530231
sparse,500,0.01,0.001,5.0,4.150006096013556,14,edge_flip_vem,,,,348,,,1e-05,2.724,466,0.932,32,28,0.01,0.001,0.01,0.005327047314494848,0.0,0.0,0.0
sparse,500,0.01,0.001,5.0,4.150006096013556,14,sbm_dpsgd_all_noised,3.992894984902444,1.0338953100711687,0.36711225411365295,11.0,6.0,5.0,1e-05,2.724,466,0.932,32,28,0.01,0.001,0.01,0.11937198042869568,0.005550444591790438,0.1093287393450737,0.0002887154108162256
sparse,500,0.01,0.001,5.0,4.150006096013556,15,edge_flip_vem,,,,362,,,1e-05,2.7,457,0.914,38,32,0.01,0.001,0.01,0.005327047314494848,0.0,0.0,0.0
sparse,500,0.01,0.001,5.0,4.150006096013556,15,sbm_dpsgd_all_noised,3.992894984902444,1.0338953100711687,0.36711225411365295,11.0,6.0,5.0,1e-05,2.7,457,0.914,38,32,0.01,0.001,0.01,0.11469004303216934,0.005239149555563927,0.11255980283021927,0.0005656226958973042
sparse,500,0.01,0.001,5.0,4.150006096013556,16,edge_flip_vem,,,,335,,,1e-05,2.716,460,0.92,38,34,0.01,0.001,0.01,0.00562486844137311,0.0,0.0,0.0
sparse,500,0.01,0.001,5.0,4.150006096013556,16,sbm_dpsgd_all_noised,3.992894984902444,1.0338953100711687,0.36711225411365295,11.0,6.0,5.0,1e-05,2.716,460,0.92,38,34,0.01,0.001,0.01,0.11967193335294724,0.0051495726220309734,0.10816129297018051,0.002263329657966195
sparse,500,0.01,0.001,5.0,4.150006096013556,17,edge_flip_vem,,,,423,,,1e-05,2.78,461,0.922,35,30,0.01,0.001,0.01,0.0,0.0,0.005823416169732809,0.0
sparse,500,0.01,0.001,5.0,4.150006096013556,17,sbm_dpsgd_all_noised,3.992894984902444,1.0338953100711687,0.36711225411365295,11.0,6.0,5.0,1e-05,2.78,461,0.922,35,30,0.01,0.001,0.01,0.10065208375453949,0.005546270404011011,0.13280285894870758,0.001403859172775576
sparse,500,0.01,0.001,5.0,4.150006096013556,18,edge_flip_vem,,,,256,,,1e-05,2.596,462,0.924,36,32,0.01,0.001,0.01,0.0,0.0,0.005211228039115667,0.0
sparse,500,0.01,0.001,5.0,4.150006096013556,18,sbm_dpsgd_all_noised,3.992894984902444,1.0338953100711687,0.36711225411365295,11.0,6.0,5.0,1e-05,2.596,462,0.924,36,32,0.01,0.001,0.01,0.09745287150144577,0.005508230067789555,0.13255161046981812,0.0007390435571570498
sparse,500,0.01,0.001,5.0,4.150006096013556,19,edge_flip_vem,,,,297,,,1e-05,2.724,462,0.924,33,27,0.01,0.001,0.01,0.00600541802123189,0.0,0.0,0.0
sparse,500,0.01,0.001,5.0,4.150006096013556,19,sbm_dpsgd_all_noised,3.992894984902444,1.0338953100711687,0.36711225411365295,11.0,6.0,5.0,1e-05,2.724,462,0.924,33,27,0.01,0.001,0.01,0.10099948942661285,0.005586625076830387,0.1294858455657959,0.011132026176492466
sparse,500,0.01,0.001,10.0,1.9953178628215948,0,edge_flip_vem,,,,269,,,1e-05,2.656,450,0.9,39,31,0.01,0.001,0.01,0.005037620663642883,0.0,0.0,0.0
sparse,500,0.01,0.001,10.0,1.9953178628215948,0,sbm_dpsgd_all_noised,1.9223734183771504,0.5431122541136532,0.361612254113653,11.0,6.0,5.0,1e-05,2.656,450,0.9,39,31,0.01,0.001,0.01,0.13143347203731537,0.004822512157261372,0.0987631157040596,0.0051147198223141415
sparse,500,0.01,0.001,10.0,1.9953178628215948,1,edge_flip_vem,,,,264,,,1e-05,2.896,470,0.94,28,24,0.01,0.001,0.01,0.005669958423823118,0.0,0.0,0.0
sparse,500,0.01,0.001,10.0,1.9953178628215948,1,sbm_dpsgd_all_noised,1.9223734183771504,0.5431122541136532,0.361612254113653,11.0,6.0,5.0,1e-05,2.896,470,0.94,28,24,0.01,0.001,0.01,0.10481363534927368,0.005739268846809864,0.12539918720722198,0.00010389689446032872
sparse,500,0.01,0.001,10.0,1.9953178628215948,2,edge_flip_vem,,,,262,,,1e-05,2.892,460,0.92,35,29,0.01,0.001,0.01,0.0,0.0,0.0063444520346820354,0.0
sparse,500,0.01,0.001,10.0,1.9953178628215948,2,sbm_dpsgd_all_noised,1.9223734183771504,0.5431122541136532,0.361612254113653,11.0,6.0,5.0,1e-05,2.892,460,0.92,35,29,0.01,0.001,0.01,0.10680161416530609,0.005682013463228941,0.12013766169548035,0.00166625489634169
sparse,500,0.01,0.001,10.0,1.9953178628215948,3,edge_flip_vem,,,,297,,,1e-05,2.7,455,0.91,42,37,0.01,0.001,0.01,0.0,0.0,0.0057015749625861645,0.0
sparse,500,0.01,0.001,10.0,1.9953178628215948,3,sbm_dpsgd_all_noised,1.9223734183771504,0.5431122541136532,0.361612254113653,11.0,6.0,5.0,1e-05,2.7,455,0.91,42,37,0.01,0.001,0.01,0.11918884515762329,0.00531390868127346,0.10953380167484283,0.0004155360686021216
sparse,500,0.01,0.001,10.0,1.9953178628215948,4,edge_flip_vem,,,,367,,,1e-05,2.708,467,0.934,33,31,0.01,0.001,0.01,0.0,0.0,0.007092718034982681,0.0
sparse,500,0.01,0.001,10.0,1.9953178628215948,4,sbm_dpsgd_all_noised,1.9223734183771504,0.5431122541136532,0.361612254113653,11.0,6.0,5.0,1e-05,2.708,467,0.934,33,31,0.01,0.001,0.01,0.11939357966184616,0.004947459790855646,0.11309386789798737,0.0007388503580911319
sparse,500,0.01,0.001,10.0,1.9953178628215948,5,edge_flip_vem,,,,435,,,1e-05,2.696,459,0.918,41,39,0.01,0.001,0.01,0.0077672116458415985,0.0,0.0,0.0
sparse,500,0.01,0.001,10.0,1.9953178628215948,5,sbm_dpsgd_all_noised,1.9223734183771504,0.5431122541136532,0.361612254113653,11.0,6.0,5.0,1e-05,2.696,459,0.918,41,39,0.01,0.001,0.01,0.13157601654529572,0.005183729343116283,0.09836189448833466,4.626742990890368e-05
sparse,500,0.01,0.001,10.0,1.9953178628215948,6,edge_flip_vem,,,,426,,,1e-05,2.76,455,0.91,42,37,0.01,0.001,0.01,0.005975588224828243,0.0,0.0,0.0
sparse,500,0.01,0.001,10.0,1.9953178628215948,6,sbm_dpsgd_all_noised,1.9223734183771504,0.5431122541136532,0.361612254113653,11.0,6.0,5.0,1e-05,2.76,455,0.91,42,37,0.01,0.001,0.01,0.11181294918060303,0.00516039552167058,0.1163456067442894,0.009068392264869997
sparse,500,0.01,0.001,10.0,1.9953178628215948,7,edge_flip_vem,,,,276,,,1e-05,2.556,453,0.906,42,37,0.01,0.001,0.01,0.0,0.0,0.006513075437396765,0.0
sparse,500,0.01,0.001,10.0,1.9953178628215948,7,sbm_dpsgd_all_noised,1.9223734183771504,0.5431122541136532,0.361612254113653,11.0,6.0,5.0,1e-05,2.556,453,0.906,42,37,0.01,0.001,0.01,0.11384330689907074,0.005297951400279999,0.11561774462461472,0.00010398745715354991
sparse,500,0.01,0.001,10.0,1.9953178628215948,8,edge_flip_vem,,,,426,,,1e-05,2.648,463,0.926,35,32,0.01,0.001,0.01,0.004963847808539867,0.0,0.0,0.0
sparse,500,0.01,0.001,10.0,1.9953178628215948,8,sbm_dpsgd_all_noised,1.9223734183771504,0.5431122541136532,0.361612254113653,11.0,6.0,5.0,1e-05,2.648,463,0.926,35,32,0.01,0.001,0.01,0.11399926245212555,0.005196564365178347,0.11399196088314056,0.002263329657966195
sparse,500,0.01,0.001,10.0,1.9953178628215948,9,edge_flip_vem,,,,346,,,1e-05,2.708,460,0.92,37,32,0.01,0.001,0.01,0.0051957047544419765,0.0,0.0,0.0
sparse,500,0.01,0.001,10.0,1.9953178628215948,9,sbm_dpsgd_all_noised,1.9223734183771504,0.5431122541136532,0.361612254113653,11.0,6.0,5.0,1e-05,2.708,460,0.92,37,32,0.01,0.001,0.01,0.11198832839727402,0.005489669740200043,0.11703042685985565,0.00010393310367627851
sparse,500,0.01,0.001,10.0,1.9953178628215948,10,edge_flip_vem,,,,299,,,1e-05,2.828,470,0.94,29,26,0.01,0.001,0.01,0.008104458451271057,0.0,0.0,0.0
sparse,500,0.01,0.001,10.0,1.9953178628215948,10,sbm_dpsgd_all_noised,1.9223734183771504,0.5431122541136532,0.361612254113653,11.0,6.0,5.0,1e-05,2.828,470,0.94,29,26,0.01,0.001,0.01,0.12734830379486084,0.005154891405254602,0.10368718951940536,0.00028997790097239144
sparse,500,0.01,0.001,10.0,1.9953178628215948,11,edge_flip_vem,,,,313,,,1e-05,2.828,458,0.916,37,31,0.01,0.001,0.01,0.0036780943628400564,0.0,0.0,0.0
sparse,500,0.01,0.001,10.0,1.9953178628215948,11,sbm_dpsgd_all_noised,1.9223734183771504,0.5431122541136532,0.361612254113653,11.0,6.0,5.0,1e-05,2.828,458,0.916,37,31,0.01,0.001,0.01,0.11263162642717361,0.005427579861134291,0.11535264551639557,0.0004158620733021031
sparse,500,0.01,0.001,10.0,1.9953178628215948,12,edge_flip_vem,,,,607,,,1e-05,2.884,455,0.91,40,34,0.01,0.001,0.01,0.003682342590764165,0.06255161017179489,0.23705288767814636,0.005194241039118569
sparse,500,0.01,0.001,10.0,1.9953178628215948,12,sbm_dpsgd_all_noised,1.9223734183771504,0.5431122541136532,0.361612254113653,11.0,6.0,5.0,1e-05,2.884,455,0.91,40,34,0.01,0.001,0.01,0.11599995195865631,0.005323640536516905,0.11332405358552933,0.010413393705026239
sparse,500,0.01,0.001,10.0,1.9953178628215948,13,edge_flip_vem,,,,214,,,1e-05,2.764,456,0.912,39,33,0.01,0.001,0.01,0.004468516446650028,0.0,0.0,0.0
sparse,500,0.01,0.001,10.0,1.9953178628215948,13,sbm_dpsgd_all_noised,1.9223734183771504,0.5431122541136532,0.361612254113653,11.0,6.0,5.0,1e-05,2.764,456,0.912,39,33,0.01,0.001,0.01,0.10158290714025497,0.005517676938325167,0.1355208158493042,0.00010425994036461417
sparse,500,0.01,0.001,10.0,1.9953178628215948,14,edge_flip_vem,,,,564,,,1e-05,2.724,466,0.932,32,28,0.01,0.001,0.01,0.0,0.04412424936890602,0.053407277911901474,0.0002516764331150032
sparse,500,0.01,0.001,10.0,1.9953178628215948,14,sbm_dpsgd_all_noised,1.9223734183771504,0.5431122541136532,0.361612254113653,11.0,6.0,5.0,1e-05,2.724,466,0.932,32,28,0.01,0.001,0.01,0.11057161539793015,0.005731516983360052,0.11870340257883072,0.0025989217677251084
sparse,500,0.01,0.001,10.0,1.9953178628215948,15,edge_flip_vem,,,,289,,,1e-05,2.7,457,0.914,38,32,0.01,0.001,0.01,0.0,0.0,0.0038045619148761034,0.0
sparse,500,0.01,0.001,10.0,1.9953178628215948,15,sbm_dpsgd_all_noised,1.9223734183771504,0.5431122541136532,0.361612254113653,11.0,6.0,5.0,1e-05,2.7,457,0.914,38,32,0.01,0.001,0.01,0.11819939315319061,0.005163566675037146,0.10956066101789474,0.0025998294462108024
sparse,500,0.01,0.001,10.0,1.9953178628215948,16,edge_flip_vem,,,,484,,,1e-05,2.716,460,0.92,38,34,0.01,0.001,0.01,0.00579566415399313,0.07185464352369308,0.0,0.00392410573208431
sparse,500,0.01,0.001,10.0,1.9953178628215948,16,sbm_dpsgd_all_noised,1.9223734183771504,0.5431122541136532,0.361612254113653,11.0,6.0,5.0,1e-05,2.716,460,0.92,38,34,0.01,0.001,0.01,0.12069737166166306,0.0049661314114928246,0.10739759355783463,0.0037430301526527204
sparse,500,0.01,0.001,10.0,1.9953178628215948,17,edge_flip_vem,,,,431,,,1e-05,2.78,461,0.922,35,30,0.01,0.001,0.01,0.0,0.06571485102176666,0.004954291973263025,0.007732269651319529
sparse,500,0.01,0.001,10.0,1.9953178628215948,17,sbm_dpsgd_all_noised,1.9223734183771504,0.5431122541136532,0.361612254113653,11.0,6.0,5.0,1e-05,2.78,461,0.922,35,30,0.01,0.001,0.01,0.10155607014894485,0.005427352152764797,0.12823688983917236,0.01268612008111126
sparse,500,0.01,0.001,10.0,1.9953178628215948,18,edge_flip_vem,,,,356,,,1e-05,2.596,462,0.924,36,32,0.01,0.001,0.01,0.0,0.0,0.021349649876356125,0.00038802195266487966
sparse,500,0.01,0.001,10.0,1.9953178628215948,18,sbm_dpsgd_all_noised,1.9223734183771504,0.5431122541136532,0.361612254113653,11.0,6.0,5.0,1e-05,2.596,462,0.924,36,32,0.01,0.001,0.01,0.09921526163816452,0.005495639517903328,0.13271120190620422,1.1584187314987742e-05
sparse,500,0.01,0.001,10.0,1.9953178628215948,19,edge_flip_vem,,,,412,,,1e-05,2.724,462,0.924,33,27,0.01,0.001,0.01,0.007324575446546078,0.0,0.0,0.0
sparse,500,0.01,0.001,10.0,1.9953178628215948,19,sbm_dpsgd_all_noised,1.9223734183771504,0.5431122541136532,0.361612254113653,11.0,6.0,5.0,1e-05,2.724,462,0.924,33,27,0.01,0.001,0.01,0.10046807676553726,0.00556854996830225,0.12718163430690765,0.0005657212714559232
