regime,N,p,q,sigma,epsilon,rep,method,epsilon_gamma,epsilon_beta,epochs,epochs_gamma,epochs_beta,delta,n_fit,mean_degree,lcc_size,lcc_frac,n_components,n_isolated,beta_true_00,beta_true_01,beta_true_11,beta_est_00,beta_est_01,beta_est_11,nmi
relatively_sparse,500,0.012429216196844383,0.0012429216196844384,1.0,27.43885139089614,0,edge_flip_vem,,,188,,,1e-05,476,3.516,476,0.952,22,19,0.012429216196844383,0.0012429216196844384,0.012429216196844383,0.007748783566057682,0.0,0.0,0.0
relatively_sparse,500,0.012429216196844383,0.0012429216196844384,1.0,27.43885139089614,0,edge_flip_spectral,,,,,,1e-05,476,3.516,476,0.952,22,19,0.012429216196844383,0.0012429216196844384,0.012429216196844383,0.014767932705581188,0.0010945748072117567,0.0140993632376194,0.7213431022071737
relatively_sparse,500,0.012429216196844383,0.0012429216196844384,1.0,27.43885139089614,0,sbm_dpsgd_all_noised,26.32774027978503,5.635918426327381,11.0,6.0,5.0,1e-05,476,3.516,476,0.952,22,19,0.012429216196844383,0.0012429216196844384,0.012429216196844383,0.11349055916070938,0.006929248105734587,0.11537174135446548,0.0012830584256506529
relatively_sparse,500,0.012429216196844383,0.0012429216196844384,2.0,11.728684954707337,0,edge_flip_vem,,,195,,,1e-05,476,3.516,476,0.952,22,19,0.012429216196844383,0.0012429216196844384,0.012429216196844383,0.0,0.0,0.007758541032671928,0.0
relatively_sparse,500,0.012429216196844383,0.0012429216196844384,2.0,11.728684954707337,0,edge_flip_spectral,,,,,,1e-05,476,3.516,476,0.952,22,19,0.012429216196844383,0.0012429216196844384,0.012429216196844383,0.014958617277443409,0.001122141839005053,0.013914870098233223,0.7139679499214768
relatively_sparse,500,0.012429216196844383,0.0012429216196844384,2.0,11.728684954707337,0,sbm_dpsgd_all_noised,11.245049229064149,2.668102829441137,11.0,6.0,5.0,1e-05,476,3.516,476,0.952,22,19,0.012429216196844383,0.0012429216196844384,0.012429216196844383,0.11249115318059921,0.006909306161105633,0.11645980179309845,0.0015440005067599782
relatively_sparse,500,0.012429216196844383,0.0012429216196844384,5.0,4.1484505404580005,0,edge_flip_vem,,,326,,,1e-05,476,3.516,476,0.952,22,19,0.012429216196844383,0.0012429216196844384,0.012429216196844383,0.0,0.0,0.00748444302007556,0.0
relatively_sparse,500,0.012429216196844383,0.0012429216196844384,5.0,4.1484505404580005,0,edge_flip_spectral,,,,,,1e-05,476,3.516,476,0.952,22,19,0.012429216196844383,0.0012429216196844384,0.012429216196844383,0.016431046649813652,0.0,0.016646983101963997,0.002834693324242669
relatively_sparse,500,0.012429216196844383,0.0012429216196844384,5.0,4.1484505404580005,0,sbm_dpsgd_all_noised,3.992894984902444,1.0338953100711687,11.0,6.0,5.0,1e-05,476,3.516,476,0.952,22,19,0.012429216196844383,0.0012429216196844384,0.012429216196844383,0.11473821103572845,0.006849630735814571,0.1144610121846199,0.0010338154248686865
relatively_sparse,500,0.012429216196844383,0.0012429216196844384,10.0,1.9945956405993723,0,edge_flip_vem,,,385,,,1e-05,476,3.516,476,0.952,22,19,0.012429216196844383,0.0012429216196844384,0.012429216196844383,0.00766352191567421,0.0,0.0,0.0
relatively_sparse,500,0.012429216196844383,0.0012429216196844384,10.0,1.9945956405993723,0,edge_flip_spectral,,,,,,1e-05,476,3.516,476,0.952,22,19,0.012429216196844383,0.0012429216196844384,0.012429216196844383,0.03448783978819847,0.0,0.03088870458304882,0.0004447906571397509
relatively_sparse,500,0.012429216196844383,0.0012429216196844384,10.0,1.9945956405993723,0,sbm_dpsgd_all_noised,1.9223734183771504,0.5431122541136532,11.0,6.0,5.0,1e-05,476,3.516,476,0.952,22,19,0.012429216196844383,0.0012429216196844384,0.012429216196844383,0.11371833831071854,0.007108548656105995,0.1164110004901886,0.0003195022288973078
relatively_sparse,500,0.012429216196844383,0.0012429216196844384,20.0,0.977390412892278,0,edge_flip_vem,,,460,,,1e-05,476,3.516,476,0.952,22,19,0.012429216196844383,0.0012429216196844384,0.012429216196844383,0.0,0.09903652966022491,0.1774928867816925,0.00031888355112360433
relatively_sparse,500,0.012429216196844383,0.0012429216196844384,20.0,0.977390412892278,0,edge_flip_spectral,,,,,,1e-05,476,3.516,476,0.952,22,19,0.012429216196844383,0.0012429216196844384,0.012429216196844383,0.06630253046751022,0.0,0.07671608030796051,0.009299146491346819
relatively_sparse,500,0.012429216196844383,0.0012429216196844384,20.0,0.977390412892278,0,sbm_dpsgd_all_noised,0.9419985000802904,0.40561225411365304,11.0,6.0,5.0,1e-05,476,3.516,476,0.952,22,19,0.012429216196844383,0.0012429216196844384,0.012429216196844383,0.11663385480642319,0.007352150045335293,0.11584405601024628,0.0004638771215471528
relatively_sparse,500,0.012429216196844383,0.0012429216196844384,1.0,27.43885139089614,1,edge_flip_vem,,,302,,,1e-05,488,3.6,488,0.976,13,12,0.012429216196844383,0.0012429216196844384,0.012429216196844383,0.0075739724561572075,0.0,0.0,0.0
relatively_sparse,500,0.012429216196844383,0.0012429216196844384,1.0,27.43885139089614,1,edge_flip_spectral,,,,,,1e-05,488,3.6,488,0.976,13,12,0.012429216196844383,0.0012429216196844384,0.012429216196844383,0.013984610326588154,0.001209372654557228,0.013944155536592007,0.7173151190239279
relatively_sparse,500,0.012429216196844383,0.0012429216196844384,1.0,27.43885139089614,1,sbm_dpsgd_all_noised,26.32774027978503,5.635918426327381,10.999722287676306,5.999848520550712,4.999873767125593,1e-05,488,3.6,488,0.976,13,12,0.012429216196844383,0.0012429216196844384,0.012429216196844383,0.12206843495368958,0.006484667770564556,0.10686243325471878,0.006939727803701736
relatively_sparse,500,0.012429216196844383,0.0012429216196844384,2.0,11.728684954707337,1,edge_flip_vem,,,302,,,1e-05,488,3.6,488,0.976,13,12,0.012429216196844383,0.0012429216196844384,0.012429216196844383,0.007566035259515047,0.0,0.0,0.0
relatively_sparse,500,0.012429216196844383,0.0012429216196844384,2.0,11.728684954707337,1,edge_flip_spectral,,,,,,1e-05,488,3.6,488,0.976,13,12,0.012429216196844383,0.0012429216196844384,0.012429216196844383,0.013976776041090488,0.0012013327796012163,0.013936320319771767,0.7173151190239279
relatively_sparse,500,0.012429216196844383,0.0012429216196844384,2.0,11.728684954707337,1,sbm_dpsgd_all_noised,11.245049229064149,2.668102829441137,10.999722287676306,5.999848520550712,4.999873767125593,1e-05,488,3.6,488,0.976,13,12,0.012429216196844383,0.0012429216196844384,0.012429216196844383,0.12242405116558075,0.006502347998321056,0.1063823252916336,0.005824905721752282
relatively_sparse,500,0.012429216196844383,0.0012429216196844384,5.0,4.1484505404580005,1,edge_flip_vem,,,330,,,1e-05,488,3.6,488,0.976,13,12,0.012429216196844383,0.0012429216196844384,0.012429216196844383,0.0,0.0,0.006739999167621136,0.0
relatively_sparse,500,0.012429216196844383,0.0012429216196844384,5.0,4.1484505404580005,1,edge_flip_spectral,,,,,,1e-05,488,3.6,488,0.976,13,12,0.012429216196844383,0.0012429216196844384,0.012429216196844383,0.015438414178788662,0.0,0.016262831166386604,0.031691066508162384
relatively_sparse,500,0.012429216196844383,0.0012429216196844384,5.0,4.1484505404580005,1,sbm_dpsgd_all_noised,3.992894984902444,1.0338953100711687,10.999722287676306,5.999848520550712,4.999873767125593,1e-05,488,3.6,488,0.976,13,12,0.012429216196844383,0.0012429216196844384,0.012429216196844383,0.12089956551790237,0.006489607971161604,0.107528917491436,0.010925629508653112
relatively_sparse,500,0.012429216196844383,0.0012429216196844384,10.0,1.9945956405993723,1,edge_flip_vem,,,286,,,1e-05,488,3.6,488,0.976,13,12,0.012429216196844383,0.0012429216196844384,0.012429216196844383,0.005752212833613157,0.0,0.0,0.0
relatively_sparse,500,0.012429216196844383,0.0012429216196844384,10.0,1.9945956405993723,1,edge_flip_spectral,,,,,,1e-05,488,3.6,488,0.976,13,12,0.012429216196844383,0.0012429216196844384,0.012429216196844383,0.03283277899026871,0.0,0.029418041929602623,0.003439618473656821
relatively_sparse,500,0.012429216196844383,0.0012429216196844384,10.0,1.9945956405993723,1,sbm_dpsgd_all_noised,1.9223734183771504,0.5431122541136532,10.999722287676306,5.999848520550712,4.999873767125593,1e-05,488,3.6,488,0.976,13,12,0.012429216196844383,0.0012429216196844384,0.012429216196844383,0.11432834714651108,0.006562167312949896,0.11339769512414932,0.013177248086790766
relatively_sparse,500,0.012429216196844383,0.0012429216196844384,20.0,0.977390412892278,1,edge_flip_vem,,,350,,,1e-05,488,3.6,488,0.976,13,12,0.012429216196844383,0.0012429216196844384,0.012429216196844383,0.10517428815364838,0.038065675646066666,0.0,0.004357016999914602
relatively_sparse,500,0.012429216196844383,0.0012429216196844384,20.0,0.977390412892278,1,edge_flip_spectral,,,,,,1e-05,488,3.6,488,0.976,13,12,0.012429216196844383,0.0012429216196844384,0.012429216196844383,0.0428045429289341,0.0,0.08986763656139374,0.0007535651246088445
relatively_sparse,500,0.012429216196844383,0.0012429216196844384,20.0,0.977390412892278,1,sbm_dpsgd_all_noised,0.9419985000802904,0.40561225411365304,10.999722287676306,5.999848520550712,4.999873767125593,1e-05,488,3.6,488,0.976,13,12,0.012429216196844383,0.0012429216196844384,0.012429216196844383,0.11769000440835953,0.006608357187360525,0.11057969182729721,0.0030606370494572353
relatively_sparse,500,0.012429216196844383,0.0012429216196844384,1.0,27.43885139089614,2,edge_flip_vem,,,144,,,1e-05,479,3.264,479,0.958,21,19,0.012429216196844383,0.0012429216196844384,0.012429216196844383,0.0,0.0,0.007119085174053907,0.0
relatively_sparse,500,0.012429216196844383,0.0012429216196844384,1.0,27.43885139089614,2,edge_flip_spectral,,,,,,1e-05,479,3.264,479,0.958,21,19,0.012429216196844383,0.0012429216196844384,0.012429216196844383,0.0072040860541164875,0.0005263157654553652,0.5,0.015198487799475151
relatively_sparse,500,0.012429216196844383,0.0012429216196844384,1.0,27.43885139089614,2,sbm_dpsgd_all_noised,26.32774027978503,5.635918426327381,10.999903914186634,5.999947589556346,4.999956324630288,1e-05,479,3.264,479,0.958,21,19,0.012429216196844383,0.0012429216196844384,0.012429216196844383,0.11813916265964508,0.006236308719962835,0.11075855791568756,0.0009270097955455833
relatively_sparse,500,0.012429216196844383,0.0012429216196844384,2.0,11.728684954707337,2,edge_flip_vem,,,151,,,1e-05,479,3.264,479,0.958,21,19,0.012429216196844383,0.0012429216196844384,0.012429216196844383,0.0,0.0,0.007119875866919756,0.0
relatively_sparse,500,0.012429216196844383,0.0012429216196844384,2.0,11.728684954707337,2,edge_flip_spectral,,,,,,1e-05,479,3.264,479,0.958,21,19,0.012429216196844383,0.0012429216196844384,0.012429216196844383,0.007205026224255562,0.0005182648892514408,0.5,0.015198487799475151
relatively_sparse,500,0.012429216196844383,0.0012429216196844384,2.0,11.728684954707337,2,sbm_dpsgd_all_noised,11.245049229064149,2.668102829441137,10.999903914186634,5.999947589556346,4.999956324630288,1e-05,479,3.264,479,0.958,21,19,0.012429216196844383,0.0012429216196844384,0.012429216196844383,0.11643581092357635,0.006239657755941153,0.11204163730144501,0.0016819252512513825
relatively_sparse,500,0.012429216196844383,0.0012429216196844384,5.0,4.1484505404580005,2,edge_flip_vem,,,229,,,1e-05,479,3.264,479,0.958,21,19,0.012429216196844383,0.0012429216196844384,0.012429216196844383,0.007541961036622524,0.0,0.0,0.0
relatively_sparse,500,0.012429216196844383,0.0012429216196844384,5.0,4.1484505404580005,2,edge_flip_spectral,,,,,,1e-05,479,3.264,479,0.958,21,19,0.012429216196844383,0.0012429216196844384,0.012429216196844383,0.014793909154832363,0.0,0.01871519908308983,0.007553165492522614
relatively_sparse,500,0.012429216196844383,0.0012429216196844384,5.0,4.1484505404580005,2,sbm_dpsgd_all_noised,3.992894984902444,1.0338953100711687,10.999903914186634,5.999947589556346,4.999956324630288,1e-05,479,3.264,479,0.958,21,19,0.012429216196844383,0.0012429216196844384,0.012429216196844383,0.1153738722205162,0.006522606126964092,0.11243699491024017,0.0005224915262707132
relatively_sparse,500,0.012429216196844383,0.0012429216196844384,10.0,1.9945956405993723,2,edge_flip_vem,,,580,,,1e-05,479,3.264,479,0.958,21,19,0.012429216196844383,0.0012429216196844384,0.012429216196844383,0.0,0.003610652405768633,0.035157449543476105,0.003638537567376661
relatively_sparse,500,0.012429216196844383,0.0012429216196844384,10.0,1.9945956405993723,2,edge_flip_spectral,,,,,,1e-05,479,3.264,479,0.958,21,19,0.012429216196844383,0.0012429216196844384,0.012429216196844383,0.04885908588767052,0.0,0.022407684475183487,0.00011491233500641749
relatively_sparse,500,0.012429216196844383,0.0012429216196844384,10.0,1.9945956405993723,2,sbm_dpsgd_all_noised,1.9223734183771504,0.5431122541136532,10.999903914186634,5.999947589556346,4.999956324630288,1e-05,479,3.264,479,0.958,21,19,0.012429216196844383,0.0012429216196844384,0.012429216196844383,0.11303118616342545,0.006553459446877241,0.11491207033395767,0.0007101847994740908
relatively_sparse,500,0.012429216196844383,0.0012429216196844384,20.0,0.977390412892278,2,edge_flip_vem,,,414,,,1e-05,479,3.264,479,0.958,21,19,0.012429216196844383,0.0012429216196844384,0.012429216196844383,0.0,0.0,0.006279089022427797,0.0
relatively_sparse,500,0.012429216196844383,0.0012429216196844384,20.0,0.977390412892278,2,edge_flip_spectral,,,,,,1e-05,479,3.264,479,0.958,21,19,0.012429216196844383,0.0012429216196844384,0.012429216196844383,0.06409139186143875,0.0,0.07026597857475281,0.0021875573086364624
relatively_sparse,500,0.012429216196844383,0.0012429216196844384,20.0,0.977390412892278,2,sbm_dpsgd_all_noised,0.9419985000802904,0.40561225411365304,10.999903914186634,5.999947589556346,4.999956324630288,1e-05,479,3.264,479,0.958,21,19,0.012429216196844383,0.0012429216196844384,0.012429216196844383,0.11238230019807816,0.006563394796103239,0.11651279032230377,0.0005152352517557258
relatively_sparse,500,0.012429216196844383,0.0012429216196844384,1.0,27.43885139089614,3,edge_flip_vem,,,157,,,1e-05,481,3.392,481,0.962,17,13,0.012429216196844383,0.0012429216196844384,0.012429216196844383,0.007319819647818804,0.0,0.0,0.0
relatively_sparse,500,0.012429216196844383,0.0012429216196844384,1.0,27.43885139089614,3,edge_flip_spectral,,,,,,1e-05,481,3.392,481,0.962,17,13,0.012429216196844383,0.0012429216196844384,0.012429216196844383,0.0074439262971282005,0.0007017544121481478,0.3333333432674408,0.007824972097478728
relatively_sparse,500,0.012429216196844383,0.0012429216196844384,1.0,27.43885139089614,3,sbm_dpsgd_all_noised,26.32774027978503,5.635918426327381,11.0,6.0,5.0,1e-05,481,3.392,481,0.962,17,13,0.012429216196844383,0.0012429216196844384,0.012429216196844383,0.12085851281881332,0.006777547765523195,0.10822214186191559,0.013165004306131807
relatively_sparse,500,0.012429216196844383,0.0012429216196844384,2.0,11.728684954707337,3,edge_flip_vem,,,157,,,1e-05,481,3.392,481,0.962,17,13,0.012429216196844383,0.0012429216196844384,0.012429216196844383,0.007311878260225058,0.0,0.0,0.0
relatively_sparse,500,0.012429216196844383,0.0012429216196844384,2.0,11.728684954707337,3,edge_flip_spectral,,,,,,1e-05,481,3.392,481,0.962,17,13,0.012429216196844383,0.0012429216196844384,0.012429216196844383,0.007435986772179604,0.0006937063299119473,0.3333306610584259,0.007824972097478728
relatively_sparse,500,0.012429216196844383,0.0012429216196844384,2.0,11.728684954707337,3,sbm_dpsgd_all_noised,11.245049229064149,2.668102829441137,11.0,6.0,5.0,1e-05,481,3.392,481,0.962,17,13,0.012429216196844383,0.0012429216196844384,0.012429216196844383,0.11875741183757782,0.00677976431325078,0.10974535346031189,0.011603963917555844
relatively_sparse,500,0.012429216196844383,0.0012429216196844384,5.0,4.1484505404580005,3,edge_flip_vem,,,293,,,1e-05,481,3.392,481,0.962,17,13,0.012429216196844383,0.0012429216196844384,0.012429216196844383,0.0,0.0,0.0072745163924992085,0.0
relatively_sparse,500,0.012429216196844383,0.0012429216196844384,5.0,4.1484505404580005,3,edge_flip_spectral,,,,,,1e-05,481,3.392,481,0.962,17,13,0.012429216196844383,0.0012429216196844384,0.012429216196844383,0.01591838337481022,0.0,0.01687060110270977,8.733188230894638e-05
relatively_sparse,500,0.012429216196844383,0.0012429216196844384,5.0,4.1484505404580005,3,sbm_dpsgd_all_noised,3.992894984902444,1.0338953100711687,11.0,6.0,5.0,1e-05,481,3.392,481,0.962,17,13,0.012429216196844383,0.0012429216196844384,0.012429216196844383,0.11895575374364853,0.006786409765481949,0.1094987615942955,0.0016253935596492839
relatively_sparse,500,0.012429216196844383,0.0012429216196844384,10.0,1.9945956405993723,3,edge_flip_vem,,,225,,,1e-05,481,3.392,481,0.962,17,13,0.012429216196844383,0.0012429216196844384,0.012429216196844383,0.0,0.0,0.007000755984336138,0.0
relatively_sparse,500,0.012429216196844383,0.0012429216196844384,10.0,1.9945956405993723,3,edge_flip_spectral,,,,,,1e-05,481,3.392,481,0.962,17,13,0.012429216196844383,0.0012429216196844384,0.012429216196844383,0.03209064528346062,0.0,0.031548868864774704,0.009431007311823763
relatively_sparse,500,0.012429216196844383,0.0012429216196844384,10.0,1.9945956405993723,3,sbm_dpsgd_all_noised,1.9223734183771504,0.5431122541136532,11.0,6.0,5.0,1e-05,481,3.392,481,0.962,17,13,0.012429216196844383,0.0012429216196844384,0.012429216196844383,0.11552862077951431,0.006747276987880468,0.11320522427558899,0.0026022041230555366
relatively_sparse,500,0.012429216196844383,0.0012429216196844384,20.0,0.977390412892278,3,edge_flip_vem,,,371,,,1e-05,481,3.392,481,0.962,17,13,0.012429216196844383,0.0012429216196844384,0.012429216196844383,0.0,0.0,0.0030309082940220833,0.0
relatively_sparse,500,0.012429216196844383,0.0012429216196844384,20.0,0.977390412892278,3,edge_flip_spectral,,,,,,1e-05,481,3.392,481,0.962,17,13,0.012429216196844383,0.0012429216196844384,0.012429216196844383,0.06650174409151077,0.0,0.0469290129840374,0.003414552136645118
relatively_sparse,500,0.012429216196844383,0.0012429216196844384,20.0,0.977390412892278,3,sbm_dpsgd_all_noised,0.9419985000802904,0.40561225411365304,11.0,6.0,5.0,1e-05,481,3.392,481,0.962,17,13,0.012429216196844383,0.0012429216196844384,0.012429216196844383,0.11283497512340546,0.006536583416163921,0.11735015362501144,0.009431007311823763
relatively_sparse,500,0.012429216196844383,0.0012429216196844384,1.0,27.43885139089614,4,edge_flip_vem,,,197,,,1e-05,481,3.364,481,0.962,20,19,0.012429216196844383,0.0012429216196844384,0.012429216196844383,0.007285169791430235,0.0,0.0,0.0
relatively_sparse,500,0.012429216196844383,0.0012429216196844384,1.0,27.43885139089614,4,edge_flip_spectral,,,,,,1e-05,481,3.364,481,0.962,20,19,0.012429216196844383,0.0012429216196844384,0.012429216196844383,0.007372760213911533,0.0005241089966148138,0.5,4.400926481213833e-07
relatively_sparse,500,0.012429216196844383,0.0012429216196844384,1.0,27.43885139089614,4,sbm_dpsgd_all_noised,26.32774027978503,5.635918426327381,11.0,6.0,5.0,1e-05,481,3.364,481,0.962,20,19,0.012429216196844383,0.0012429216196844384,0.012429216196844383,0.11023370176553726,0.006392937619239092,0.11840081214904785,0.005233826375635527
relatively_sparse,500,0.012429216196844383,0.0012429216196844384,2.0,11.728684954707337,4,edge_flip_vem,,,197,,,1e-05,481,3.364,481,0.962,20,19,0.012429216196844383,0.0012429216196844384,0.012429216196844383,0.007277227938175201,0.0,0.0,0.0
relatively_sparse,500,0.012429216196844383,0.0012429216196844384,2.0,11.728684954707337,4,edge_flip_spectral,,,,,,1e-05,481,3.364,481,0.962,20,19,0.012429216196844383,0.0012429216196844384,0.012429216196844383,0.007364819757640362,0.0005160581204108894,0.5,4.400926481213833e-07
relatively_sparse,500,0.012429216196844383,0.0012429216196844384,2.0,11.728684954707337,4,sbm_dpsgd_all_noised,11.245049229064149,2.668102829441137,11.0,6.0,5.0,1e-05,481,3.364,481,0.962,20,19,0.012429216196844383,0.0012429216196844384,0.012429216196844383,0.11188233643770218,0.006483299657702446,0.11647997051477432,0.008107263109799277
relatively_sparse,500,0.012429216196844383,0.0012429216196844384,5.0,4.1484505404580005,4,edge_flip_vem,,,219,,,1e-05,481,3.364,481,0.962,20,19,0.012429216196844383,0.0012429216196844384,0.012429216196844383,0.007292397320270538,0.0,0.0,0.0
relatively_sparse,500,0.012429216196844383,0.0012429216196844384,5.0,4.1484505404580005,4,edge_flip_spectral,,,,,,1e-05,481,3.364,481,0.962,20,19,0.012429216196844383,0.0012429216196844384,0.012429216196844383,0.013090351596474648,0.0,0.020294634625315666,0.02831807725771422
relatively_sparse,500,0.012429216196844383,0.0012429216196844384,5.0,4.1484505404580005,4,sbm_dpsgd_all_noised,3.992894984902444,1.0338953100711687,11.0,6.0,5.0,1e-05,481,3.364,481,0.962,20,19,0.012429216196844383,0.0012429216196844384,0.012429216196844383,0.11213258653879166,0.006535747554153204,0.11592365056276321,0.003386427408961938
relatively_sparse,500,0.012429216196844383,0.0012429216196844384,10.0,1.9945956405993723,4,edge_flip_vem,,,251,,,1e-05,481,3.364,481,0.962,20,19,0.012429216196844383,0.0012429216196844384,0.012429216196844383,0.007376665249466896,0.0,0.0,0.0
relatively_sparse,500,0.012429216196844383,0.0012429216196844384,10.0,1.9945956405993723,4,edge_flip_spectral,,,,,,1e-05,481,3.364,481,0.962,20,19,0.012429216196844383,0.0012429216196844384,0.012429216196844383,0.031584400683641434,0.0,0.0320076122879982,0.002979265677569517
relatively_sparse,500,0.012429216196844383,0.0012429216196844384,10.0,1.9945956405993723,4,sbm_dpsgd_all_noised,1.9223734183771504,0.5431122541136532,11.0,6.0,5.0,1e-05,481,3.364,481,0.962,20,19,0.012429216196844383,0.0012429216196844384,0.012429216196844383,0.11304403096437454,0.006946247071027756,0.11432459950447083,0.0011223617605857852
relatively_sparse,500,0.012429216196844383,0.0012429216196844384,20.0,0.977390412892278,4,edge_flip_vem,,,304,,,1e-05,481,3.364,481,0.962,20,19,0.012429216196844383,0.0012429216196844384,0.012429216196844383,0.007369997911155224,0.0,0.0,0.0
relatively_sparse,500,0.012429216196844383,0.0012429216196844384,20.0,0.977390412892278,4,edge_flip_spectral,,,,,,1e-05,481,3.364,481,0.962,20,19,0.012429216196844383,0.0012429216196844384,0.012429216196844383,0.06334187835454941,0.0,0.07164952903985977,8.410965693728515e-05
relatively_sparse,500,0.012429216196844383,0.0012429216196844384,20.0,0.977390412892278,4,sbm_dpsgd_all_noised,0.9419985000802904,0.40561225411365304,11.0,6.0,5.0,1e-05,481,3.364,481,0.962,20,19,0.012429216196844383,0.0012429216196844384,0.012429216196844383,0.11423448473215103,0.007460514549165964,0.11311990767717361,0.0002515373811647483
relatively_sparse,500,0.012429216196844383,0.0012429216196844384,1.0,27.43885139089614,5,edge_flip_vem,,,241,,,1e-05,473,3.668,473,0.946,23,20,0.012429216196844383,0.0012429216196844384,0.012429216196844383,0.0,0.0,0.008169992826879025,0.0
relatively_sparse,500,0.012429216196844383,0.0012429216196844384,1.0,27.43885139089614,5,edge_flip_spectral,,,,,,1e-05,473,3.668,473,0.946,23,20,0.012429216196844383,0.0012429216196844384,0.012429216196844383,0.01304016262292862,0.0015940094599500299,0.017070244997739792,0.5287135589831521
relatively_sparse,500,0.012429216196844383,0.0012429216196844384,1.0,27.43885139089614,5,sbm_dpsgd_all_noised,26.32774027978503,5.635918426327381,10.999704375246353,5.999838750134375,4.999865625111979,1e-05,473,3.668,473,0.946,23,20,0.012429216196844383,0.0012429216196844384,0.012429216196844383,0.11021113395690918,0.007000924553722143,0.11834719777107239,0.00026010111065555785
relatively_sparse,500,0.012429216196844383,0.0012429216196844384,2.0,11.728684954707337,5,edge_flip_vem,,,228,,,1e-05,473,3.668,473,0.946,23,20,0.012429216196844383,0.0012429216196844384,0.012429216196844383,0.0,0.0,0.008171023800969124,0.0
relatively_sparse,500,0.012429216196844383,0.0012429216196844384,2.0,11.728684954707337,5,edge_flip_spectral,,,,,,1e-05,473,3.668,473,0.946,23,20,0.012429216196844383,0.0012429216196844384,0.012429216196844383,0.012990307994186878,0.0015886393375694752,0.01718703657388687,0.5394172949940618
relatively_sparse,500,0.012429216196844383,0.0012429216196844384,2.0,11.728684954707337,5,sbm_dpsgd_all_noised,11.245049229064149,2.668102829441137,10.999704375246353,5.999838750134375,4.999865625111979,1e-05,473,3.668,473,0.946,23,20,0.012429216196844383,0.0012429216196844384,0.012429216196844383,0.11056195944547653,0.0070972200483083725,0.11763788014650345,7.843456956851243e-05
relatively_sparse,500,0.012429216196844383,0.0012429216196844384,5.0,4.1484505404580005,5,edge_flip_vem,,,454,,,1e-05,473,3.668,473,0.946,23,20,0.012429216196844383,0.0012429216196844384,0.012429216196844383,0.0,0.0,0.008348132483661175,0.0
relatively_sparse,500,0.012429216196844383,0.0012429216196844384,5.0,4.1484505404580005,5,edge_flip_spectral,,,,,,1e-05,473,3.668,473,0.946,23,20,0.012429216196844383,0.0012429216196844384,0.012429216196844383,0.015407761558890343,0.0,0.020207423716783524,0.01207600496466003
relatively_sparse,500,0.012429216196844383,0.0012429216196844384,5.0,4.1484505404580005,5,sbm_dpsgd_all_noised,3.992894984902444,1.0338953100711687,10.999704375246353,5.999838750134375,4.999865625111979,1e-05,473,3.668,473,0.946,23,20,0.012429216196844383,0.0012429216196844384,0.012429216196844383,0.10880178958177567,0.007264080923050642,0.11849600076675415,0.0007164639171205782
relatively_sparse,500,0.012429216196844383,0.0012429216196844384,10.0,1.9945956405993723,5,edge_flip_vem,,,576,,,1e-05,473,3.668,473,0.946,23,20,0.012429216196844383,0.0012429216196844384,0.012429216196844383,0.09025400131940842,0.05349103733897209,0.004796579014509916,0.003967632840598818
relatively_sparse,500,0.012429216196844383,0.0012429216196844384,10.0,1.9945956405993723,5,edge_flip_spectral,,,,,,1e-05,473,3.668,473,0.946,23,20,0.012429216196844383,0.0012429216196844384,0.012429216196844383,0.03216930106282234,0.0,0.037229038774967194,0.000557716425981937
relatively_sparse,500,0.012429216196844383,0.0012429216196844384,10.0,1.9945956405993723,5,sbm_dpsgd_all_noised,1.9223734183771504,0.5431122541136532,10.999704375246353,5.999838750134375,4.999865625111979,1e-05,473,3.668,473,0.946,23,20,0.012429216196844383,0.0012429216196844384,0.012429216196844383,0.11426190286874771,0.007529957685619593,0.11226227879524231,0.00905891756358488
relatively_sparse,500,0.012429216196844383,0.0012429216196844384,20.0,0.977390412892278,5,edge_flip_vem,,,505,,,1e-05,473,3.668,473,0.946,23,20,0.012429216196844383,0.0012429216196844384,0.012429216196844383,0.10101930797100067,0.021203437820076942,0.0,5.621885899510317e-06
relatively_sparse,500,0.012429216196844383,0.0012429216196844384,20.0,0.977390412892278,5,edge_flip_spectral,,,,,,1e-05,473,3.668,473,0.946,23,20,0.012429216196844383,0.0012429216196844384,0.012429216196844383,0.07245416939258575,0.0,0.0690837875008583,0.00015343918642283133
relatively_sparse,500,0.012429216196844383,0.0012429216196844384,20.0,0.977390412892278,5,sbm_dpsgd_all_noised,0.9419985000802904,0.40561225411365304,10.999704375246353,5.999838750134375,4.999865625111979,1e-05,473,3.668,473,0.946,23,20,0.012429216196844383,0.0012429216196844384,0.012429216196844383,0.11517562717199326,0.007975291460752487,0.11059406399726868,0.006559230698211194
relatively_sparse,500,0.012429216196844383,0.0012429216196844384,1.0,27.43885139089614,6,edge_flip_vem,,,244,,,1e-05,483,3.412,483,0.966,17,15,0.012429216196844383,0.0012429216196844384,0.012429216196844383,0.007319399155676365,0.0,0.0,0.0
relatively_sparse,500,0.012429216196844383,0.0012429216196844384,1.0,27.43885139089614,6,edge_flip_spectral,,,,,,1e-05,483,3.412,483,0.966,17,15,0.012429216196844383,0.0012429216196844384,0.012429216196844383,0.01399555616080761,0.001204570522531867,0.012959558516740799,0.6052631511012699
relatively_sparse,500,0.012429216196844383,0.0012429216196844384,1.0,27.43885139089614,6,sbm_dpsgd_all_noised,26.32774027978503,5.635918426327381,10.999716502152006,5.999845364810185,4.999871137341821,1e-05,483,3.412,483,0.966,17,15,0.012429216196844383,0.0012429216196844384,0.012429216196844383,0.119865283370018,0.006484610959887505,0.10867217183113098,3.1569075924395015e-06
relatively_sparse,500,0.012429216196844383,0.0012429216196844384,2.0,11.728684954707337,6,edge_flip_vem,,,204,,,1e-05,483,3.412,483,0.966,17,15,0.012429216196844383,0.0012429216196844384,0.012429216196844383,0.0073286397382617,0.0,0.0,0.0
relatively_sparse,500,0.012429216196844383,0.0012429216196844384,2.0,11.728684954707337,6,edge_flip_spectral,,,,,,1e-05,483,3.412,483,0.966,17,15,0.012429216196844383,0.0012429216196844384,0.012429216196844383,0.013987721875309944,0.0011965305311605334,0.013012983836233616,0.6052631511012699
relatively_sparse,500,0.012429216196844383,0.0012429216196844384,2.0,11.728684954707337,6,sbm_dpsgd_all_noised,11.245049229064149,2.668102829441137,10.999716502152006,5.999845364810185,4.999871137341821,1e-05,483,3.412,483,0.966,17,15,0.012429216196844383,0.0012429216196844384,0.012429216196844383,0.11695113033056259,0.00648476229980588,0.11145380884408951,7.511108848044969e-05
relatively_sparse,500,0.012429216196844383,0.0012429216196844384,5.0,4.1484505404580005,6,edge_flip_vem,,,363,,,1e-05,483,3.412,483,0.966,17,15,0.012429216196844383,0.0012429216196844384,0.012429216196844383,0.007923932746052742,0.0,0.0,0.0
relatively_sparse,500,0.012429216196844383,0.0012429216196844384,5.0,4.1484505404580005,6,edge_flip_spectral,,,,,,1e-05,483,3.412,483,0.966,17,15,0.012429216196844383,0.0012429216196844384,0.012429216196844383,0.014485941268503666,0.0,0.020963236689567566,0.04333836256466844
relatively_sparse,500,0.012429216196844383,0.0012429216196844384,5.0,4.1484505404580005,6,sbm_dpsgd_all_noised,3.992894984902444,1.0338953100711687,10.999716502152006,5.999845364810185,4.999871137341821,1e-05,483,3.412,483,0.966,17,15,0.012429216196844383,0.0012429216196844384,0.012429216196844383,0.1170555129647255,0.006594542413949966,0.11205718666315079,0.008694596019407292
relatively_sparse,500,0.012429216196844383,0.0012429216196844384,10.0,1.9945956405993723,6,edge_flip_vem,,,481,,,1e-05,483,3.412,483,0.966,17,15,0.012429216196844383,0.0012429216196844384,0.012429216196844383,0.1555955559015274,0.05361223220825195,0.002678763587027788,0.00463367146144266
relatively_sparse,500,0.012429216196844383,0.0012429216196844384,10.0,1.9945956405993723,6,edge_flip_spectral,,,,,,1e-05,483,3.412,483,0.966,17,15,0.012429216196844383,0.0012429216196844384,0.012429216196844383,0.03431708738207817,0.0,0.028492527082562447,0.0016473861138146999
relatively_sparse,500,0.012429216196844383,0.0012429216196844384,10.0,1.9945956405993723,6,sbm_dpsgd_all_noised,1.9223734183771504,0.5431122541136532,10.999716502152006,5.999845364810185,4.999871137341821,1e-05,483,3.412,483,0.966,17,15,0.012429216196844383,0.0012429216196844384,0.012429216196844383,0.11589989811182022,0.006559358909726143,0.1137823611497879,0.0016410835902180598
relatively_sparse,500,0.012429216196844383,0.0012429216196844384,20.0,0.977390412892278,6,edge_flip_vem,,,412,,,1e-05,483,3.412,483,0.966,17,15,0.012429216196844383,0.0012429216196844384,0.012429216196844383,0.06109505891799927,0.0,0.0,0.0034514125210857263
relatively_sparse,500,0.012429216196844383,0.0012429216196844384,20.0,0.977390412892278,6,edge_flip_spectral,,,,,,1e-05,483,3.412,483,0.966,17,15,0.012429216196844383,0.0012429216196844384,0.012429216196844383,0.0797087699174881,0.0,0.05086366832256317,4.115294270338524e-05
relatively_sparse,500,0.012429216196844383,0.0012429216196844384,20.0,0.977390412892278,6,sbm_dpsgd_all_noised,0.9419985000802904,0.40561225411365304,10.999716502152006,5.999845364810185,4.999871137341821,1e-05,483,3.412,483,0.966,17,15,0.012429216196844383,0.0012429216196844384,0.012429216196844383,0.12000226974487305,0.006476705428212881,0.11232879012823105,0.0013602681169322202
relatively_sparse,500,0.012429216196844383,0.0012429216196844384,1.0,27.43885139089614,7,edge_flip_vem,,,249,,,1e-05,477,3.584,477,0.954,18,15,0.012429216196844383,0.0012429216196844384,0.012429216196844383,0.0,0.0,0.00783961359411478,0.0
relatively_sparse,500,0.012429216196844383,0.0012429216196844384,1.0,27.43885139089614,7,edge_flip_spectral,,,,,,1e-05,477,3.584,477,0.954,18,15,0.012429216196844383,0.0012429216196844384,0.012429216196844383,0.01393499318510294,0.0013538222992792726,0.014785431325435638,0.5705750873844765
relatively_sparse,500,0.012429216196844383,0.0012429216196844384,1.0,27.43885139089614,7,sbm_dpsgd_all_noised,26.32774027978503,5.635918426327381,10.999903105896447,5.999947148670789,4.999955957225658,1e-05,477,3.584,477,0.954,18,15,0.012429216196844383,0.0012429216196844384,0.012429216196844383,0.12205567210912704,0.006770050618797541,0.1070699617266655,0.004335702295193025
relatively_sparse,500,0.012429216196844383,0.0012429216196844384,2.0,11.728684954707337,7,edge_flip_vem,,,249,,,1e-05,477,3.584,477,0.954,18,15,0.012429216196844383,0.0012429216196844384,0.012429216196844383,0.0,0.0,0.007831680588424206,0.0
relatively_sparse,500,0.012429216196844383,0.0012429216196844384,2.0,11.728684954707337,7,edge_flip_spectral,,,,,,1e-05,477,3.584,477,0.954,18,15,0.012429216196844383,0.0012429216196844384,0.012429216196844383,0.0139271579682827,0.0013457848690450191,0.014777610078454018,0.5705750873844765
relatively_sparse,500,0.012429216196844383,0.0012429216196844384,2.0,11.728684954707337,7,sbm_dpsgd_all_noised,11.245049229064149,2.668102829441137,10.999903105896447,5.999947148670789,4.999955957225658,1e-05,477,3.584,477,0.954,18,15,0.012429216196844383,0.0012429216196844384,0.012429216196844383,0.11968278139829636,0.0066983988508582115,0.10923070460557938,0.004326023482769011
relatively_sparse,500,0.012429216196844383,0.0012429216196844384,5.0,4.1484505404580005,7,edge_flip_vem,,,414,,,1e-05,477,3.584,477,0.954,18,15,0.012429216196844383,0.0012429216196844384,0.012429216196844383,0.007513075601309538,0.0,0.0,0.0
relatively_sparse,500,0.012429216196844383,0.0012429216196844384,5.0,4.1484505404580005,7,edge_flip_spectral,,,,,,1e-05,477,3.584,477,0.954,18,15,0.012429216196844383,0.0012429216196844384,0.012429216196844383,0.010156218893826008,0.0,0.030661029741168022,0.005155795662322759
relatively_sparse,500,0.012429216196844383,0.0012429216196844384,5.0,4.1484505404580005,7,sbm_dpsgd_all_noised,3.992894984902444,1.0338953100711687,10.999903105896447,5.999947148670789,4.999955957225658,1e-05,477,3.584,477,0.954,18,15,0.012429216196844383,0.0012429216196844384,0.012429216196844383,0.11828585714101791,0.00662067299708724,0.1104016900062561,0.008241051744739146
relatively_sparse,500,0.012429216196844383,0.0012429216196844384,10.0,1.9945956405993723,7,edge_flip_vem,,,314,,,1e-05,477,3.584,477,0.954,18,15,0.012429216196844383,0.0012429216196844384,0.012429216196844383,0.006438185926526785,0.0,0.0,0.0
relatively_sparse,500,0.012429216196844383,0.0012429216196844384,10.0,1.9945956405993723,7,edge_flip_spectral,,,,,,1e-05,477,3.584,477,0.954,18,15,0.012429216196844383,0.0012429216196844384,0.012429216196844383,0.028012795373797417,0.0,0.035739485174417496,0.0007084500520553583
relatively_sparse,500,0.012429216196844383,0.0012429216196844384,10.0,1.9945956405993723,7,sbm_dpsgd_all_noised,1.9223734183771504,0.5431122541136532,10.999903105896447,5.999947148670789,4.999955957225658,1e-05,477,3.584,477,0.954,18,15,0.012429216196844383,0.0012429216196844384,0.012429216196844383,0.11344483494758606,0.006664750166237354,0.11513882875442505,0.004857835302566294
relatively_sparse,500,0.012429216196844383,0.0012429216196844384,20.0,0.977390412892278,7,edge_flip_vem,,,271,,,1e-05,477,3.584,477,0.954,18,15,0.012429216196844383,0.0012429216196844384,0.012429216196844383,0.0,0.0,0.0072086527943611145,0.0
relatively_sparse,500,0.012429216196844383,0.0012429216196844384,20.0,0.977390412892278,7,edge_flip_spectral,,,,,,1e-05,477,3.584,477,0.954,18,15,0.012429216196844383,0.0012429216196844384,0.012429216196844383,0.0505448579788208,0.0,0.07728853821754456,6.2075726694054e-06
relatively_sparse,500,0.012429216196844383,0.0012429216196844384,20.0,0.977390412892278,7,sbm_dpsgd_all_noised,0.9419985000802904,0.40561225411365304,10.999903105896447,5.999947148670789,4.999955957225658,1e-05,477,3.584,477,0.954,18,15,0.012429216196844383,0.0012429216196844384,0.012429216196844383,0.11211543530225754,0.006643307860940695,0.11759976297616959,0.003071818567908775
relatively_sparse,500,0.012429216196844383,0.0012429216196844384,1.0,27.43885139089614,8,edge_flip_vem,,,333,,,1e-05,483,3.54,483,0.966,18,17,0.012429216196844383,0.0012429216196844384,0.012429216196844383,0.007602897007018328,0.0,0.0,0.0
relatively_sparse,500,0.012429216196844383,0.0012429216196844384,1.0,27.43885139089614,8,edge_flip_spectral,,,,,,1e-05,483,3.54,483,0.966,18,17,0.012429216196844383,0.0012429216196844384,0.012429216196844383,0.014871601946651936,0.0013145150151103735,0.01307754311710596,0.5873460919173827
relatively_sparse,500,0.012429216196844383,0.0012429216196844384,1.0,27.43885139089614,8,sbm_dpsgd_all_noised,26.32774027978503,5.635918426327381,10.999716502152006,5.999845364810185,4.999871137341821,1e-05,483,3.54,483,0.966,18,17,0.012429216196844383,0.0012429216196844384,0.012429216196844383,0.11609738320112228,0.006551672238856554,0.11234093457460403,0.0034472819206564586
relatively_sparse,500,0.012429216196844383,0.0012429216196844384,2.0,11.728684954707337,8,edge_flip_vem,,,397,,,1e-05,483,3.54,483,0.966,18,17,0.012429216196844383,0.0012429216196844384,0.012429216196844383,0.007603550795465708,0.0,0.0,0.0
relatively_sparse,500,0.012429216196844383,0.0012429216196844384,2.0,11.728684954707337,8,edge_flip_spectral,,,,,,1e-05,483,3.54,483,0.966,18,17,0.012429216196844383,0.0012429216196844384,0.012429216196844383,0.014718628488481045,0.0013217952800914645,0.013182759284973145,0.5711971524642153
relatively_sparse,500,0.012429216196844383,0.0012429216196844384,2.0,11.728684954707337,8,sbm_dpsgd_all_noised,11.245049229064149,2.668102829441137,10.999716502152006,5.999845364810185,4.999871137341821,1e-05,483,3.54,483,0.966,18,17,0.012429216196844383,0.0012429216196844384,0.012429216196844383,0.11722320318222046,0.0065842908807098866,0.11121716350317001,0.005774985461920921
relatively_sparse,500,0.012429216196844383,0.0012429216196844384,5.0,4.1484505404580005,8,edge_flip_vem,,,503,,,1e-05,483,3.54,483,0.966,18,17,0.012429216196844383,0.0012429216196844384,0.012429216196844383,0.007275703363120556,0.028924180194735527,0.0,0.004247718651365854
relatively_sparse,500,0.012429216196844383,0.0012429216196844384,5.0,4.1484505404580005,8,edge_flip_spectral,,,,,,1e-05,483,3.54,483,0.966,18,17,0.012429216196844383,0.0012429216196844384,0.012429216196844383,0.020203223451972008,0.0,0.013333824463188648,0.0158775854136588
relatively_sparse,500,0.012429216196844383,0.0012429216196844384,5.0,4.1484505404580005,8,sbm_dpsgd_all_noised,3.992894984902444,1.0338953100711687,10.999716502152006,5.999845364810185,4.999871137341821,1e-05,483,3.54,483,0.966,18,17,0.012429216196844383,0.0012429216196844384,0.012429216196844383,0.11563190072774887,0.0067368424497544765,0.11305554956197739,0.0029834525129624145
relatively_sparse,500,0.012429216196844383,0.0012429216196844384,10.0,1.9945956405993723,8,edge_flip_vem,,,574,,,1e-05,483,3.54,483,0.966,18,17,0.012429216196844383,0.0012429216196844384,0.012429216196844383,0.0,0.031166518107056618,0.0691666379570961,0.0014695699585439692
relatively_sparse,500,0.012429216196844383,0.0012429216196844384,10.0,1.9945956405993723,8,edge_flip_spectral,,,,,,1e-05,483,3.54,483,0.966,18,17,0.012429216196844383,0.0012429216196844384,0.012429216196844383,0.030506815761327744,0.0,0.038830216974020004,0.00041369796199462364
relatively_sparse,500,0.012429216196844383,0.0012429216196844384,10.0,1.9945956405993723,8,sbm_dpsgd_all_noised,1.9223734183771504,0.5431122541136532,10.999716502152006,5.999845364810185,4.999871137341821,1e-05,483,3.54,483,0.966,18,17,0.012429216196844383,0.0012429216196844384,0.012429216196844383,0.11140535771846771,0.0070633492432534695,0.11845136433839798,0.005085397127380564
relatively_sparse,500,0.012429216196844383,0.0012429216196844384,20.0,0.977390412892278,8,edge_flip_vem,,,386,,,1e-05,483,3.54,483,0.966,18,17,0.012429216196844383,0.0012429216196844384,0.012429216196844383,0.06198997050523758,0.0,0.0,0.0009966227097501206
relatively_sparse,500,0.012429216196844383,0.0012429216196844384,20.0,0.977390412892278,8,edge_flip_spectral,,,,,,1e-05,483,3.54,483,0.966,18,17,0.012429216196844383,0.0012429216196844384,0.012429216196844383,0.047333791851997375,0.0,0.09069769829511642,0.0022225242488601855
relatively_sparse,500,0.012429216196844383,0.0012429216196844384,20.0,0.977390412892278,8,sbm_dpsgd_all_noised,0.9419985000802904,0.40561225411365304,10.999716502152006,5.999845364810185,4.999871137341821,1e-05,483,3.54,483,0.966,18,17,0.012429216196844383,0.0012429216196844384,0.012429216196844383,0.11500618606805801,0.007099631708115339,0.1168164610862732,0.0034472819206564586
relatively_sparse,500,0.012429216196844383,0.0012429216196844384,1.0,27.43885139089614,9,edge_flip_vem,,,149,,,1e-05,491,3.672,491,0.982,10,9,0.012429216196844383,0.0012429216196844384,0.012429216196844383,0.007631239946931601,0.0,0.0,0.0
relatively_sparse,500,0.012429216196844383,0.0012429216196844384,1.0,27.43885139089614,9,edge_flip_spectral,,,,,,1e-05,491,3.672,491,0.982,10,9,0.012429216196844383,0.0012429216196844384,0.012429216196844383,0.014235937967896461,0.0012941762106493115,0.013750418089330196,0.7013924549114453
relatively_sparse,500,0.012429216196844383,0.0012429216196844384,1.0,27.43885139089614,9,sbm_dpsgd_all_noised,26.32774027978503,5.635918426327381,11.0,6.0,5.0,1e-05,491,3.672,491,0.982,10,9,0.012429216196844383,0.0012429216196844384,0.012429216196844383,0.120161272585392,0.006776608992367983,0.1082102507352829,0.002210318997581184
relatively_sparse,500,0.012429216196844383,0.0012429216196844384,2.0,11.728684954707337,9,edge_flip_vem,,,186,,,1e-05,491,3.672,491,0.982,10,9,0.012429216196844383,0.0012429216196844384,0.012429216196844383,0.0076316166669130325,0.0,0.0,0.0
relatively_sparse,500,0.012429216196844383,0.0012429216196844384,2.0,11.728684954707337,9,edge_flip_spectral,,,,,,1e-05,491,3.672,491,0.982,10,9,0.012429216196844383,0.0012429216196844384,0.012429216196844383,0.014261293224990368,0.0012861377326771617,0.013742580078542233,0.7013924549114453
relatively_sparse,500,0.012429216196844383,0.0012429216196844384,2.0,11.728684954707337,9,sbm_dpsgd_all_noised,11.245049229064149,2.668102829441137,11.0,6.0,5.0,1e-05,491,3.672,491,0.982,10,9,0.012429216196844383,0.0012429216196844384,0.012429216196844383,0.11914026737213135,0.006677698809653521,0.10943051427602768,0.0018726978639202207
relatively_sparse,500,0.012429216196844383,0.0012429216196844384,5.0,4.1484505404580005,9,edge_flip_vem,,,326,,,1e-05,491,3.672,491,0.982,10,9,0.012429216196844383,0.0012429216196844384,0.012429216196844383,0.00707132276147604,0.0,0.0,0.0
relatively_sparse,500,0.012429216196844383,0.0012429216196844384,5.0,4.1484505404580005,9,edge_flip_spectral,,,,,,1e-05,491,3.672,491,0.982,10,9,0.012429216196844383,0.0012429216196844384,0.012429216196844383,0.014537297189235687,0.0,0.016860375180840492,0.011894297632560093
relatively_sparse,500,0.012429216196844383,0.0012429216196844384,5.0,4.1484505404580005,9,sbm_dpsgd_all_noised,3.992894984902444,1.0338953100711687,11.0,6.0,5.0,1e-05,491,3.672,491,0.982,10,9,0.012429216196844383,0.0012429216196844384,0.012429216196844383,0.12178552895784378,0.006836096290498972,0.10776034742593765,0.001636377612745468
relatively_sparse,500,0.012429216196844383,0.0012429216196844384,10.0,1.9945956405993723,9,edge_flip_vem,,,615,,,1e-05,491,3.672,491,0.982,10,9,0.012429216196844383,0.0012429216196844384,0.012429216196844383,0.0,0.017020758241415024,0.05126245692372322,0.001028754797920664
relatively_sparse,500,0.012429216196844383,0.0012429216196844384,10.0,1.9945956405993723,9,edge_flip_spectral,,,,,,1e-05,491,3.672,491,0.982,10,9,0.012429216196844383,0.0012429216196844384,0.012429216196844383,0.03334458917379379,0.0,0.03776247426867485,0.0003588346367963219
relatively_sparse,500,0.012429216196844383,0.0012429216196844384,10.0,1.9945956405993723,9,sbm_dpsgd_all_noised,1.9223734183771504,0.5431122541136532,11.0,6.0,5.0,1e-05,491,3.672,491,0.982,10,9,0.012429216196844383,0.0012429216196844384,0.012429216196844383,0.11743886023759842,0.0072068627923727036,0.11182437092065811,0.0041341969425446445
relatively_sparse,500,0.012429216196844383,0.0012429216196844384,20.0,0.977390412892278,9,edge_flip_vem,,,269,,,1e-05,491,3.672,491,0.982,10,9,0.012429216196844383,0.0012429216196844384,0.012429216196844383,0.0,0.0,0.0007182814297266304,0.0
relatively_sparse,500,0.012429216196844383,0.0012429216196844384,20.0,0.977390412892278,9,edge_flip_spectral,,,,,,1e-05,491,3.672,491,0.982,10,9,0.012429216196844383,0.0012429216196844384,0.012429216196844383,0.04139838367700577,0.0,0.07682422548532486,0.0007615555094337923
relatively_sparse,500,0.012429216196844383,0.0012429216196844384,20.0,0.977390412892278,9,sbm_dpsgd_all_noised,0.9419985000802904,0.40561225411365304,11.0,6.0,5.0,1e-05,491,3.672,491,0.982,10,9,0.012429216196844383,0.0012429216196844384,0.012429216196844383,0.11911527812480927,0.0076704868115484715,0.11124534159898758,0.0005238937059324945
relatively_sparse,500,0.012429216196844383,0.0012429216196844384,1.0,27.43885139089614,10,edge_flip_vem,,,133,,,1e-05,490,3.484,490,0.98,11,10,0.012429216196844383,0.0012429216196844384,0.012429216196844383,0.0072701470926404,0.0,0.0,0.0
relatively_sparse,500,0.012429216196844383,0.0012429216196844384,1.0,27.43885139089614,10,edge_flip_spectral,,,,,,1e-05,490,3.484,490,0.98,11,10,0.012429216196844383,0.0012429216196844384,0.012429216196844383,0.014628165401518345,0.0014334862353280187,0.011938354931771755,0.637789652672529
relatively_sparse,500,0.012429216196844383,0.0012429216196844384,1.0,27.43885139089614,10,sbm_dpsgd_all_noised,26.32774027978503,5.635918426327381,11.0,6.0,5.0,1e-05,490,3.484,490,0.98,11,10,0.012429216196844383,0.0012429216196844384,0.012429216196844383,0.11445921659469604,0.006135430186986923,0.11363082379102707,0.008779343893022649
relatively_sparse,500,0.012429216196844383,0.0012429216196844384,2.0,11.728684954707337,10,edge_flip_vem,,,133,,,1e-05,490,3.484,490,0.98,11,10,0.012429216196844383,0.0012429216196844384,0.012429216196844383,0.0072622052393853664,0.0,0.0,0.0
relatively_sparse,500,0.012429216196844383,0.0012429216196844384,2.0,11.728684954707337,10,edge_flip_spectral,,,,,,1e-05,490,3.484,490,0.98,11,10,0.012429216196844383,0.0012429216196844384,0.012429216196844383,0.014620342291891575,0.0014254499692469835,0.011930488049983978,0.637789652672529
relatively_sparse,500,0.012429216196844383,0.0012429216196844384,2.0,11.728684954707337,10,sbm_dpsgd_all_noised,11.245049229064149,2.668102829441137,11.0,6.0,5.0,1e-05,490,3.484,490,0.98,11,10,0.012429216196844383,0.0012429216196844384,0.012429216196844383,0.1138104572892189,0.006191902793943882,0.11452709138393402,0.006358659644773861
relatively_sparse,500,0.012429216196844383,0.0012429216196844384,5.0,4.1484505404580005,10,edge_flip_vem,,,187,,,1e-05,490,3.484,490,0.98,11,10,0.012429216196844383,0.0012429216196844384,0.012429216196844383,0.0073036919347941875,0.0,0.0,0.0
relatively_sparse,500,0.012429216196844383,0.0012429216196844384,5.0,4.1484505404580005,10,edge_flip_spectral,,,,,,1e-05,490,3.484,490,0.98,11,10,0.012429216196844383,0.0012429216196844384,0.012429216196844383,0.015376456081867218,0.0,0.015540235675871372,0.04247363179260522
relatively_sparse,500,0.012429216196844383,0.0012429216196844384,5.0,4.1484505404580005,10,sbm_dpsgd_all_noised,3.992894984902444,1.0338953100711687,11.0,6.0,5.0,1e-05,490,3.484,490,0.98,11,10,0.012429216196844383,0.0012429216196844384,0.012429216196844383,0.11468608677387238,0.006350701209157705,0.11353117972612381,0.010828198681996776
relatively_sparse,500,0.012429216196844383,0.0012429216196844384,10.0,1.9945956405993723,10,edge_flip_vem,,,407,,,1e-05,490,3.484,490,0.98,11,10,0.012429216196844383,0.0012429216196844384,0.012429216196844383,0.0,0.0,0.006396618206053972,0.0
relatively_sparse,500,0.012429216196844383,0.0012429216196844384,10.0,1.9945956405993723,10,edge_flip_spectral,,,,,,1e-05,490,3.484,490,0.98,11,10,0.012429216196844383,0.0012429216196844384,0.012429216196844383,0.029074115678668022,0.0,0.033134669065475464,0.00020159107188614476
relatively_sparse,500,0.012429216196844383,0.0012429216196844384,10.0,1.9945956405993723,10,sbm_dpsgd_all_noised,1.9223734183771504,0.5431122541136532,11.0,6.0,5.0,1e-05,490,3.484,490,0.98,11,10,0.012429216196844383,0.0012429216196844384,0.012429216196844383,0.11171173304319382,0.007129328325390816,0.11590516567230225,0.002705864266445565
relatively_sparse,500,0.012429216196844383,0.0012429216196844384,20.0,0.977390412892278,10,edge_flip_vem,,,596,,,1e-05,490,3.484,490,0.98,11,10,0.012429216196844383,0.0012429216196844384,0.012429216196844383,0.09055103361606598,0.014281879179179668,0.0,3.9319512254437105e-05
relatively_sparse,500,0.012429216196844383,0.0012429216196844384,20.0,0.977390412892278,10,edge_flip_spectral,,,,,,1e-05,490,3.484,490,0.98,11,10,0.012429216196844383,0.0012429216196844384,0.012429216196844383,0.06515943259000778,0.0,0.06469752639532089,0.00043634113567452086
relatively_sparse,500,0.012429216196844383,0.0012429216196844384,20.0,0.977390412892278,10,sbm_dpsgd_all_noised,0.9419985000802904,0.40561225411365304,11.0,6.0,5.0,1e-05,490,3.484,490,0.98,11,10,0.012429216196844383,0.0012429216196844384,0.012429216196844383,0.11629806458950043,0.007944578304886818,0.11155054718255997,0.0009773496426917032
relatively_sparse,500,0.012429216196844383,0.0012429216196844384,1.0,27.43885139089614,11,edge_flip_vem,,,277,,,1e-05,484,3.444,484,0.968,17,16,0.012429216196844383,0.0012429216196844384,0.012429216196844383,0.0,0.02484472095966339,0.007293626666069031,0.004051676263211076
relatively_sparse,500,0.012429216196844383,0.0012429216196844384,1.0,27.43885139089614,11,edge_flip_spectral,,,,,,1e-05,484,3.444,484,0.968,17,16,0.012429216196844383,0.0012429216196844384,0.012429216196844383,0.0074684880673885345,0.0008350730640813708,0.4000000059604645,0.01922177188540407
relatively_sparse,500,0.012429216196844383,0.0012429216196844384,1.0,27.43885139089614,11,sbm_dpsgd_all_noised,26.32774027978503,5.635918426327381,10.99990589121024,5.999948667932857,4.999957223277382,1e-05,484,3.444,484,0.968,17,16,0.012429216196844383,0.0012429216196844384,0.012429216196844383,0.11623362451791763,0.006274501793086529,0.11167478561401367,0.004936670542254741
relatively_sparse,500,0.012429216196844383,0.0012429216196844384,2.0,11.728684954707337,11,edge_flip_vem,,,277,,,1e-05,484,3.444,484,0.968,17,16,0.012429216196844383,0.0012429216196844384,0.012429216196844383,0.0,0.024837061762809753,0.007285684812813997,0.004051676263211076
relatively_sparse,500,0.012429216196844383,0.0012429216196844384,2.0,11.728684954707337,11,edge_flip_spectral,,,,,,1e-05,484,3.444,484,0.968,17,16,0.012429216196844383,0.0012429216196844384,0.012429216196844383,0.007460549473762512,0.000827027193736285,0.39999839663505554,0.01922177188540407
relatively_sparse,500,0.012429216196844383,0.0012429216196844384,2.0,11.728684954707337,11,sbm_dpsgd_all_noised,11.245049229064149,2.668102829441137,10.99990589121024,5.999948667932857,4.999957223277382,1e-05,484,3.444,484,0.968,17,16,0.012429216196844383,0.0012429216196844384,0.012429216196844383,0.11423245072364807,0.006307628471404314,0.11340408772230148,0.0009985079097661405
relatively_sparse,500,0.012429216196844383,0.0012429216196844384,5.0,4.1484505404580005,11,edge_flip_vem,,,464,,,1e-05,484,3.444,484,0.968,17,16,0.012429216196844383,0.0012429216196844384,0.012429216196844383,0.0,0.04165200516581535,0.007728870492428541,0.004051676263211076
relatively_sparse,500,0.012429216196844383,0.0012429216196844384,5.0,4.1484505404580005,11,edge_flip_spectral,,,,,,1e-05,484,3.444,484,0.968,17,16,0.012429216196844383,0.0012429216196844384,0.012429216196844383,0.021390162408351898,0.0,0.014245566911995411,0.010806954061498944
relatively_sparse,500,0.012429216196844383,0.0012429216196844384,5.0,4.1484505404580005,11,sbm_dpsgd_all_noised,3.992894984902444,1.0338953100711687,10.99990589121024,5.999948667932857,4.999957223277382,1e-05,484,3.444,484,0.968,17,16,0.012429216196844383,0.0012429216196844384,0.012429216196844383,0.11349590867757797,0.006574634462594986,0.11334355920553207,0.00011098444391810856
relatively_sparse,500,0.012429216196844383,0.0012429216196844384,10.0,1.9945956405993723,11,edge_flip_vem,,,274,,,1e-05,484,3.444,484,0.968,17,16,0.012429216196844383,0.0012429216196844384,0.012429216196844383,0.0,0.0,0.0065970090217888355,0.0
relatively_sparse,500,0.012429216196844383,0.0012429216196844384,10.0,1.9945956405993723,11,edge_flip_spectral,,,,,,1e-05,484,3.444,484,0.968,17,16,0.012429216196844383,0.0012429216196844384,0.012429216196844383,0.03181500732898712,0.0,0.03200165182352066,0.0004435077294420933
relatively_sparse,500,0.012429216196844383,0.0012429216196844384,10.0,1.9945956405993723,11,sbm_dpsgd_all_noised,1.9223734183771504,0.5431122541136532,10.99990589121024,5.999948667932857,4.999957223277382,1e-05,484,3.444,484,0.968,17,16,0.012429216196844383,0.0012429216196844384,0.012429216196844383,0.11261777579784393,0.0068875811994075775,0.11366599053144455,6.409379738120948e-16
relatively_sparse,500,0.012429216196844383,0.0012429216196844384,20.0,0.977390412892278,11,edge_flip_vem,,,349,,,1e-05,484,3.444,484,0.968,17,16,0.012429216196844383,0.0012429216196844384,0.012429216196844383,0.006592578254640102,0.0,0.0,0.0
relatively_sparse,500,0.012429216196844383,0.0012429216196844384,20.0,0.977390412892278,11,edge_flip_spectral,,,,,,1e-05,484,3.444,484,0.968,17,16,0.012429216196844383,0.0012429216196844384,0.012429216196844383,0.06714389473199844,0.0,0.05620540305972099,0.0020826663095057747
relatively_sparse,500,0.012429216196844383,0.0012429216196844384,20.0,0.977390412892278,11,sbm_dpsgd_all_noised,0.9419985000802904,0.40561225411365304,10.99990589121024,5.999948667932857,4.999957223277382,1e-05,484,3.444,484,0.968,17,16,0.012429216196844383,0.0012429216196844384,0.012429216196844383,0.11498996615409851,0.007137148641049862,0.110862135887146,0.0017745769790889706
relatively_sparse,500,0.012429216196844383,0.0012429216196844384,1.0,27.43885139089614,12,edge_flip_vem,,,216,,,1e-05,488,3.564,488,0.976,13,12,0.012429216196844383,0.0012429216196844384,0.012429216196844383,0.0,0.0,0.007498232647776604,0.0
relatively_sparse,500,0.012429216196844383,0.0012429216196844384,1.0,27.43885139089614,12,edge_flip_spectral,,,,,,1e-05,488,3.564,488,0.976,13,12,0.012429216196844383,0.0012429216196844384,0.012429216196844383,0.013406338170170784,0.001444601221010089,0.013751243241131306,0.6359321979855935
relatively_sparse,500,0.012429216196844383,0.0012429216196844384,1.0,27.43885139089614,12,sbm_dpsgd_all_noised,26.32774027978503,5.635918426327381,10.999722287676306,5.999848520550712,4.999873767125593,1e-05,488,3.564,488,0.976,13,12,0.012429216196844383,0.0012429216196844384,0.012429216196844383,0.10600309073925018,0.0068553234450519085,0.12340964376926422,0.001722709759500102
relatively_sparse,500,0.012429216196844383,0.0012429216196844384,2.0,11.728684954707337,12,edge_flip_vem,,,216,,,1e-05,488,3.564,488,0.976,13,12,0.012429216196844383,0.0012429216196844384,0.012429216196844383,0.0,0.0,0.007490294054150581,0.0
relatively_sparse,500,0.012429216196844383,0.0012429216196844384,2.0,11.728684954707337,12,edge_flip_spectral,,,,,,1e-05,488,3.564,488,0.976,13,12,0.012429216196844383,0.0012429216196844384,0.012429216196844383,0.013398494571447372,0.0014365651877596974,0.013743405230343342,0.6359321979855935
relatively_sparse,500,0.012429216196844383,0.0012429216196844384,2.0,11.728684954707337,12,sbm_dpsgd_all_noised,11.245049229064149,2.668102829441137,10.999722287676306,5.999848520550712,4.999873767125593,1e-05,488,3.564,488,0.976,13,12,0.012429216196844383,0.0012429216196844384,0.012429216196844383,0.10782819241285324,0.006746887229382992,0.12188143283128738,0.0009623042309066333
relatively_sparse,500,0.012429216196844383,0.0012429216196844384,5.0,4.1484505404580005,12,edge_flip_vem,,,453,,,1e-05,488,3.564,488,0.976,13,12,0.012429216196844383,0.0012429216196844384,0.012429216196844383,0.008268652483820915,0.0,0.0,0.0
relatively_sparse,500,0.012429216196844383,0.0012429216196844384,5.0,4.1484505404580005,12,edge_flip_spectral,,,,,,1e-05,488,3.564,488,0.976,13,12,0.012429216196844383,0.0012429216196844384,0.012429216196844383,0.015051993541419506,0.0,0.019606968387961388,9.665434727989625e-07
relatively_sparse,500,0.012429216196844383,0.0012429216196844384,5.0,4.1484505404580005,12,sbm_dpsgd_all_noised,3.992894984902444,1.0338953100711687,10.999722287676306,5.999848520550712,4.999873767125593,1e-05,488,3.564,488,0.976,13,12,0.012429216196844383,0.0012429216196844384,0.012429216196844383,0.11168230324983597,0.006836706306785345,0.11804945766925812,0.0023660084848865955
relatively_sparse,500,0.012429216196844383,0.0012429216196844384,10.0,1.9945956405993723,12,edge_flip_vem,,,437,,,1e-05,488,3.564,488,0.976,13,12,0.012429216196844383,0.0012429216196844384,0.012429216196844383,0.0,0.0,0.009868915192782879,0.0
relatively_sparse,500,0.012429216196844383,0.0012429216196844384,10.0,1.9945956405993723,12,edge_flip_spectral,,,,,,1e-05,488,3.564,488,0.976,13,12,0.012429216196844383,0.0012429216196844384,0.012429216196844383,0.03594481199979782,0.0,0.03579185903072357,0.005857273098309097
relatively_sparse,500,0.012429216196844383,0.0012429216196844384,10.0,1.9945956405993723,12,sbm_dpsgd_all_noised,1.9223734183771504,0.5431122541136532,10.999722287676306,5.999848520550712,4.999873767125593,1e-05,488,3.564,488,0.976,13,12,0.012429216196844383,0.0012429216196844384,0.012429216196844383,0.11746060848236084,0.006880961358547211,0.11332619190216064,0.005346253587173222
relatively_sparse,500,0.012429216196844383,0.0012429216196844384,20.0,0.977390412892278,12,edge_flip_vem,,,408,,,1e-05,488,3.564,488,0.976,13,12,0.012429216196844383,0.0012429216196844384,0.012429216196844383,0.009401020593941212,0.0,0.0,0.0
relatively_sparse,500,0.012429216196844383,0.0012429216196844384,20.0,0.977390412892278,12,edge_flip_spectral,,,,,,1e-05,488,3.564,488,0.976,13,12,0.012429216196844383,0.0012429216196844384,0.012429216196844383,0.060029130429029465,0.0,0.06493242084980011,0.0017409741044017055
relatively_sparse,500,0.012429216196844383,0.0012429216196844384,20.0,0.977390412892278,12,sbm_dpsgd_all_noised,0.9419985000802904,0.40561225411365304,10.999722287676306,5.999848520550712,4.999873767125593,1e-05,488,3.564,488,0.976,13,12,0.012429216196844383,0.0012429216196844384,0.012429216196844383,0.11856978386640549,0.00691648805513978,0.11569486558437347,0.013229869679214952
relatively_sparse,500,0.012429216196844383,0.0012429216196844384,1.0,27.43885139089614,13,edge_flip_vem,,,222,,,1e-05,483,3.664,483,0.966,16,13,0.012429216196844383,0.0012429216196844384,0.012429216196844383,0.007852030918002129,0.0,0.0,0.0
relatively_sparse,500,0.012429216196844383,0.0012429216196844384,1.0,27.43885139089614,13,edge_flip_spectral,,,,,,1e-05,483,3.664,483,0.966,16,13,0.012429216196844383,0.0012429216196844384,0.012429216196844383,0.01472546998411417,0.0014592274092137814,0.01384738925844431,0.6211110615027078
relatively_sparse,500,0.012429216196844383,0.0012429216196844384,1.0,27.43885139089614,13,sbm_dpsgd_all_noised,26.32774027978503,5.635918426327381,10.999716502152006,5.999845364810185,4.999871137341821,1e-05,483,3.664,483,0.966,16,13,0.012429216196844383,0.0012429216196844384,0.012429216196844383,0.12447752803564072,0.0070760827511549,0.10509340465068817,0.0051851451057829305
relatively_sparse,500,0.012429216196844383,0.0012429216196844384,2.0,11.728684954707337,13,edge_flip_vem,,,247,,,1e-05,483,3.664,483,0.966,16,13,0.012429216196844383,0.0012429216196844384,0.012429216196844383,0.007852689363062382,0.0,0.0,0.0
relatively_sparse,500,0.012429216196844383,0.0012429216196844384,2.0,11.728684954707337,13,edge_flip_spectral,,,,,,1e-05,483,3.664,483,0.966,16,13,0.012429216196844383,0.0012429216196844384,0.012429216196844383,0.014754647389054298,0.0014511916087940335,0.013839553110301495,0.6211110615027078
relatively_sparse,500,0.012429216196844383,0.0012429216196844384,2.0,11.728684954707337,13,sbm_dpsgd_all_noised,11.245049229064149,2.668102829441137,10.999716502152006,5.999845364810185,4.999871137341821,1e-05,483,3.664,483,0.966,16,13,0.012429216196844383,0.0012429216196844384,0.012429216196844383,0.12327278405427933,0.007051522843539715,0.10623680800199509,0.0029540731454449636
relatively_sparse,500,0.012429216196844383,0.0012429216196844384,5.0,4.1484505404580005,13,edge_flip_vem,,,288,,,1e-05,483,3.664,483,0.966,16,13,0.012429216196844383,0.0012429216196844384,0.012429216196844383,0.0,0.0,0.007454009726643562,0.0
relatively_sparse,500,0.012429216196844383,0.0012429216196844384,5.0,4.1484505404580005,13,edge_flip_spectral,,,,,,1e-05,483,3.664,483,0.966,16,13,0.012429216196844383,0.0012429216196844384,0.012429216196844383,0.015277055092155933,0.0,0.01691616326570511,0.017978064245879145
relatively_sparse,500,0.012429216196844383,0.0012429216196844384,5.0,4.1484505404580005,13,sbm_dpsgd_all_noised,3.992894984902444,1.0338953100711687,10.999716502152006,5.999845364810185,4.999871137341821,1e-05,483,3.664,483,0.966,16,13,0.012429216196844383,0.0012429216196844384,0.012429216196844383,0.11981383711099625,0.006845925003290176,0.10929076373577118,2.9035818346299282e-06
relatively_sparse,500,0.012429216196844383,0.0012429216196844384,10.0,1.9945956405993723,13,edge_flip_vem,,,262,,,1e-05,483,3.664,483,0.966,16,13,0.012429216196844383,0.0012429216196844384,0.012429216196844383,0.008577056229114532,0.0,0.0,0.0
relatively_sparse,500,0.012429216196844383,0.0012429216196844384,10.0,1.9945956405993723,13,edge_flip_spectral,,,,,,1e-05,483,3.664,483,0.966,16,13,0.012429216196844383,0.0012429216196844384,0.012429216196844383,0.029849853366613388,0.0,0.0376812107861042,0.010069140932352798
relatively_sparse,500,0.012429216196844383,0.0012429216196844384,10.0,1.9945956405993723,13,sbm_dpsgd_all_noised,1.9223734183771504,0.5431122541136532,10.999716502152006,5.999845364810185,4.999871137341821,1e-05,483,3.664,483,0.966,16,13,0.012429216196844383,0.0012429216196844384,0.012429216196844383,0.11308270692825317,0.007038547657430172,0.11534485965967178,2.7945857161430902e-05
relatively_sparse,500,0.012429216196844383,0.0012429216196844384,20.0,0.977390412892278,13,edge_flip_vem,,,245,,,1e-05,483,3.664,483,0.966,16,13,0.012429216196844383,0.0012429216196844384,0.012429216196844383,0.13222873210906982,0.12258736789226532,0.0078636035323143,1.0273846988290452e-06
relatively_sparse,500,0.012429216196844383,0.0012429216196844384,20.0,0.977390412892278,13,edge_flip_spectral,,,,,,1e-05,483,3.664,483,0.966,16,13,0.012429216196844383,0.0012429216196844384,0.012429216196844383,0.0672491043806076,0.0,0.06889256834983826,0.0003763649914994901
relatively_sparse,500,0.012429216196844383,0.0012429216196844384,20.0,0.977390412892278,13,sbm_dpsgd_all_noised,0.9419985000802904,0.40561225411365304,10.999716502152006,5.999845364810185,4.999871137341821,1e-05,483,3.664,483,0.966,16,13,0.012429216196844383,0.0012429216196844384,0.012429216196844383,0.1106986254453659,0.0073531693778932095,0.11917778849601746,0.0003698184447947561
relatively_sparse,500,0.012429216196844383,0.0012429216196844384,1.0,27.43885139089614,14,edge_flip_vem,,,206,,,1e-05,481,3.256,481,0.962,20,19,0.012429216196844383,0.0012429216196844384,0.012429216196844383,0.0,0.0,0.007051282096654177,0.0
relatively_sparse,500,0.012429216196844383,0.0012429216196844384,1.0,27.43885139089614,14,edge_flip_spectral,,,,,,1e-05,481,3.256,481,0.962,20,19,0.012429216196844383,0.0012429216196844384,0.012429216196844383,0.0132143534719944,0.0011605750769376755,0.012717131525278091,0.5270606062335342
relatively_sparse,500,0.012429216196844383,0.0012429216196844384,1.0,27.43885139089614,14,sbm_dpsgd_all_noised,26.32774027978503,5.635918426327381,11.0,6.0,5.0,1e-05,481,3.256,481,0.962,20,19,0.012429216196844383,0.0012429216196844384,0.012429216196844383,0.11967799812555313,0.006503366399556398,0.10927098989486694,0.0022628028997177868
relatively_sparse,500,0.012429216196844383,0.0012429216196844384,2.0,11.728684954707337,14,edge_flip_vem,,,266,,,1e-05,481,3.256,481,0.962,20,19,0.012429216196844383,0.0012429216196844384,0.012429216196844383,0.007051999215036631,0.0,0.0,0.0
relatively_sparse,500,0.012429216196844383,0.0012429216196844384,2.0,11.728684954707337,14,edge_flip_spectral,,,,,,1e-05,481,3.256,481,0.962,20,19,0.012429216196844383,0.0012429216196844384,0.012429216196844383,0.013206507079303265,0.0011698567541316152,0.012709276750683784,0.5270606062335342
relatively_sparse,500,0.012429216196844383,0.0012429216196844384,2.0,11.728684954707337,14,sbm_dpsgd_all_noised,11.245049229064149,2.668102829441137,11.0,6.0,5.0,1e-05,481,3.256,481,0.962,20,19,0.012429216196844383,0.0012429216196844384,0.012429216196844383,0.12060339748859406,0.0065680029802024364,0.10836715251207352,0.004263880644863122
relatively_sparse,500,0.012429216196844383,0.0012429216196844384,5.0,4.1484505404580005,14,edge_flip_vem,,,338,,,1e-05,481,3.256,481,0.962,20,19,0.012429216196844383,0.0012429216196844384,0.012429216196844383,0.006881136912852526,0.0,0.0,0.0
relatively_sparse,500,0.012429216196844383,0.0012429216196844384,5.0,4.1484505404580005,14,edge_flip_spectral,,,,,,1e-05,481,3.256,481,0.962,20,19,0.012429216196844383,0.0012429216196844384,0.012429216196844383,0.015891825780272484,0.0,0.016731420531868935,0.0008993550183082065
relatively_sparse,500,0.012429216196844383,0.0012429216196844384,5.0,4.1484505404580005,14,sbm_dpsgd_all_noised,3.992894984902444,1.0338953100711687,11.0,6.0,5.0,1e-05,481,3.256,481,0.962,20,19,0.012429216196844383,0.0012429216196844384,0.012429216196844383,0.12086627632379532,0.006643674802035093,0.10812188684940338,0.0047325962408019135
relatively_sparse,500,0.012429216196844383,0.0012429216196844384,10.0,1.9945956405993723,14,edge_flip_vem,,,136,,,1e-05,481,3.256,481,0.962,20,19,0.012429216196844383,0.0012429216196844384,0.012429216196844383,0.00835630763322115,0.0,0.0,0.0
relatively_sparse,500,0.012429216196844383,0.0012429216196844384,10.0,1.9945956405993723,14,edge_flip_spectral,,,,,,1e-05,481,3.256,481,0.962,20,19,0.012429216196844383,0.0012429216196844384,0.012429216196844383,0.03826393559575081,0.0,0.03203251212835312,0.0022775063345320604
relatively_sparse,500,0.012429216196844383,0.0012429216196844384,10.0,1.9945956405993723,14,sbm_dpsgd_all_noised,1.9223734183771504,0.5431122541136532,11.0,6.0,5.0,1e-05,481,3.256,481,0.962,20,19,0.012429216196844383,0.0012429216196844384,0.012429216196844383,0.11960611492395401,0.0068584647960960865,0.10926491022109985,0.0022731841208713825
relatively_sparse,500,0.012429216196844383,0.0012429216196844384,20.0,0.977390412892278,14,edge_flip_vem,,,229,,,1e-05,481,3.256,481,0.962,20,19,0.012429216196844383,0.0012429216196844384,0.012429216196844383,0.00010632394696585834,0.0,0.0,0.0
relatively_sparse,500,0.012429216196844383,0.0012429216196844384,20.0,0.977390412892278,14,edge_flip_spectral,,,,,,1e-05,481,3.256,481,0.962,20,19,0.012429216196844383,0.0012429216196844384,0.012429216196844383,0.0666622668504715,0.0,0.05028574913740158,0.005232226137214345
relatively_sparse,500,0.012429216196844383,0.0012429216196844384,20.0,0.977390412892278,14,sbm_dpsgd_all_noised,0.9419985000802904,0.40561225411365304,11.0,6.0,5.0,1e-05,481,3.256,481,0.962,20,19,0.012429216196844383,0.0012429216196844384,0.012429216196844383,0.12287899106740952,0.006652757991105318,0.10773760825395584,0.0002464873696092584
relatively_sparse,500,0.012429216196844383,0.0012429216196844384,1.0,27.43885139089614,15,edge_flip_vem,,,258,,,1e-05,483,3.396,483,0.966,18,17,0.012429216196844383,0.0012429216196844384,0.012429216196844383,0.0,0.0,0.007293626666069031,0.0
relatively_sparse,500,0.012429216196844383,0.0012429216196844384,1.0,27.43885139089614,15,edge_flip_spectral,,,,,,1e-05,483,3.396,483,0.966,18,17,0.012429216196844383,0.0012429216196844384,0.012429216196844383,0.014892206527292728,0.0010152808390557766,0.012500000186264515,0.6595196118375791
relatively_sparse,500,0.012429216196844383,0.0012429216196844384,1.0,27.43885139089614,15,sbm_dpsgd_all_noised,26.32774027978503,5.635918426327381,10.999716502152006,5.999845364810185,4.999871137341821,1e-05,483,3.396,483,0.966,18,17,0.012429216196844383,0.0012429216196844384,0.012429216196844383,0.11650699377059937,0.0064624762162566185,0.11128802597522736,0.0013780678426823987
relatively_sparse,500,0.012429216196844383,0.0012429216196844384,2.0,11.728684954707337,15,edge_flip_vem,,,258,,,1e-05,483,3.396,483,0.966,18,17,0.012429216196844383,0.0012429216196844384,0.012429216196844383,0.0,0.0,0.007285684812813997,0.0
relatively_sparse,500,0.012429216196844383,0.0012429216196844384,2.0,11.728684954707337,15,edge_flip_spectral,,,,,,1e-05,483,3.396,483,0.966,18,17,0.012429216196844383,0.0012429216196844384,0.012429216196844383,0.014884388074278831,0.0010072378208860755,0.01249214168637991,0.6595196118375791
relatively_sparse,500,0.012429216196844383,0.0012429216196844384,2.0,11.728684954707337,15,sbm_dpsgd_all_noised,11.245049229064149,2.668102829441137,10.999716502152006,5.999845364810185,4.999871137341821,1e-05,483,3.396,483,0.966,18,17,0.012429216196844383,0.0012429216196844384,0.012429216196844383,0.11742722243070602,0.006416209042072296,0.11083251237869263,2.9035818346299282e-06
relatively_sparse,500,0.012429216196844383,0.0012429216196844384,5.0,4.1484505404580005,15,edge_flip_vem,,,561,,,1e-05,483,3.396,483,0.966,18,17,0.012429216196844383,0.0012429216196844384,0.012429216196844383,0.127302885055542,0.02605411596596241,0.005934329703450203,0.00026649535955601403
relatively_sparse,500,0.012429216196844383,0.0012429216196844384,5.0,4.1484505404580005,15,edge_flip_spectral,,,,,,1e-05,483,3.396,483,0.966,18,17,0.012429216196844383,0.0012429216196844384,0.012429216196844383,0.02155783213675022,0.0,0.011640519835054874,0.0036829587951857966
relatively_sparse,500,0.012429216196844383,0.0012429216196844384,5.0,4.1484505404580005,15,sbm_dpsgd_all_noised,3.992894984902444,1.0338953100711687,10.999716502152006,5.999845364810185,4.999871137341821,1e-05,483,3.396,483,0.966,18,17,0.012429216196844383,0.0012429216196844384,0.012429216196844383,0.11581998318433762,0.006414018105715513,0.11298204213380814,0.006872108032375938
relatively_sparse,500,0.012429216196844383,0.0012429216196844384,10.0,1.9945956405993723,15,edge_flip_vem,,,667,,,1e-05,483,3.396,483,0.966,18,17,0.012429216196844383,0.0012429216196844384,0.012429216196844383,0.04510127753019333,0.007927180267870426,0.0,0.010173793473687154
relatively_sparse,500,0.012429216196844383,0.0012429216196844384,10.0,1.9945956405993723,15,edge_flip_spectral,,,,,,1e-05,483,3.396,483,0.966,18,17,0.012429216196844383,0.0012429216196844384,0.012429216196844383,0.03215247765183449,0.0,0.031091559678316116,0.003014666545479515
relatively_sparse,500,0.012429216196844383,0.0012429216196844384,10.0,1.9945956405993723,15,sbm_dpsgd_all_noised,1.9223734183771504,0.5431122541136532,10.999716502152006,5.999845364810185,4.999871137341821,1e-05,483,3.396,483,0.966,18,17,0.012429216196844383,0.0012429216196844384,0.012429216196844383,0.11461686342954636,0.006559687666594982,0.11509169638156891,0.0029858713649783546
relatively_sparse,500,0.012429216196844383,0.0012429216196844384,20.0,0.977390412892278,15,edge_flip_vem,,,460,,,1e-05,483,3.396,483,0.966,18,17,0.012429216196844383,0.0012429216196844384,0.012429216196844383,0.21823062002658844,0.10573384165763855,0.0,0.006302413283819719
relatively_sparse,500,0.012429216196844383,0.0012429216196844384,20.0,0.977390412892278,15,edge_flip_spectral,,,,,,1e-05,483,3.396,483,0.966,18,17,0.012429216196844383,0.0012429216196844384,0.012429216196844383,0.0794675201177597,0.0,0.055606599897146225,0.002954378747415957
relatively_sparse,500,0.012429216196844383,0.0012429216196844384,20.0,0.977390412892278,15,sbm_dpsgd_all_noised,0.9419985000802904,0.40561225411365304,10.999716502152006,5.999845364810185,4.999871137341821,1e-05,483,3.396,483,0.966,18,17,0.012429216196844383,0.0012429216196844384,0.012429216196844383,0.11665961146354675,0.006934931501746178,0.11503523588180542,0.004742115130381429
relatively_sparse,500,0.012429216196844383,0.0012429216196844384,1.0,27.43885139089614,16,edge_flip_vem,,,224,,,1e-05,482,3.424,482,0.964,19,18,0.012429216196844383,0.0012429216196844384,0.012429216196844383,0.007384339347481728,0.0,0.0,0.0
relatively_sparse,500,0.012429216196844383,0.0012429216196844384,1.0,27.43885139089614,16,edge_flip_spectral,,,,,,1e-05,482,3.424,482,0.964,19,18,0.012429216196844383,0.0012429216196844384,0.012429216196844383,0.015343479812145233,0.0010575406486168504,0.012437370605766773,0.6387803229193962
relatively_sparse,500,0.012429216196844383,0.0012429216196844384,1.0,27.43885139089614,16,sbm_dpsgd_all_noised,26.32774027978503,5.635918426327381,10.999905107788924,5.999948240612141,4.999956867176784,1e-05,482,3.424,482,0.964,19,18,0.012429216196844383,0.0012429216196844384,0.012429216196844383,0.1148098036646843,0.006635267287492752,0.11293033510446548,0.0015070674698350233
relatively_sparse,500,0.012429216196844383,0.0012429216196844384,2.0,11.728684954707337,16,edge_flip_vem,,,255,,,1e-05,482,3.424,482,0.964,19,18,0.012429216196844383,0.0012429216196844384,0.012429216196844383,0.007410905789583921,0.0,0.0,0.0
relatively_sparse,500,0.012429216196844383,0.0012429216196844384,2.0,11.728684954707337,16,edge_flip_spectral,,,,,,1e-05,482,3.424,482,0.964,19,18,0.012429216196844383,0.0012429216196844384,0.012429216196844383,0.007620981428772211,0.0006275441264733672,0.19999516010284424,0.03699558794223624
relatively_sparse,500,0.012429216196844383,0.0012429216196844384,2.0,11.728684954707337,16,sbm_dpsgd_all_noised,11.245049229064149,2.668102829441137,10.999905107788924,5.999948240612141,4.999956867176784,1e-05,482,3.424,482,0.964,19,18,0.012429216196844383,0.0012429216196844384,0.012429216196844383,0.11345810443162918,0.006699301302433014,0.11435261368751526,0.0015099104327217895
relatively_sparse,500,0.012429216196844383,0.0012429216196844384,5.0,4.1484505404580005,16,edge_flip_vem,,,438,,,1e-05,482,3.424,482,0.964,19,18,0.012429216196844383,0.0012429216196844384,0.012429216196844383,0.0,0.0,0.00728460680693388,0.0
relatively_sparse,500,0.012429216196844383,0.0012429216196844384,5.0,4.1484505404580005,16,edge_flip_spectral,,,,,,1e-05,482,3.424,482,0.964,19,18,0.012429216196844383,0.0012429216196844384,0.012429216196844383,0.01621842384338379,0.0,0.016566982492804527,0.0143997183031129
relatively_sparse,500,0.012429216196844383,0.0012429216196844384,5.0,4.1484505404580005,16,sbm_dpsgd_all_noised,3.992894984902444,1.0338953100711687,10.999905107788924,5.999948240612141,4.999956867176784,1e-05,482,3.424,482,0.964,19,18,0.012429216196844383,0.0012429216196844384,0.012429216196844383,0.11355536431074142,0.006892569363117218,0.1140723004937172,5.009832018170592e-05
relatively_sparse,500,0.012429216196844383,0.0012429216196844384,10.0,1.9945956405993723,16,edge_flip_vem,,,264,,,1e-05,482,3.424,482,0.964,19,18,0.012429216196844383,0.0012429216196844384,0.012429216196844383,0.0,0.0,0.00762273371219635,0.0
relatively_sparse,500,0.012429216196844383,0.0012429216196844384,10.0,1.9945956405993723,16,edge_flip_spectral,,,,,,1e-05,482,3.424,482,0.964,19,18,0.012429216196844383,0.0012429216196844384,0.012429216196844383,0.028454631567001343,0.0,0.039163738489151,0.007304034840312198
relatively_sparse,500,0.012429216196844383,0.0012429216196844384,10.0,1.9945956405993723,16,sbm_dpsgd_all_noised,1.9223734183771504,0.5431122541136532,10.999905107788924,5.999948240612141,4.999956867176784,1e-05,482,3.424,482,0.964,19,18,0.012429216196844383,0.0012429216196844384,0.012429216196844383,0.10831318795681,0.007405620068311691,0.11832235008478165,0.0012386922121213088
relatively_sparse,500,0.012429216196844383,0.0012429216196844384,20.0,0.977390412892278,16,edge_flip_vem,,,390,,,1e-05,482,3.424,482,0.964,19,18,0.012429216196844383,0.0012429216196844384,0.012429216196844383,0.006587316747754812,0.0,0.0,0.0
relatively_sparse,500,0.012429216196844383,0.0012429216196844384,20.0,0.977390412892278,16,edge_flip_spectral,,,,,,1e-05,482,3.424,482,0.964,19,18,0.012429216196844383,0.0012429216196844384,0.012429216196844383,0.06329084932804108,0.0,0.06576479971408844,0.0021013878859843698
relatively_sparse,500,0.012429216196844383,0.0012429216196844384,20.0,0.977390412892278,16,sbm_dpsgd_all_noised,0.9419985000802904,0.40561225411365304,10.999905107788924,5.999948240612141,4.999956867176784,1e-05,482,3.424,482,0.964,19,18,0.012429216196844383,0.0012429216196844384,0.012429216196844383,0.10734967887401581,0.00810673926025629,0.11935317516326904,0.00010871474491455352
relatively_sparse,500,0.012429216196844383,0.0012429216196844384,1.0,27.43885139089614,17,edge_flip_vem,,,255,,,1e-05,479,3.328,479,0.958,22,21,0.012429216196844383,0.0012429216196844384,0.012429216196844383,0.007267581298947334,0.0,0.0,0.0
relatively_sparse,500,0.012429216196844383,0.0012429216196844384,1.0,27.43885139089614,17,edge_flip_spectral,,,,,,1e-05,479,3.328,479,0.958,22,21,0.012429216196844383,0.0012429216196844384,0.012429216196844383,0.01352627668529749,0.0009243111126124859,0.013747953809797764,0.6897065416834677
relatively_sparse,500,0.012429216196844383,0.0012429216196844384,1.0,27.43885139089614,17,sbm_dpsgd_all_noised,26.32774027978503,5.635918426327381,10.999903914186634,5.999947589556346,4.999956324630288,1e-05,479,3.328,479,0.958,22,21,0.012429216196844383,0.0012429216196844384,0.012429216196844383,0.1130121499300003,0.006805437617003918,0.1149873360991478,0.0026479866947108034
relatively_sparse,500,0.012429216196844383,0.0012429216196844384,2.0,11.728684954707337,17,edge_flip_vem,,,255,,,1e-05,479,3.328,479,0.958,22,21,0.012429216196844383,0.0012429216196844384,0.012429216196844383,0.007259639445692301,0.0,0.0,0.0
relatively_sparse,500,0.012429216196844383,0.0012429216196844384,2.0,11.728684954707337,17,edge_flip_spectral,,,,,,1e-05,479,3.328,479,0.958,22,21,0.012429216196844383,0.0012429216196844384,0.012429216196844383,0.013518434949219227,0.0009162666974589229,0.013740116730332375,0.6897065416834677
relatively_sparse,500,0.012429216196844383,0.0012429216196844384,2.0,11.728684954707337,17,sbm_dpsgd_all_noised,11.245049229064149,2.668102829441137,10.999903914186634,5.999947589556346,4.999956324630288,1e-05,479,3.328,479,0.958,22,21,0.012429216196844383,0.0012429216196844384,0.012429216196844383,0.1130424290895462,0.006768963299691677,0.11472218483686447,0.005306570522751754
relatively_sparse,500,0.012429216196844383,0.0012429216196844384,5.0,4.1484505404580005,17,edge_flip_vem,,,401,,,1e-05,479,3.328,479,0.958,22,21,0.012429216196844383,0.0012429216196844384,0.012429216196844383,0.007857497781515121,0.0,0.0,0.0
relatively_sparse,500,0.012429216196844383,0.0012429216196844384,5.0,4.1484505404580005,17,edge_flip_spectral,,,,,,1e-05,479,3.328,479,0.958,22,21,0.012429216196844383,0.0012429216196844384,0.012429216196844383,0.01883346401154995,0.0,0.01535831205546856,0.022972483749697882
relatively_sparse,500,0.012429216196844383,0.0012429216196844384,5.0,4.1484505404580005,17,sbm_dpsgd_all_noised,3.992894984902444,1.0338953100711687,10.999903914186634,5.999947589556346,4.999956324630288,1e-05,479,3.328,479,0.958,22,21,0.012429216196844383,0.0012429216196844384,0.012429216196844383,0.11199925094842911,0.006925285793840885,0.1150628924369812,0.003412743331366189
relatively_sparse,500,0.012429216196844383,0.0012429216196844384,10.0,1.9945956405993723,17,edge_flip_vem,,,402,,,1e-05,479,3.328,479,0.958,22,21,0.012429216196844383,0.0012429216196844384,0.012429216196844383,0.007769973017275333,0.0,0.0,0.0
relatively_sparse,500,0.012429216196844383,0.0012429216196844384,10.0,1.9945956405993723,17,edge_flip_spectral,,,,,,1e-05,479,3.328,479,0.958,22,21,0.012429216196844383,0.0012429216196844384,0.012429216196844383,0.03759424015879631,0.0,0.028665168210864067,1.1154047051031133e-06
relatively_sparse,500,0.012429216196844383,0.0012429216196844384,10.0,1.9945956405993723,17,sbm_dpsgd_all_noised,1.9223734183771504,0.5431122541136532,10.999903914186634,5.999947589556346,4.999956324630288,1e-05,479,3.328,479,0.958,22,21,0.012429216196844383,0.0012429216196844384,0.012429216196844383,0.10700172185897827,0.007077335845679045,0.11901451647281647,0.004402156464953313
relatively_sparse,500,0.012429216196844383,0.0012429216196844384,20.0,0.977390412892278,17,edge_flip_vem,,,238,,,1e-05,479,3.328,479,0.958,22,21,0.012429216196844383,0.0012429216196844384,0.012429216196844383,0.008495720103383064,0.0,0.0,0.0
relatively_sparse,500,0.012429216196844383,0.0012429216196844384,20.0,0.977390412892278,17,edge_flip_spectral,,,,,,1e-05,479,3.328,479,0.958,22,21,0.012429216196844383,0.0012429216196844384,0.012429216196844383,0.06048231199383736,0.0,0.07508935779333115,0.0043719184738324176
relatively_sparse,500,0.012429216196844383,0.0012429216196844384,20.0,0.977390412892278,17,sbm_dpsgd_all_noised,0.9419985000802904,0.40561225411365304,10.999903914186634,5.999947589556346,4.999956324630288,1e-05,479,3.328,479,0.958,22,21,0.012429216196844383,0.0012429216196844384,0.012429216196844383,0.1133350282907486,0.007445954717695713,0.11173731088638306,0.003420624347624901
relatively_sparse,500,0.012429216196844383,0.0012429216196844384,1.0,27.43885139089614,18,edge_flip_vem,,,238,,,1e-05,471,3.16,471,0.942,30,29,0.012429216196844383,0.0012429216196844384,0.012429216196844383,0.007137371692806482,0.0,0.0,0.0
relatively_sparse,500,0.012429216196844383,0.0012429216196844384,1.0,27.43885139089614,18,edge_flip_spectral,,,,,,1e-05,471,3.16,471,0.942,30,29,0.012429216196844383,0.0012429216196844384,0.012429216196844383,0.013058875687420368,0.000924113963264972,0.013656738214194775,0.5660044848980564
relatively_sparse,500,0.012429216196844383,0.0012429216196844384,1.0,27.43885139089614,18,sbm_dpsgd_all_noised,26.32774027978503,5.635918426327381,11.0,6.0,5.0,1e-05,471,3.16,471,0.942,30,29,0.012429216196844383,0.0012429216196844384,0.012429216196844383,0.11187925189733505,0.006221102550625801,0.11617794632911682,0.0007276549290732914
relatively_sparse,500,0.012429216196844383,0.0012429216196844384,2.0,11.728684954707337,18,edge_flip_vem,,,238,,,1e-05,471,3.16,471,0.942,30,29,0.012429216196844383,0.0012429216196844384,0.012429216196844383,0.007129427511245012,0.0,0.0,0.0
relatively_sparse,500,0.012429216196844383,0.0012429216196844384,2.0,11.728684954707337,18,edge_flip_spectral,,,,,,1e-05,471,3.16,471,0.942,30,29,0.012429216196844383,0.0012429216196844384,0.012429216196844383,0.013051026500761509,0.000916069489903748,0.013648899272084236,0.5660044848980564
relatively_sparse,500,0.012429216196844383,0.0012429216196844384,2.0,11.728684954707337,18,sbm_dpsgd_all_noised,11.245049229064149,2.668102829441137,11.0,6.0,5.0,1e-05,471,3.16,471,0.942,30,29,0.012429216196844383,0.0012429216196844384,0.012429216196844383,0.11329317837953568,0.00620961282402277,0.11455509811639786,0.00015963626967577927
relatively_sparse,500,0.012429216196844383,0.0012429216196844384,5.0,4.1484505404580005,18,edge_flip_vem,,,336,,,1e-05,471,3.16,471,0.942,30,29,0.012429216196844383,0.0012429216196844384,0.012429216196844383,0.00701738428324461,0.0,0.0,0.0
relatively_sparse,500,0.012429216196844383,0.0012429216196844384,5.0,4.1484505404580005,18,edge_flip_spectral,,,,,,1e-05,471,3.16,471,0.942,30,29,0.012429216196844383,0.0012429216196844384,0.012429216196844383,0.016747836023569107,0.0,0.015676753595471382,3.2105509383548025e-06
relatively_sparse,500,0.012429216196844383,0.0012429216196844384,5.0,4.1484505404580005,18,sbm_dpsgd_all_noised,3.992894984902444,1.0338953100711687,11.0,6.0,5.0,1e-05,471,3.16,471,0.942,30,29,0.012429216196844383,0.0012429216196844384,0.012429216196844383,0.1121547520160675,0.0062814438715577126,0.11552036553621292,0.00039584980545091027
relatively_sparse,500,0.012429216196844383,0.0012429216196844384,10.0,1.9945956405993723,18,edge_flip_vem,,,323,,,1e-05,471,3.16,471,0.942,30,29,0.012429216196844383,0.0012429216196844384,0.012429216196844383,0.02898212894797325,0.0,0.0,0.0025322019348772637
relatively_sparse,500,0.012429216196844383,0.0012429216196844384,10.0,1.9945956405993723,18,edge_flip_spectral,,,,,,1e-05,471,3.16,471,0.942,30,29,0.012429216196844383,0.0012429216196844384,0.012429216196844383,0.03402353823184967,0.0,0.03659966588020325,0.00015523852449389502
relatively_sparse,500,0.012429216196844383,0.0012429216196844384,10.0,1.9945956405993723,18,sbm_dpsgd_all_noised,1.9223734183771504,0.5431122541136532,11.0,6.0,5.0,1e-05,471,3.16,471,0.942,30,29,0.012429216196844383,0.0012429216196844384,0.012429216196844383,0.11273960024118423,0.006570311263203621,0.11383461952209473,0.0060057377016559535
relatively_sparse,500,0.012429216196844383,0.0012429216196844384,20.0,0.977390412892278,18,edge_flip_vem,,,447,,,1e-05,471,3.16,471,0.942,30,29,0.012429216196844383,0.0012429216196844384,0.012429216196844383,0.0,0.0,0.00914322305470705,0.0
relatively_sparse,500,0.012429216196844383,0.0012429216196844384,20.0,0.977390412892278,18,edge_flip_spectral,,,,,,1e-05,471,3.16,471,0.942,30,29,0.012429216196844383,0.0012429216196844384,0.012429216196844383,0.06920260190963745,0.0,0.06289637088775635,7.649399474481163e-05
relatively_sparse,500,0.012429216196844383,0.0012429216196844384,20.0,0.977390412892278,18,sbm_dpsgd_all_noised,0.9419985000802904,0.40561225411365304,11.0,6.0,5.0,1e-05,471,3.16,471,0.942,30,29,0.012429216196844383,0.0012429216196844384,0.012429216196844383,0.1126420870423317,0.006776896771043539,0.11348916590213776,0.004461209745260057
relatively_sparse,500,0.012429216196844383,0.0012429216196844384,1.0,27.43885139089614,19,edge_flip_vem,,,277,,,1e-05,472,3.464,472,0.944,25,20,0.012429216196844383,0.0012429216196844384,0.012429216196844383,0.0,0.0,0.00775486696511507,0.0
relatively_sparse,500,0.012429216196844383,0.0012429216196844384,1.0,27.43885139089614,19,edge_flip_spectral,,,,,,1e-05,472,3.464,472,0.944,25,20,0.012429216196844383,0.0012429216196844384,0.012429216196844383,0.014931191690266132,0.0012226917315274477,0.013750418089330196,0.6728398995300456
relatively_sparse,500,0.012429216196844383,0.0012429216196844384,1.0,27.43885139089614,19,sbm_dpsgd_all_noised,26.32774027978503,5.635918426327381,10.999901039979848,5.99994602180719,4.999955018172658,1e-05,472,3.464,472,0.944,25,20,0.012429216196844383,0.0012429216196844384,0.012429216196844383,0.11196289211511612,0.006827081087976694,0.11705004423856735,0.004704920887652377
relatively_sparse,500,0.012429216196844383,0.0012429216196844384,2.0,11.728684954707337,19,edge_flip_vem,,,224,,,1e-05,472,3.464,472,0.944,25,20,0.012429216196844383,0.0012429216196844384,0.012429216196844383,0.00777392229065299,0.0,0.0,0.0
relatively_sparse,500,0.012429216196844383,0.0012429216196844384,2.0,11.728684954707337,19,edge_flip_spectral,,,,,,1e-05,472,3.464,472,0.944,25,20,0.012429216196844383,0.0012429216196844384,0.012429216196844383,0.015001343563199043,0.0012326331343501806,0.013742580078542233,0.6728398995300456
relatively_sparse,500,0.012429216196844383,0.0012429216196844384,2.0,11.728684954707337,19,sbm_dpsgd_all_noised,11.245049229064149,2.668102829441137,10.999901039979848,5.99994602180719,4.999955018172658,1e-05,472,3.464,472,0.944,25,20,0.012429216196844383,0.0012429216196844384,0.012429216196844383,0.11200962960720062,0.006857077591121197,0.11709146946668625,0.001055606614232545
relatively_sparse,500,0.012429216196844383,0.0012429216196844384,5.0,4.1484505404580005,19,edge_flip_vem,,,334,,,1e-05,472,3.464,472,0.944,25,20,0.012429216196844383,0.0012429216196844384,0.012429216196844383,0.0,0.0,0.007876030169427395,0.0
relatively_sparse,500,0.012429216196844383,0.0012429216196844384,5.0,4.1484505404580005,19,edge_flip_spectral,,,,,,1e-05,472,3.464,472,0.944,25,20,0.012429216196844383,0.0012429216196844384,0.012429216196844383,0.013321940787136555,0.0,0.02297467365860939,0.0008414347981304527
relatively_sparse,500,0.012429216196844383,0.0012429216196844384,5.0,4.1484505404580005,19,sbm_dpsgd_all_noised,3.992894984902444,1.0338953100711687,10.999901039979848,5.99994602180719,4.999955018172658,1e-05,472,3.464,472,0.944,25,20,0.012429216196844383,0.0012429216196844384,0.012429216196844383,0.11774324625730515,0.007089055608958006,0.11128777265548706,0.0037361763226711445
relatively_sparse,500,0.012429216196844383,0.0012429216196844384,10.0,1.9945956405993723,19,edge_flip_vem,,,588,,,1e-05,472,3.464,472,0.944,25,20,0.012429216196844383,0.0012429216196844384,0.012429216196844383,0.06964852660894394,0.023599637672305107,0.0,0.0008506439417984732
relatively_sparse,500,0.012429216196844383,0.0012429216196844384,10.0,1.9945956405993723,19,edge_flip_spectral,,,,,,1e-05,472,3.464,472,0.944,25,20,0.012429216196844383,0.0012429216196844384,0.012429216196844383,0.03639373183250427,0.0,0.03140559047460556,0.0012873874052008061
relatively_sparse,500,0.012429216196844383,0.0012429216196844384,10.0,1.9945956405993723,19,sbm_dpsgd_all_noised,1.9223734183771504,0.5431122541136532,10.999901039979848,5.99994602180719,4.999955018172658,1e-05,472,3.464,472,0.944,25,20,0.012429216196844383,0.0012429216196844384,0.012429216196844383,0.11468542367219925,0.007421835325658321,0.11498399078845978,0.0037504430396046113
relatively_sparse,500,0.012429216196844383,0.0012429216196844384,20.0,0.977390412892278,19,edge_flip_vem,,,526,,,1e-05,472,3.464,472,0.944,25,20,0.012429216196844383,0.0012429216196844384,0.012429216196844383,1.0,0.1431836187839508,0.0011638080468401313,0.008278506703817636
relatively_sparse,500,0.012429216196844383,0.0012429216196844384,20.0,0.977390412892278,19,edge_flip_spectral,,,,,,1e-05,472,3.464,472,0.944,25,20,0.012429216196844383,0.0012429216196844384,0.012429216196844383,0.06600242108106613,0.0,0.056874338537454605,0.000448301841119433
relatively_sparse,500,0.012429216196844383,0.0012429216196844384,20.0,0.977390412892278,19,sbm_dpsgd_all_noised,0.9419985000802904,0.40561225411365304,10.999901039979848,5.99994602180719,4.999955018172658,1e-05,472,3.464,472,0.944,25,20,0.012429216196844383,0.0012429216196844384,0.012429216196844383,0.11591967940330505,0.007910635322332382,0.11522269994020462,0.008786309949639633
sparse,500,0.01,0.001,1.0,27.43885139089614,0,edge_flip_vem,,,45,,,1e-05,469,2.616,469,0.938,27,21,0.01,0.001,0.01,0.005913655273616314,0.0,0.0,0.0
sparse,500,0.01,0.001,1.0,27.43885139089614,0,edge_flip_spectral,,,,,,1e-05,469,2.616,469,0.938,27,21,0.01,0.001,0.01,0.006002636626362801,0.0007199423853307962,0.3333333432674408,0.0019510177784982576
sparse,500,0.01,0.001,1.0,27.43885139089614,0,sbm_dpsgd_all_noised,26.32774027978503,5.635918426327381,10.999899768556485,5.9999453283035376,4.999954440252948,1e-05,469,2.616,469,0.938,27,21,0.01,0.001,0.01,0.10845445841550827,0.0057786875404417515,0.11936163902282715,0.001449223320572976
sparse,500,0.01,0.001,2.0,11.728684954707337,0,edge_flip_vem,,,70,,,1e-05,469,2.616,469,0.938,27,21,0.01,0.001,0.01,0.005923915188759565,0.0,0.0,0.0
sparse,500,0.01,0.001,2.0,11.728684954707337,0,edge_flip_spectral,,,,,,1e-05,469,2.616,469,0.938,27,21,0.01,0.001,0.01,0.00601337430998683,0.0007118946523405612,0.3333306610584259,0.0019510177784982576
sparse,500,0.01,0.001,2.0,11.728684954707337,0,sbm_dpsgd_all_noised,11.245049229064149,2.668102829441137,10.999899768556485,5.9999453283035376,4.999954440252948,1e-05,469,2.616,469,0.938,27,21,0.01,0.001,0.01,0.10974579304456711,0.00580696202814579,0.11823918670415878,0.00016166267380887217
sparse,500,0.01,0.001,5.0,4.1484505404580005,0,edge_flip_vem,,,129,,,1e-05,469,2.616,469,0.938,27,21,0.01,0.001,0.01,0.005916891153901815,0.0,0.0,0.0
sparse,500,0.01,0.001,5.0,4.1484505404580005,0,edge_flip_spectral,,,,,,1e-05,469,2.616,469,0.938,27,21,0.01,0.001,0.01,0.026461321860551834,0.0,0.009710709564387798,0.0013553936287553404
sparse,500,0.01,0.001,5.0,4.1484505404580005,0,sbm_dpsgd_all_noised,3.992894984902444,1.0338953100711687,10.999899768556485,5.9999453283035376,4.999954440252948,1e-05,469,2.616,469,0.938,27,21,0.01,0.001,0.01,0.10876929014921188,0.0060520595870912075,0.11974906176328659,0.0005519903869518036
sparse,500,0.01,0.001,10.0,1.9945956405993723,0,edge_flip_vem,,,334,,,1e-05,469,2.616,469,0.938,27,21,0.01,0.001,0.01,0.006069649942219257,0.0,0.0,0.0
sparse,500,0.01,0.001,10.0,1.9945956405993723,0,edge_flip_spectral,,,,,,1e-05,469,2.616,469,0.938,27,21,0.01,0.001,0.01,0.03237277269363403,0.0,0.029081638902425766,0.00118572162285652
sparse,500,0.01,0.001,10.0,1.9945956405993723,0,sbm_dpsgd_all_noised,1.9223734183771504,0.5431122541136532,10.999899768556485,5.9999453283035376,4.999954440252948,1e-05,469,2.616,469,0.938,27,21,0.01,0.001,0.01,0.11203915625810623,0.006251359358429909,0.11694297939538956,0.0011844804469874875
sparse,500,0.01,0.001,20.0,0.977390412892278,0,edge_flip_vem,,,582,,,1e-05,469,2.616,469,0.938,27,21,0.01,0.001,0.01,0.5200602412223816,0.12244679778814316,0.0,0.0002588207649643058
sparse,500,0.01,0.001,20.0,0.977390412892278,0,edge_flip_spectral,,,,,,1e-05,469,2.616,469,0.938,27,21,0.01,0.001,0.01,0.07200660556554794,0.0,0.053734514862298965,0.004520021180654426
sparse,500,0.01,0.001,20.0,0.977390412892278,0,sbm_dpsgd_all_noised,0.9419985000802904,0.40561225411365304,10.999899768556485,5.9999453283035376,4.999954440252948,1e-05,469,2.616,469,0.938,27,21,0.01,0.001,0.01,0.11829594522714615,0.0065797059796750546,0.11278180032968521,0.0007415109351345625
sparse,500,0.01,0.001,1.0,27.43885139089614,1,edge_flip_vem,,,203,,,1e-05,450,2.688,450,0.9,41,33,0.01,0.001,0.01,0.0,0.0,0.0065528335981070995,0.0
sparse,500,0.01,0.001,1.0,27.43885139089614,1,edge_flip_spectral,,,,,,1e-05,450,2.688,450,0.9,41,33,0.01,0.001,0.01,0.006730171851813793,0.0006818181718699634,0.20000000298023224,0.04018146521162561
sparse,500,0.01,0.001,1.0,27.43885139089614,1,sbm_dpsgd_all_noised,26.32774027978503,5.635918426327381,11.0,6.0,5.0,1e-05,450,2.688,450,0.9,41,33,0.01,0.001,0.01,0.11398138105869293,0.0062718698754906654,0.11324937641620636,0.0027751265652086053
sparse,500,0.01,0.001,2.0,11.728684954707337,1,edge_flip_vem,,,235,,,1e-05,450,2.688,450,0.9,41,33,0.01,0.001,0.01,0.006554778199642897,0.0,0.0,0.0
sparse,500,0.01,0.001,2.0,11.728684954707337,1,edge_flip_spectral,,,,,,1e-05,450,2.688,450,0.9,41,33,0.01,0.001,0.01,0.006732575129717588,0.0006737697985954583,0.19999516010284424,0.04018146521162561
sparse,500,0.01,0.001,2.0,11.728684954707337,1,sbm_dpsgd_all_noised,11.245049229064149,2.668102829441137,11.0,6.0,5.0,1e-05,450,2.688,450,0.9,41,33,0.01,0.001,0.01,0.11336853355169296,0.00611600698903203,0.11408059298992157,0.005133361776958852
sparse,500,0.01,0.001,5.0,4.1484505404580005,1,edge_flip_vem,,,167,,,1e-05,450,2.688,450,0.9,41,33,0.01,0.001,0.01,0.006872625555843115,0.0,0.0,0.0
sparse,500,0.01,0.001,5.0,4.1484505404580005,1,edge_flip_spectral,,,,,,1e-05,450,2.688,450,0.9,41,33,0.01,0.001,0.01,0.02011307142674923,0.0,0.013266298919916153,0.00034042959215702936
sparse,500,0.01,0.001,5.0,4.1484505404580005,1,sbm_dpsgd_all_noised,3.992894984902444,1.0338953100711687,11.0,6.0,5.0,1e-05,450,2.688,450,0.9,41,33,0.01,0.001,0.01,0.11300907284021378,0.006134826689958572,0.1144288182258606,0.0036443111059258687
sparse,500,0.01,0.001,10.0,1.9945956405993723,1,edge_flip_vem,,,332,,,1e-05,450,2.688,450,0.9,41,33,0.01,0.001,0.01,0.10550036281347275,0.058219507336616516,0.004243192728608847,0.0004987745360848877
sparse,500,0.01,0.001,10.0,1.9945956405993723,1,edge_flip_spectral,,,,,,1e-05,450,2.688,450,0.9,41,33,0.01,0.001,0.01,0.02914661355316639,0.0,0.03366031125187874,0.0036443111059258687
sparse,500,0.01,0.001,10.0,1.9945956405993723,1,sbm_dpsgd_all_noised,1.9223734183771504,0.5431122541136532,11.0,6.0,5.0,1e-05,450,2.688,450,0.9,41,33,0.01,0.001,0.01,0.11090538650751114,0.006162295117974281,0.11749568581581116,0.00021066345793517875
sparse,500,0.01,0.001,20.0,0.977390412892278,1,edge_flip_vem,,,569,,,1e-05,450,2.688,450,0.9,41,33,0.01,0.001,0.01,0.008098414167761803,0.0,0.0,0.0
sparse,500,0.01,0.001,20.0,0.977390412892278,1,edge_flip_spectral,,,,,,1e-05,450,2.688,450,0.9,41,33,0.01,0.001,0.01,0.05468311905860901,0.0,0.08016357570886612,8.391215869322576e-05
sparse,500,0.01,0.001,20.0,0.977390412892278,1,sbm_dpsgd_all_noised,0.9419985000802904,0.40561225411365304,11.0,6.0,5.0,1e-05,450,2.688,450,0.9,41,33,0.01,0.001,0.01,0.11669783294200897,0.005957202985882759,0.11287042498588562,0.0011549611372392574
sparse,500,0.01,0.001,1.0,27.43885139089614,2,edge_flip_vem,,,96,,,1e-05,463,2.78,463,0.926,38,37,0.01,0.001,0.01,0.006498181261122227,0.0,0.0,0.0
sparse,500,0.01,0.001,1.0,27.43885139089614,2,edge_flip_spectral,,,,,,1e-05,463,2.78,463,0.926,38,37,0.01,0.001,0.01,0.013146541081368923,0.0011040049139410257,0.010888351127505302,0.3512149767650125
sparse,500,0.01,0.001,1.0,27.43885139089614,2,sbm_dpsgd_all_noised,26.32774027978503,5.635918426327381,10.999691453255167,5.9998317017755465,4.9998597514796215,1e-05,463,2.78,463,0.926,38,37,0.01,0.001,0.01,0.11698555946350098,0.005952172912657261,0.1113160029053688,0.0007590227702792357
sparse,500,0.01,0.001,2.0,11.728684954707337,2,edge_flip_vem,,,159,,,1e-05,463,2.78,463,0.926,38,37,0.01,0.001,0.01,0.0,0.0,0.006499576848000288,0.0
sparse,500,0.01,0.001,2.0,11.728684954707337,2,edge_flip_spectral,,,,,,1e-05,463,2.78,463,0.926,38,37,0.01,0.001,0.01,0.01085546612739563,0.0011164108291268349,0.013169612735509872,0.34683578543846466
sparse,500,0.01,0.001,2.0,11.728684954707337,2,sbm_dpsgd_all_noised,11.245049229064149,2.668102829441137,10.999691453255167,5.9998317017755465,4.9998597514796215,1e-05,463,2.78,463,0.926,38,37,0.01,0.001,0.01,0.11485245078802109,0.0060763065703213215,0.11323920637369156,0.0011816622074313726
sparse,500,0.01,0.001,5.0,4.1484505404580005,2,edge_flip_vem,,,291,,,1e-05,463,2.78,463,0.926,38,37,0.01,0.001,0.01,0.0,0.0,0.006992129608988762,0.0
sparse,500,0.01,0.001,5.0,4.1484505404580005,2,edge_flip_spectral,,,,,,1e-05,463,2.78,463,0.926,38,37,0.01,0.001,0.01,0.011822509579360485,0.0,0.023195961490273476,0.004915533717068069
sparse,500,0.01,0.001,5.0,4.1484505404580005,2,sbm_dpsgd_all_noised,3.992894984902444,1.0338953100711687,10.999691453255167,5.9998317017755465,4.9998597514796215,1e-05,463,2.78,463,0.926,38,37,0.01,0.001,0.01,0.11822257936000824,0.006391369272023439,0.11002524197101593,0.0005729457602576197
sparse,500,0.01,0.001,10.0,1.9945956405993723,2,edge_flip_vem,,,271,,,1e-05,463,2.78,463,0.926,38,37,0.01,0.001,0.01,0.008723089471459389,0.0,0.0,0.004326057377024351
sparse,500,0.01,0.001,10.0,1.9945956405993723,2,edge_flip_spectral,,,,,,1e-05,463,2.78,463,0.926,38,37,0.01,0.001,0.01,0.03663985803723335,0.0,0.03128146007657051,0.013287697610850092
sparse,500,0.01,0.001,10.0,1.9945956405993723,2,sbm_dpsgd_all_noised,1.9223734183771504,0.5431122541136532,10.999691453255167,5.9998317017755465,4.9998597514796215,1e-05,463,2.78,463,0.926,38,37,0.01,0.001,0.01,0.11386039108037949,0.006831100210547447,0.11406806856393814,8.36446619052748e-05
sparse,500,0.01,0.001,20.0,0.977390412892278,2,edge_flip_vem,,,439,,,1e-05,463,2.78,463,0.926,38,37,0.01,0.001,0.01,0.008046219125390053,0.0,0.0,0.0
sparse,500,0.01,0.001,20.0,0.977390412892278,2,edge_flip_spectral,,,,,,1e-05,463,2.78,463,0.926,38,37,0.01,0.001,0.01,0.06803491711616516,0.0,0.06539148092269897,7.401070333361648e-05
sparse,500,0.01,0.001,20.0,0.977390412892278,2,sbm_dpsgd_all_noised,0.9419985000802904,0.40561225411365304,10.999691453255167,5.9998317017755465,4.9998597514796215,1e-05,463,2.78,463,0.926,38,37,0.01,0.001,0.01,0.11548580974340439,0.007485686335712671,0.11352090537548065,0.0007529539265637941
sparse,500,0.01,0.001,1.0,27.43885139089614,3,edge_flip_vem,,,153,,,1e-05,458,2.812,458,0.916,38,33,0.01,0.001,0.01,0.0,0.0,0.006669660564512014,0.0
sparse,500,0.01,0.001,1.0,27.43885139089614,3,edge_flip_spectral,,,,,,1e-05,458,2.812,458,0.916,38,33,0.01,0.001,0.01,0.010464082472026348,0.0011568302288651466,0.014732965268194675,0.41150287725998236
sparse,500,0.01,0.001,1.0,27.43885139089614,3,sbm_dpsgd_all_noised,26.32774027978503,5.635918426327381,10.999684672202422,5.999828003019503,4.999856669182919,1e-05,458,2.812,458,0.916,38,33,0.01,0.001,0.01,0.11315053701400757,0.0060735647566616535,0.11450952291488647,0.0008805483359737523
sparse,500,0.01,0.001,2.0,11.728684954707337,3,edge_flip_vem,,,153,,,1e-05,458,2.812,458,0.916,38,33,0.01,0.001,0.01,0.0,0.0,0.006661708932369947,0.0
sparse,500,0.01,0.001,2.0,11.728684954707337,3,edge_flip_spectral,,,,,,1e-05,458,2.812,458,0.916,38,33,0.01,0.001,0.01,0.010456191375851631,0.001148789539001882,0.01472514308989048,0.41150287725998236
sparse,500,0.01,0.001,2.0,11.728684954707337,3,sbm_dpsgd_all_noised,11.245049229064149,2.668102829441137,10.999684672202422,5.999828003019503,4.999856669182919,1e-05,458,2.812,458,0.916,38,33,0.01,0.001,0.01,0.11098810285329819,0.006109864916652441,0.11657918989658356,0.0008807312867874214
sparse,500,0.01,0.001,5.0,4.1484505404580005,3,edge_flip_vem,,,268,,,1e-05,458,2.812,458,0.916,38,33,0.01,0.001,0.01,0.006383961066603661,0.0,0.0,0.0
sparse,500,0.01,0.001,5.0,4.1484505404580005,3,edge_flip_spectral,,,,,,1e-05,458,2.812,458,0.916,38,33,0.01,0.001,0.01,0.009808918461203575,0.0,0.03064955212175846,0.0001788489100550492
sparse,500,0.01,0.001,5.0,4.1484505404580005,3,sbm_dpsgd_all_noised,3.992894984902444,1.0338953100711687,10.999684672202422,5.999828003019503,4.999856669182919,1e-05,458,2.812,458,0.916,38,33,0.01,0.001,0.01,0.11086118221282959,0.00626998720690608,0.11604870110750198,0.0004952643331522622
sparse,500,0.01,0.001,10.0,1.9945956405993723,3,edge_flip_vem,,,207,,,1e-05,458,2.812,458,0.916,38,33,0.01,0.001,0.01,0.0,0.0,0.008475961163640022,0.0
sparse,500,0.01,0.001,10.0,1.9945956405993723,3,edge_flip_spectral,,,,,,1e-05,458,2.812,458,0.916,38,33,0.01,0.001,0.01,0.033937808126211166,0.0,0.035835959017276764,0.00088109737962845
sparse,500,0.01,0.001,10.0,1.9945956405993723,3,sbm_dpsgd_all_noised,1.9223734183771504,0.5431122541136532,10.999684672202422,5.999828003019503,4.999856669182919,1e-05,458,2.812,458,0.916,38,33,0.01,0.001,0.01,0.11566486954689026,0.006515362299978733,0.11132002621889114,5.5035196401588966e-05
sparse,500,0.01,0.001,20.0,0.977390412892278,3,edge_flip_vem,,,503,,,1e-05,458,2.812,458,0.916,38,33,0.01,0.001,0.01,0.0,0.1644187718629837,0.0027485035825520754,0.004277687503404752
sparse,500,0.01,0.001,20.0,0.977390412892278,3,edge_flip_spectral,,,,,,1e-05,458,2.812,458,0.916,38,33,0.01,0.001,0.01,0.0775642991065979,0.0,0.053109101951122284,0.0016902818142031234
sparse,500,0.01,0.001,20.0,0.977390412892278,3,sbm_dpsgd_all_noised,0.9419985000802904,0.40561225411365304,10.999684672202422,5.999828003019503,4.999856669182919,1e-05,458,2.812,458,0.916,38,33,0.01,0.001,0.01,0.1189497783780098,0.006553409621119499,0.10919220745563507,1.3778329236853908e-05
sparse,500,0.01,0.001,1.0,27.43885139089614,4,edge_flip_vem,,,227,,,1e-05,458,2.708,458,0.916,34,29,0.01,0.001,0.01,0.006382999010384083,0.0,0.0,0.0
sparse,500,0.01,0.001,1.0,27.43885139089614,4,edge_flip_spectral,,,,,,1e-05,458,2.708,458,0.916,34,29,0.01,0.001,0.01,0.01118300948292017,0.0008820371003821492,0.01274255570024252,0.5368908493318906
sparse,500,0.01,0.001,1.0,27.43885139089614,4,sbm_dpsgd_all_noised,26.32774027978503,5.635918426327381,10.999684672202422,5.999828003019503,4.999856669182919,1e-05,458,2.708,458,0.916,34,29,0.01,0.001,0.01,0.11225343495607376,0.0058708409778773785,0.1159815862774849,0.0030925620577760345
sparse,500,0.01,0.001,2.0,11.728684954707337,4,edge_flip_vem,,,154,,,1e-05,458,2.708,458,0.916,34,29,0.01,0.001,0.01,0.006394153460860252,0.0,0.0,0.0
sparse,500,0.01,0.001,2.0,11.728684954707337,4,edge_flip_spectral,,,,,,1e-05,458,2.708,458,0.916,34,29,0.01,0.001,0.01,0.013030938804149628,0.0008773024310357869,0.011020006611943245,0.5071076731625711
sparse,500,0.01,0.001,2.0,11.728684954707337,4,sbm_dpsgd_all_noised,11.245049229064149,2.668102829441137,10.999684672202422,5.999828003019503,4.999856669182919,1e-05,458,2.708,458,0.916,34,29,0.01,0.001,0.01,0.11319241672754288,0.005895325448364019,0.1149761900305748,0.00496937731726529
sparse,500,0.01,0.001,5.0,4.1484505404580005,4,edge_flip_vem,,,413,,,1e-05,458,2.708,458,0.916,34,29,0.01,0.001,0.01,0.007325873244553804,0.0,0.0,0.005567616977172735
sparse,500,0.01,0.001,5.0,4.1484505404580005,4,edge_flip_spectral,,,,,,1e-05,458,2.708,458,0.916,34,29,0.01,0.001,0.01,0.015738224610686302,0.0,0.01552807167172432,0.006134971677900954
sparse,500,0.01,0.001,5.0,4.1484505404580005,4,sbm_dpsgd_all_noised,3.992894984902444,1.0338953100711687,10.999684672202422,5.999828003019503,4.999856669182919,1e-05,458,2.708,458,0.916,34,29,0.01,0.001,0.01,0.1143871545791626,0.006224576383829117,0.11291538923978806,0.004979611510474174
sparse,500,0.01,0.001,10.0,1.9945956405993723,4,edge_flip_vem,,,296,,,1e-05,458,2.708,458,0.916,34,29,0.01,0.001,0.01,0.007872825488448143,0.0,0.0,0.0
sparse,500,0.01,0.001,10.0,1.9945956405993723,4,edge_flip_spectral,,,,,,1e-05,458,2.708,458,0.916,34,29,0.01,0.001,0.01,0.0341942273080349,0.0,0.03416689485311508,0.009335551527477455
sparse,500,0.01,0.001,10.0,1.9945956405993723,4,sbm_dpsgd_all_noised,1.9223734183771504,0.5431122541136532,10.999684672202422,5.999828003019503,4.999856669182919,1e-05,458,2.708,458,0.916,34,29,0.01,0.001,0.01,0.114641472697258,0.006504678167402744,0.11205625534057617,0.005505056952192021
sparse,500,0.01,0.001,20.0,0.977390412892278,4,edge_flip_vem,,,658,,,1e-05,458,2.708,458,0.916,34,29,0.01,0.001,0.01,0.0026954207569360733,0.0,0.0,0.0
sparse,500,0.01,0.001,20.0,0.977390412892278,4,edge_flip_spectral,,,,,,1e-05,458,2.708,458,0.916,34,29,0.01,0.001,0.01,0.06296239048242569,0.0,0.06537581235170364,0.002710489064197657
sparse,500,0.01,0.001,20.0,0.977390412892278,4,sbm_dpsgd_all_noised,0.9419985000802904,0.40561225411365304,10.999684672202422,5.999828003019503,4.999856669182919,1e-05,458,2.708,458,0.916,34,29,0.01,0.001,0.01,0.11651800572872162,0.007073253858834505,0.11075970530509949,0.0026902111456691318
sparse,500,0.01,0.001,1.0,27.43885139089614,5,edge_flip_vem,,,262,,,1e-05,472,2.904,472,0.944,28,26,0.01,0.001,0.01,0.006522364914417267,0.0,0.0,0.0
sparse,500,0.01,0.001,1.0,27.43885139089614,5,edge_flip_spectral,,,,,,1e-05,472,2.904,472,0.944,28,26,0.01,0.001,0.01,0.01037328690290451,0.0010638297535479069,0.014313561841845512,0.3411019344374022
sparse,500,0.01,0.001,1.0,27.43885139089614,5,sbm_dpsgd_all_noised,26.32774027978503,5.635918426327381,10.999901039979848,5.99994602180719,4.999955018172658,1e-05,472,2.904,472,0.944,28,26,0.01,0.001,0.01,0.10824935883283615,0.006135769188404083,0.12011825293302536,0.014153674070613837
sparse,500,0.01,0.001,2.0,11.728684954707337,5,edge_flip_vem,,,220,,,1e-05,472,2.904,472,0.944,28,26,0.01,0.001,0.01,0.0065234070643782616,0.0,0.0,0.0
sparse,500,0.01,0.001,2.0,11.728684954707337,5,edge_flip_spectral,,,,,,1e-05,472,2.904,472,0.944,28,26,0.01,0.001,0.01,0.010294201783835888,0.001096992869861424,0.0143851637840271,0.3331296313929581
sparse,500,0.01,0.001,2.0,11.728684954707337,5,sbm_dpsgd_all_noised,11.245049229064149,2.668102829441137,10.999901039979848,5.99994602180719,4.999955018172658,1e-05,472,2.904,472,0.944,28,26,0.01,0.001,0.01,0.10565266013145447,0.006269392557442188,0.12312950193881989,0.013502578760933177
sparse,500,0.01,0.001,5.0,4.1484505404580005,5,edge_flip_vem,,,246,,,1e-05,472,2.904,472,0.944,28,26,0.01,0.001,0.01,0.0,0.0,0.006149019114673138,0.0
sparse,500,0.01,0.001,5.0,4.1484505404580005,5,edge_flip_spectral,,,,,,1e-05,472,2.904,472,0.944,28,26,0.01,0.001,0.01,0.01946789212524891,0.0,0.012353288941085339,0.041969804559270824
sparse,500,0.01,0.001,5.0,4.1484505404580005,5,sbm_dpsgd_all_noised,3.992894984902444,1.0338953100711687,10.999901039979848,5.99994602180719,4.999955018172658,1e-05,472,2.904,472,0.944,28,26,0.01,0.001,0.01,0.10720591247081757,0.006332913413643837,0.12020782381296158,0.010210547177786942
sparse,500,0.01,0.001,10.0,1.9945956405993723,5,edge_flip_vem,,,364,,,1e-05,472,2.904,472,0.944,28,26,0.01,0.001,0.01,0.007106142118573189,0.0,0.0,0.0
sparse,500,0.01,0.001,10.0,1.9945956405993723,5,edge_flip_spectral,,,,,,1e-05,472,2.904,472,0.944,28,26,0.01,0.001,0.01,0.03270057216286659,0.0,0.03172648698091507,0.00034516920196756104
sparse,500,0.01,0.001,10.0,1.9945956405993723,5,sbm_dpsgd_all_noised,1.9223734183771504,0.5431122541136532,10.999901039979848,5.99994602180719,4.999955018172658,1e-05,472,2.904,472,0.944,28,26,0.01,0.001,0.01,0.11191664636135101,0.006642347667366266,0.11404778808355331,0.0003238833060611922
sparse,500,0.01,0.001,20.0,0.977390412892278,5,edge_flip_vem,,,331,,,1e-05,472,2.904,472,0.944,28,26,0.01,0.001,0.01,0.007838421501219273,0.0,0.0,0.0
sparse,500,0.01,0.001,20.0,0.977390412892278,5,edge_flip_spectral,,,,,,1e-05,472,2.904,472,0.944,28,26,0.01,0.001,0.01,0.0661088079214096,0.0,0.06103980541229248,0.00020086596806299426
sparse,500,0.01,0.001,20.0,0.977390412892278,5,sbm_dpsgd_all_noised,0.9419985000802904,0.40561225411365304,10.999901039979848,5.99994602180719,4.999955018172658,1e-05,472,2.904,472,0.944,28,26,0.01,0.001,0.01,0.10970736294984818,0.007189012598246336,0.11568236351013184,0.0015680463343261024
sparse,500,0.01,0.001,1.0,27.43885139089614,6,edge_flip_vem,,,217,,,1e-05,450,2.732,450,0.9,43,34,0.01,0.001,0.01,0.0,0.0,0.00668151443824172,0.0
sparse,500,0.01,0.001,1.0,27.43885139089614,6,edge_flip_spectral,,,,,,1e-05,450,2.732,450,0.9,43,34,0.01,0.001,0.01,0.011575778014957905,0.0010950721334666014,0.013103778474032879,0.40395613582068596
sparse,500,0.01,0.001,1.0,27.43885139089614,6,sbm_dpsgd_all_noised,26.32774027978503,5.635918426327381,11.0,6.0,5.0,1e-05,450,2.732,450,0.9,43,34,0.01,0.001,0.01,0.11975842714309692,0.006346553098410368,0.10791243612766266,0.011158827502409062
sparse,500,0.01,0.001,2.0,11.728684954707337,6,edge_flip_vem,,,217,,,1e-05,450,2.732,450,0.9,43,34,0.01,0.001,0.01,0.0,0.0,0.006673562806099653,0.0
sparse,500,0.01,0.001,2.0,11.728684954707337,6,edge_flip_spectral,,,,,,1e-05,450,2.732,450,0.9,43,34,0.01,0.001,0.01,0.01156790554523468,0.0010870305122807622,0.013095930218696594,0.40395613582068596
sparse,500,0.01,0.001,2.0,11.728684954707337,6,sbm_dpsgd_all_noised,11.245049229064149,2.668102829441137,11.0,6.0,5.0,1e-05,450,2.732,450,0.9,43,34,0.01,0.001,0.01,0.12074097245931625,0.006313777528703213,0.10704422742128372,0.006253657034011783
sparse,500,0.01,0.001,5.0,4.1484505404580005,6,edge_flip_vem,,,180,,,1e-05,450,2.732,450,0.9,43,34,0.01,0.001,0.01,0.006106415763497353,0.0,0.0,0.0
sparse,500,0.01,0.001,5.0,4.1484505404580005,6,edge_flip_spectral,,,,,,1e-05,450,2.732,450,0.9,43,34,0.01,0.001,0.01,0.01843864656984806,0.0,0.013512307778000832,0.000660852562542138
sparse,500,0.01,0.001,5.0,4.1484505404580005,6,sbm_dpsgd_all_noised,3.992894984902444,1.0338953100711687,11.0,6.0,5.0,1e-05,450,2.732,450,0.9,43,34,0.01,0.001,0.01,0.11554577946662903,0.006105262320488691,0.11111626774072647,0.0020391850932987565
sparse,500,0.01,0.001,10.0,1.9945956405993723,6,edge_flip_vem,,,223,,,1e-05,450,2.732,450,0.9,43,34,0.01,0.001,0.01,0.0,0.10315737873315811,0.008771281689405441,0.004297036731060996
sparse,500,0.01,0.001,10.0,1.9945956405993723,6,edge_flip_spectral,,,,,,1e-05,450,2.732,450,0.9,43,34,0.01,0.001,0.01,0.03168193995952606,0.0,0.042475081980228424,0.0004893230175140182
sparse,500,0.01,0.001,10.0,1.9945956405993723,6,sbm_dpsgd_all_noised,1.9223734183771504,0.5431122541136532,11.0,6.0,5.0,1e-05,450,2.732,450,0.9,43,34,0.01,0.001,0.01,0.11063271015882492,0.006185636390000582,0.11467774212360382,0.0009142711516386877
sparse,500,0.01,0.001,20.0,0.977390412892278,6,edge_flip_vem,,,542,,,1e-05,450,2.732,450,0.9,43,34,0.01,0.001,0.01,0.0,0.0,0.008142098784446716,0.0
sparse,500,0.01,0.001,20.0,0.977390412892278,6,edge_flip_spectral,,,,,,1e-05,450,2.732,450,0.9,43,34,0.01,0.001,0.01,0.058651771396398544,0.0,0.07216352224349976,6.64576174579188e-05
sparse,500,0.01,0.001,20.0,0.977390412892278,6,sbm_dpsgd_all_noised,0.9419985000802904,0.40561225411365304,11.0,6.0,5.0,1e-05,450,2.732,450,0.9,43,34,0.01,0.001,0.01,0.10781840234994888,0.006228079088032246,0.11707739531993866,0.0023874066320780816
sparse,500,0.01,0.001,1.0,27.43885139089614,7,edge_flip_vem,,,268,,,1e-05,470,2.804,470,0.94,27,25,0.01,0.001,0.01,0.006324002984911203,0.0,0.0,0.0
sparse,500,0.01,0.001,1.0,27.43885139089614,7,edge_flip_spectral,,,,,,1e-05,470,2.804,470,0.94,27,25,0.01,0.001,0.01,0.011885323561728,0.0007789855008013546,0.01188981905579567,0.597136127303074
sparse,500,0.01,0.001,1.0,27.43885139089614,7,sbm_dpsgd_all_noised,26.32774027978503,5.635918426327381,11.0,6.0,5.0,1e-05,470,2.804,470,0.94,27,25,0.01,0.001,0.01,0.11910364031791687,0.005996307823807001,0.10887282341718674,0.00021174678598578857
sparse,500,0.01,0.001,2.0,11.728684954707337,7,edge_flip_vem,,,268,,,1e-05,470,2.804,470,0.94,27,25,0.01,0.001,0.01,0.006316045764833689,0.0,0.0,0.0
sparse,500,0.01,0.001,2.0,11.728684954707337,7,edge_flip_spectral,,,,,,1e-05,470,2.804,470,0.94,27,25,0.01,0.001,0.01,0.011877455748617649,0.0007709386991336942,0.011881951242685318,0.597136127303074
sparse,500,0.01,0.001,2.0,11.728684954707337,7,sbm_dpsgd_all_noised,11.245049229064149,2.668102829441137,11.0,6.0,5.0,1e-05,470,2.804,470,0.94,27,25,0.01,0.001,0.01,0.11809124052524567,0.005991256795823574,0.10952762514352798,0.00011859296665077649
sparse,500,0.01,0.001,5.0,4.1484505404580005,7,edge_flip_vem,,,283,,,1e-05,470,2.804,470,0.94,27,25,0.01,0.001,0.01,0.0,0.0,0.006872247904539108,0.0
sparse,500,0.01,0.001,5.0,4.1484505404580005,7,edge_flip_spectral,,,,,,1e-05,470,2.804,470,0.94,27,25,0.01,0.001,0.01,0.01631069928407669,0.0,0.015394541434943676,0.005844759170010967
sparse,500,0.01,0.001,5.0,4.1484505404580005,7,sbm_dpsgd_all_noised,3.992894984902444,1.0338953100711687,11.0,6.0,5.0,1e-05,470,2.804,470,0.94,27,25,0.01,0.001,0.01,0.11541858315467834,0.0059968349523842335,0.11158734560012817,0.00020904804129518175
sparse,500,0.01,0.001,10.0,1.9945956405993723,7,edge_flip_vem,,,545,,,1e-05,470,2.804,470,0.94,27,25,0.01,0.001,0.01,0.003543195314705372,0.05121523514389992,0.12529604136943817,0.0005333943337266116
sparse,500,0.01,0.001,10.0,1.9945956405993723,7,edge_flip_spectral,,,,,,1e-05,470,2.804,470,0.94,27,25,0.01,0.001,0.01,0.029981348663568497,0.0,0.043935153633356094,0.006670918818805663
sparse,500,0.01,0.001,10.0,1.9945956405993723,7,sbm_dpsgd_all_noised,1.9223734183771504,0.5431122541136532,11.0,6.0,5.0,1e-05,470,2.804,470,0.94,27,25,0.01,0.001,0.01,0.10921914130449295,0.006094828248023987,0.11754992604255676,0.00011270534862421836
sparse,500,0.01,0.001,20.0,0.977390412892278,7,edge_flip_vem,,,654,,,1e-05,470,2.804,470,0.94,27,25,0.01,0.001,0.01,0.005388264078646898,0.0,0.0,0.0
sparse,500,0.01,0.001,20.0,0.977390412892278,7,edge_flip_spectral,,,,,,1e-05,470,2.804,470,0.94,27,25,0.01,0.001,0.01,0.04387323185801506,0.0,0.096834197640419,3.4074469560421734e-05
sparse,500,0.01,0.001,20.0,0.977390412892278,7,sbm_dpsgd_all_noised,0.9419985000802904,0.40561225411365304,11.0,6.0,5.0,1e-05,470,2.804,470,0.94,27,25,0.01,0.001,0.01,0.1068691536784172,0.0061110551469028,0.11997124552726746,0.004682700210458613
sparse,500,0.01,0.001,1.0,27.43885139089614,8,edge_flip_vem,,,155,,,1e-05,462,2.732,462,0.924,34,29,0.01,0.001,0.01,0.0,0.0,0.006366735324263573,0.0
sparse,500,0.01,0.001,1.0,27.43885139089614,8,edge_flip_spectral,,,,,,1e-05,462,2.732,462,0.924,34,29,0.01,0.001,0.01,0.006515544839203358,0.0002753303851932287,0.25,4.230773193341792e-07
sparse,500,0.01,0.001,1.0,27.43885139089614,8,sbm_dpsgd_all_noised,26.32774027978503,5.635918426327381,10.99989670488586,5.999943657210468,4.99995304767539,1e-05,462,2.732,462,0.924,34,29,0.01,0.001,0.01,0.11893466860055923,0.006149346940219402,0.10895082354545593,0.00265483158587559
sparse,500,0.01,0.001,2.0,11.728684954707337,8,edge_flip_vem,,,155,,,1e-05,462,2.732,462,0.924,34,29,0.01,0.001,0.01,0.0,0.0,0.006358778569847345,0.0
sparse,500,0.01,0.001,2.0,11.728684954707337,8,edge_flip_spectral,,,,,,1e-05,462,2.732,462,0.924,34,29,0.01,0.001,0.01,0.006507590413093567,0.0002672754926607013,0.24999597668647766,4.230773193341792e-07
sparse,500,0.01,0.001,2.0,11.728684954707337,8,sbm_dpsgd_all_noised,11.245049229064149,2.668102829441137,10.99989670488586,5.999943657210468,4.99995304767539,1e-05,462,2.732,462,0.924,34,29,0.01,0.001,0.01,0.11883848905563354,0.006184753961861134,0.10894979536533356,0.0010862941016003842
sparse,500,0.01,0.001,5.0,4.1484505404580005,8,edge_flip_vem,,,655,,,1e-05,462,2.732,462,0.924,34,29,0.01,0.001,0.01,0.006306861061602831,0.035450126975774765,0.0,0.0042679054462207615
sparse,500,0.01,0.001,5.0,4.1484505404580005,8,edge_flip_spectral,,,,,,1e-05,462,2.732,462,0.924,34,29,0.01,0.001,0.01,0.01387479156255722,0.0,0.016961876302957535,0.006560672783584122
sparse,500,0.01,0.001,5.0,4.1484505404580005,8,sbm_dpsgd_all_noised,3.992894984902444,1.0338953100711687,10.99989670488586,5.999943657210468,4.99995304767539,1e-05,462,2.732,462,0.924,34,29,0.01,0.001,0.01,0.11436436325311661,0.006203725468367338,0.11253556609153748,0.00012064720058909846
sparse,500,0.01,0.001,10.0,1.9945956405993723,8,edge_flip_vem,,,326,,,1e-05,462,2.732,462,0.924,34,29,0.01,0.001,0.01,0.0,0.0,0.007772258948534727,0.0
sparse,500,0.01,0.001,10.0,1.9945956405993723,8,edge_flip_spectral,,,,,,1e-05,462,2.732,462,0.924,34,29,0.01,0.001,0.01,0.034388840198516846,0.0,0.03371087834239006,0.001354767047932086
sparse,500,0.01,0.001,10.0,1.9945956405993723,8,sbm_dpsgd_all_noised,1.9223734183771504,0.5431122541136532,10.99989670488586,5.999943657210468,4.99995304767539,1e-05,462,2.732,462,0.924,34,29,0.01,0.001,0.01,0.11225985735654831,0.006512426305562258,0.11340674757957458,0.00048536933950453704
sparse,500,0.01,0.001,20.0,0.977390412892278,8,edge_flip_vem,,,593,,,1e-05,462,2.732,462,0.924,34,29,0.01,0.001,0.01,0.009247511625289917,0.17690376937389374,0.0,0.00421489501347321
sparse,500,0.01,0.001,20.0,0.977390412892278,8,edge_flip_spectral,,,,,,1e-05,462,2.732,462,0.924,34,29,0.01,0.001,0.01,0.0698220357298851,0.0,0.07008611410856247,0.0013756272265092154
sparse,500,0.01,0.001,20.0,0.977390412892278,8,sbm_dpsgd_all_noised,0.9419985000802904,0.40561225411365304,10.99989670488586,5.999943657210468,4.99995304767539,1e-05,462,2.732,462,0.924,34,29,0.01,0.001,0.01,0.1099269688129425,0.007015250623226166,0.11450573056936264,0.0019578139058925486
sparse,500,0.01,0.001,1.0,27.43885139089614,9,edge_flip_vem,,,135,,,1e-05,470,2.88,470,0.94,31,30,0.01,0.001,0.01,0.006532686296850443,0.0,0.0,0.0
sparse,500,0.01,0.001,1.0,27.43885139089614,9,edge_flip_spectral,,,,,,1e-05,470,2.88,470,0.94,31,30,0.01,0.001,0.01,0.006608519237488508,0.0005364806856960058,0.5,0.016395376369554956
sparse,500,0.01,0.001,1.0,27.43885139089614,9,sbm_dpsgd_all_noised,26.32774027978503,5.635918426327381,11.0,6.0,5.0,1e-05,470,2.88,470,0.94,31,30,0.01,0.001,0.01,0.11578121781349182,0.0060265809297561646,0.1122833713889122,0.017999230801343018
sparse,500,0.01,0.001,2.0,11.728684954707337,9,edge_flip_vem,,,145,,,1e-05,470,2.88,470,0.94,31,30,0.01,0.001,0.01,0.0,0.0,0.006542878691107035,0.0
sparse,500,0.01,0.001,2.0,11.728684954707337,9,edge_flip_spectral,,,,,,1e-05,470,2.88,470,0.94,31,30,0.01,0.001,0.01,0.006619025953114033,0.0005284299841150641,0.5,0.016395376369554956
sparse,500,0.01,0.001,2.0,11.728684954707337,9,sbm_dpsgd_all_noised,11.245049229064149,2.668102829441137,11.0,6.0,5.0,1e-05,470,2.88,470,0.94,31,30,0.01,0.001,0.01,0.11629845201969147,0.0059378319419920444,0.1117648184299469,0.01893527364958808
sparse,500,0.01,0.001,5.0,4.1484505404580005,9,edge_flip_vem,,,375,,,1e-05,470,2.88,470,0.94,31,30,0.01,0.001,0.01,0.007125083822757006,0.0,0.0,0.0
sparse,500,0.01,0.001,5.0,4.1484505404580005,9,edge_flip_spectral,,,,,,1e-05,470,2.88,470,0.94,31,30,0.01,0.001,0.01,0.01918577030301094,0.0,0.013710162602365017,0.007036490040335697
sparse,500,0.01,0.001,5.0,4.1484505404580005,9,sbm_dpsgd_all_noised,3.992894984902444,1.0338953100711687,11.0,6.0,5.0,1e-05,470,2.88,470,0.94,31,30,0.01,0.001,0.01,0.1210889220237732,0.006041052285581827,0.10747069865465164,0.02226537884771325
sparse,500,0.01,0.001,10.0,1.9945956405993723,9,edge_flip_vem,,,486,,,1e-05,470,2.88,470,0.94,31,30,0.01,0.001,0.01,0.003991683479398489,0.05260379612445831,0.0881597176194191,0.000951481453087302
sparse,500,0.01,0.001,10.0,1.9945956405993723,9,edge_flip_spectral,,,,,,1e-05,470,2.88,470,0.94,31,30,0.01,0.001,0.01,0.03218505159020424,0.0,0.03369598463177681,0.0008548941772227029
sparse,500,0.01,0.001,10.0,1.9945956405993723,9,sbm_dpsgd_all_noised,1.9223734183771504,0.5431122541136532,11.0,6.0,5.0,1e-05,470,2.88,470,0.94,31,30,0.01,0.001,0.01,0.11550881713628769,0.0063232239335775375,0.11281422525644302,0.01528585979634209
sparse,500,0.01,0.001,20.0,0.977390412892278,9,edge_flip_vem,,,541,,,1e-05,470,2.88,470,0.94,31,30,0.01,0.001,0.01,0.003979761153459549,0.12117980420589447,0.5,3.3519171098016457e-06
sparse,500,0.01,0.001,20.0,0.977390412892278,9,edge_flip_spectral,,,,,,1e-05,470,2.88,470,0.94,31,30,0.01,0.001,0.01,0.07158997654914856,0.0,0.05651215463876724,8.565639429151553e-07
sparse,500,0.01,0.001,20.0,0.977390412892278,9,sbm_dpsgd_all_noised,0.9419985000802904,0.40561225411365304,11.0,6.0,5.0,1e-05,470,2.88,470,0.94,31,30,0.01,0.001,0.01,0.11511243879795074,0.006821915972977877,0.11421249806880951,0.004263051141729338
sparse,500,0.01,0.001,1.0,27.43885139089614,10,edge_flip_vem,,,194,,,1e-05,470,2.684,470,0.94,30,28,0.01,0.001,0.01,0.0,0.0,0.006079027429223061,0.0
sparse,500,0.01,0.001,1.0,27.43885139089614,10,edge_flip_spectral,,,,,,1e-05,470,2.684,470,0.94,30,28,0.01,0.001,0.01,0.006181574426591396,0.00035919540096074343,0.3333333432674408,0.002070416092548608
sparse,500,0.01,0.001,1.0,27.43885139089614,10,sbm_dpsgd_all_noised,26.32774027978503,5.635918426327381,11.0,6.0,5.0,1e-05,470,2.684,470,0.94,30,28,0.01,0.001,0.01,0.11154589056968689,0.005790651775896549,0.11620568484067917,0.002204798506279857
sparse,500,0.01,0.001,2.0,11.728684954707337,10,edge_flip_vem,,,214,,,1e-05,470,2.684,470,0.94,30,28,0.01,0.001,0.01,0.0060801394283771515,0.0,0.0,0.0
sparse,500,0.01,0.001,2.0,11.728684954707337,10,edge_flip_spectral,,,,,,1e-05,470,2.684,470,0.94,30,28,0.01,0.001,0.01,0.0061829243786633015,0.000351141847204417,0.3333306610584259,0.002070416092548608
sparse,500,0.01,0.001,2.0,11.728684954707337,10,sbm_dpsgd_all_noised,11.245049229064149,2.668102829441137,11.0,6.0,5.0,1e-05,470,2.684,470,0.94,30,28,0.01,0.001,0.01,0.1108926460146904,0.0058149914257228374,0.11709102243185043,0.0021965498706175536
sparse,500,0.01,0.001,5.0,4.1484505404580005,10,edge_flip_vem,,,307,,,1e-05,470,2.684,470,0.94,30,28,0.01,0.001,0.01,0.0,0.0,0.005973277147859335,0.0
sparse,500,0.01,0.001,5.0,4.1484505404580005,10,edge_flip_spectral,,,,,,1e-05,470,2.684,470,0.94,30,28,0.01,0.001,0.01,0.019913332536816597,0.0,0.01174426544457674,0.0039572618483144344
sparse,500,0.01,0.001,5.0,4.1484505404580005,10,sbm_dpsgd_all_noised,3.992894984902444,1.0338953100711687,11.0,6.0,5.0,1e-05,470,2.684,470,0.94,30,28,0.01,0.001,0.01,0.11367062479257584,0.005815757904201746,0.11472097784280777,0.006332674291836013
sparse,500,0.01,0.001,10.0,1.9945956405993723,10,edge_flip_vem,,,571,,,1e-05,470,2.684,470,0.94,30,28,0.01,0.001,0.01,0.0,0.0,0.028845520690083504,0.00038387579065204215
sparse,500,0.01,0.001,10.0,1.9945956405993723,10,edge_flip_spectral,,,,,,1e-05,470,2.684,470,0.94,30,28,0.01,0.001,0.01,0.02788422629237175,0.0,0.033271849155426025,0.004325357983244642
sparse,500,0.01,0.001,10.0,1.9945956405993723,10,sbm_dpsgd_all_noised,1.9223734183771504,0.5431122541136532,11.0,6.0,5.0,1e-05,470,2.684,470,0.94,30,28,0.01,0.001,0.01,0.11389818787574768,0.005959783215075731,0.11501471698284149,0.006364846518704688
sparse,500,0.01,0.001,20.0,0.977390412892278,10,edge_flip_vem,,,500,,,1e-05,470,2.684,470,0.94,30,28,0.01,0.001,0.01,0.0,0.0,0.006749700289219618,0.0
sparse,500,0.01,0.001,20.0,0.977390412892278,10,edge_flip_spectral,,,,,,1e-05,470,2.684,470,0.94,30,28,0.01,0.001,0.01,0.06623414158821106,0.0,0.05792168900370598,0.00011659116388549481
sparse,500,0.01,0.001,20.0,0.977390412892278,10,sbm_dpsgd_all_noised,0.9419985000802904,0.40561225411365304,11.0,6.0,5.0,1e-05,470,2.684,470,0.94,30,28,0.01,0.001,0.01,0.11092976480722427,0.006023953203111887,0.12019859999418259,0.00021174678598578857
sparse,500,0.01,0.001,1.0,27.43885139089614,11,edge_flip_vem,,,269,,,1e-05,455,2.712,455,0.91,42,38,0.01,0.001,0.01,0.0,0.0,0.0065256329253315926,0.0
sparse,500,0.01,0.001,1.0,27.43885139089614,11,edge_flip_spectral,,,,,,1e-05,455,2.712,455,0.91,42,38,0.01,0.001,0.01,0.007322978228330612,0.0007972785970196128,0.04637681320309639,0.10012775803107747
sparse,500,0.01,0.001,1.0,27.43885139089614,11,sbm_dpsgd_all_noised,26.32774027978503,5.635918426327381,11.0,6.0,5.0,1e-05,455,2.712,455,0.91,42,38,0.01,0.001,0.01,0.11541707813739777,0.006059042178094387,0.1120186597108841,0.00042087691075603893
sparse,500,0.01,0.001,2.0,11.728684954707337,11,edge_flip_vem,,,269,,,1e-05,455,2.712,455,0.91,42,38,0.01,0.001,0.01,0.0,0.0,0.006517678964883089,0.0
sparse,500,0.01,0.001,2.0,11.728684954707337,11,edge_flip_spectral,,,,,,1e-05,455,2.712,455,0.91,42,38,0.01,0.001,0.01,0.007315036840736866,0.0007892321445979178,0.04636950045824051,0.10012775803107747
sparse,500,0.01,0.001,2.0,11.728684954707337,11,sbm_dpsgd_all_noised,11.245049229064149,2.668102829441137,11.0,6.0,5.0,1e-05,455,2.712,455,0.91,42,38,0.01,0.001,0.01,0.11617324501276016,0.006049853749573231,0.11128560453653336,0.0018234509463415961
sparse,500,0.01,0.001,5.0,4.1484505404580005,11,edge_flip_vem,,,383,,,1e-05,455,2.712,455,0.91,42,38,0.01,0.001,0.01,0.0063512371852993965,0.0,0.0,0.0
sparse,500,0.01,0.001,5.0,4.1484505404580005,11,edge_flip_spectral,,,,,,1e-05,455,2.712,455,0.91,42,38,0.01,0.001,0.01,0.013046015985310078,0.0,0.01853937655687332,0.0002475427695118779
sparse,500,0.01,0.001,5.0,4.1484505404580005,11,sbm_dpsgd_all_noised,3.992894984902444,1.0338953100711687,11.0,6.0,5.0,1e-05,455,2.712,455,0.91,42,38,0.01,0.001,0.01,0.1090393140912056,0.006018287036567926,0.11867554485797882,0.009853782244610948
sparse,500,0.01,0.001,10.0,1.9945956405993723,11,edge_flip_vem,,,244,,,1e-05,455,2.712,455,0.91,42,38,0.01,0.001,0.01,0.006052663549780846,0.0,0.0,0.0
sparse,500,0.01,0.001,10.0,1.9945956405993723,11,edge_flip_spectral,,,,,,1e-05,455,2.712,455,0.91,42,38,0.01,0.001,0.01,0.02585921436548233,0.0,0.04094092175364494,0.00021815785051618013
sparse,500,0.01,0.001,10.0,1.9945956405993723,11,sbm_dpsgd_all_noised,1.9223734183771504,0.5431122541136532,11.0,6.0,5.0,1e-05,455,2.712,455,0.91,42,38,0.01,0.001,0.01,0.11108732968568802,0.006370721384882927,0.1156817376613617,0.00646361128191982
sparse,500,0.01,0.001,20.0,0.977390412892278,11,edge_flip_vem,,,296,,,1e-05,455,2.712,455,0.91,42,38,0.01,0.001,0.01,0.0,0.0,0.010743319988250732,0.0
sparse,500,0.01,0.001,20.0,0.977390412892278,11,edge_flip_spectral,,,,,,1e-05,455,2.712,455,0.91,42,38,0.01,0.001,0.01,0.08107537776231766,0.0,0.06074922904372215,0.000551115746502683
sparse,500,0.01,0.001,20.0,0.977390412892278,11,sbm_dpsgd_all_noised,0.9419985000802904,0.40561225411365304,11.0,6.0,5.0,1e-05,455,2.712,455,0.91,42,38,0.01,0.001,0.01,0.10834004729986191,0.006694220006465912,0.11849895119667053,0.003863195559421884
sparse,500,0.01,0.001,1.0,27.43885139089614,12,edge_flip_vem,,,264,,,1e-05,451,2.708,451,0.902,40,33,0.01,0.001,0.01,0.0,0.0,0.006573047488927841,0.0
sparse,500,0.01,0.001,1.0,27.43885139089614,12,edge_flip_spectral,,,,,,1e-05,451,2.708,451,0.902,40,33,0.01,0.001,0.01,0.012165535241365433,0.0007105076219886541,0.01274255570024252,0.5711058980541359
sparse,500,0.01,0.001,1.0,27.43885139089614,12,sbm_dpsgd_all_noised,26.32774027978503,5.635918426327381,11.0,6.0,5.0,1e-05,451,2.708,451,0.902,40,33,0.01,0.001,0.01,0.11467865109443665,0.00581539748236537,0.1132650375366211,0.007309043221825736
sparse,500,0.01,0.001,2.0,11.728684954707337,12,edge_flip_vem,,,264,,,1e-05,451,2.708,451,0.902,40,33,0.01,0.001,0.01,0.0,0.0,0.006565093994140625,0.0
sparse,500,0.01,0.001,2.0,11.728684954707337,12,edge_flip_spectral,,,,,,1e-05,451,2.708,451,0.902,40,33,0.01,0.001,0.01,0.012157672084867954,0.0007024597143754363,0.012734701856970787,0.5711058980541359
sparse,500,0.01,0.001,2.0,11.728684954707337,12,sbm_dpsgd_all_noised,11.245049229064149,2.668102829441137,11.0,6.0,5.0,1e-05,451,2.708,451,0.902,40,33,0.01,0.001,0.01,0.11573432385921478,0.0057444144040346146,0.11212131381034851,0.006574310587424218
sparse,500,0.01,0.001,5.0,4.1484505404580005,12,edge_flip_vem,,,257,,,1e-05,451,2.708,451,0.902,40,33,0.01,0.001,0.01,0.0063234916888177395,0.0,0.0,0.0
sparse,500,0.01,0.001,5.0,4.1484505404580005,12,edge_flip_spectral,,,,,,1e-05,451,2.708,451,0.902,40,33,0.01,0.001,0.01,0.010779004544019699,0.0,0.023711787536740303,0.01989865574479259
sparse,500,0.01,0.001,5.0,4.1484505404580005,12,sbm_dpsgd_all_noised,3.992894984902444,1.0338953100711687,11.0,6.0,5.0,1e-05,451,2.708,451,0.902,40,33,0.01,0.001,0.01,0.11417748034000397,0.006084646563977003,0.112542062997818,0.003389076476143409
sparse,500,0.01,0.001,10.0,1.9945956405993723,12,edge_flip_vem,,,286,,,1e-05,451,2.708,451,0.902,40,33,0.01,0.001,0.01,0.005963474046438932,0.0,0.0,0.0
sparse,500,0.01,0.001,10.0,1.9945956405993723,12,edge_flip_spectral,,,,,,1e-05,451,2.708,451,0.902,40,33,0.01,0.001,0.01,0.029064921662211418,0.0,0.03527121618390083,0.0018112495190262916
sparse,500,0.01,0.001,10.0,1.9945956405993723,12,sbm_dpsgd_all_noised,1.9223734183771504,0.5431122541136532,11.0,6.0,5.0,1e-05,451,2.708,451,0.902,40,33,0.01,0.001,0.01,0.11179395765066147,0.006412628572434187,0.11327068507671356,0.0002749399827203096
sparse,500,0.01,0.001,20.0,0.977390412892278,12,edge_flip_vem,,,442,,,1e-05,451,2.708,451,0.902,40,33,0.01,0.001,0.01,0.0,0.0,0.0,0.0
sparse,500,0.01,0.001,20.0,0.977390412892278,12,edge_flip_spectral,,,,,,1e-05,451,2.708,451,0.902,40,33,0.01,0.001,0.01,0.03818853944540024,0.0,0.08306965976953506,0.0011760602100158765
sparse,500,0.01,0.001,20.0,0.977390412892278,12,sbm_dpsgd_all_noised,0.9419985000802904,0.40561225411365304,11.0,6.0,5.0,1e-05,451,2.708,451,0.902,40,33,0.01,0.001,0.01,0.10779474675655365,0.00683940714225173,0.11580654233694077,0.0001655949803285564
sparse,500,0.01,0.001,1.0,27.43885139089614,13,edge_flip_vem,,,162,,,1e-05,471,2.78,471,0.942,29,27,0.01,0.001,0.01,0.0,0.0,0.006270045414566994,0.0
sparse,500,0.01,0.001,1.0,27.43885139089614,13,edge_flip_spectral,,,,,,1e-05,471,2.78,471,0.942,29,27,0.01,0.001,0.01,0.006341270636767149,0.0005353318993002176,0.5,0.003347705406766077
sparse,500,0.01,0.001,1.0,27.43885139089614,13,sbm_dpsgd_all_noised,26.32774027978503,5.635918426327381,11.0,6.0,5.0,1e-05,471,2.78,471,0.942,29,27,0.01,0.001,0.01,0.11969023942947388,0.0061096567660570145,0.10857834666967392,0.00029955061335206346
sparse,500,0.01,0.001,2.0,11.728684954707337,13,edge_flip_vem,,,162,,,1e-05,471,2.78,471,0.942,29,27,0.01,0.001,0.01,0.0,0.0,0.0062620872631669044,0.0
sparse,500,0.01,0.001,2.0,11.728684954707337,13,edge_flip_spectral,,,,,,1e-05,471,2.78,471,0.942,29,27,0.01,0.001,0.01,0.006333313416689634,0.000527281197719276,0.5,0.003347705406766077
sparse,500,0.01,0.001,2.0,11.728684954707337,13,sbm_dpsgd_all_noised,11.245049229064149,2.668102829441137,11.0,6.0,5.0,1e-05,471,2.78,471,0.942,29,27,0.01,0.001,0.01,0.12032768875360489,0.006148076616227627,0.1078031063079834,0.001769778424014388
sparse,500,0.01,0.001,5.0,4.1484505404580005,13,edge_flip_vem,,,298,,,1e-05,471,2.78,471,0.942,29,27,0.01,0.001,0.01,0.0,0.0,0.0060569592751562595,0.0
sparse,500,0.01,0.001,5.0,4.1484505404580005,13,edge_flip_spectral,,,,,,1e-05,471,2.78,471,0.942,29,27,0.01,0.001,0.01,0.010333697311580181,0.0,0.0219398345798254,0.005185793636196873
sparse,500,0.01,0.001,5.0,4.1484505404580005,13,sbm_dpsgd_all_noised,3.992894984902444,1.0338953100711687,11.0,6.0,5.0,1e-05,471,2.78,471,0.942,29,27,0.01,0.001,0.01,0.11986123770475388,0.006444239057600498,0.10796307772397995,0.0002924101899595324
sparse,500,0.01,0.001,10.0,1.9945956405993723,13,edge_flip_vem,,,326,,,1e-05,471,2.78,471,0.942,29,27,0.01,0.001,0.01,0.005525525193661451,0.0,0.0,0.0
sparse,500,0.01,0.001,10.0,1.9945956405993723,13,edge_flip_spectral,,,,,,1e-05,471,2.78,471,0.942,29,27,0.01,0.001,0.01,0.028569648042321205,0.0,0.03310409188270569,0.0015739539384750235
sparse,500,0.01,0.001,10.0,1.9945956405993723,13,sbm_dpsgd_all_noised,1.9223734183771504,0.5431122541136532,11.0,6.0,5.0,1e-05,471,2.78,471,0.942,29,27,0.01,0.001,0.01,0.1135607659816742,0.00670256931334734,0.11368507891893387,3.0936575518121275e-05
sparse,500,0.01,0.001,20.0,0.977390412892278,13,edge_flip_vem,,,534,,,1e-05,471,2.78,471,0.942,29,27,0.01,0.001,0.01,0.0,0.0,0.03271158039569855,0.002119609043459208
sparse,500,0.01,0.001,20.0,0.977390412892278,13,edge_flip_spectral,,,,,,1e-05,471,2.78,471,0.942,29,27,0.01,0.001,0.01,0.06192482262849808,0.0,0.06376729905605316,0.0014397318418561727
sparse,500,0.01,0.001,20.0,0.977390412892278,13,sbm_dpsgd_all_noised,0.9419985000802904,0.40561225411365304,11.0,6.0,5.0,1e-05,471,2.78,471,0.942,29,27,0.01,0.001,0.01,0.11092756688594818,0.007126531098037958,0.1169106736779213,0.0009198934524873398
sparse,500,0.01,0.001,1.0,27.43885139089614,14,edge_flip_vem,,,245,,,1e-05,467,2.716,467,0.934,27,22,0.01,0.001,0.01,0.0,0.0,0.006175846327096224,0.0
sparse,500,0.01,0.001,1.0,27.43885139089614,14,edge_flip_spectral,,,,,,1e-05,467,2.716,467,0.934,27,22,0.01,0.001,0.01,0.013001139275729656,0.0010904305381700397,0.009995869360864162,0.360236022776027
sparse,500,0.01,0.001,1.0,27.43885139089614,14,sbm_dpsgd_all_noised,26.32774027978503,5.635918426327381,10.999898907279595,5.999944858516143,4.999954048763453,1e-05,467,2.716,467,0.934,27,22,0.01,0.001,0.01,0.11494190990924835,0.0056047867983579636,0.11225293576717377,0.00934380361384478
sparse,500,0.01,0.001,2.0,11.728684954707337,14,edge_flip_vem,,,188,,,1e-05,467,2.716,467,0.934,27,22,0.01,0.001,0.01,0.0,0.0,0.006177076604217291,0.0
sparse,500,0.01,0.001,2.0,11.728684954707337,14,edge_flip_spectral,,,,,,1e-05,467,2.716,467,0.934,27,22,0.01,0.001,0.01,0.0099962018430233,0.0010839079041033983,0.013021977618336678,0.35595688498385875
sparse,500,0.01,0.001,2.0,11.728684954707337,14,sbm_dpsgd_all_noised,11.245049229064149,2.668102829441137,10.999898907279595,5.999944858516143,4.999954048763453,1e-05,467,2.716,467,0.934,27,22,0.01,0.001,0.01,0.11468055844306946,0.005680376198142767,0.11222158372402191,0.012340897471233202
sparse,500,0.01,0.001,5.0,4.1484505404580005,14,edge_flip_vem,,,139,,,1e-05,467,2.716,467,0.934,27,22,0.01,0.001,0.01,0.0,0.0,0.005830514710396528,0.0
sparse,500,0.01,0.001,5.0,4.1484505404580005,14,edge_flip_spectral,,,,,,1e-05,467,2.716,467,0.934,27,22,0.01,0.001,0.01,0.01510006096214056,0.0,0.014359782449901104,0.014002631103039904
sparse,500,0.01,0.001,5.0,4.1484505404580005,14,sbm_dpsgd_all_noised,3.992894984902444,1.0338953100711687,10.999898907279595,5.999944858516143,4.999954048763453,1e-05,467,2.716,467,0.934,27,22,0.01,0.001,0.01,0.11333532631397247,0.005833348259329796,0.11302953213453293,0.00861460204171706
sparse,500,0.01,0.001,10.0,1.9945956405993723,14,edge_flip_vem,,,354,,,1e-05,467,2.716,467,0.934,27,22,0.01,0.001,0.01,0.0,0.0,0.00549321249127388,0.0
sparse,500,0.01,0.001,10.0,1.9945956405993723,14,edge_flip_spectral,,,,,,1e-05,467,2.716,467,0.934,27,22,0.01,0.001,0.01,0.027952926233410835,0.0,0.031990520656108856,0.0014619844752826688
sparse,500,0.01,0.001,10.0,1.9945956405993723,14,sbm_dpsgd_all_noised,1.9223734183771504,0.5431122541136532,10.999898907279595,5.999944858516143,4.999954048763453,1e-05,467,2.716,467,0.934,27,22,0.01,0.001,0.01,0.11317834258079529,0.006039345171302557,0.1121477335691452,0.005591099613412701
sparse,500,0.01,0.001,20.0,0.977390412892278,14,edge_flip_vem,,,535,,,1e-05,467,2.716,467,0.934,27,22,0.01,0.001,0.01,0.0,0.0,0.0042180554009974,0.0
sparse,500,0.01,0.001,20.0,0.977390412892278,14,edge_flip_spectral,,,,,,1e-05,467,2.716,467,0.934,27,22,0.01,0.001,0.01,0.05430637300014496,0.0,0.06230699270963669,0.0005656108664310481
sparse,500,0.01,0.001,20.0,0.977390412892278,14,sbm_dpsgd_all_noised,0.9419985000802904,0.40561225411365304,10.999898907279595,5.999944858516143,4.999954048763453,1e-05,467,2.716,467,0.934,27,22,0.01,0.001,0.01,0.11261661350727081,0.006261993665248156,0.11093427240848541,0.0002675650592144237
sparse,500,0.01,0.001,1.0,27.43885139089614,15,edge_flip_vem,,,439,,,1e-05,467,2.868,467,0.934,31,28,0.01,0.001,0.01,0.006561836693435907,0.0,0.0,0.0
sparse,500,0.01,0.001,1.0,27.43885139089614,15,edge_flip_spectral,,,,,,1e-05,467,2.868,467,0.934,31,28,0.01,0.001,0.01,0.011534136720001698,0.0010138248326256871,0.012800819240510464,0.5318257591800196
sparse,500,0.01,0.001,1.0,27.43885139089614,15,sbm_dpsgd_all_noised,26.32774027978503,5.635918426327381,10.999898907279595,5.999944858516143,4.999954048763453,1e-05,467,2.868,467,0.934,31,28,0.01,0.001,0.01,0.11933384090662003,0.0061214701272547245,0.10938932001590729,0.00742886103313762
sparse,500,0.01,0.001,2.0,11.728684954707337,15,edge_flip_vem,,,430,,,1e-05,467,2.868,467,0.934,31,28,0.01,0.001,0.01,0.006581454072147608,0.0,0.0,0.0
sparse,500,0.01,0.001,2.0,11.728684954707337,15,edge_flip_spectral,,,,,,1e-05,467,2.868,467,0.934,31,28,0.01,0.001,0.01,0.011763927526772022,0.0010561388917267323,0.012517998926341534,0.5526657593953427
sparse,500,0.01,0.001,2.0,11.728684954707337,15,sbm_dpsgd_all_noised,11.245049229064149,2.668102829441137,10.999898907279595,5.999944858516143,4.999954048763453,1e-05,467,2.868,467,0.934,31,28,0.01,0.001,0.01,0.11946489661931992,0.006203535012900829,0.10918249189853668,0.001248509413766094
sparse,500,0.01,0.001,5.0,4.1484505404580005,15,edge_flip_vem,,,741,,,1e-05,467,2.868,467,0.934,31,28,0.01,0.001,0.01,0.08716627955436707,0.02819003537297249,0.00566737400367856,0.00514440544047848
sparse,500,0.01,0.001,5.0,4.1484505404580005,15,edge_flip_spectral,,,,,,1e-05,467,2.868,467,0.934,31,28,0.01,0.001,0.01,0.015831956639885902,0.0,0.01475512608885765,0.00017226223043909482
sparse,500,0.01,0.001,5.0,4.1484505404580005,15,sbm_dpsgd_all_noised,3.992894984902444,1.0338953100711687,10.999898907279595,5.999944858516143,4.999954048763453,1e-05,467,2.868,467,0.934,31,28,0.01,0.001,0.01,0.1185934916138649,0.0061369468457996845,0.10982049256563187,0.0012227481151705852
sparse,500,0.01,0.001,10.0,1.9945956405993723,15,edge_flip_vem,,,233,,,1e-05,467,2.868,467,0.934,31,28,0.01,0.001,0.01,1.0,0.058839116245508194,0.009301154874265194,0.007987786719804579
sparse,500,0.01,0.001,10.0,1.9945956405993723,15,edge_flip_spectral,,,,,,1e-05,467,2.868,467,0.934,31,28,0.01,0.001,0.01,0.032614853233098984,0.0,0.038334619253873825,0.00106009612303777
sparse,500,0.01,0.001,10.0,1.9945956405993723,15,sbm_dpsgd_all_noised,1.9223734183771504,0.5431122541136532,10.999898907279595,5.999944858516143,4.999954048763453,1e-05,467,2.868,467,0.934,31,28,0.01,0.001,0.01,0.11187280714511871,0.006133257877081633,0.11706031858921051,0.0005494644640050917
sparse,500,0.01,0.001,20.0,0.977390412892278,15,edge_flip_vem,,,573,,,1e-05,467,2.868,467,0.934,31,28,0.01,0.001,0.01,0.0033279762137681246,0.11938082426786423,0.0,0.00045285729585491894
sparse,500,0.01,0.001,20.0,0.977390412892278,15,edge_flip_spectral,,,,,,1e-05,467,2.868,467,0.934,31,28,0.01,0.001,0.01,0.055687133222818375,0.0,0.07239767909049988,0.0010471685288981896
sparse,500,0.01,0.001,20.0,0.977390412892278,15,sbm_dpsgd_all_noised,0.9419985000802904,0.40561225411365304,10.999898907279595,5.999944858516143,4.999954048763453,1e-05,467,2.868,467,0.934,31,28,0.01,0.001,0.01,0.1142825037240982,0.006036450620740652,0.11663539707660675,0.0003954471067444937
sparse,500,0.01,0.001,1.0,27.43885139089614,16,edge_flip_vem,,,170,,,1e-05,457,2.688,457,0.914,36,27,0.01,0.001,0.01,0.0,0.0,0.006372605450451374,0.0
sparse,500,0.01,0.001,1.0,27.43885139089614,16,edge_flip_spectral,,,,,,1e-05,457,2.688,457,0.914,36,27,0.01,0.001,0.01,0.00648435577750206,0.00036954914685338736,0.3333333432674408,0.02446632318240486
sparse,500,0.01,0.001,1.0,27.43885139089614,16,sbm_dpsgd_all_noised,26.32774027978503,5.635918426327381,10.999894429728588,5.999942416215593,4.999952013512995,1e-05,457,2.688,457,0.914,36,27,0.01,0.001,0.01,0.1130463182926178,0.005759510211646557,0.11489839851856232,0.001254836140977493
sparse,500,0.01,0.001,2.0,11.728684954707337,16,edge_flip_vem,,,170,,,1e-05,457,2.688,457,0.914,36,27,0.01,0.001,0.01,0.0,0.0,0.006364648696035147,0.0
sparse,500,0.01,0.001,2.0,11.728684954707337,16,edge_flip_spectral,,,,,,1e-05,457,2.688,457,0.914,36,27,0.01,0.001,0.01,0.006476400885730982,0.0003614957386162132,0.3333306610584259,0.02446632318240486
sparse,500,0.01,0.001,2.0,11.728684954707337,16,sbm_dpsgd_all_noised,11.245049229064149,2.668102829441137,10.999894429728588,5.999942416215593,4.999952013512995,1e-05,457,2.688,457,0.914,36,27,0.01,0.001,0.01,0.11397895216941833,0.005753617268055677,0.11390405148267746,0.0015162672332749564
sparse,500,0.01,0.001,5.0,4.1484505404580005,16,edge_flip_vem,,,357,,,1e-05,457,2.688,457,0.914,36,27,0.01,0.001,0.01,0.0,0.0,0.0058979131281375885,0.0
sparse,500,0.01,0.001,5.0,4.1484505404580005,16,edge_flip_spectral,,,,,,1e-05,457,2.688,457,0.914,36,27,0.01,0.001,0.01,0.02063254453241825,0.0,0.011171102523803711,0.0031918003198482536
sparse,500,0.01,0.001,5.0,4.1484505404580005,16,sbm_dpsgd_all_noised,3.992894984902444,1.0338953100711687,10.999894429728588,5.999942416215593,4.999952013512995,1e-05,457,2.688,457,0.914,36,27,0.01,0.001,0.01,0.11342556029558182,0.0058982595801353455,0.11444152891635895,4.005161025160803e-06
sparse,500,0.01,0.001,10.0,1.9945956405993723,16,edge_flip_vem,,,372,,,1e-05,457,2.688,457,0.914,36,27,0.01,0.001,0.01,0.0,0.0,0.006074055563658476,0.0
sparse,500,0.01,0.001,10.0,1.9945956405993723,16,edge_flip_spectral,,,,,,1e-05,457,2.688,457,0.914,36,27,0.01,0.001,0.01,0.03062612935900688,0.0,0.03215309977531433,0.00040049657921144614
sparse,500,0.01,0.001,10.0,1.9945956405993723,16,sbm_dpsgd_all_noised,1.9223734183771504,0.5431122541136532,10.999894429728588,5.999942416215593,4.999952013512995,1e-05,457,2.688,457,0.914,36,27,0.01,0.001,0.01,0.11148682981729507,0.00614344934001565,0.11571971327066422,0.0005753723482691433
sparse,500,0.01,0.001,20.0,0.977390412892278,16,edge_flip_vem,,,569,,,1e-05,457,2.688,457,0.914,36,27,0.01,0.001,0.01,0.0,0.0,0.02916097082197666,7.838102457793946e-06
sparse,500,0.01,0.001,20.0,0.977390412892278,16,edge_flip_spectral,,,,,,1e-05,457,2.688,457,0.914,36,27,0.01,0.001,0.01,0.04574586823582649,0.0,0.09254307299852371,0.00012146667110090508
sparse,500,0.01,0.001,20.0,0.977390412892278,16,sbm_dpsgd_all_noised,0.9419985000802904,0.40561225411365304,10.999894429728588,5.999942416215593,4.999952013512995,1e-05,457,2.688,457,0.914,36,27,0.01,0.001,0.01,0.10967819392681122,0.006550674792379141,0.1178094744682312,0.0033453008139965623
sparse,500,0.01,0.001,1.0,27.43885139089614,17,edge_flip_vem,,,165,,,1e-05,465,2.8,465,0.93,30,24,0.01,0.001,0.01,0.0064330738969147205,0.0,0.0,0.0
sparse,500,0.01,0.001,1.0,27.43885139089614,17,edge_flip_spectral,,,,,,1e-05,465,2.8,465,0.93,30,24,0.01,0.001,0.01,0.006651884876191616,0.0005105513846501708,0.1666666716337204,0.03169212595765346
sparse,500,0.01,0.001,1.0,27.43885139089614,17,sbm_dpsgd_all_noised,26.32774027978503,5.635918426327381,11.0,6.0,5.0,1e-05,465,2.8,465,0.93,30,24,0.01,0.001,0.01,0.11575974524021149,0.005884215235710144,0.1123102456331253,0.00039643483867985856
sparse,500,0.01,0.001,2.0,11.728684954707337,17,edge_flip_vem,,,165,,,1e-05,465,2.8,465,0.93,30,24,0.01,0.001,0.01,0.006425118073821068,0.0,0.0,0.0
sparse,500,0.01,0.001,2.0,11.728684954707337,17,edge_flip_spectral,,,,,,1e-05,465,2.8,465,0.93,30,24,0.01,0.001,0.01,0.006643932778388262,0.0005025002756156027,0.16666129231452942,0.03169212595765346
sparse,500,0.01,0.001,2.0,11.728684954707337,17,sbm_dpsgd_all_noised,11.245049229064149,2.668102829441137,11.0,6.0,5.0,1e-05,465,2.8,465,0.93,30,24,0.01,0.001,0.01,0.11834080517292023,0.005946079269051552,0.11010149866342545,6.419012109045946e-05
sparse,500,0.01,0.001,5.0,4.1484505404580005,17,edge_flip_vem,,,411,,,1e-05,465,2.8,465,0.93,30,24,0.01,0.001,0.01,0.006803765892982483,0.0,0.0,0.0
sparse,500,0.01,0.001,5.0,4.1484505404580005,17,edge_flip_spectral,,,,,,1e-05,465,2.8,465,0.93,30,24,0.01,0.001,0.01,0.01460121851414442,0.0,0.01687045209109783,1.985745041490374e-05
sparse,500,0.01,0.001,5.0,4.1484505404580005,17,sbm_dpsgd_all_noised,3.992894984902444,1.0338953100711687,11.0,6.0,5.0,1e-05,465,2.8,465,0.93,30,24,0.01,0.001,0.01,0.11724765598773956,0.006139748264104128,0.11097868531942368,6.5758398045168355e-06
sparse,500,0.01,0.001,10.0,1.9945956405993723,17,edge_flip_vem,,,262,,,1e-05,465,2.8,465,0.93,30,24,0.01,0.001,0.01,0.007316168863326311,0.08056072890758514,0.0,0.003999725586108677
sparse,500,0.01,0.001,10.0,1.9945956405993723,17,edge_flip_spectral,,,,,,1e-05,465,2.8,465,0.93,30,24,0.01,0.001,0.01,0.02848118729889393,0.0,0.03541777282953262,0.00012139183188457451
sparse,500,0.01,0.001,10.0,1.9945956405993723,17,sbm_dpsgd_all_noised,1.9223734183771504,0.5431122541136532,11.0,6.0,5.0,1e-05,465,2.8,465,0.93,30,24,0.01,0.001,0.01,0.11622404307126999,0.006789146922528744,0.11205806583166122,9.619823286717014e-06
sparse,500,0.01,0.001,20.0,0.977390412892278,17,edge_flip_vem,,,667,,,1e-05,465,2.8,465,0.93,30,24,0.01,0.001,0.01,0.0,0.08238581568002701,0.2039889693260193,0.00013113070774554275
sparse,500,0.01,0.001,20.0,0.977390412892278,17,edge_flip_spectral,,,,,,1e-05,465,2.8,465,0.93,30,24,0.01,0.001,0.01,0.09051138907670975,0.0,0.04807228595018387,0.00461839750539507
sparse,500,0.01,0.001,20.0,0.977390412892278,17,sbm_dpsgd_all_noised,0.9419985000802904,0.40561225411365304,11.0,6.0,5.0,1e-05,465,2.8,465,0.93,30,24,0.01,0.001,0.01,0.10745663195848465,0.007815697230398655,0.12230583280324936,0.0006990791497091549
sparse,500,0.01,0.001,1.0,27.43885139089614,18,edge_flip_vem,,,249,,,1e-05,462,2.628,462,0.924,33,27,0.01,0.001,0.01,0.006036027334630489,0.023861171677708626,0.0,0.004321837096444172
sparse,500,0.01,0.001,1.0,27.43885139089614,18,edge_flip_spectral,,,,,,1e-05,462,2.628,462,0.924,33,27,0.01,0.001,0.01,0.006225492339581251,0.0006279434892348945,0.2857142984867096,0.027010274290315776
sparse,500,0.01,0.001,1.0,27.43885139089614,18,sbm_dpsgd_all_noised,26.32774027978503,5.635918426327381,10.99989670488586,5.999943657210468,4.99995304767539,1e-05,462,2.628,462,0.924,33,27,0.01,0.001,0.01,0.11550013720989227,0.005940156988799572,0.11254142969846725,0.00033631435238817945
sparse,500,0.01,0.001,2.0,11.728684954707337,18,edge_flip_vem,,,249,,,1e-05,462,2.628,462,0.924,33,27,0.01,0.001,0.01,0.006028065457940102,0.023853495717048645,0.0,0.004321837096444172
sparse,500,0.01,0.001,2.0,11.728684954707337,18,edge_flip_spectral,,,,,,1e-05,462,2.628,462,0.924,33,27,0.01,0.001,0.01,0.006217533722519875,0.0006198942428454757,0.2857108414173126,0.027010274290315776
sparse,500,0.01,0.001,2.0,11.728684954707337,18,sbm_dpsgd_all_noised,11.245049229064149,2.668102829441137,10.99989670488586,5.999943657210468,4.99995304767539,1e-05,462,2.628,462,0.924,33,27,0.01,0.001,0.01,0.11595426499843597,0.005851220805197954,0.11235622316598892,0.0006651279353732671
sparse,500,0.01,0.001,5.0,4.1484505404580005,18,edge_flip_vem,,,353,,,1e-05,462,2.628,462,0.924,33,27,0.01,0.001,0.01,0.005744908004999161,0.0,0.0,0.0
sparse,500,0.01,0.001,5.0,4.1484505404580005,18,edge_flip_spectral,,,,,,1e-05,462,2.628,462,0.924,33,27,0.01,0.001,0.01,0.011858053505420685,0.0,0.01885087415575981,0.027823719412777212
sparse,500,0.01,0.001,5.0,4.1484505404580005,18,sbm_dpsgd_all_noised,3.992894984902444,1.0338953100711687,10.99989670488586,5.999943657210468,4.99995304767539,1e-05,462,2.628,462,0.924,33,27,0.01,0.001,0.01,0.11441181600093842,0.005987091455608606,0.11403059214353561,0.0
sparse,500,0.01,0.001,10.0,1.9945956405993723,18,edge_flip_vem,,,314,,,1e-05,462,2.628,462,0.924,33,27,0.01,0.001,0.01,0.0,0.0,0.007377108559012413,0.0
sparse,500,0.01,0.001,10.0,1.9945956405993723,18,edge_flip_spectral,,,,,,1e-05,462,2.628,462,0.924,33,27,0.01,0.001,0.01,0.034462232142686844,0.0,0.03200165182352066,0.0010694127542409946
sparse,500,0.01,0.001,10.0,1.9945956405993723,18,sbm_dpsgd_all_noised,1.9223734183771504,0.5431122541136532,10.99989670488586,5.999943657210468,4.99995304767539,1e-05,462,2.628,462,0.924,33,27,0.01,0.001,0.01,0.11298953741788864,0.005918207112699747,0.11671765148639679,0.00717301809497464
sparse,500,0.01,0.001,20.0,0.977390412892278,18,edge_flip_vem,,,501,,,1e-05,462,2.628,462,0.924,33,27,0.01,0.001,0.01,0.0,0.0,0.06561169773340225,1.656664705823966e-07
sparse,500,0.01,0.001,20.0,0.977390412892278,18,edge_flip_spectral,,,,,,1e-05,462,2.628,462,0.924,33,27,0.01,0.001,0.01,0.07663797587156296,0.0,0.05426650866866112,0.0010246081729841908
sparse,500,0.01,0.001,20.0,0.977390412892278,18,sbm_dpsgd_all_noised,0.9419985000802904,0.40561225411365304,10.99989670488586,5.999943657210468,4.99995304767539,1e-05,462,2.628,462,0.924,33,27,0.01,0.001,0.01,0.11655402183532715,0.005639989860355854,0.11675982177257538,0.0013456679796101855
sparse,500,0.01,0.001,1.0,27.43885139089614,19,edge_flip_vem,,,342,,,1e-05,458,2.64,458,0.916,36,31,0.01,0.001,0.01,0.006239668466150761,0.0,0.0,0.0
sparse,500,0.01,0.001,1.0,27.43885139089614,19,edge_flip_spectral,,,,,,1e-05,458,2.64,458,0.916,36,31,0.01,0.001,0.01,0.011683138087391853,0.000610209594015032,0.012104497291147709,0.4789713854596215
sparse,500,0.01,0.001,1.0,27.43885139089614,19,sbm_dpsgd_all_noised,26.32774027978503,5.635918426327381,10.999684672202422,5.999828003019503,4.999856669182919,1e-05,458,2.64,458,0.916,36,31,0.01,0.001,0.01,0.11238202452659607,0.00563298212364316,0.1155974417924881,0.0017236434895485635
sparse,500,0.01,0.001,2.0,11.728684954707337,19,edge_flip_vem,,,342,,,1e-05,458,2.64,458,0.916,36,31,0.01,0.001,0.01,0.006231709383428097,0.0,0.0,0.0
sparse,500,0.01,0.001,2.0,11.728684954707337,19,edge_flip_spectral,,,,,,1e-05,458,2.64,458,0.916,36,31,0.01,0.001,0.01,0.011675266548991203,0.0006021600565873086,0.012096633203327656,0.4789713854596215
sparse,500,0.01,0.001,2.0,11.728684954707337,19,sbm_dpsgd_all_noised,11.245049229064149,2.668102829441137,10.999684672202422,5.999828003019503,4.999856669182919,1e-05,458,2.64,458,0.916,36,31,0.01,0.001,0.01,0.110049307346344,0.005666323471814394,0.11795682460069656,0.006767412645637569
sparse,500,0.01,0.001,5.0,4.1484505404580005,19,edge_flip_vem,,,204,,,1e-05,458,2.64,458,0.916,36,31,0.01,0.001,0.01,0.005959896370768547,0.0,0.0,0.0
sparse,500,0.01,0.001,5.0,4.1484505404580005,19,edge_flip_spectral,,,,,,1e-05,458,2.64,458,0.916,36,31,0.01,0.001,0.01,0.017354730516672134,0.0,0.012891288846731186,0.025175946285453825
sparse,500,0.01,0.001,5.0,4.1484505404580005,19,sbm_dpsgd_all_noised,3.992894984902444,1.0338953100711687,10.999684672202422,5.999828003019503,4.999856669182919,1e-05,458,2.64,458,0.916,36,31,0.01,0.001,0.01,0.10988033562898636,0.005850831978023052,0.11794313788414001,0.003257566620391525
sparse,500,0.01,0.001,10.0,1.9945956405993723,19,edge_flip_vem,,,170,,,1e-05,458,2.64,458,0.916,36,31,0.01,0.001,0.01,0.0,0.0,0.008086436428129673,0.0
sparse,500,0.01,0.001,10.0,1.9945956405993723,19,edge_flip_spectral,,,,,,1e-05,458,2.64,458,0.916,36,31,0.01,0.001,0.01,0.03443075343966484,0.0,0.03283277899026871,0.0009122109843244772
sparse,500,0.01,0.001,10.0,1.9945956405993723,19,sbm_dpsgd_all_noised,1.9223734183771504,0.5431122541136532,10.999684672202422,5.999828003019503,4.999856669182919,1e-05,458,2.64,458,0.916,36,31,0.01,0.001,0.01,0.11052865535020828,0.006087958347052336,0.11724285781383514,0.014290523021965753
sparse,500,0.01,0.001,20.0,0.977390412892278,19,edge_flip_vem,,,416,,,1e-05,458,2.64,458,0.916,36,31,0.01,0.001,0.01,0.009379424154758453,0.0,0.0,0.0
sparse,500,0.01,0.001,20.0,0.977390412892278,19,edge_flip_spectral,,,,,,1e-05,458,2.64,458,0.916,36,31,0.01,0.001,0.01,0.060558170080184937,0.0,0.07493282109498978,0.0008032894699619843
sparse,500,0.01,0.001,20.0,0.977390412892278,19,sbm_dpsgd_all_noised,0.9419985000802904,0.40561225411365304,10.999684672202422,5.999828003019503,4.999856669182919,1e-05,458,2.64,458,0.916,36,31,0.01,0.001,0.01,0.10964483767747879,0.006252707447856665,0.11905249208211899,0.005702126946667697
