N,sigma,epsilon,rep,method,epsilon_gamma,epsilon_beta,epochs,epochs_gamma,epochs_beta,delta,beta_true_00,beta_true_01,beta_true_11,beta_est_00,beta_est_01,beta_est_11,nmi
100,1.0,27.43885139089614,0,edge_flip_vem,,,279,,,1e-05,0.2,0.02,0.2,0.20326530933380127,0.01720000058412552,0.2179591804742813,1.0
100,1.0,27.43885139089614,0,edge_flip_spectral,,,,,,1e-05,0.2,0.02,0.2,0.20326530933380127,0.01720000058412552,0.2179591804742813,1.0
100,1.0,27.43885139089614,0,sbm_dpsgd_all_noised,26.32774027978503,5.635918426327381,11.0,6.0,5.0,1e-05,0.2,0.02,0.2,0.20906135439872742,0.04884835705161095,0.20828558504581451,0.8079616479391555
100,2.0,11.728684954707337,0,edge_flip_vem,,,279,,,1e-05,0.2,0.02,0.2,0.20326052606105804,0.017192218452692032,0.2179546356201172,1.0
100,2.0,11.728684954707337,0,edge_flip_spectral,,,,,,1e-05,0.2,0.02,0.2,0.20326052606105804,0.017192218452692032,0.2179546356201172,1.0
100,2.0,11.728684954707337,0,sbm_dpsgd_all_noised,11.245049229064149,2.668102829441137,11.0,6.0,5.0,1e-05,0.2,0.02,0.2,0.2011331021785736,0.08400791883468628,0.1861705482006073,0.329100323955614
100,5.0,4.1484505404580005,0,edge_flip_vem,,,182,,,1e-05,0.2,0.02,0.2,0.2055400311946869,0.017397381365299225,0.21986283361911774,1.0
100,5.0,4.1484505404580005,0,edge_flip_spectral,,,,,,1e-05,0.2,0.02,0.2,0.2055400311946869,0.017397381365299225,0.21986283361911774,1.0
100,5.0,4.1484505404580005,0,sbm_dpsgd_all_noised,3.992894984902444,1.0338953100711687,11.0,6.0,5.0,1e-05,0.2,0.02,0.2,0.21692688763141632,0.11932031065225601,0.18235312402248383,0.11513495473941705
100,10.0,1.9945956405993723,0,edge_flip_vem,,,116,,,1e-05,0.2,0.02,0.2,0.0,0.0,0.11851752549409866,0.0
100,10.0,1.9945956405993723,0,edge_flip_spectral,,,,,,1e-05,0.2,0.02,0.2,0.1956717073917389,0.016606444492936134,0.24934512376785278,0.7577078109175857
100,10.0,1.9945956405993723,0,sbm_dpsgd_all_noised,1.9223734183771504,0.5431122541136532,11.0,6.0,5.0,1e-05,0.2,0.02,0.2,0.2681904137134552,0.14054954051971436,0.3587632179260254,0.04958135523402417
100,20.0,0.977390412892278,0,edge_flip_vem,,,324,,,1e-05,0.2,0.02,0.2,0.0,0.0,0.09121666103601456,0.0
100,20.0,0.977390412892278,0,edge_flip_spectral,,,,,,1e-05,0.2,0.02,0.2,0.22177304327487946,0.0,0.22166576981544495,0.029310814442540193
100,20.0,0.977390412892278,0,sbm_dpsgd_all_noised,0.9419985000802904,0.40561225411365304,11.0,6.0,5.0,1e-05,0.2,0.02,0.2,0.3949615955352783,0.19576317071914673,0.47492924332618713,0.02351258938443967
100,1.0,27.43885139089614,1,edge_flip_vem,,,222,,,1e-05,0.2,0.02,0.2,0.2008163332939148,0.026399999856948853,0.19428572058677673,1.0
100,1.0,27.43885139089614,1,edge_flip_spectral,,,,,,1e-05,0.2,0.02,0.2,0.19428572058677673,0.026399999856948853,0.2008163332939148,1.0
100,1.0,27.43885139089614,1,sbm_dpsgd_all_noised,26.32774027978503,5.635918426327381,11.0,6.0,5.0,1e-05,0.2,0.02,0.2,0.18477559089660645,0.10627450793981552,0.17789427936077118,0.06627595469152042
100,2.0,11.728684954707337,1,edge_flip_vem,,,222,,,1e-05,0.2,0.02,0.2,0.200811505317688,0.026392366737127304,0.19428078830242157,1.0
100,2.0,11.728684954707337,1,edge_flip_spectral,,,,,,1e-05,0.2,0.02,0.2,0.19428078830242157,0.026392366737127304,0.200811505317688,1.0
100,2.0,11.728684954707337,1,sbm_dpsgd_all_noised,11.245049229064149,2.668102829441137,11.0,6.0,5.0,1e-05,0.2,0.02,0.2,0.1826152801513672,0.11209943890571594,0.18029427528381348,0.05731681074450864
100,5.0,4.1484505404580005,1,edge_flip_vem,,,380,,,1e-05,0.2,0.02,0.2,0.19546492397785187,0.027735736221075058,0.19685053825378418,0.9291252238549075
100,5.0,4.1484505404580005,1,edge_flip_spectral,,,,,,1e-05,0.2,0.02,0.2,0.19546492397785187,0.027735736221075058,0.19685053825378418,0.9291252238549075
100,5.0,4.1484505404580005,1,sbm_dpsgd_all_noised,3.992894984902444,1.0338953100711687,11.0,6.0,5.0,1e-05,0.2,0.02,0.2,0.17596742510795593,0.13883619010448456,0.25925198197364807,0.024598769673812613
100,10.0,1.9945956405993723,1,edge_flip_vem,,,307,,,1e-05,0.2,0.02,0.2,0.19824907183647156,0.022492386400699615,0.19812920689582825,0.6109637147284563
100,10.0,1.9945956405993723,1,edge_flip_spectral,,,,,,1e-05,0.2,0.02,0.2,0.24841061234474182,0.027806036174297333,0.16099317371845245,0.5725330469636438
100,10.0,1.9945956405993723,1,sbm_dpsgd_all_noised,1.9223734183771504,0.5431122541136532,11.0,6.0,5.0,1e-05,0.2,0.02,0.2,0.3576347529888153,0.1517782062292099,0.34213727712631226,0.004631680941037668
100,20.0,0.977390412892278,1,edge_flip_vem,,,364,,,1e-05,0.2,0.02,0.2,0.0,0.0,0.12866246700286865,0.0
100,20.0,0.977390412892278,1,edge_flip_spectral,,,,,,1e-05,0.2,0.02,0.2,0.21041226387023926,0.0,0.3682316839694977,0.08809160248687292
100,20.0,0.977390412892278,1,sbm_dpsgd_all_noised,0.9419985000802904,0.40561225411365304,11.0,6.0,5.0,1e-05,0.2,0.02,0.2,0.48468267917633057,0.15024712681770325,0.47507572174072266,0.0011569844335306808
100,1.0,27.43885139089614,2,edge_flip_vem,,,189,,,1e-05,0.2,0.02,0.2,0.21306122839450836,0.01640000008046627,0.2024489790201187,1.0
100,1.0,27.43885139089614,2,edge_flip_spectral,,,,,,1e-05,0.2,0.02,0.2,0.21306122839450836,0.01640000008046627,0.2024489790201187,1.0
100,1.0,27.43885139089614,2,sbm_dpsgd_all_noised,26.32774027978503,5.635918426327381,11.0,6.0,5.0,1e-05,0.2,0.02,0.2,0.20712044835090637,0.025472817942500114,0.2308507263660431,1.0
100,2.0,11.728684954707337,2,edge_flip_vem,,,189,,,1e-05,0.2,0.02,0.2,0.21305659413337708,0.01639220491051674,0.2024441808462143,1.0
100,2.0,11.728684954707337,2,edge_flip_spectral,,,,,,1e-05,0.2,0.02,0.2,0.21305659413337708,0.01639220491051674,0.2024441808462143,1.0
100,2.0,11.728684954707337,2,sbm_dpsgd_all_noised,11.245049229064149,2.668102829441137,11.0,6.0,5.0,1e-05,0.2,0.02,0.2,0.20556151866912842,0.02996673434972763,0.2287597954273224,0.8585594574581797
100,5.0,4.1484505404580005,2,edge_flip_vem,,,190,,,1e-05,0.2,0.02,0.2,0.20891010761260986,0.015746047720313072,0.1979573667049408,1.0
100,5.0,4.1484505404580005,2,edge_flip_spectral,,,,,,1e-05,0.2,0.02,0.2,0.20891010761260986,0.015746047720313072,0.1979573667049408,1.0
100,5.0,4.1484505404580005,2,sbm_dpsgd_all_noised,3.992894984902444,1.0338953100711687,11.0,6.0,5.0,1e-05,0.2,0.02,0.2,0.21936383843421936,0.06328168511390686,0.2274923473596573,0.44297551540683705
100,10.0,1.9945956405993723,2,edge_flip_vem,,,818,,,1e-05,0.2,0.02,0.2,0.11404123157262802,0.20516343414783478,1.0,0.08068918390116896
100,10.0,1.9945956405993723,2,edge_flip_spectral,,,,,,1e-05,0.2,0.02,0.2,0.23304881155490875,0.022492386400699615,0.22111861407756805,0.7961285220549096
100,10.0,1.9945956405993723,2,sbm_dpsgd_all_noised,1.9223734183771504,0.5431122541136532,11.0,6.0,5.0,1e-05,0.2,0.02,0.2,0.26950711011886597,0.11835095286369324,0.30520719289779663,0.18983907181393703
100,20.0,0.977390412892278,2,edge_flip_vem,,,325,,,1e-05,0.2,0.02,0.2,0.10592751204967499,0.0,0.0,0.0
100,20.0,0.977390412892278,2,edge_flip_spectral,,,,,,1e-05,0.2,0.02,0.2,0.3238406479358673,0.0,0.1870407909154892,0.07559610710556751
100,20.0,0.977390412892278,2,sbm_dpsgd_all_noised,0.9419985000802904,0.40561225411365304,11.0,6.0,5.0,1e-05,0.2,0.02,0.2,0.40044966340065,0.14490056037902832,0.48141375184059143,0.010504647530909251
100,1.0,27.43885139089614,3,edge_flip_vem,,,731,,,1e-05,0.2,0.02,0.2,0.1921568661928177,0.023209283128380775,0.22959183156490326,0.9291252238549075
100,1.0,27.43885139089614,3,edge_flip_spectral,,,,,,1e-05,0.2,0.02,0.2,0.19836734235286713,0.02319999970495701,0.2220408171415329,1.0
100,1.0,27.43885139089614,3,sbm_dpsgd_all_noised,26.32774027978503,5.635918426327381,11.0,6.0,5.0,1e-05,0.2,0.02,0.2,0.20534835755825043,0.08660640567541122,0.19366469979286194,0.36569044535943473
100,2.0,11.728684954707337,3,edge_flip_vem,,,731,,,1e-05,0.2,0.02,0.2,0.19215190410614014,0.02320159785449505,0.22958748042583466,0.9291252238549075
100,2.0,11.728684954707337,3,edge_flip_spectral,,,,,,1e-05,0.2,0.02,0.2,0.19836248457431793,0.02319231443107128,0.22203633189201355,1.0
100,2.0,11.728684954707337,3,sbm_dpsgd_all_noised,11.245049229064149,2.668102829441137,11.0,6.0,5.0,1e-05,0.2,0.02,0.2,0.21510908007621765,0.07971734553575516,0.20429809391498566,0.47250107612143855
100,5.0,4.1484505404580005,3,edge_flip_vem,,,509,,,1e-05,0.2,0.02,0.2,0.23671318590641022,0.024018745869398117,0.19685053825378418,0.9291252238549075
100,5.0,4.1484505404580005,3,edge_flip_spectral,,,,,,1e-05,0.2,0.02,0.2,0.2038549929857254,0.024002721533179283,0.22828800976276398,1.0
100,5.0,4.1484505404580005,3,sbm_dpsgd_all_noised,3.992894984902444,1.0338953100711687,11.0,6.0,5.0,1e-05,0.2,0.02,0.2,0.2234940379858017,0.10029110312461853,0.23263099789619446,0.3668993933811547
100,10.0,1.9945956405993723,3,edge_flip_vem,,,329,,,1e-05,0.2,0.02,0.2,0.11559530347585678,0.0,0.0,0.0
100,10.0,1.9945956405993723,3,edge_flip_spectral,,,,,,1e-05,0.2,0.02,0.2,0.16435346007347107,0.02650667354464531,0.28552159667015076,0.4910883034227432
100,10.0,1.9945956405993723,3,sbm_dpsgd_all_noised,1.9223734183771504,0.5431122541136532,11.0,6.0,5.0,1e-05,0.2,0.02,0.2,0.216727614402771,0.1315474808216095,0.363665908575058,0.025896169931971025
100,20.0,0.977390412892278,3,edge_flip_vem,,,317,,,1e-05,0.2,0.02,0.2,0.27933722734451294,0.2848146855831146,0.08275503665208817,0.007848505707418938
100,20.0,0.977390412892278,3,edge_flip_spectral,,,,,,1e-05,0.2,0.02,0.2,0.2261277735233307,0.0,0.22541964054107666,0.0011569844335306808
100,20.0,0.977390412892278,3,sbm_dpsgd_all_noised,0.9419985000802904,0.40561225411365304,11.0,6.0,5.0,1e-05,0.2,0.02,0.2,0.27083852887153625,0.14478671550750732,0.4698945879936218,0.0013366261245429105
100,1.0,27.43885139089614,4,edge_flip_vem,,,294,,,1e-05,0.2,0.02,0.2,0.20571428537368774,0.018799999728798866,0.1893877536058426,1.0
100,1.0,27.43885139089614,4,edge_flip_spectral,,,,,,1e-05,0.2,0.02,0.2,0.1893877536058426,0.018799999728798866,0.20571428537368774,1.0
100,1.0,27.43885139089614,4,sbm_dpsgd_all_noised,26.32774027978503,5.635918426327381,11.0,6.0,5.0,1e-05,0.2,0.02,0.2,0.196152925491333,0.06640825420618057,0.1889934539794922,0.5978208097977278
100,2.0,11.728684954707337,4,edge_flip_vem,,,294,,,1e-05,0.2,0.02,0.2,0.2057095468044281,0.01879224367439747,0.18938274681568146,1.0
100,2.0,11.728684954707337,4,edge_flip_spectral,,,,,,1e-05,0.2,0.02,0.2,0.18938274681568146,0.01879224367439747,0.2057095468044281,1.0
100,2.0,11.728684954707337,4,sbm_dpsgd_all_noised,11.245049229064149,2.668102829441137,11.0,6.0,5.0,1e-05,0.2,0.02,0.2,0.20214474201202393,0.07210950553417206,0.19136156141757965,0.47250107612143855
100,5.0,4.1484505404580005,4,edge_flip_vem,,,346,,,1e-05,0.2,0.02,0.2,0.2038549929857254,0.015746047720313072,0.18616212904453278,1.0
100,5.0,4.1484505404580005,4,edge_flip_spectral,,,,,,1e-05,0.2,0.02,0.2,0.18616212904453278,0.015746047720313072,0.2038549929857254,1.0
100,5.0,4.1484505404580005,4,sbm_dpsgd_all_noised,3.992894984902444,1.0338953100711687,11.0,6.0,5.0,1e-05,0.2,0.02,0.2,0.2425629049539566,0.09724315255880356,0.1900807023048401,0.20716770520852693
100,10.0,1.9945956405993723,4,edge_flip_vem,,,886,,,1e-05,0.2,0.02,0.2,0.0,0.2785971462726593,0.10312102735042572,0.0
100,10.0,1.9945956405993723,4,edge_flip_spectral,,,,,,1e-05,0.2,0.02,0.2,0.17978926002979279,0.02341967448592186,0.22198757529258728,0.6300279203045595
100,10.0,1.9945956405993723,4,sbm_dpsgd_all_noised,1.9223734183771504,0.5431122541136532,11.0,6.0,5.0,1e-05,0.2,0.02,0.2,0.29878348112106323,0.10896281898021698,0.23618638515472412,0.004788064483641013
100,20.0,0.977390412892278,4,edge_flip_vem,,,561,,,1e-05,0.2,0.02,0.2,0.0,0.0,0.1299998164176941,0.0
100,20.0,0.977390412892278,4,edge_flip_spectral,,,,,,1e-05,0.2,0.02,0.2,0.2517944276332855,0.0,0.28668585419654846,0.002611220469271829
100,20.0,0.977390412892278,4,sbm_dpsgd_all_noised,0.9419985000802904,0.40561225411365304,11.0,6.0,5.0,1e-05,0.2,0.02,0.2,0.36695677042007446,0.08958137035369873,0.33969300985336304,0.00028997790097287234
100,1.0,27.43885139089614,5,edge_flip_vem,,,477,,,1e-05,0.2,0.02,0.2,0.19020408391952515,0.018799999728798866,0.1951020359992981,1.0
100,1.0,27.43885139089614,5,edge_flip_spectral,,,,,,1e-05,0.2,0.02,0.2,0.1890196055173874,0.01880752295255661,0.1964285671710968,0.9291252238549075
100,1.0,27.43885139089614,5,sbm_dpsgd_all_noised,26.32774027978503,5.635918426327381,11.0,6.0,5.0,1e-05,0.2,0.02,0.2,0.1856936365365982,0.09987356513738632,0.1597694456577301,0.007261306984853738
100,2.0,11.728684954707337,5,edge_flip_vem,,,477,,,1e-05,0.2,0.02,0.2,0.1901990920305252,0.01879224367439747,0.19509713351726532,1.0
100,2.0,11.728684954707337,5,edge_flip_spectral,,,,,,1e-05,0.2,0.02,0.2,0.18901459872722626,0.018799766898155212,0.19642367959022522,0.9291252238549075
100,2.0,11.728684954707337,5,sbm_dpsgd_all_noised,11.245049229064149,2.668102829441137,11.0,6.0,5.0,1e-05,0.2,0.02,0.2,0.18286390602588654,0.11082601547241211,0.1764756292104721,0.001154464004799172
100,5.0,4.1484505404580005,5,edge_flip_vem,,,450,,,1e-05,0.2,0.02,0.2,0.19897541403770447,0.01782376319169998,0.18308940529823303,0.9291252238549075
100,5.0,4.1484505404580005,5,edge_flip_spectral,,,,,,1e-05,0.2,0.02,0.2,0.18308940529823303,0.01782376319169998,0.19897541403770447,0.9291252238549075
100,5.0,4.1484505404580005,5,sbm_dpsgd_all_noised,3.992894984902444,1.0338953100711687,11.0,6.0,5.0,1e-05,0.2,0.02,0.2,0.19171501696109772,0.1331242024898529,0.2631158232688904,0.08758776832390541
100,10.0,1.9945956405993723,5,edge_flip_vem,,,850,,,1e-05,0.2,0.02,0.2,0.054316144436597824,0.13117414712905884,0.30804041028022766,0.0
100,10.0,1.9945956405993723,5,edge_flip_spectral,,,,,,1e-05,0.2,0.02,0.2,0.2353965789079666,0.017543850466609,0.17835944890975952,0.5512937220658846
100,10.0,1.9945956405993723,5,sbm_dpsgd_all_noised,1.9223734183771504,0.5431122541136532,11.0,6.0,5.0,1e-05,0.2,0.02,0.2,0.2217995524406433,0.1283266544342041,0.40941327810287476,0.09938001420152784
100,20.0,0.977390412892278,5,edge_flip_vem,,,893,,,1e-05,0.2,0.02,0.2,0.7206627726554871,0.3676023483276367,0.06732306629419327,0.022678988259758403
100,20.0,0.977390412892278,5,edge_flip_spectral,,,,,,1e-05,0.2,0.02,0.2,0.21858173608779907,0.0,0.2537531554698944,0.09653450898202479
100,20.0,0.977390412892278,5,sbm_dpsgd_all_noised,0.9419985000802904,0.40561225411365304,11.0,6.0,5.0,1e-05,0.2,0.02,0.2,0.29669052362442017,0.17211505770683289,0.5410878658294678,0.026784071476871663
100,1.0,27.43885139089614,6,edge_flip_vem,,,906,,,1e-05,0.2,0.02,0.2,0.06949152797460556,0.10916666686534882,0.2064102590084076,0.019622102805851988
100,1.0,27.43885139089614,6,edge_flip_spectral,,,,,,1e-05,0.2,0.02,0.2,0.20734694600105286,0.019200000911951065,0.19918367266654968,1.0
100,1.0,27.43885139089614,6,sbm_dpsgd_all_noised,26.32774027978503,5.635918426327381,11.0,6.0,5.0,1e-05,0.2,0.02,0.2,0.16983218491077423,0.09776686877012253,0.1800178736448288,0.014192781347010507
100,2.0,11.728684954707337,6,edge_flip_vem,,,906,,,1e-05,0.2,0.02,0.2,0.06948458403348923,0.10916036367416382,0.20640552043914795,0.019622102805851988
100,2.0,11.728684954707337,6,edge_flip_spectral,,,,,,1e-05,0.2,0.02,0.2,0.2073422223329544,0.019192250445485115,0.19917882978916168,1.0
100,2.0,11.728684954707337,6,sbm_dpsgd_all_noised,11.245049229064149,2.668102829441137,11.0,6.0,5.0,1e-05,0.2,0.02,0.2,0.17693506181240082,0.0977063775062561,0.18501485884189606,0.0011569844335306808
100,5.0,4.1484505404580005,6,edge_flip_vem,,,866,,,1e-05,0.2,0.02,0.2,0.08318279683589935,0.1231534332036972,0.29059159755706787,0.028628631342805008
100,5.0,4.1484505404580005,6,edge_flip_spectral,,,,,,1e-05,0.2,0.02,0.2,0.20638254284858704,0.019461551681160927,0.1962723284959793,1.0
100,5.0,4.1484505404580005,6,sbm_dpsgd_all_noised,3.992894984902444,1.0338953100711687,11.0,6.0,5.0,1e-05,0.2,0.02,0.2,0.2139642983675003,0.09922388195991516,0.21213795244693756,0.18983907181393703
100,10.0,1.9945956405993723,6,edge_flip_vem,,,1000,,,1e-05,0.2,0.02,0.2,0.5,0.0,0.12568674981594086,0.06633317724023008
100,10.0,1.9945956405993723,6,edge_flip_spectral,,,,,,1e-05,0.2,0.02,0.2,0.16383489966392517,0.03296350687742233,0.24297088384628296,0.5283779304228372
100,10.0,1.9945956405993723,6,sbm_dpsgd_all_noised,1.9223734183771504,0.5431122541136532,11.0,6.0,5.0,1e-05,0.2,0.02,0.2,0.29790830612182617,0.10860098898410797,0.2822864353656769,0.11870910076930792
100,20.0,0.977390412892278,6,edge_flip_vem,,,917,,,1e-05,0.2,0.02,0.2,0.08674122393131256,0.40805718302726746,0.8677712678909302,0.012637056407904105
100,20.0,0.977390412892278,6,edge_flip_spectral,,,,,,1e-05,0.2,0.02,0.2,0.1878514587879181,0.0,0.3132370710372925,0.10447601533627356
100,20.0,0.977390412892278,6,sbm_dpsgd_all_noised,0.9419985000802904,0.40561225411365304,11.0,6.0,5.0,1e-05,0.2,0.02,0.2,0.40213412046432495,0.11974038183689117,0.38642019033432007,0.08552565975067121
100,1.0,27.43885139089614,7,edge_flip_vem,,,193,,,1e-05,0.2,0.02,0.2,0.1967346966266632,0.018799999728798866,0.21551020443439484,1.0
100,1.0,27.43885139089614,7,edge_flip_spectral,,,,,,1e-05,0.2,0.02,0.2,0.1967346966266632,0.018799999728798866,0.21551020443439484,1.0
100,1.0,27.43885139089614,7,sbm_dpsgd_all_noised,26.32774027978503,5.635918426327381,11.0,6.0,5.0,1e-05,0.2,0.02,0.2,0.18540628254413605,0.11462056636810303,0.15713520348072052,0.04958135523402417
100,2.0,11.728684954707337,7,edge_flip_vem,,,193,,,1e-05,0.2,0.02,0.2,0.19672980904579163,0.01879224367439747,0.21550561487674713,1.0
100,2.0,11.728684954707337,7,edge_flip_spectral,,,,,,1e-05,0.2,0.02,0.2,0.19672980904579163,0.01879224367439747,0.21550561487674713,1.0
100,2.0,11.728684954707337,7,sbm_dpsgd_all_noised,11.245049229064149,2.668102829441137,11.0,6.0,5.0,1e-05,0.2,0.02,0.2,0.19345124065876007,0.11189243197441101,0.16312938928604126,0.06689538498623886
100,5.0,4.1484505404580005,7,edge_flip_vem,,,284,,,1e-05,0.2,0.02,0.2,0.1903747171163559,0.018223049119114876,0.21649275720119476,1.0
100,5.0,4.1484505404580005,7,edge_flip_spectral,,,,,,1e-05,0.2,0.02,0.2,0.1903747171163559,0.018223049119114876,0.21649275720119476,1.0
100,5.0,4.1484505404580005,7,sbm_dpsgd_all_noised,3.992894984902444,1.0338953100711687,11.0,6.0,5.0,1e-05,0.2,0.02,0.2,0.1989203840494156,0.13238263130187988,0.24796976149082184,1.3002564398429291e-15
100,10.0,1.9945956405993723,7,edge_flip_vem,,,209,,,1e-05,0.2,0.02,0.2,0.11161045730113983,0.0,0.0,0.0
100,10.0,1.9945956405993723,7,edge_flip_spectral,,,,,,1e-05,0.2,0.02,0.2,0.21554990112781525,0.01425124704837799,0.2064557820558548,0.6009721799981695
100,10.0,1.9945956405993723,7,sbm_dpsgd_all_noised,1.9223734183771504,0.5431122541136532,11.0,6.0,5.0,1e-05,0.2,0.02,0.2,0.24705591797828674,0.1610197126865387,0.425732284784317,0.0014615125060597647
100,20.0,0.977390412892278,7,edge_flip_vem,,,779,,,1e-05,0.2,0.02,0.2,0.6003012657165527,0.2554452419281006,0.03737454116344452,0.09098061671859674
100,20.0,0.977390412892278,7,edge_flip_spectral,,,,,,1e-05,0.2,0.02,0.2,0.24373385310173035,0.0,0.20378603041172028,0.010435392710893103
100,20.0,0.977390412892278,7,sbm_dpsgd_all_noised,0.9419985000802904,0.40561225411365304,11.0,6.0,5.0,1e-05,0.2,0.02,0.2,0.41081857681274414,0.18603454530239105,0.49100393056869507,0.011011968121955752
100,1.0,27.43885139089614,8,edge_flip_vem,,,313,,,1e-05,0.2,0.02,0.2,0.10626262426376343,0.0,0.0,0.0
100,1.0,27.43885139089614,8,edge_flip_spectral,,,,,,1e-05,0.2,0.02,0.2,0.20326530933380127,0.020800000056624413,0.18367347121238708,1.0
100,1.0,27.43885139089614,8,sbm_dpsgd_all_noised,26.32774027978503,5.635918426327381,11.0,6.0,5.0,1e-05,0.2,0.02,0.2,0.1867382973432541,0.08793440461158752,0.18205782771110535,0.014192781347010507
100,2.0,11.728684954707337,8,edge_flip_vem,,,313,,,1e-05,0.2,0.02,0.2,0.10625627636909485,0.0,0.0,0.0
100,2.0,11.728684954707337,8,edge_flip_spectral,,,,,,1e-05,0.2,0.02,0.2,0.20326052606105804,0.020792275667190552,0.1836683750152588,1.0
100,2.0,11.728684954707337,8,sbm_dpsgd_all_noised,11.245049229064149,2.668102829441137,11.0,6.0,5.0,1e-05,0.2,0.02,0.2,0.19546698033809662,0.0867970809340477,0.1873771697282791,0.04205291843043419
100,5.0,4.1484505404580005,8,edge_flip_vem,,,277,,,1e-05,0.2,0.02,0.2,0.0,0.0,0.10676545649766922,0.0
100,5.0,4.1484505404580005,8,edge_flip_spectral,,,,,,1e-05,0.2,0.02,0.2,0.20301248133182526,0.02070005238056183,0.18616212904453278,0.8585594574581795
100,5.0,4.1484505404580005,8,sbm_dpsgd_all_noised,3.992894984902444,1.0338953100711687,11.0,6.0,5.0,1e-05,0.2,0.02,0.2,0.22785262763500214,0.09651955962181091,0.21549467742443085,0.02351258938443967
100,10.0,1.9945956405993723,8,edge_flip_vem,,,474,,,1e-05,0.2,0.02,0.2,1.0,0.2651787996292114,0.10090769082307816,0.03555936072748941
100,10.0,1.9945956405993723,8,edge_flip_spectral,,,,,,1e-05,0.2,0.02,0.2,0.19030436873435974,0.013976446352899075,0.2160676121711731,0.8585594574581797
100,10.0,1.9945956405993723,8,sbm_dpsgd_all_noised,1.9223734183771504,0.5431122541136532,11.0,6.0,5.0,1e-05,0.2,0.02,0.2,0.2978701591491699,0.11742192506790161,0.3039936125278473,0.02351258938443967
100,20.0,0.977390412892278,8,edge_flip_vem,,,279,,,1e-05,0.2,0.02,0.2,0.0,0.0,0.13089138269424438,0.0
100,20.0,0.977390412892278,8,edge_flip_spectral,,,,,,1e-05,0.2,0.02,0.2,0.2203582525253296,0.0,0.33765050768852234,0.11876912541700375
100,20.0,0.977390412892278,8,sbm_dpsgd_all_noised,0.9419985000802904,0.40561225411365304,11.0,6.0,5.0,1e-05,0.2,0.02,0.2,0.4043572247028351,0.1346989870071411,0.4288591146469116,0.04205291843043419
100,1.0,27.43885139089614,9,edge_flip_vem,,,510,,,1e-05,0.2,0.02,0.2,0.20000000298023224,0.018400000408291817,0.20979592204093933,1.0
100,1.0,27.43885139089614,9,edge_flip_spectral,,,,,,1e-05,0.2,0.02,0.2,0.20979592204093933,0.018400000408291817,0.20000000298023224,1.0
100,1.0,27.43885139089614,9,sbm_dpsgd_all_noised,26.32774027978503,5.635918426327381,11.0,6.0,5.0,1e-05,0.2,0.02,0.2,0.22552476823329926,0.04177854210138321,0.20204833149909973,0.8079616479391557
100,2.0,11.728684954707337,9,edge_flip_vem,,,510,,,1e-05,0.2,0.02,0.2,0.19999516010284424,0.018392236903309822,0.20979124307632446,1.0
100,2.0,11.728684954707337,9,edge_flip_spectral,,,,,,1e-05,0.2,0.02,0.2,0.20979124307632446,0.018392236903309822,0.19999516010284424,1.0
100,2.0,11.728684954707337,9,sbm_dpsgd_all_noised,11.245049229064149,2.668102829441137,11.0,6.0,5.0,1e-05,0.2,0.02,0.2,0.22483709454536438,0.07413426786661148,0.18442721664905548,0.5642054529253091
100,5.0,4.1484505404580005,9,edge_flip_vem,,,525,,,1e-05,0.2,0.02,0.2,0.20891010761260986,0.014507546089589596,0.19542981684207916,1.0
100,5.0,4.1484505404580005,9,edge_flip_spectral,,,,,,1e-05,0.2,0.02,0.2,0.20891010761260986,0.014507546089589596,0.19542981684207916,1.0
100,5.0,4.1484505404580005,9,sbm_dpsgd_all_noised,3.992894984902444,1.0338953100711687,11.0,6.0,5.0,1e-05,0.2,0.02,0.2,0.2452562302350998,0.10857810080051422,0.19254641234874725,0.47250107612143855
100,10.0,1.9945956405993723,9,edge_flip_vem,,,358,,,1e-05,0.2,0.02,0.2,0.0,0.0,0.1190488338470459,0.0
100,10.0,1.9945956405993723,9,edge_flip_spectral,,,,,,1e-05,0.2,0.02,0.2,0.21070025861263275,0.02772652357816696,0.21374176442623138,0.6349910030198425
100,10.0,1.9945956405993723,9,sbm_dpsgd_all_noised,1.9223734183771504,0.5431122541136532,11.0,6.0,5.0,1e-05,0.2,0.02,0.2,0.27826201915740967,0.13707533478736877,0.279746413230896,0.30055354064448236
100,20.0,0.977390412892278,9,edge_flip_vem,,,452,,,1e-05,0.2,0.02,0.2,0.1078479215502739,0.358311265707016,0.05867447331547737,0.08068918390116896
100,20.0,0.977390412892278,9,edge_flip_spectral,,,,,,1e-05,0.2,0.02,0.2,0.2613239586353302,0.0,0.27213191986083984,0.11870910076930792
100,20.0,0.977390412892278,9,sbm_dpsgd_all_noised,0.9419985000802904,0.40561225411365304,11.0,6.0,5.0,1e-05,0.2,0.02,0.2,0.37298333644866943,0.1414843648672104,0.3616556227207184,0.06597001273417051
100,1.0,27.43885139089614,10,edge_flip_vem,,,174,,,1e-05,0.2,0.02,0.2,0.1951020359992981,0.01759999990463257,0.20000000298023224,1.0
100,1.0,27.43885139089614,10,edge_flip_spectral,,,,,,1e-05,0.2,0.02,0.2,0.20000000298023224,0.01759999990463257,0.1951020359992981,1.0
100,1.0,27.43885139089614,10,sbm_dpsgd_all_noised,26.32774027978503,5.635918426327381,11.0,6.0,5.0,1e-05,0.2,0.02,0.2,0.19257555902004242,0.1057327538728714,0.1589720994234085,0.09770198377892804
100,2.0,11.728684954707337,10,edge_flip_vem,,,108,,,1e-05,0.2,0.02,0.2,0.19999516010284424,0.01759222522377968,0.19591346383094788,1.0
100,2.0,11.728684954707337,10,edge_flip_spectral,,,,,,1e-05,0.2,0.02,0.2,0.19999516010284424,0.01759222522377968,0.19591346383094788,1.0
100,2.0,11.728684954707337,10,sbm_dpsgd_all_noised,11.245049229064149,2.668102829441137,11.0,6.0,5.0,1e-05,0.2,0.02,0.2,0.21869611740112305,0.07696700096130371,0.17476913332939148,0.41725117676350326
100,5.0,4.1484505404580005,10,edge_flip_vem,,,166,,,1e-05,0.2,0.02,0.2,0.19879989326000214,0.02193855307996273,0.1962723284959793,1.0
100,5.0,4.1484505404580005,10,edge_flip_spectral,,,,,,1e-05,0.2,0.02,0.2,0.19879989326000214,0.02193855307996273,0.1962723284959793,1.0
100,5.0,4.1484505404580005,10,sbm_dpsgd_all_noised,3.992894984902444,1.0338953100711687,11.0,6.0,5.0,1e-05,0.2,0.02,0.2,0.2596662640571594,0.12164405733346939,0.18256886303424835,0.15944314871033458
100,10.0,1.9945956405993723,10,edge_flip_vem,,,241,,,1e-05,0.2,0.02,0.2,0.1815883368253708,0.010316472500562668,0.21730701625347137,0.6917588737329794
100,10.0,1.9945956405993723,10,edge_flip_spectral,,,,,,1e-05,0.2,0.02,0.2,0.18166318535804749,0.012670719996094704,0.21088679134845734,0.5333833942150725
100,10.0,1.9945956405993723,10,sbm_dpsgd_all_noised,1.9223734183771504,0.5431122541136532,11.0,6.0,5.0,1e-05,0.2,0.02,0.2,0.3715996742248535,0.1407250612974167,0.2347148209810257,0.10845148370655991
100,20.0,0.977390412892278,10,edge_flip_vem,,,265,,,1e-05,0.2,0.02,0.2,0.1041443720459938,0.0,0.0,0.0
100,20.0,0.977390412892278,10,edge_flip_spectral,,,,,,1e-05,0.2,0.02,0.2,0.18318381905555725,0.0,0.26929283142089844,0.005010844677767303
100,20.0,0.977390412892278,10,sbm_dpsgd_all_noised,0.9419985000802904,0.40561225411365304,11.0,6.0,5.0,1e-05,0.2,0.02,0.2,0.49854525923728943,0.19440199434757233,0.3501330316066742,0.004788064483641013
100,1.0,27.43885139089614,11,edge_flip_vem,,,274,,,1e-05,0.2,0.02,0.2,0.0,0.0,0.11252525448799133,0.0
100,1.0,27.43885139089614,11,edge_flip_spectral,,,,,,1e-05,0.2,0.02,0.2,0.2024489790201187,0.023600000888109207,0.20408163964748383,1.0
100,1.0,27.43885139089614,11,sbm_dpsgd_all_noised,26.32774027978503,5.635918426327381,11.0,6.0,5.0,1e-05,0.2,0.02,0.2,0.21818429231643677,0.0644349455833435,0.17988038063049316,0.5333833942150725
100,2.0,11.728684954707337,11,edge_flip_vem,,,274,,,1e-05,0.2,0.02,0.2,0.0,0.0,0.11251900345087051,0.0
100,2.0,11.728684954707337,11,edge_flip_spectral,,,,,,1e-05,0.2,0.02,0.2,0.2024441808462143,0.023592321202158928,0.2040768563747406,1.0
100,2.0,11.728684954707337,11,sbm_dpsgd_all_noised,11.245049229064149,2.668102829441137,11.0,6.0,5.0,1e-05,0.2,0.02,0.2,0.22386394441127777,0.07493572682142258,0.17236359417438507,0.3987532145992851
100,5.0,4.1484505404580005,11,edge_flip_vem,,,329,,,1e-05,0.2,0.02,0.2,0.0,0.0,0.11322901397943497,0.0
100,5.0,4.1484505404580005,11,edge_flip_spectral,,,,,,1e-05,0.2,0.02,0.2,0.19879989326000214,0.023589888587594032,0.21059513092041016,1.0
100,5.0,4.1484505404580005,11,sbm_dpsgd_all_noised,3.992894984902444,1.0338953100711687,11.0,6.0,5.0,1e-05,0.2,0.02,0.2,0.2517269551753998,0.08248721063137054,0.18014295399188995,0.32091195187981514
100,10.0,1.9945956405993723,11,edge_flip_vem,,,250,,,1e-05,0.2,0.02,0.2,0.1254245936870575,0.0,0.0,0.0
100,10.0,1.9945956405993723,11,edge_flip_spectral,,,,,,1e-05,0.2,0.02,0.2,0.22737829387187958,0.05087069049477577,0.1821887344121933,0.33670519695542883
100,10.0,1.9945956405993723,11,sbm_dpsgd_all_noised,1.9223734183771504,0.5431122541136532,11.0,6.0,5.0,1e-05,0.2,0.02,0.2,0.29541143774986267,0.09838751703500748,0.24948720633983612,0.08552565975067121
100,20.0,0.977390412892278,11,edge_flip_vem,,,372,,,1e-05,0.2,0.02,0.2,0.11484317481517792,0.0,0.0,0.0
100,20.0,0.977390412892278,11,edge_flip_spectral,,,,,,1e-05,0.2,0.02,0.2,0.1971295326948166,0.0,0.31220191717147827,0.07535671081028444
100,20.0,0.977390412892278,11,sbm_dpsgd_all_noised,0.9419985000802904,0.40561225411365304,11.0,6.0,5.0,1e-05,0.2,0.02,0.2,0.36303383111953735,0.15617039799690247,0.39285939931869507,0.02964327933391515
100,1.0,27.43885139089614,12,edge_flip_vem,,,197,,,1e-05,0.2,0.02,0.2,0.18448980152606964,0.018799999728798866,0.19755102694034576,1.0
100,1.0,27.43885139089614,12,edge_flip_spectral,,,,,,1e-05,0.2,0.02,0.2,0.19755102694034576,0.018799999728798866,0.18448980152606964,1.0
100,1.0,27.43885139089614,12,sbm_dpsgd_all_noised,26.32774027978503,5.635918426327381,11.0,6.0,5.0,1e-05,0.2,0.02,0.2,0.19269613921642303,0.09108718484640121,0.15726180374622345,0.2296435528730941
100,2.0,11.728684954707337,12,edge_flip_vem,,,197,,,1e-05,0.2,0.02,0.2,0.18448470532894135,0.01879224367439747,0.19754613935947418,1.0
100,2.0,11.728684954707337,12,edge_flip_spectral,,,,,,1e-05,0.2,0.02,0.2,0.19754613935947418,0.01879224367439747,0.18448470532894135,1.0
100,2.0,11.728684954707337,12,sbm_dpsgd_all_noised,11.245049229064149,2.668102829441137,11.0,6.0,5.0,1e-05,0.2,0.02,0.2,0.19082148373126984,0.08081493526697159,0.1675432175397873,0.3239237983436304
100,5.0,4.1484505404580005,12,edge_flip_vem,,,315,,,1e-05,0.2,0.02,0.2,0.18363456428050995,0.02070005238056183,0.20048493146896362,1.0
100,5.0,4.1484505404580005,12,edge_flip_spectral,,,,,,1e-05,0.2,0.02,0.2,0.20048493146896362,0.02070005238056183,0.18363456428050995,1.0
100,5.0,4.1484505404580005,12,sbm_dpsgd_all_noised,3.992894984902444,1.0338953100711687,11.0,6.0,5.0,1e-05,0.2,0.02,0.2,0.23458026349544525,0.10479144006967545,0.16318103671073914,0.12349430157944018
100,10.0,1.9945956405993723,12,edge_flip_vem,,,677,,,1e-05,0.2,0.02,0.2,0.0,0.0,0.10124985873699188,0.0
100,10.0,1.9945956405993723,12,edge_flip_spectral,,,,,,1e-05,0.2,0.02,0.2,0.2094770073890686,0.013279668055474758,0.17551977932453156,0.42977137131885146
100,10.0,1.9945956405993723,12,sbm_dpsgd_all_noised,1.9223734183771504,0.5431122541136532,11.0,6.0,5.0,1e-05,0.2,0.02,0.2,0.3395625650882721,0.14032858610153198,0.25349530577659607,0.11005444548223992
100,20.0,0.977390412892278,12,edge_flip_vem,,,323,,,1e-05,0.2,0.02,0.2,0.0,0.0,0.11573474109172821,0.0
100,20.0,0.977390412892278,12,edge_flip_spectral,,,,,,1e-05,0.2,0.02,0.2,0.18312786519527435,0.0,0.3871610760688782,0.05877312749549573
100,20.0,0.977390412892278,12,sbm_dpsgd_all_noised,0.9419985000802904,0.40561225411365304,11.0,6.0,5.0,1e-05,0.2,0.02,0.2,0.42794549465179443,0.17372703552246094,0.4176904559135437,0.023829731360150475
100,1.0,27.43885139089614,13,edge_flip_vem,,,601,,,1e-05,0.2,0.02,0.2,0.21877551078796387,0.02319999970495701,0.1893877536058426,1.0
100,1.0,27.43885139089614,13,edge_flip_spectral,,,,,,1e-05,0.2,0.02,0.2,0.1893877536058426,0.02319999970495701,0.21877551078796387,1.0
100,1.0,27.43885139089614,13,sbm_dpsgd_all_noised,26.32774027978503,5.635918426327381,11.0,6.0,5.0,1e-05,0.2,0.02,0.2,0.199574276804924,0.04830005764961243,0.20934642851352692,0.6917588737329794
100,2.0,11.728684954707337,13,edge_flip_vem,,,647,,,1e-05,0.2,0.02,0.2,0.21877098083496094,0.023592321202158928,0.18938274681568146,1.0
100,2.0,11.728684954707337,13,edge_flip_spectral,,,,,,1e-05,0.2,0.02,0.2,0.18938274681568146,0.023592321202158928,0.21877098083496094,1.0
100,2.0,11.728684954707337,13,sbm_dpsgd_all_noised,11.245049229064149,2.668102829441137,11.0,6.0,5.0,1e-05,0.2,0.02,0.2,0.20596648752689362,0.04210192710161209,0.21401284635066986,0.6917588737329794
100,5.0,4.1484505404580005,13,edge_flip_vem,,,574,,,1e-05,0.2,0.02,0.2,0.2173352837562561,0.02028721757233143,0.19711485505104065,1.0
100,5.0,4.1484505404580005,13,edge_flip_spectral,,,,,,1e-05,0.2,0.02,0.2,0.19711485505104065,0.02028721757233143,0.2173352837562561,1.0
100,5.0,4.1484505404580005,13,sbm_dpsgd_all_noised,3.992894984902444,1.0338953100711687,11.0,6.0,5.0,1e-05,0.2,0.02,0.2,0.21834005415439606,0.06209000200033188,0.22507968544960022,0.47250107612143855
100,10.0,1.9945956405993723,13,edge_flip_vem,,,567,,,1e-05,0.2,0.02,0.2,0.0,0.0,0.11028217524290085,0.0
100,10.0,1.9945956405993723,13,edge_flip_spectral,,,,,,1e-05,0.2,0.02,0.2,0.19361422955989838,0.02720031514763832,0.19626106321811676,0.564205452925309
100,10.0,1.9945956405993723,13,sbm_dpsgd_all_noised,1.9223734183771504,0.5431122541136532,11.0,6.0,5.0,1e-05,0.2,0.02,0.2,0.2614958584308624,0.09087395668029785,0.2661226689815521,0.17370025636967704
100,20.0,0.977390412892278,13,edge_flip_vem,,,240,,,1e-05,0.2,0.02,0.2,0.0,0.0,0.11573474109172821,0.0
100,20.0,0.977390412892278,13,edge_flip_spectral,,,,,,1e-05,0.2,0.02,0.2,0.2580171525478363,0.0,0.21858173608779907,0.01871144634398399
100,20.0,0.977390412892278,13,sbm_dpsgd_all_noised,0.9419985000802904,0.40561225411365304,11.0,6.0,5.0,1e-05,0.2,0.02,0.2,0.349914014339447,0.09555422514677048,0.3526739478111267,0.03522021495407305
100,1.0,27.43885139089614,14,edge_flip_vem,,,584,,,1e-05,0.2,0.02,0.2,0.20816326141357422,0.02199999988079071,0.17877550423145294,1.0
100,1.0,27.43885139089614,14,edge_flip_spectral,,,,,,1e-05,0.2,0.02,0.2,0.20816326141357422,0.02199999988079071,0.17877550423145294,1.0
100,1.0,27.43885139089614,14,sbm_dpsgd_all_noised,26.32774027978503,5.635918426327381,11.0,6.0,5.0,1e-05,0.2,0.02,0.2,0.1900397390127182,0.07449419796466827,0.19528333842754364,0.3656904453594348
100,2.0,11.728684954707337,14,edge_flip_vem,,,584,,,1e-05,0.2,0.02,0.2,0.20815856754779816,0.02199229598045349,0.17877033352851868,1.0
100,2.0,11.728684954707337,14,edge_flip_spectral,,,,,,1e-05,0.2,0.02,0.2,0.20815856754779816,0.02199229598045349,0.17877033352851868,1.0
100,2.0,11.728684954707337,14,sbm_dpsgd_all_noised,11.245049229064149,2.668102829441137,11.0,6.0,5.0,1e-05,0.2,0.02,0.2,0.2039821594953537,0.06950253248214722,0.20149292051792145,0.44297551540683705
100,5.0,4.1484505404580005,14,edge_flip_vem,,,390,,,1e-05,0.2,0.02,0.2,0.18668869137763977,0.01906275935471058,0.2008979171514511,0.9291252238549075
100,5.0,4.1484505404580005,14,edge_flip_spectral,,,,,,1e-05,0.2,0.02,0.2,0.2008979171514511,0.01906275935471058,0.18668869137763977,0.9291252238549075
100,5.0,4.1484505404580005,14,sbm_dpsgd_all_noised,3.992894984902444,1.0338953100711687,11.0,6.0,5.0,1e-05,0.2,0.02,0.2,0.2583807110786438,0.08254226297140121,0.2281380444765091,0.25870096797707953
100,10.0,1.9945956405993723,14,edge_flip_vem,,,855,,,1e-05,0.2,0.02,0.2,0.16757483780384064,0.06229325756430626,0.0,0.0014615125060597647
100,10.0,1.9945956405993723,14,edge_flip_spectral,,,,,,1e-05,0.2,0.02,0.2,0.18405872583389282,0.021818621084094048,0.1983565092086792,0.4883691052528024
100,10.0,1.9945956405993723,14,sbm_dpsgd_all_noised,1.9223734183771504,0.5431122541136532,11.0,6.0,5.0,1e-05,0.2,0.02,0.2,0.3459661900997162,0.11021803319454193,0.3360007107257843,0.11899809135944689
100,20.0,0.977390412892278,14,edge_flip_vem,,,402,,,1e-05,0.2,0.02,0.2,0.09255401045084,0.0,0.0,0.0
100,20.0,0.977390412892278,14,edge_flip_spectral,,,,,,1e-05,0.2,0.02,0.2,0.197663351893425,0.0,0.2574109137058258,0.02964327933391515
100,20.0,0.977390412892278,14,sbm_dpsgd_all_noised,0.9419985000802904,0.40561225411365304,11.0,6.0,5.0,1e-05,0.2,0.02,0.2,0.48725625872612,0.14293520152568817,0.49114343523979187,0.014192781347010507
100,1.0,27.43885139089614,15,edge_flip_vem,,,242,,,1e-05,0.2,0.02,0.2,0.19183672964572906,0.01759999990463257,0.19428572058677673,1.0
100,1.0,27.43885139089614,15,edge_flip_spectral,,,,,,1e-05,0.2,0.02,0.2,0.19428572058677673,0.01759999990463257,0.19183672964572906,1.0
100,1.0,27.43885139089614,15,sbm_dpsgd_all_noised,26.32774027978503,5.635918426327381,11.0,6.0,5.0,1e-05,0.2,0.02,0.2,0.17139816284179688,0.1005929559469223,0.17173336446285248,0.03522021495407305
100,2.0,11.728684954707337,15,edge_flip_vem,,,242,,,1e-05,0.2,0.02,0.2,0.1918317675590515,0.01759222522377968,0.19428078830242157,1.0
100,2.0,11.728684954707337,15,edge_flip_spectral,,,,,,1e-05,0.2,0.02,0.2,0.19428078830242157,0.01759222522377968,0.1918317675590515,1.0
100,2.0,11.728684954707337,15,sbm_dpsgd_all_noised,11.245049229064149,2.668102829441137,11.0,6.0,5.0,1e-05,0.2,0.02,0.2,0.16653013229370117,0.09694081544876099,0.18167534470558167,0.08512364196850929
100,5.0,4.1484505404580005,15,edge_flip_vem,,,280,,,1e-05,0.2,0.02,0.2,0.18956522643566132,0.0174107626080513,0.19985303282737732,0.9291252238549075
100,5.0,4.1484505404580005,15,edge_flip_spectral,,,,,,1e-05,0.2,0.02,0.2,0.20446522533893585,0.017864465713500977,0.1847706288099289,0.8782063702756283
100,5.0,4.1484505404580005,15,sbm_dpsgd_all_noised,3.992894984902444,1.0338953100711687,11.0,6.0,5.0,1e-05,0.2,0.02,0.2,0.19737182557582855,0.10380853712558746,0.17820695042610168,0.00742391202620948
100,10.0,1.9945956405993723,15,edge_flip_vem,,,239,,,1e-05,0.2,0.02,0.2,0.0,0.0,0.09939026832580566,0.0
100,10.0,1.9945956405993723,15,edge_flip_spectral,,,,,,1e-05,0.2,0.02,0.2,0.23379293084144592,0.007215210702270269,0.16529399156570435,0.6440291373102315
100,10.0,1.9945956405993723,15,sbm_dpsgd_all_noised,1.9223734183771504,0.5431122541136532,11.0,6.0,5.0,1e-05,0.2,0.02,0.2,0.24501767754554749,0.09384988993406296,0.2171979695558548,0.036191778422235275
100,20.0,0.977390412892278,15,edge_flip_vem,,,256,,,1e-05,0.2,0.02,0.2,0.11439739167690277,0.0,0.0,0.0
100,20.0,0.977390412892278,15,edge_flip_spectral,,,,,,1e-05,0.2,0.02,0.2,0.18891528248786926,0.0,0.33994007110595703,0.1636019812595352
100,20.0,0.977390412892278,15,sbm_dpsgd_all_noised,0.9419985000802904,0.40561225411365304,11.0,6.0,5.0,1e-05,0.2,0.02,0.2,0.33146390318870544,0.20628297328948975,0.2834053635597229,0.010504647530909251
100,1.0,27.43885139089614,16,edge_flip_vem,,,713,,,1e-05,0.2,0.02,0.2,0.19265305995941162,0.021199999377131462,0.19346939027309418,1.0
100,1.0,27.43885139089614,16,edge_flip_spectral,,,,,,1e-05,0.2,0.02,0.2,0.19265305995941162,0.021199999377131462,0.19346939027309418,1.0
100,1.0,27.43885139089614,16,sbm_dpsgd_all_noised,26.32774027978503,5.635918426327381,11.0,6.0,5.0,1e-05,0.2,0.02,0.2,0.16988825798034668,0.11042749881744385,0.1812828779220581,0.0025998294462112
100,2.0,11.728684954707337,16,edge_flip_vem,,,713,,,1e-05,0.2,0.02,0.2,0.19264811277389526,0.021192282438278198,0.19346444308757782,1.0
100,2.0,11.728684954707337,16,edge_flip_spectral,,,,,,1e-05,0.2,0.02,0.2,0.19264811277389526,0.021192282438278198,0.19346444308757782,1.0
100,2.0,11.728684954707337,16,sbm_dpsgd_all_noised,11.245049229064149,2.668102829441137,11.0,6.0,5.0,1e-05,0.2,0.02,0.2,0.17413726449012756,0.11316443979740143,0.1882745772600174,0.007229504798286565
100,5.0,4.1484505404580005,16,edge_flip_vem,,,825,,,1e-05,0.2,0.02,0.2,0.1962723284959793,0.014507546089589596,0.19121722877025604,1.0
100,5.0,4.1484505404580005,16,edge_flip_spectral,,,,,,1e-05,0.2,0.02,0.2,0.1962723284959793,0.014507546089589596,0.19121722877025604,1.0
100,5.0,4.1484505404580005,16,sbm_dpsgd_all_noised,3.992894984902444,1.0338953100711687,11.0,6.0,5.0,1e-05,0.2,0.02,0.2,0.19897492229938507,0.12285058200359344,0.21495220065116882,0.010412478777945247
100,10.0,1.9945956405993723,16,edge_flip_vem,,,452,,,1e-05,0.2,0.02,0.2,0.0,0.0,0.11054783314466476,0.0
100,10.0,1.9945956405993723,16,edge_flip_spectral,,,,,,1e-05,0.2,0.02,0.2,0.1880100965499878,0.01825474388897419,0.22268733382225037,0.5642054529253091
100,10.0,1.9945956405993723,16,sbm_dpsgd_all_noised,1.9223734183771504,0.5431122541136532,11.0,6.0,5.0,1e-05,0.2,0.02,0.2,0.26147371530532837,0.12567752599716187,0.27239713072776794,0.007261306984853738
100,20.0,0.977390412892278,16,edge_flip_vem,,,295,,,1e-05,0.2,0.02,0.2,0.0,0.0,0.10102389007806778,0.0
100,20.0,0.977390412892278,16,edge_flip_spectral,,,,,,1e-05,0.2,0.02,0.2,0.28602397441864014,0.0,0.21692757308483124,0.10845148370655991
100,20.0,0.977390412892278,16,sbm_dpsgd_all_noised,0.9419985000802904,0.40561225411365304,11.0,6.0,5.0,1e-05,0.2,0.02,0.2,0.36595016717910767,0.12594754993915558,0.3574901521205902,0.007229504798286565
100,1.0,27.43885139089614,17,edge_flip_vem,,,279,,,1e-05,0.2,0.02,0.2,0.19755102694034576,0.024399999529123306,0.18857142329216003,1.0
100,1.0,27.43885139089614,17,edge_flip_spectral,,,,,,1e-05,0.2,0.02,0.2,0.18352940678596497,0.024809924885630608,0.2023809552192688,0.9291252238549075
100,1.0,27.43885139089614,17,sbm_dpsgd_all_noised,26.32774027978503,5.635918426327381,11.0,6.0,5.0,1e-05,0.2,0.02,0.2,0.17523452639579773,0.09148667752742767,0.18323269486427307,0.18983907181393703
100,2.0,11.728684954707337,17,edge_flip_vem,,,279,,,1e-05,0.2,0.02,0.2,0.19754613935947418,0.02439233474433422,0.1885664016008377,1.0
100,2.0,11.728684954707337,17,edge_flip_spectral,,,,,,1e-05,0.2,0.02,0.2,0.18352431058883667,0.02480226382613182,0.20237615704536438,0.9291252238549075
100,2.0,11.728684954707337,17,sbm_dpsgd_all_noised,11.245049229064149,2.668102829441137,11.0,6.0,5.0,1e-05,0.2,0.02,0.2,0.17747099697589874,0.09948579221963882,0.1872418373823166,0.17325362750738257
100,5.0,4.1484505404580005,17,edge_flip_vem,,,355,,,1e-05,0.2,0.02,0.2,0.1979573667049408,0.026892557740211487,0.1903747171163559,1.0
100,5.0,4.1484505404580005,17,edge_flip_spectral,,,,,,1e-05,0.2,0.02,0.2,0.1903747171163559,0.026892557740211487,0.1979573667049408,1.0
100,5.0,4.1484505404580005,17,sbm_dpsgd_all_noised,3.992894984902444,1.0338953100711687,11.0,6.0,5.0,1e-05,0.2,0.02,0.2,0.21228265762329102,0.0970500037074089,0.22024808824062347,0.2049597206154786
100,10.0,1.9945956405993723,17,edge_flip_vem,,,156,,,1e-05,0.2,0.02,0.2,0.10603167861700058,0.0,0.0,0.0
100,10.0,1.9945956405993723,17,edge_flip_spectral,,,,,,1e-05,0.2,0.02,0.2,0.22620072960853577,0.016139736399054527,0.17515578866004944,0.6917588737329794
100,10.0,1.9945956405993723,17,sbm_dpsgd_all_noised,1.9223734183771504,0.5431122541136532,11.0,6.0,5.0,1e-05,0.2,0.02,0.2,0.27558255195617676,0.1098170354962349,0.2868465781211853,0.01871144634398399
100,20.0,0.977390412892278,17,edge_flip_vem,,,365,,,1e-05,0.2,0.02,0.2,0.07561424374580383,0.0,0.0,0.0
100,20.0,0.977390412892278,17,edge_flip_spectral,,,,,,1e-05,0.2,0.02,0.2,0.1671358346939087,0.0,0.25953418016433716,0.04444801538936912
100,20.0,0.977390412892278,17,sbm_dpsgd_all_noised,0.9419985000802904,0.40561225411365304,11.0,6.0,5.0,1e-05,0.2,0.02,0.2,0.3705969452857971,0.12793059647083282,0.4175592362880707,0.018587207287721865
100,1.0,27.43885139089614,18,edge_flip_vem,,,286,,,1e-05,0.2,0.02,0.2,0.20326530933380127,0.019999999552965164,0.18775510787963867,1.0
100,1.0,27.43885139089614,18,edge_flip_spectral,,,,,,1e-05,0.2,0.02,0.2,0.18775510787963867,0.019999999552965164,0.20326530933380127,1.0
100,1.0,27.43885139089614,18,sbm_dpsgd_all_noised,26.32774027978503,5.635918426327381,11.0,6.0,5.0,1e-05,0.2,0.02,0.2,0.16408011317253113,0.08870753645896912,0.19282163679599762,0.24252715675612999
100,2.0,11.728684954707337,18,edge_flip_vem,,,286,,,1e-05,0.2,0.02,0.2,0.20326052606105804,0.01999226212501526,0.18775007128715515,1.0
100,2.0,11.728684954707337,18,edge_flip_spectral,,,,,,1e-05,0.2,0.02,0.2,0.18775007128715515,0.01999226212501526,0.20326052606105804,1.0
100,2.0,11.728684954707337,18,sbm_dpsgd_all_noised,11.245049229064149,2.668102829441137,11.0,6.0,5.0,1e-05,0.2,0.02,0.2,0.18175072968006134,0.09348256140947342,0.18684113025665283,0.24050017325584555
100,5.0,4.1484505404580005,18,edge_flip_vem,,,218,,,1e-05,0.2,0.02,0.2,0.2038549929857254,0.02070005238056183,0.1920597404241562,1.0
100,5.0,4.1484505404580005,18,edge_flip_spectral,,,,,,1e-05,0.2,0.02,0.2,0.1920597404241562,0.02070005238056183,0.2038549929857254,1.0
100,5.0,4.1484505404580005,18,sbm_dpsgd_all_noised,3.992894984902444,1.0338953100711687,11.0,6.0,5.0,1e-05,0.2,0.02,0.2,0.21415574848651886,0.12259871512651443,0.19634029269218445,0.09770198377892804
100,10.0,1.9945956405993723,18,edge_flip_vem,,,275,,,1e-05,0.2,0.02,0.2,0.0,0.0,0.09221754968166351,0.0
100,10.0,1.9945956405993723,18,edge_flip_spectral,,,,,,1e-05,0.2,0.02,0.2,0.1902596354484558,0.009309174492955208,0.16428855061531067,0.6349910030198423
100,10.0,1.9945956405993723,18,sbm_dpsgd_all_noised,1.9223734183771504,0.5431122541136532,11.0,6.0,5.0,1e-05,0.2,0.02,0.2,0.28201577067375183,0.136357381939888,0.22960533201694489,0.036191778422235275
100,20.0,0.977390412892278,18,edge_flip_vem,,,934,,,1e-05,0.2,0.02,0.2,0.1892966777086258,0.0,0.0,0.0
100,20.0,0.977390412892278,18,edge_flip_spectral,,,,,,1e-05,0.2,0.02,0.2,0.2047470062971115,0.006354630924761295,0.3832472264766693,0.07826071896776299
100,20.0,0.977390412892278,18,sbm_dpsgd_all_noised,0.9419985000802904,0.40561225411365304,11.0,6.0,5.0,1e-05,0.2,0.02,0.2,0.37163645029067993,0.14260795712471008,0.3180030286312103,0.004788064483641013
100,1.0,27.43885139089614,19,edge_flip_vem,,,222,,,1e-05,0.2,0.02,0.2,0.18448980152606964,0.015200000256299973,0.19265305995941162,1.0
100,1.0,27.43885139089614,19,edge_flip_spectral,,,,,,1e-05,0.2,0.02,0.2,0.18448980152606964,0.015200000256299973,0.19265305995941162,1.0
100,1.0,27.43885139089614,19,sbm_dpsgd_all_noised,26.32774027978503,5.635918426327381,11.0,6.0,5.0,1e-05,0.2,0.02,0.2,0.1659557819366455,0.07081254571676254,0.1830522119998932,0.29875197511813195
100,2.0,11.728684954707337,19,edge_flip_vem,,,222,,,1e-05,0.2,0.02,0.2,0.18448470532894135,0.015192185528576374,0.19264811277389526,1.0
100,2.0,11.728684954707337,19,edge_flip_spectral,,,,,,1e-05,0.2,0.02,0.2,0.18448470532894135,0.015192185528576374,0.19264811277389526,1.0
100,2.0,11.728684954707337,19,sbm_dpsgd_all_noised,11.245049229064149,2.668102829441137,11.0,6.0,5.0,1e-05,0.2,0.02,0.2,0.17869791388511658,0.066889688372612,0.17890998721122742,0.41576118835714454
100,5.0,4.1484505404580005,19,edge_flip_vem,,,243,,,1e-05,0.2,0.02,0.2,0.10051040351390839,0.0,0.0,0.0
100,5.0,4.1484505404580005,19,edge_flip_spectral,,,,,,1e-05,0.2,0.02,0.2,0.1827920526266098,0.01409471221268177,0.19458730518817902,1.0
100,5.0,4.1484505404580005,19,sbm_dpsgd_all_noised,3.992894984902444,1.0338953100711687,11.0,6.0,5.0,1e-05,0.2,0.02,0.2,0.18661662936210632,0.11741118878126144,0.18170927464962006,0.06597001273417051
100,10.0,1.9945956405993723,19,edge_flip_vem,,,774,,,1e-05,0.2,0.02,0.2,0.28083354234695435,0.22946639358997345,0.08935125172138214,0.012637056407904105
100,10.0,1.9945956405993723,19,edge_flip_spectral,,,,,,1e-05,0.2,0.02,0.2,0.17381198704242706,0.010611245408654213,0.2150372564792633,0.7287008798015754
100,10.0,1.9945956405993723,19,sbm_dpsgd_all_noised,1.9223734183771504,0.5431122541136532,11.0,6.0,5.0,1e-05,0.2,0.02,0.2,0.22820289433002472,0.14871814846992493,0.306401789188385,0.024598769673812613
100,20.0,0.977390412892278,19,edge_flip_vem,,,262,,,1e-05,0.2,0.02,0.2,0.11261425912380219,0.0,0.0,0.0
100,20.0,0.977390412892278,19,edge_flip_spectral,,,,,,1e-05,0.2,0.02,0.2,0.23953139781951904,0.0,0.220418781042099,0.0002887154108162253
100,20.0,0.977390412892278,19,sbm_dpsgd_all_noised,0.9419985000802904,0.40561225411365304,11.0,6.0,5.0,1e-05,0.2,0.02,0.2,0.3176005780696869,0.19786860048770905,0.48647353053092957,0.0058559370059376465
1000,1.0,27.43885139089614,0,edge_flip_vem,,,187,,,1e-05,0.2,0.02,0.2,0.19797194004058838,0.02016800083220005,0.20113025605678558,1.0
1000,1.0,27.43885139089614,0,edge_flip_spectral,,,,,,1e-05,0.2,0.02,0.2,0.19797194004058838,0.02016800083220005,0.20113025605678558,1.0
1000,1.0,27.43885139089614,0,sbm_dpsgd_all_noised,26.32774027978503,5.635918426327381,11.0,6.0,5.0,1e-05,0.2,0.02,0.2,0.21793586015701294,0.011651028878986835,0.21797344088554382,1.0
1000,2.0,11.728684954707337,0,edge_flip_vem,,,276,,,1e-05,0.2,0.02,0.2,0.19797509908676147,0.020160265266895294,0.20113345980644226,1.0
1000,2.0,11.728684954707337,0,edge_flip_spectral,,,,,,1e-05,0.2,0.02,0.2,0.19797509908676147,0.020160265266895294,0.20113345980644226,1.0
1000,2.0,11.728684954707337,0,sbm_dpsgd_all_noised,11.245049229064149,2.668102829441137,11.0,6.0,5.0,1e-05,0.2,0.02,0.2,0.21651726961135864,0.012556619010865688,0.21636196970939636,1.0
1000,5.0,4.1484505404580005,0,edge_flip_vem,,,351,,,1e-05,0.2,0.02,0.2,0.19720838963985443,0.01986199989914894,0.2008320689201355,1.0
1000,5.0,4.1484505404580005,0,edge_flip_spectral,,,,,,1e-05,0.2,0.02,0.2,0.19720838963985443,0.01986199989914894,0.2008320689201355,1.0
1000,5.0,4.1484505404580005,0,sbm_dpsgd_all_noised,3.992894984902444,1.0338953100711687,11.0,6.0,5.0,1e-05,0.2,0.02,0.2,0.20166710019111633,0.028963299468159676,0.20030158758163452,0.8937263069153404
1000,10.0,1.9945956405993723,0,edge_flip_vem,,,755,,,1e-05,0.2,0.02,0.2,0.19716553390026093,0.01933112181723118,0.2002013623714447,1.0
1000,10.0,1.9945956405993723,0,edge_flip_spectral,,,,,,1e-05,0.2,0.02,0.2,0.19716553390026093,0.01933112181723118,0.2002013623714447,1.0
1000,10.0,1.9945956405993723,0,sbm_dpsgd_all_noised,1.9223734183771504,0.5431122541136532,11.0,6.0,5.0,1e-05,0.2,0.02,0.2,0.16533048450946808,0.1104794591665268,0.16373001039028168,0.11387710527018899
1000,20.0,0.977390412892278,0,edge_flip_vem,,,483,,,1e-05,0.2,0.02,0.2,0.0,0.0,0.10617770999670029,0.0
1000,20.0,0.977390412892278,0,edge_flip_spectral,,,,,,1e-05,0.2,0.02,0.2,0.19420225918293,0.01756528578698635,0.19570235908031464,0.9407784986059179
1000,20.0,0.977390412892278,0,sbm_dpsgd_all_noised,0.9419985000802904,0.40561225411365304,11.0,6.0,5.0,1e-05,0.2,0.02,0.2,0.21093036234378815,0.018274685367941856,0.2107687145471573,0.9559686359019146
1000,1.0,27.43885139089614,1,edge_flip_vem,,,292,,,1e-05,0.2,0.02,0.2,0.2011222392320633,0.0205680001527071,0.20107415318489075,1.0
1000,1.0,27.43885139089614,1,edge_flip_spectral,,,,,,1e-05,0.2,0.02,0.2,0.20107415318489075,0.0205680001527071,0.2011222392320633,1.0
1000,1.0,27.43885139089614,1,sbm_dpsgd_all_noised,26.32774027978503,5.635918426327381,11.0,6.0,5.0,1e-05,0.2,0.02,0.2,0.2076767235994339,0.02136467956006527,0.20730482041835785,0.9470849196551532
1000,2.0,11.728684954707337,1,edge_flip_vem,,,210,,,1e-05,0.2,0.02,0.2,0.20112544298171997,0.020572273060679436,0.20107734203338623,1.0
1000,2.0,11.728684954707337,1,edge_flip_spectral,,,,,,1e-05,0.2,0.02,0.2,0.20107734203338623,0.020572273060679436,0.20112544298171997,1.0
1000,2.0,11.728684954707337,1,sbm_dpsgd_all_noised,11.245049229064149,2.668102829441137,11.0,6.0,5.0,1e-05,0.2,0.02,0.2,0.21140216290950775,0.016985973343253136,0.21181154251098633,0.9791859286644994
1000,5.0,4.1484505404580005,1,edge_flip_vem,,,256,,,1e-05,0.2,0.02,0.2,0.20037703216075897,0.020493635907769203,0.2016676515340805,1.0
1000,5.0,4.1484505404580005,1,edge_flip_spectral,,,,,,1e-05,0.2,0.02,0.2,0.2016676515340805,0.020493635907769203,0.20037703216075897,1.0
1000,5.0,4.1484505404580005,1,sbm_dpsgd_all_noised,3.992894984902444,1.0338953100711687,11.0,6.0,5.0,1e-05,0.2,0.02,0.2,0.17721331119537354,0.08808653801679611,0.17228303849697113,0.31380864701847483
1000,10.0,1.9945956405993723,1,edge_flip_vem,,,402,,,1e-05,0.2,0.02,0.2,0.20098139345645905,0.021130040287971497,0.2014557421207428,1.0
1000,10.0,1.9945956405993723,1,edge_flip_spectral,,,,,,1e-05,0.2,0.02,0.2,0.2014557421207428,0.021130040287971497,0.20098139345645905,1.0
1000,10.0,1.9945956405993723,1,sbm_dpsgd_all_noised,1.9223734183771504,0.5431122541136532,11.0,6.0,5.0,1e-05,0.2,0.02,0.2,0.15962021052837372,0.12238296866416931,0.1617245078086853,0.0003492078975243081
1000,20.0,0.977390412892278,1,edge_flip_vem,,,386,,,1e-05,0.2,0.02,0.2,0.10915829986333847,0.21116860210895538,1.0,0.00047760000087848365
1000,20.0,0.977390412892278,1,edge_flip_spectral,,,,,,1e-05,0.2,0.02,0.2,0.20347590744495392,0.019445398822426796,0.19717049598693848,0.9735291317877252
1000,20.0,0.977390412892278,1,sbm_dpsgd_all_noised,0.9419985000802904,0.40561225411365304,11.0,6.0,5.0,1e-05,0.2,0.02,0.2,0.16716021299362183,0.10723823308944702,0.166582852602005,0.15149844185536837
1000,1.0,27.43885139089614,2,edge_flip_vem,,,88,,,1e-05,0.2,0.02,0.2,0.20043286681175232,0.01979600079357624,0.20175550878047943,1.0
1000,1.0,27.43885139089614,2,edge_flip_spectral,,,,,,1e-05,0.2,0.02,0.2,0.20175550878047943,0.01979600079357624,0.20043286681175232,1.0
1000,1.0,27.43885139089614,2,sbm_dpsgd_all_noised,26.32774027978503,5.635918426327381,11.0,6.0,5.0,1e-05,0.2,0.02,0.2,0.2192690372467041,0.01082863099873066,0.2240491509437561,1.0
1000,2.0,11.728684954707337,2,edge_flip_vem,,,180,,,1e-05,0.2,0.02,0.2,0.2004280388355255,0.019800260663032532,0.201750710606575,1.0
1000,2.0,11.728684954707337,2,edge_flip_spectral,,,,,,1e-05,0.2,0.02,0.2,0.201750710606575,0.019800260663032532,0.2004280388355255,1.0
1000,2.0,11.728684954707337,2,sbm_dpsgd_all_noised,11.245049229064149,2.668102829441137,11.0,6.0,5.0,1e-05,0.2,0.02,0.2,0.21939031779766083,0.010519442148506641,0.22399967908859253,1.0
1000,5.0,4.1484505404580005,2,edge_flip_vem,,,327,,,1e-05,0.2,0.02,0.2,0.2003687620162964,0.02006428875029087,0.20160147547721863,1.0
1000,5.0,4.1484505404580005,2,edge_flip_spectral,,,,,,1e-05,0.2,0.02,0.2,0.20160147547721863,0.02006428875029087,0.2003687620162964,1.0
1000,5.0,4.1484505404580005,2,sbm_dpsgd_all_noised,3.992894984902444,1.0338953100711687,11.0,6.0,5.0,1e-05,0.2,0.02,0.2,0.2197401523590088,0.01012343354523182,0.22328025102615356,1.0
1000,10.0,1.9945956405993723,2,edge_flip_vem,,,336,,,1e-05,0.2,0.02,0.2,0.20289987325668335,0.01872096210718155,0.20127654075622559,1.0
1000,10.0,1.9945956405993723,2,edge_flip_spectral,,,,,,1e-05,0.2,0.02,0.2,0.20289987325668335,0.01872096210718155,0.20127654075622559,1.0
1000,10.0,1.9945956405993723,2,sbm_dpsgd_all_noised,1.9223734183771504,0.5431122541136532,11.0,6.0,5.0,1e-05,0.2,0.02,0.2,0.2193065732717514,0.010705109685659409,0.22084170579910278,1.0
1000,20.0,0.977390412892278,2,edge_flip_vem,,,371,,,1e-05,0.2,0.02,0.2,0.1101580336689949,0.0,0.0,0.0
1000,20.0,0.977390412892278,2,edge_flip_spectral,,,,,,1e-05,0.2,0.02,0.2,0.2043914943933487,0.0191140528768301,0.19837744534015656,0.9791859286644994
1000,20.0,0.977390412892278,2,sbm_dpsgd_all_noised,0.9419985000802904,0.40561225411365304,11.0,6.0,5.0,1e-05,0.2,0.02,0.2,0.19666267931461334,0.038704752922058105,0.1968992054462433,0.8106720585757164
1000,1.0,27.43885139089614,3,edge_flip_vem,,,145,,,1e-05,0.2,0.02,0.2,0.20043286681175232,0.019783999770879745,0.19933466613292694,1.0
1000,1.0,27.43885139089614,3,edge_flip_spectral,,,,,,1e-05,0.2,0.02,0.2,0.20043286681175232,0.019783999770879745,0.19933466613292694,1.0
1000,1.0,27.43885139089614,3,sbm_dpsgd_all_noised,26.32774027978503,5.635918426327381,11.0,6.0,5.0,1e-05,0.2,0.02,0.2,0.21380773186683655,0.014644269831478596,0.2136978656053543,0.981182940453905
1000,2.0,11.728684954707337,3,edge_flip_vem,,,230,,,1e-05,0.2,0.02,0.2,0.20042002201080322,0.01978025957942009,0.19932982325553894,1.0
1000,2.0,11.728684954707337,3,edge_flip_spectral,,,,,,1e-05,0.2,0.02,0.2,0.20042002201080322,0.01978025957942009,0.19932982325553894,1.0
1000,2.0,11.728684954707337,3,sbm_dpsgd_all_noised,11.245049229064149,2.668102829441137,11.0,6.0,5.0,1e-05,0.2,0.02,0.2,0.2048996537923813,0.024534672498703003,0.20381079614162445,0.9071889961593763
1000,5.0,4.1484505404580005,3,edge_flip_vem,,,244,,,1e-05,0.2,0.02,0.2,0.20007920265197754,0.019700994715094566,0.1992187798023224,1.0
1000,5.0,4.1484505404580005,3,edge_flip_spectral,,,,,,1e-05,0.2,0.02,0.2,0.20007920265197754,0.019700994715094566,0.1992187798023224,1.0
1000,5.0,4.1484505404580005,3,sbm_dpsgd_all_noised,3.992894984902444,1.0338953100711687,11.0,6.0,5.0,1e-05,0.2,0.02,0.2,0.1787353903055191,0.09320748597383499,0.16625650227069855,0.2907861653459468
1000,10.0,1.9945956405993723,3,edge_flip_vem,,,291,,,1e-05,0.2,0.02,0.2,0.20221470296382904,0.020099081099033356,0.20235173404216766,1.0
1000,10.0,1.9945956405993723,3,edge_flip_spectral,,,,,,1e-05,0.2,0.02,0.2,0.20221470296382904,0.020099081099033356,0.20235173404216766,1.0
1000,10.0,1.9945956405993723,3,sbm_dpsgd_all_noised,1.9223734183771504,0.5431122541136532,11.0,6.0,5.0,1e-05,0.2,0.02,0.2,0.19396358728408813,0.05165252462029457,0.18556436896324158,0.6834813085276559
1000,20.0,0.977390412892278,3,edge_flip_vem,,,630,,,1e-05,0.2,0.02,0.2,0.0,0.0,0.1114126518368721,0.0
1000,20.0,0.977390412892278,3,edge_flip_spectral,,,,,,1e-05,0.2,0.02,0.2,0.20006772875785828,0.020395049825310707,0.20519277453422546,0.981182940453905
1000,20.0,0.977390412892278,3,sbm_dpsgd_all_noised,0.9419985000802904,0.40561225411365304,11.0,6.0,5.0,1e-05,0.2,0.02,0.2,0.15772417187690735,0.12403368204832077,0.16175585985183716,0.0008341520472346811
1000,1.0,27.43885139089614,4,edge_flip_vem,,,224,,,1e-05,0.2,0.02,0.2,0.19947895407676697,0.01974800042808056,0.20125050842761993,1.0
1000,1.0,27.43885139089614,4,edge_flip_spectral,,,,,,1e-05,0.2,0.02,0.2,0.20125050842761993,0.01974800042808056,0.19947895407676697,1.0
1000,1.0,27.43885139089614,4,sbm_dpsgd_all_noised,26.32774027978503,5.635918426327381,11.0,6.0,5.0,1e-05,0.2,0.02,0.2,0.2180599719285965,0.010513117536902428,0.2195698469877243,1.0
1000,2.0,11.728684954707337,4,edge_flip_vem,,,250,,,1e-05,0.2,0.02,0.2,0.19948212802410126,0.019744258373975754,0.2012617141008377,1.0
1000,2.0,11.728684954707337,4,edge_flip_spectral,,,,,,1e-05,0.2,0.02,0.2,0.2012617141008377,0.019744258373975754,0.19948212802410126,1.0
1000,2.0,11.728684954707337,4,sbm_dpsgd_all_noised,11.245049229064149,2.668102829441137,11.0,6.0,5.0,1e-05,0.2,0.02,0.2,0.21759885549545288,0.010441884398460388,0.21948906779289246,1.0
1000,5.0,4.1484505404580005,4,edge_flip_vem,,,361,,,1e-05,0.2,0.02,0.2,0.19974826276302338,0.020159238949418068,0.20143601298332214,1.0
1000,5.0,4.1484505404580005,4,edge_flip_spectral,,,,,,1e-05,0.2,0.02,0.2,0.20143601298332214,0.020159238949418068,0.19974826276302338,1.0
1000,5.0,4.1484505404580005,4,sbm_dpsgd_all_noised,3.992894984902444,1.0338953100711687,11.0,6.0,5.0,1e-05,0.2,0.02,0.2,0.21830075979232788,0.010532008484005928,0.21940238773822784,1.0
1000,10.0,1.9945956405993723,4,edge_flip_vem,,,272,,,1e-05,0.2,0.02,0.2,0.19938969612121582,0.020556699484586716,0.2026890516281128,1.0
1000,10.0,1.9945956405993723,4,edge_flip_spectral,,,,,,1e-05,0.2,0.02,0.2,0.2026890516281128,0.020556699484586716,0.19938969612121582,1.0
1000,10.0,1.9945956405993723,4,sbm_dpsgd_all_noised,1.9223734183771504,0.5431122541136532,11.0,6.0,5.0,1e-05,0.2,0.02,0.2,0.21981574594974518,0.01090529840439558,0.219875767827034,1.0
1000,20.0,0.977390412892278,4,edge_flip_vem,,,561,,,1e-05,0.2,0.02,0.2,0.06283239275217056,0.11992040276527405,0.17131981253623962,0.001560546770753042
1000,20.0,0.977390412892278,4,edge_flip_spectral,,,,,,1e-05,0.2,0.02,0.2,0.2014063596725464,0.021912792697548866,0.20165617763996124,0.9595659056988849
1000,20.0,0.977390412892278,4,sbm_dpsgd_all_noised,0.9419985000802904,0.40561225411365304,11.0,6.0,5.0,1e-05,0.2,0.02,0.2,0.21999703347682953,0.011316134594380856,0.21866995096206665,1.0
1000,1.0,27.43885139089614,5,edge_flip_vem,,,144,,,1e-05,0.2,0.02,0.2,0.20101001858711243,0.01998399943113327,0.20041683316230774,1.0
1000,1.0,27.43885139089614,5,edge_flip_spectral,,,,,,1e-05,0.2,0.02,0.2,0.20101001858711243,0.01998399943113327,0.20041683316230774,1.0
1000,1.0,27.43885139089614,5,sbm_dpsgd_all_noised,26.32774027978503,5.635918426327381,11.0,6.0,5.0,1e-05,0.2,0.02,0.2,0.22097767889499664,0.01093018613755703,0.22150161862373352,1.0
1000,2.0,11.728684954707337,5,edge_flip_vem,,,135,,,1e-05,0.2,0.02,0.2,0.20102925598621368,0.01999226212501526,0.20039597153663635,1.0
1000,2.0,11.728684954707337,5,edge_flip_spectral,,,,,,1e-05,0.2,0.02,0.2,0.20102925598621368,0.01999226212501526,0.20039597153663635,1.0
1000,2.0,11.728684954707337,5,sbm_dpsgd_all_noised,11.245049229064149,2.668102829441137,11.0,6.0,5.0,1e-05,0.2,0.02,0.2,0.22123226523399353,0.010633575730025768,0.22147175669670105,1.0
1000,5.0,4.1484505404580005,5,edge_flip_vem,,,81,,,1e-05,0.2,0.02,0.2,0.20127882063388824,0.020237678661942482,0.2007245123386383,1.0
1000,5.0,4.1484505404580005,5,edge_flip_spectral,,,,,,1e-05,0.2,0.02,0.2,0.20127882063388824,0.020237678661942482,0.2007245123386383,1.0
1000,5.0,4.1484505404580005,5,sbm_dpsgd_all_noised,3.992894984902444,1.0338953100711687,11.0,6.0,5.0,1e-05,0.2,0.02,0.2,0.2081422507762909,0.02035343460738659,0.20901167392730713,0.9707802993199612
1000,10.0,1.9945956405993723,5,edge_flip_vem,,,328,,,1e-05,0.2,0.02,0.2,0.19914725422859192,0.019404761493206024,0.2010130137205124,1.0
1000,10.0,1.9945956405993723,5,edge_flip_spectral,,,,,,1e-05,0.2,0.02,0.2,0.19914725422859192,0.019404761493206024,0.2010130137205124,1.0
1000,10.0,1.9945956405993723,5,sbm_dpsgd_all_noised,1.9223734183771504,0.5431122541136532,11.0,6.0,5.0,1e-05,0.2,0.02,0.2,0.1935672014951706,0.043501436710357666,0.1945207118988037,0.735369720294764
1000,20.0,0.977390412892278,5,edge_flip_vem,,,463,,,1e-05,0.2,0.02,0.2,0.11302068829536438,0.0,0.0,0.0
1000,20.0,0.977390412892278,5,edge_flip_spectral,,,,,,1e-05,0.2,0.02,0.2,0.20273368060588837,0.0228589978069067,0.20398597419261932,0.925991110204558
1000,20.0,0.977390412892278,5,sbm_dpsgd_all_noised,0.9419985000802904,0.40561225411365304,11.0,6.0,5.0,1e-05,0.2,0.02,0.2,0.20063933730125427,0.03415561839938164,0.19926206767559052,0.8158386790702196
1000,1.0,27.43885139089614,6,edge_flip_vem,,,146,,,1e-05,0.2,0.02,0.2,0.2006973922252655,0.019999999552965164,0.20083366334438324,1.0
1000,1.0,27.43885139089614,6,edge_flip_spectral,,,,,,1e-05,0.2,0.02,0.2,0.2006973922252655,0.019999999552965164,0.20083366334438324,1.0
1000,1.0,27.43885139089614,6,sbm_dpsgd_all_noised,26.32774027978503,5.635918426327381,11.0,6.0,5.0,1e-05,0.2,0.02,0.2,0.22004802525043488,0.010961245745420456,0.22224628925323486,1.0
1000,2.0,11.728684954707337,6,edge_flip_vem,,,263,,,1e-05,0.2,0.02,0.2,0.200700581073761,0.020004263147711754,0.20082885026931763,1.0
1000,2.0,11.728684954707337,6,edge_flip_spectral,,,,,,1e-05,0.2,0.02,0.2,0.200700581073761,0.020004263147711754,0.20082885026931763,1.0
1000,2.0,11.728684954707337,6,sbm_dpsgd_all_noised,11.245049229064149,2.668102829441137,11.0,6.0,5.0,1e-05,0.2,0.02,0.2,0.22045199573040009,0.010300463996827602,0.2218731790781021,1.0
1000,5.0,4.1484505404580005,6,edge_flip_vem,,,114,,,1e-05,0.2,0.02,0.2,0.20080724358558655,0.02038629911839962,0.20050939917564392,1.0
1000,5.0,4.1484505404580005,6,edge_flip_spectral,,,,,,1e-05,0.2,0.02,0.2,0.20080724358558655,0.02038629911839962,0.20050939917564392,1.0
1000,5.0,4.1484505404580005,6,sbm_dpsgd_all_noised,3.992894984902444,1.0338953100711687,11.0,6.0,5.0,1e-05,0.2,0.02,0.2,0.20765824615955353,0.020143304020166397,0.20935532450675964,0.9707802993199612
1000,10.0,1.9945956405993723,6,edge_flip_vem,,,346,,,1e-05,0.2,0.02,0.2,0.20195117592811584,0.019315341487526894,0.2016771137714386,1.0
1000,10.0,1.9945956405993723,6,edge_flip_spectral,,,,,,1e-05,0.2,0.02,0.2,0.20195117592811584,0.019315341487526894,0.2016771137714386,1.0
1000,10.0,1.9945956405993723,6,sbm_dpsgd_all_noised,1.9223734183771504,0.5431122541136532,11.0,6.0,5.0,1e-05,0.2,0.02,0.2,0.19999416172504425,0.031070226803421974,0.2007763683795929,0.8761282894619106
1000,20.0,0.977390412892278,6,edge_flip_vem,,,365,,,1e-05,0.2,0.02,0.2,0.0,0.0,0.11121385544538498,0.0
1000,20.0,0.977390412892278,6,edge_flip_spectral,,,,,,1e-05,0.2,0.02,0.2,0.1984182596206665,0.02190440706908703,0.20301741361618042,0.9475719741127369
1000,20.0,0.977390412892278,6,sbm_dpsgd_all_noised,0.9419985000802904,0.40561225411365304,11.0,6.0,5.0,1e-05,0.2,0.02,0.2,0.16146869957447052,0.12054172158241272,0.15949586033821106,0.022978569569200802
1000,1.0,27.43885139089614,7,edge_flip_vem,,,178,,,1e-05,0.2,0.02,0.2,0.20073747634887695,0.01992800086736679,0.20012825727462769,1.0
1000,1.0,27.43885139089614,7,edge_flip_spectral,,,,,,1e-05,0.2,0.02,0.2,0.20012825727462769,0.01992800086736679,0.20073747634887695,1.0
1000,1.0,27.43885139089614,7,sbm_dpsgd_all_noised,26.32774027978503,5.635918426327381,11.0,6.0,5.0,1e-05,0.2,0.02,0.2,0.21585538983345032,0.012444611638784409,0.21733425557613373,1.0
1000,2.0,11.728684954707337,7,edge_flip_vem,,,242,,,1e-05,0.2,0.02,0.2,0.20074066519737244,0.019916262477636337,0.20013944804668427,1.0
1000,2.0,11.728684954707337,7,edge_flip_spectral,,,,,,1e-05,0.2,0.02,0.2,0.20013944804668427,0.019916262477636337,0.20074066519737244,1.0
1000,2.0,11.728684954707337,7,sbm_dpsgd_all_noised,11.245049229064149,2.668102829441137,11.0,6.0,5.0,1e-05,0.2,0.02,0.2,0.2030280977487564,0.02652701735496521,0.20288510620594025,0.9280133089050305
1000,5.0,4.1484505404580005,7,edge_flip_vem,,,218,,,1e-05,0.2,0.02,0.2,0.2006169557571411,0.019948694854974747,0.20037703216075897,1.0
1000,5.0,4.1484505404580005,7,edge_flip_spectral,,,,,,1e-05,0.2,0.02,0.2,0.2006169557571411,0.019948694854974747,0.20037703216075897,1.0
1000,5.0,4.1484505404580005,7,sbm_dpsgd_all_noised,3.992894984902444,1.0338953100711687,11.0,6.0,5.0,1e-05,0.2,0.02,0.2,0.21265536546707153,0.015156936831772327,0.21392205357551575,0.9791859286644994
1000,10.0,1.9945956405993723,7,edge_flip_vem,,,496,,,1e-05,0.2,0.02,0.2,0.19937916100025177,0.019620420411229134,0.1990312933921814,1.0
1000,10.0,1.9945956405993723,7,edge_flip_spectral,,,,,,1e-05,0.2,0.02,0.2,0.19937916100025177,0.019620420411229134,0.1990312933921814,1.0
1000,10.0,1.9945956405993723,7,sbm_dpsgd_all_noised,1.9223734183771504,0.5431122541136532,11.0,6.0,5.0,1e-05,0.2,0.02,0.2,0.2047470360994339,0.025172226130962372,0.2041836977005005,0.9192068641040891
1000,20.0,0.977390412892278,7,edge_flip_vem,,,275,,,1e-05,0.2,0.02,0.2,0.09998679906129837,0.16239356994628906,0.2606896758079529,1.5970039449673503e-05
1000,20.0,0.977390412892278,7,edge_flip_spectral,,,,,,1e-05,0.2,0.02,0.2,0.20344312489032745,0.01833559200167656,0.196481391787529,0.9467886973518823
1000,20.0,0.977390412892278,7,sbm_dpsgd_all_noised,0.9419985000802904,0.40561225411365304,11.0,6.0,5.0,1e-05,0.2,0.02,0.2,0.19453217089176178,0.044455621391534805,0.19363924860954285,0.7353697202947639
1000,1.0,27.43885139089614,8,edge_flip_vem,,,244,,,1e-05,0.2,0.02,0.2,0.19874148070812225,0.01984800025820732,0.1988697350025177,1.0
1000,1.0,27.43885139089614,8,edge_flip_spectral,,,,,,1e-05,0.2,0.02,0.2,0.1988697350025177,0.01984800025820732,0.19874148070812225,1.0
1000,1.0,27.43885139089614,8,sbm_dpsgd_all_noised,26.32774027978503,5.635918426327381,11.0,6.0,5.0,1e-05,0.2,0.02,0.2,0.22050710022449493,0.010487322695553303,0.21957449615001678,1.0
1000,2.0,11.728684954707337,8,edge_flip_vem,,,153,,,1e-05,0.2,0.02,0.2,0.19874463975429535,0.019848261028528214,0.198872908949852,1.0
1000,2.0,11.728684954707337,8,edge_flip_spectral,,,,,,1e-05,0.2,0.02,0.2,0.198872908949852,0.019848261028528214,0.19874463975429535,1.0
1000,2.0,11.728684954707337,8,sbm_dpsgd_all_noised,11.245049229064149,2.668102829441137,11.0,6.0,5.0,1e-05,0.2,0.02,0.2,0.22084951400756836,0.01063898392021656,0.21924670040607452,1.0
1000,5.0,4.1484505404580005,8,edge_flip_vem,,,139,,,1e-05,0.2,0.02,0.2,0.19833354651927948,0.0198537427932024,0.1989457607269287,1.0
1000,5.0,4.1484505404580005,8,edge_flip_spectral,,,,,,1e-05,0.2,0.02,0.2,0.1989457607269287,0.0198537427932024,0.19833354651927948,1.0
1000,5.0,4.1484505404580005,8,sbm_dpsgd_all_noised,3.992894984902444,1.0338953100711687,11.0,6.0,5.0,1e-05,0.2,0.02,0.2,0.22122497856616974,0.010662318207323551,0.2185915857553482,1.0
1000,10.0,1.9945956405993723,8,edge_flip_vem,,,464,,,1e-05,0.2,0.02,0.2,0.19769258797168732,0.019625680521130562,0.19620628654956818,1.0
1000,10.0,1.9945956405993723,8,edge_flip_spectral,,,,,,1e-05,0.2,0.02,0.2,0.19620628654956818,0.019625680521130562,0.19769258797168732,1.0
1000,10.0,1.9945956405993723,8,sbm_dpsgd_all_noised,1.9223734183771504,0.5431122541136532,11.0,6.0,5.0,1e-05,0.2,0.02,0.2,0.22010266780853271,0.010494987480342388,0.21842776238918304,1.0
1000,20.0,0.977390412892278,8,edge_flip_vem,,,506,,,1e-05,0.2,0.02,0.2,0.143593430519104,0.082193523645401,0.03506699204444885,3.823595669686053e-06
1000,20.0,0.977390412892278,8,edge_flip_spectral,,,,,,1e-05,0.2,0.02,0.2,0.20007552206516266,0.01903461292386055,0.2021450698375702,0.9791859286644994
1000,20.0,0.977390412892278,8,sbm_dpsgd_all_noised,0.9419985000802904,0.40561225411365304,11.0,6.0,5.0,1e-05,0.2,0.02,0.2,0.19957783818244934,0.029250184074044228,0.20124313235282898,0.8768068695175368
1000,1.0,27.43885139089614,9,edge_flip_vem,,,192,,,1e-05,0.2,0.02,0.2,0.19959118962287903,0.01976799964904785,0.20149900019168854,1.0
1000,1.0,27.43885139089614,9,edge_flip_spectral,,,,,,1e-05,0.2,0.02,0.2,0.20149900019168854,0.01976799964904785,0.19959118962287903,1.0
1000,1.0,27.43885139089614,9,sbm_dpsgd_all_noised,26.32774027978503,5.635918426327381,11.0,6.0,5.0,1e-05,0.2,0.02,0.2,0.22049672901630402,0.011258957907557487,0.22039255499839783,1.0
1000,2.0,11.728684954707337,9,edge_flip_vem,,,220,,,1e-05,0.2,0.02,0.2,0.19958634674549103,0.019768258556723595,0.20150220394134521,1.0
1000,2.0,11.728684954707337,9,edge_flip_spectral,,,,,,1e-05,0.2,0.02,0.2,0.20150220394134521,0.019768258556723595,0.19958634674549103,1.0
1000,2.0,11.728684954707337,9,sbm_dpsgd_all_noised,11.245049229064149,2.668102829441137,11.0,6.0,5.0,1e-05,0.2,0.02,0.2,0.22016730904579163,0.011299294419586658,0.22054915130138397,1.0
1000,5.0,4.1484505404580005,9,edge_flip_vem,,,188,,,1e-05,0.2,0.02,0.2,0.19954143464565277,0.01941201090812683,0.2019903063774109,1.0
1000,5.0,4.1484505404580005,9,edge_flip_spectral,,,,,,1e-05,0.2,0.02,0.2,0.2019903063774109,0.01941201090812683,0.19954143464565277,1.0
1000,5.0,4.1484505404580005,9,sbm_dpsgd_all_noised,3.992894984902444,1.0338953100711687,11.0,6.0,5.0,1e-05,0.2,0.02,0.2,0.2197941243648529,0.011303807608783245,0.22076831758022308,1.0
1000,10.0,1.9945956405993723,9,edge_flip_vem,,,363,,,1e-05,0.2,0.02,0.2,0.1980193555355072,0.0196888018399477,0.2009286880493164,1.0
1000,10.0,1.9945956405993723,9,edge_flip_spectral,,,,,,1e-05,0.2,0.02,0.2,0.2009286880493164,0.0196888018399477,0.1980193555355072,1.0
1000,10.0,1.9945956405993723,9,sbm_dpsgd_all_noised,1.9223734183771504,0.5431122541136532,11.0,6.0,5.0,1e-05,0.2,0.02,0.2,0.2209545522928238,0.011371836997568607,0.22007893025875092,1.0
1000,20.0,0.977390412892278,9,edge_flip_vem,,,394,,,1e-05,0.2,0.02,0.2,0.0,0.0,0.10919497907161713,0.0
1000,20.0,0.977390412892278,9,edge_flip_spectral,,,,,,1e-05,0.2,0.02,0.2,0.2018718272447586,0.017651336267590523,0.19996321201324463,0.9399301580898985
1000,20.0,0.977390412892278,9,sbm_dpsgd_all_noised,0.9419985000802904,0.40561225411365304,11.0,6.0,5.0,1e-05,0.2,0.02,0.2,0.21858197450637817,0.011811327189207077,0.2186138778924942,0.9895915066199539
1000,1.0,27.43885139089614,10,edge_flip_vem,,,213,,,1e-05,0.2,0.02,0.2,0.20189979672431946,0.019888000562787056,0.1986292600631714,1.0
1000,1.0,27.43885139089614,10,edge_flip_spectral,,,,,,1e-05,0.2,0.02,0.2,0.1986292600631714,0.019888000562787056,0.20189979672431946,1.0
1000,1.0,27.43885139089614,10,sbm_dpsgd_all_noised,26.32774027978503,5.635918426327381,11.0,6.0,5.0,1e-05,0.2,0.02,0.2,0.22072714567184448,0.010995191521942616,0.2213316559791565,1.0
1000,2.0,11.728684954707337,10,edge_flip_vem,,,169,,,1e-05,0.2,0.02,0.2,0.20190301537513733,0.01988826133310795,0.19864043593406677,1.0
1000,2.0,11.728684954707337,10,edge_flip_spectral,,,,,,1e-05,0.2,0.02,0.2,0.19864043593406677,0.01988826133310795,0.20190301537513733,1.0
1000,2.0,11.728684954707337,10,sbm_dpsgd_all_noised,11.245049229064149,2.668102829441137,11.0,6.0,5.0,1e-05,0.2,0.02,0.2,0.2210180014371872,0.010813348926603794,0.22099588811397552,1.0
1000,5.0,4.1484505404580005,10,edge_flip_vem,,,114,,,1e-05,0.2,0.02,0.2,0.20189103484153748,0.019618427380919456,0.19797779619693756,1.0
1000,5.0,4.1484505404580005,10,edge_flip_spectral,,,,,,1e-05,0.2,0.02,0.2,0.19797779619693756,0.019618427380919456,0.20189103484153748,1.0
1000,5.0,4.1484505404580005,10,sbm_dpsgd_all_noised,3.992894984902444,1.0338953100711687,11.0,6.0,5.0,1e-05,0.2,0.02,0.2,0.22143736481666565,0.011446273885667324,0.21995475888252258,1.0
1000,10.0,1.9945956405993723,10,edge_flip_vem,,,375,,,1e-05,0.2,0.02,0.2,0.20142412185668945,0.02096698060631752,0.1998007893562317,1.0
1000,10.0,1.9945956405993723,10,edge_flip_spectral,,,,,,1e-05,0.2,0.02,0.2,0.1998007893562317,0.02096698060631752,0.20142412185668945,1.0
1000,10.0,1.9945956405993723,10,sbm_dpsgd_all_noised,1.9223734183771504,0.5431122541136532,11.0,6.0,5.0,1e-05,0.2,0.02,0.2,0.2209780365228653,0.011159518733620644,0.21981461346149445,1.0
1000,20.0,0.977390412892278,10,edge_flip_vem,,,294,,,1e-05,0.2,0.02,0.2,0.10014647990465164,0.16864992678165436,0.1946873813867569,0.0009217875082299456
1000,20.0,0.977390412892278,10,edge_flip_spectral,,,,,,1e-05,0.2,0.02,0.2,0.20541974902153015,0.01783532090485096,0.2015552818775177,0.981182940453905
1000,20.0,0.977390412892278,10,sbm_dpsgd_all_noised,0.9419985000802904,0.40561225411365304,11.0,6.0,5.0,1e-05,0.2,0.02,0.2,0.21224942803382874,0.015023813582956791,0.2158259004354477,0.954729771659256
1000,1.0,27.43885139089614,11,edge_flip_vem,,,222,,,1e-05,0.2,0.02,0.2,0.19919037818908691,0.02009199932217598,0.19867736101150513,1.0
1000,1.0,27.43885139089614,11,edge_flip_spectral,,,,,,1e-05,0.2,0.02,0.2,0.19919037818908691,0.02009199932217598,0.19867736101150513,1.0
1000,1.0,27.43885139089614,11,sbm_dpsgd_all_noised,26.32774027978503,5.635918426327381,11.0,6.0,5.0,1e-05,0.2,0.02,0.2,0.22025689482688904,0.01017452497035265,0.22025054693222046,1.0
1000,2.0,11.728684954707337,11,edge_flip_vem,,,322,,,1e-05,0.2,0.02,0.2,0.1991935521364212,0.02009626477956772,0.19867250323295593,1.0
1000,2.0,11.728684954707337,11,edge_flip_spectral,,,,,,1e-05,0.2,0.02,0.2,0.1991935521364212,0.02009626477956772,0.19867250323295593,1.0
1000,2.0,11.728684954707337,11,sbm_dpsgd_all_noised,11.245049229064149,2.668102829441137,11.0,6.0,5.0,1e-05,0.2,0.02,0.2,0.22009451687335968,0.010187744162976742,0.2203650325536728,1.0
1000,5.0,4.1484505404580005,11,edge_flip_vem,,,349,,,1e-05,0.2,0.02,0.2,0.19892095029354095,0.02039455436170101,0.1986313909292221,1.0
1000,5.0,4.1484505404580005,11,edge_flip_spectral,,,,,,1e-05,0.2,0.02,0.2,0.19892095029354095,0.02039455436170101,0.1986313909292221,1.0
1000,5.0,4.1484505404580005,11,sbm_dpsgd_all_noised,3.992894984902444,1.0338953100711687,11.0,6.0,5.0,1e-05,0.2,0.02,0.2,0.2196459174156189,0.010246793739497662,0.22050537168979645,1.0
1000,10.0,1.9945956405993723,11,edge_flip_vem,,,611,,,1e-05,0.2,0.02,0.2,0.0,0.0,0.10959146916866302,0.0
1000,10.0,1.9945956405993723,11,edge_flip_spectral,,,,,,1e-05,0.2,0.02,0.2,0.19853587448596954,0.021414078772068024,0.1973552703857422,1.0
1000,10.0,1.9945956405993723,11,sbm_dpsgd_all_noised,1.9223734183771504,0.5431122541136532,11.0,6.0,5.0,1e-05,0.2,0.02,0.2,0.21823576092720032,0.010815195739269257,0.21960976719856262,1.0
1000,20.0,0.977390412892278,11,edge_flip_vem,,,388,,,1e-05,0.2,0.02,0.2,0.0,0.0,0.11134196817874908,0.0
1000,20.0,0.977390412892278,11,edge_flip_spectral,,,,,,1e-05,0.2,0.02,0.2,0.19696186482906342,0.022726599127054214,0.2032812535762787,0.9547297716592559
1000,20.0,0.977390412892278,11,sbm_dpsgd_all_noised,0.9419985000802904,0.40561225411365304,11.0,6.0,5.0,1e-05,0.2,0.02,0.2,0.1941465586423874,0.04210991412401199,0.19215832650661469,0.7676033434557664
1000,1.0,27.43885139089614,12,edge_flip_vem,,,257,,,1e-05,0.2,0.02,0.2,0.20072945952415466,0.019627999514341354,0.2012825608253479,1.0
1000,1.0,27.43885139089614,12,edge_flip_spectral,,,,,,1e-05,0.2,0.02,0.2,0.2012825608253479,0.019627999514341354,0.20072945952415466,1.0
1000,1.0,27.43885139089614,12,sbm_dpsgd_all_noised,26.32774027978503,5.635918426327381,11.0,6.0,5.0,1e-05,0.2,0.02,0.2,0.2184382528066635,0.010806594975292683,0.22006601095199585,1.0
1000,2.0,11.728684954707337,12,edge_flip_vem,,,286,,,1e-05,0.2,0.02,0.2,0.20073264837265015,0.01962425746023655,0.2012777477502823,1.0
1000,2.0,11.728684954707337,12,edge_flip_spectral,,,,,,1e-05,0.2,0.02,0.2,0.2012777477502823,0.01962425746023655,0.20073264837265015,1.0
1000,2.0,11.728684954707337,12,sbm_dpsgd_all_noised,11.245049229064149,2.668102829441137,11.0,6.0,5.0,1e-05,0.2,0.02,0.2,0.2185698300600052,0.0108060073107481,0.21993999183177948,1.0
1000,5.0,4.1484505404580005,12,edge_flip_vem,,,193,,,1e-05,0.2,0.02,0.2,0.20126226544380188,0.019502833485603333,0.20165938138961792,1.0
1000,5.0,4.1484505404580005,12,edge_flip_spectral,,,,,,1e-05,0.2,0.02,0.2,0.20165938138961792,0.019502833485603333,0.20126226544380188,1.0
1000,5.0,4.1484505404580005,12,sbm_dpsgd_all_noised,3.992894984902444,1.0338953100711687,11.0,6.0,5.0,1e-05,0.2,0.02,0.2,0.21993933618068695,0.010931569151580334,0.21952815353870392,1.0
1000,10.0,1.9945956405993723,12,edge_flip_vem,,,353,,,1e-05,0.2,0.02,0.2,0.20253093540668488,0.01966250129044056,0.20049650967121124,1.0
1000,10.0,1.9945956405993723,12,edge_flip_spectral,,,,,,1e-05,0.2,0.02,0.2,0.20049650967121124,0.01966250129044056,0.20253093540668488,1.0
1000,10.0,1.9945956405993723,12,sbm_dpsgd_all_noised,1.9223734183771504,0.5431122541136532,11.0,6.0,5.0,1e-05,0.2,0.02,0.2,0.22045721113681793,0.011243446730077267,0.2203633189201355,1.0
1000,20.0,0.977390412892278,12,edge_flip_vem,,,262,,,1e-05,0.2,0.02,0.2,0.0,0.0,0.10917289555072784,0.0
1000,20.0,0.977390412892278,12,edge_flip_spectral,,,,,,1e-05,0.2,0.02,0.2,0.20155471563339233,0.017933784052729607,0.19962579011917114,0.9707802993199612
1000,20.0,0.977390412892278,12,sbm_dpsgd_all_noised,0.9419985000802904,0.40561225411365304,11.0,6.0,5.0,1e-05,0.2,0.02,0.2,0.2156413495540619,0.01271831151098013,0.21583551168441772,1.0
1000,1.0,27.43885139089614,13,edge_flip_vem,,,165,,,1e-05,0.2,0.02,0.2,0.19975149631500244,0.019972000271081924,0.19905410706996918,1.0
1000,1.0,27.43885139089614,13,edge_flip_spectral,,,,,,1e-05,0.2,0.02,0.2,0.19905410706996918,0.019972000271081924,0.19975149631500244,1.0
1000,1.0,27.43885139089614,13,sbm_dpsgd_all_noised,26.32774027978503,5.635918426327381,11.0,6.0,5.0,1e-05,0.2,0.02,0.2,0.21669475734233856,0.010398524813354015,0.21412372589111328,1.0
1000,2.0,11.728684954707337,13,edge_flip_vem,,,100,,,1e-05,0.2,0.02,0.2,0.19975468516349792,0.019968261942267418,0.19904926419258118,1.0
1000,2.0,11.728684954707337,13,edge_flip_spectral,,,,,,1e-05,0.2,0.02,0.2,0.19904926419258118,0.019968261942267418,0.19975468516349792,1.0
1000,2.0,11.728684954707337,13,sbm_dpsgd_all_noised,11.245049229064149,2.668102829441137,11.0,6.0,5.0,1e-05,0.2,0.02,0.2,0.21689678728580475,0.010401662439107895,0.21394558250904083,1.0
1000,5.0,4.1484505404580005,13,edge_flip_vem,,,204,,,1e-05,0.2,0.02,0.2,0.2002032995223999,0.020006490871310234,0.19932633638381958,1.0
1000,5.0,4.1484505404580005,13,edge_flip_spectral,,,,,,1e-05,0.2,0.02,0.2,0.19932633638381958,0.020006490871310234,0.2002032995223999,1.0
1000,5.0,4.1484505404580005,13,sbm_dpsgd_all_noised,3.992894984902444,1.0338953100711687,11.0,6.0,5.0,1e-05,0.2,0.02,0.2,0.21731752157211304,0.010447715409100056,0.21390046179294586,1.0
1000,10.0,1.9945956405993723,13,edge_flip_vem,,,503,,,1e-05,0.2,0.02,0.2,0.2002435177564621,0.019425801932811737,0.19665955007076263,1.0
1000,10.0,1.9945956405993723,13,edge_flip_spectral,,,,,,1e-05,0.2,0.02,0.2,0.19665955007076263,0.019425801932811737,0.2002435177564621,1.0
1000,10.0,1.9945956405993723,13,sbm_dpsgd_all_noised,1.9223734183771504,0.5431122541136532,11.0,6.0,5.0,1e-05,0.2,0.02,0.2,0.21752862632274628,0.010848945006728172,0.2160901427268982,1.0
1000,20.0,0.977390412892278,13,edge_flip_vem,,,421,,,1e-05,0.2,0.02,0.2,0.08499906957149506,0.14133486151695251,0.19655238091945648,0.000872634130091974
1000,20.0,0.977390412892278,13,edge_flip_spectral,,,,,,1e-05,0.2,0.02,0.2,0.20218242704868317,0.019838355481624603,0.19000402092933655,0.9426658735052291
1000,20.0,0.977390412892278,13,sbm_dpsgd_all_noised,0.9419985000802904,0.40561225411365304,11.0,6.0,5.0,1e-05,0.2,0.02,0.2,0.2208355963230133,0.012292581610381603,0.21711769700050354,1.0
1000,1.0,27.43885139089614,14,edge_flip_vem,,,110,,,1e-05,0.2,0.02,0.2,0.1998717486858368,0.020023999735713005,0.19858917593955994,1.0
1000,1.0,27.43885139089614,14,edge_flip_spectral,,,,,,1e-05,0.2,0.02,0.2,0.19858917593955994,0.020023999735713005,0.1998717486858368,1.0
1000,1.0,27.43885139089614,14,sbm_dpsgd_all_noised,26.32774027978503,5.635918426327381,11.0,6.0,5.0,1e-05,0.2,0.02,0.2,0.15944363176822662,0.11555713415145874,0.16490650177001953,0.03784398998509341
1000,2.0,11.728684954707337,14,edge_flip_vem,,,124,,,1e-05,0.2,0.02,0.2,0.19987492263317108,0.020028263330459595,0.19859233498573303,1.0
1000,2.0,11.728684954707337,14,edge_flip_spectral,,,,,,1e-05,0.2,0.02,0.2,0.19859233498573303,0.020028263330459595,0.19987492263317108,1.0
1000,2.0,11.728684954707337,14,sbm_dpsgd_all_noised,11.245049229064149,2.668102829441137,11.0,6.0,5.0,1e-05,0.2,0.02,0.2,0.19819535315036774,0.028252799063920975,0.20493130385875702,0.8900470959491056
1000,5.0,4.1484505404580005,14,edge_flip_vem,,,187,,,1e-05,0.2,0.02,0.2,0.1998310089111328,0.019490448758006096,0.19924360513687134,1.0
1000,5.0,4.1484505404580005,14,edge_flip_spectral,,,,,,1e-05,0.2,0.02,0.2,0.19924360513687134,0.019490448758006096,0.1998310089111328,1.0
1000,5.0,4.1484505404580005,14,sbm_dpsgd_all_noised,3.992894984902444,1.0338953100711687,11.0,6.0,5.0,1e-05,0.2,0.02,0.2,0.21449168026447296,0.011999079957604408,0.22025133669376373,1.0
1000,10.0,1.9945956405993723,14,edge_flip_vem,,,471,,,1e-05,0.2,0.02,0.2,0.20053866505622864,0.019488921388983727,0.19924211502075195,1.0
1000,10.0,1.9945956405993723,14,edge_flip_spectral,,,,,,1e-05,0.2,0.02,0.2,0.19924211502075195,0.019488921388983727,0.20053866505622864,1.0
1000,10.0,1.9945956405993723,14,sbm_dpsgd_all_noised,1.9223734183771504,0.5431122541136532,11.0,6.0,5.0,1e-05,0.2,0.02,0.2,0.21249251067638397,0.012926093302667141,0.21975694596767426,0.9895915066199539
1000,20.0,0.977390412892278,14,edge_flip_vem,,,362,,,1e-05,0.2,0.02,0.2,0.0,0.0,0.1096058264374733,0.0
1000,20.0,0.977390412892278,14,edge_flip_spectral,,,,,,1e-05,0.2,0.02,0.2,0.20076191425323486,0.01980501227080822,0.1984003782272339,0.954729771659256
1000,20.0,0.977390412892278,14,sbm_dpsgd_all_noised,0.9419985000802904,0.40561225411365304,11.0,6.0,5.0,1e-05,0.2,0.02,0.2,0.2023196518421173,0.025841770693659782,0.20540477335453033,0.8591258874884578
1000,1.0,27.43885139089614,15,edge_flip_vem,,,271,,,1e-05,0.2,0.02,0.2,0.2002725452184677,0.020212000235915184,0.19921442866325378,1.0
1000,1.0,27.43885139089614,15,edge_flip_spectral,,,,,,1e-05,0.2,0.02,0.2,0.19921442866325378,0.020212000235915184,0.2002725452184677,1.0
1000,1.0,27.43885139089614,15,sbm_dpsgd_all_noised,26.32774027978503,5.635918426327381,11.0,6.0,5.0,1e-05,0.2,0.02,0.2,0.2189616560935974,0.011588351801037788,0.22089487314224243,1.0
1000,2.0,11.728684954707337,15,edge_flip_vem,,,239,,,1e-05,0.2,0.02,0.2,0.2002677172422409,0.020208265632390976,0.1992015689611435,1.0
1000,2.0,11.728684954707337,15,edge_flip_spectral,,,,,,1e-05,0.2,0.02,0.2,0.1992015689611435,0.020208265632390976,0.2002677172422409,1.0
1000,2.0,11.728684954707337,15,sbm_dpsgd_all_noised,11.245049229064149,2.668102829441137,11.0,6.0,5.0,1e-05,0.2,0.02,0.2,0.21933656930923462,0.01163831353187561,0.2206682413816452,1.0
1000,5.0,4.1484505404580005,15,edge_flip_vem,,,211,,,1e-05,0.2,0.02,0.2,0.20012056827545166,0.020113827660679817,0.19908641278743744,1.0
1000,5.0,4.1484505404580005,15,edge_flip_spectral,,,,,,1e-05,0.2,0.02,0.2,0.19908641278743744,0.020113827660679817,0.20012056827545166,1.0
1000,5.0,4.1484505404580005,15,sbm_dpsgd_all_noised,3.992894984902444,1.0338953100711687,11.0,6.0,5.0,1e-05,0.2,0.02,0.2,0.21990007162094116,0.01180930808186531,0.2207743227481842,1.0
1000,10.0,1.9945956405993723,15,edge_flip_vem,,,431,,,1e-05,0.2,0.02,0.2,0.1991683393716812,0.021014319732785225,0.19966375827789307,1.0
1000,10.0,1.9945956405993723,15,edge_flip_spectral,,,,,,1e-05,0.2,0.02,0.2,0.1991683393716812,0.021014319732785225,0.19966375827789307,1.0
1000,10.0,1.9945956405993723,15,sbm_dpsgd_all_noised,1.9223734183771504,0.5431122541136532,11.0,6.0,5.0,1e-05,0.2,0.02,0.2,0.21890512108802795,0.011355862021446228,0.22154644131660461,1.0
1000,20.0,0.977390412892278,15,edge_flip_vem,,,699,,,1e-05,0.2,0.02,0.2,0.19753040373325348,0.13826660811901093,0.08364954590797424,0.0027683746891399904
1000,20.0,0.977390412892278,15,edge_flip_spectral,,,,,,1e-05,0.2,0.02,0.2,0.2015436589717865,0.02108236402273178,0.19673241674900055,0.9470849196551532
1000,20.0,0.977390412892278,15,sbm_dpsgd_all_noised,0.9419985000802904,0.40561225411365304,11.0,6.0,5.0,1e-05,0.2,0.02,0.2,0.20891167223453522,0.015554076060652733,0.2198311984539032,0.9631294405918136
1000,1.0,27.43885139089614,16,edge_flip_vem,,,312,,,1e-05,0.2,0.02,0.2,0.19872544705867767,0.02059599943459034,0.20017635822296143,1.0
1000,1.0,27.43885139089614,16,edge_flip_spectral,,,,,,1e-05,0.2,0.02,0.2,0.19872544705867767,0.02059599943459034,0.20017635822296143,1.0
1000,1.0,27.43885139089614,16,sbm_dpsgd_all_noised,26.32774027978503,5.635918426327381,11.0,6.0,5.0,1e-05,0.2,0.02,0.2,0.21625523269176483,0.01393868587911129,0.21322974562644958,1.0
1000,2.0,11.728684954707337,16,edge_flip_vem,,,309,,,1e-05,0.2,0.02,0.2,0.19872860610485077,0.02059227228164673,0.20017151534557343,1.0
1000,2.0,11.728684954707337,16,edge_flip_spectral,,,,,,1e-05,0.2,0.02,0.2,0.19872860610485077,0.02059227228164673,0.20017151534557343,1.0
1000,2.0,11.728684954707337,16,sbm_dpsgd_all_noised,11.245049229064149,2.668102829441137,11.0,6.0,5.0,1e-05,0.2,0.02,0.2,0.21727769076824188,0.012268862687051296,0.21650806069374084,1.0
1000,5.0,4.1484505404580005,16,edge_flip_vem,,,520,,,1e-05,0.2,0.02,0.2,0.1995248943567276,0.020766105502843857,0.20011229813098907,1.0
1000,5.0,4.1484505404580005,16,edge_flip_spectral,,,,,,1e-05,0.2,0.02,0.2,0.1995248943567276,0.020766105502843857,0.20011229813098907,1.0
1000,5.0,4.1484505404580005,16,sbm_dpsgd_all_noised,3.992894984902444,1.0338953100711687,11.0,6.0,5.0,1e-05,0.2,0.02,0.2,0.2187339812517166,0.011267273686826229,0.21820443868637085,1.0
1000,10.0,1.9945956405993723,16,edge_flip_vem,,,443,,,1e-05,0.2,0.02,0.2,0.10978101938962936,0.0,0.0,0.0
1000,10.0,1.9945956405993723,16,edge_flip_spectral,,,,,,1e-05,0.2,0.02,0.2,0.19695471227169037,0.020409420132637024,0.20170873403549194,1.0
1000,10.0,1.9945956405993723,16,sbm_dpsgd_all_noised,1.9223734183771504,0.5431122541136532,11.0,6.0,5.0,1e-05,0.2,0.02,0.2,0.21773548424243927,0.011718861758708954,0.2178623080253601,0.9895915066199539
1000,20.0,0.977390412892278,16,edge_flip_vem,,,429,,,1e-05,0.2,0.02,0.2,0.0351862907409668,0.09465532749891281,0.14404119551181793,0.0001659527728035241
1000,20.0,0.977390412892278,16,edge_flip_spectral,,,,,,1e-05,0.2,0.02,0.2,0.19715483486652374,0.01973305083811283,0.20392678678035736,0.9631294405918138
1000,20.0,0.977390412892278,16,sbm_dpsgd_all_noised,0.9419985000802904,0.40561225411365304,11.0,6.0,5.0,1e-05,0.2,0.02,0.2,0.1904875785112381,0.052137985825538635,0.18914274871349335,0.680726983614512
1000,1.0,27.43885139089614,17,edge_flip_vem,,,270,,,1e-05,0.2,0.02,0.2,0.20051302015781403,0.019571999087929726,0.1999519020318985,1.0
1000,1.0,27.43885139089614,17,edge_flip_spectral,,,,,,1e-05,0.2,0.02,0.2,0.20051302015781403,0.019571999087929726,0.1999519020318985,1.0
1000,1.0,27.43885139089614,17,sbm_dpsgd_all_noised,26.32774027978503,5.635918426327381,11.0,6.0,5.0,1e-05,0.2,0.02,0.2,0.21930770576000214,0.010557811707258224,0.22026503086090088,1.0
1000,2.0,11.728684954707337,17,edge_flip_vem,,,135,,,1e-05,0.2,0.02,0.2,0.20050819218158722,0.01957225613296032,0.19996309280395508,1.0
1000,2.0,11.728684954707337,17,edge_flip_spectral,,,,,,1e-05,0.2,0.02,0.2,0.20050819218158722,0.01957225613296032,0.19996309280395508,1.0
1000,2.0,11.728684954707337,17,sbm_dpsgd_all_noised,11.245049229064149,2.668102829441137,11.0,6.0,5.0,1e-05,0.2,0.02,0.2,0.2198648303747177,0.01057808380573988,0.2201719731092453,1.0
1000,5.0,4.1484505404580005,17,edge_flip_vem,,,297,,,1e-05,0.2,0.02,0.2,0.20075760781764984,0.019593657925724983,0.20081551373004913,1.0
1000,5.0,4.1484505404580005,17,edge_flip_spectral,,,,,,1e-05,0.2,0.02,0.2,0.20081551373004913,0.019593657925724983,0.20075760781764984,1.0
1000,5.0,4.1484505404580005,17,sbm_dpsgd_all_noised,3.992894984902444,1.0338953100711687,11.0,6.0,5.0,1e-05,0.2,0.02,0.2,0.21952593326568604,0.010683541186153889,0.22072528302669525,1.0
1000,10.0,1.9945956405993723,17,edge_flip_vem,,,726,,,1e-05,0.2,0.02,0.2,0.11056554317474365,0.0,0.0,0.0
1000,10.0,1.9945956405993723,17,edge_flip_spectral,,,,,,1e-05,0.2,0.02,0.2,0.20105518400669098,0.020309479907155037,0.2009497731924057,1.0
1000,10.0,1.9945956405993723,17,sbm_dpsgd_all_noised,1.9223734183771504,0.5431122541136532,11.0,6.0,5.0,1e-05,0.2,0.02,0.2,0.2199251800775528,0.010554254986345768,0.22115792334079742,1.0
1000,20.0,0.977390412892278,17,edge_flip_vem,,,541,,,1e-05,0.2,0.02,0.2,0.38966861367225647,0.19165518879890442,0.10644102841615677,0.0003285944016115498
1000,20.0,0.977390412892278,17,edge_flip_spectral,,,,,,1e-05,0.2,0.02,0.2,0.20399460196495056,0.01809266209602356,0.1969917118549347,0.9399301580898987
1000,20.0,0.977390412892278,17,sbm_dpsgd_all_noised,0.9419985000802904,0.40561225411365304,11.0,6.0,5.0,1e-05,0.2,0.02,0.2,0.21276678144931793,0.014513114467263222,0.21602022647857666,0.9631294405918135
1000,1.0,27.43885139089614,18,edge_flip_vem,,,142,,,1e-05,0.2,0.02,0.2,0.20058517158031464,0.020315999165177345,0.20052103698253632,1.0
1000,1.0,27.43885139089614,18,edge_flip_spectral,,,,,,1e-05,0.2,0.02,0.2,0.20052103698253632,0.020315999165177345,0.20058517158031464,1.0
1000,1.0,27.43885139089614,18,sbm_dpsgd_all_noised,26.32774027978503,5.635918426327381,11.0,6.0,5.0,1e-05,0.2,0.02,0.2,0.1600734293460846,0.1218506321310997,0.1618475317955017,0.005096276424368809
1000,2.0,11.728684954707337,18,edge_flip_vem,,,297,,,1e-05,0.2,0.02,0.2,0.2005963772535324,0.020316267386078835,0.2005242258310318,1.0
1000,2.0,11.728684954707337,18,edge_flip_spectral,,,,,,1e-05,0.2,0.02,0.2,0.2005242258310318,0.020316267386078835,0.2005963772535324,1.0
1000,2.0,11.728684954707337,18,sbm_dpsgd_all_noised,11.245049229064149,2.668102829441137,11.0,6.0,5.0,1e-05,0.2,0.02,0.2,0.18310198187828064,0.06955360621213913,0.18153320252895355,0.5092483925961344
1000,5.0,4.1484505404580005,18,edge_flip_vem,,,407,,,1e-05,0.2,0.02,0.2,0.2013119012117386,0.020159238949418068,0.20052595436573029,1.0
1000,5.0,4.1484505404580005,18,edge_flip_spectral,,,,,,1e-05,0.2,0.02,0.2,0.20052595436573029,0.020159238949418068,0.2013119012117386,1.0
1000,5.0,4.1484505404580005,18,sbm_dpsgd_all_noised,3.992894984902444,1.0338953100711687,11.0,6.0,5.0,1e-05,0.2,0.02,0.2,0.17558853328227997,0.08370750397443771,0.17597706615924835,0.39269819700832825
1000,10.0,1.9945956405993723,18,edge_flip_vem,,,563,,,1e-05,0.2,0.02,0.2,0.19956889748573303,0.021924298256635666,0.20118167996406555,1.0
1000,10.0,1.9945956405993723,18,edge_flip_spectral,,,,,,1e-05,0.2,0.02,0.2,0.20118167996406555,0.021924298256635666,0.19956889748573303,1.0
1000,10.0,1.9945956405993723,18,sbm_dpsgd_all_noised,1.9223734183771504,0.5431122541136532,11.0,6.0,5.0,1e-05,0.2,0.02,0.2,0.18617506325244904,0.06644867360591888,0.18115583062171936,0.540740302440477
1000,20.0,0.977390412892278,18,edge_flip_vem,,,523,,,1e-05,0.2,0.02,0.2,0.1053505688905716,0.19796223938465118,0.3528915047645569,0.0
1000,20.0,0.977390412892278,18,edge_flip_spectral,,,,,,1e-05,0.2,0.02,0.2,0.19768759608268738,0.021532516926527023,0.19291172921657562,0.9327784552416941
1000,20.0,0.977390412892278,18,sbm_dpsgd_all_noised,0.9419985000802904,0.40561225411365304,11.0,6.0,5.0,1e-05,0.2,0.02,0.2,0.1642080545425415,0.11839532107114792,0.16049444675445557,0.05089448601131325
1000,1.0,27.43885139089614,19,edge_flip_vem,,,165,,,1e-05,0.2,0.02,0.2,0.20133867859840393,0.019807999953627586,0.19955110549926758,1.0
1000,1.0,27.43885139089614,19,edge_flip_spectral,,,,,,1e-05,0.2,0.02,0.2,0.19955110549926758,0.019807999953627586,0.20133867859840393,1.0
1000,1.0,27.43885139089614,19,sbm_dpsgd_all_noised,26.32774027978503,5.635918426327381,11.0,6.0,5.0,1e-05,0.2,0.02,0.2,0.22136607766151428,0.01139469537883997,0.21635298430919647,1.0
1000,2.0,11.728684954707337,19,edge_flip_vem,,,145,,,1e-05,0.2,0.02,0.2,0.2013498991727829,0.019816260784864426,0.19954626262187958,1.0
1000,2.0,11.728684954707337,19,edge_flip_spectral,,,,,,1e-05,0.2,0.02,0.2,0.19954626262187958,0.019816260784864426,0.2013498991727829,1.0
1000,2.0,11.728684954707337,19,sbm_dpsgd_all_noised,11.245049229064149,2.668102829441137,11.0,6.0,5.0,1e-05,0.2,0.02,0.2,0.22064296901226044,0.012143570929765701,0.21521547436714172,1.0
1000,5.0,4.1484505404580005,19,edge_flip_vem,,,173,,,1e-05,0.2,0.02,0.2,0.20126226544380188,0.019672095775604248,0.1997896432876587,1.0
1000,5.0,4.1484505404580005,19,edge_flip_spectral,,,,,,1e-05,0.2,0.02,0.2,0.1997896432876587,0.019672095775604248,0.20126226544380188,1.0
1000,5.0,4.1484505404580005,19,sbm_dpsgd_all_noised,3.992894984902444,1.0338953100711687,11.0,6.0,5.0,1e-05,0.2,0.02,0.2,0.22194033861160278,0.010893436148762703,0.21697929501533508,1.0
1000,10.0,1.9945956405993723,19,edge_flip_vem,,,398,,,1e-05,0.2,0.02,0.2,0.198989138007164,0.019399501383304596,0.2002646028995514,1.0
1000,10.0,1.9945956405993723,19,edge_flip_spectral,,,,,,1e-05,0.2,0.02,0.2,0.198989138007164,0.019399501383304596,0.2002646028995514,1.0
1000,10.0,1.9945956405993723,19,sbm_dpsgd_all_noised,1.9223734183771504,0.5431122541136532,11.0,6.0,5.0,1e-05,0.2,0.02,0.2,0.2170848399400711,0.013212264515459538,0.21514154970645905,1.0
1000,20.0,0.977390412892278,19,edge_flip_vem,,,521,,,1e-05,0.2,0.02,0.2,0.10522671788930893,0.18012383580207825,0.18442852795124054,4.005017801279522e-05
1000,20.0,0.977390412892278,19,edge_flip_spectral,,,,,,1e-05,0.2,0.02,0.2,0.19966961443424225,0.018383938819169998,0.20315991342067719,0.954729771659256
1000,20.0,0.977390412892278,19,sbm_dpsgd_all_noised,0.9419985000802904,0.40561225411365304,11.0,6.0,5.0,1e-05,0.2,0.02,0.2,0.18827572464942932,0.05565965920686722,0.18790079653263092,0.6275415124381415
10000,1.0,27.43885139089614,0,edge_flip_vem,,,261,,,1e-05,0.2,0.02,0.2,0.1997632384300232,0.019986040890216827,0.1998891830444336,1.0
10000,1.0,27.43885139089614,0,edge_flip_spectral,,,,,,1e-05,0.2,0.02,0.2,0.1997632384300232,0.019986040890216827,0.1998891830444336,1.0
10000,1.0,27.43885139089614,0,sbm_dpsgd_all_noised,26.32774027978503,5.635918426327381,11.0,6.0,5.0,1e-05,0.2,0.02,0.2,0.2260119765996933,0.010515651665627956,0.2181984931230545,1.0
10000,2.0,11.728684954707337,0,edge_flip_vem,,,274,,,1e-05,0.2,0.02,0.2,0.1997644007205963,0.019986622035503387,0.19988858699798584,1.0
10000,2.0,11.728684954707337,0,edge_flip_spectral,,,,,,1e-05,0.2,0.02,0.2,0.1997644007205963,0.019986622035503387,0.19988858699798584,1.0
10000,2.0,11.728684954707337,0,sbm_dpsgd_all_noised,11.245049229064149,2.668102829441137,11.0,6.0,5.0,1e-05,0.2,0.02,0.2,0.22599169611930847,0.01051407027989626,0.21821093559265137,1.0
10000,5.0,4.1484505404580005,0,edge_flip_vem,,,409,,,1e-05,0.2,0.02,0.2,0.19993752241134644,0.019994601607322693,0.19982008635997772,1.0
10000,5.0,4.1484505404580005,0,edge_flip_spectral,,,,,,1e-05,0.2,0.02,0.2,0.19982008635997772,0.019994601607322693,0.19993752241134644,1.0
10000,5.0,4.1484505404580005,0,sbm_dpsgd_all_noised,3.992894984902444,1.0338953100711687,11.0,6.0,5.0,1e-05,0.2,0.02,0.2,0.22597497701644897,0.010513505898416042,0.2182176262140274,1.0
10000,10.0,1.9945956405993723,0,edge_flip_vem,,,331,,,1e-05,0.2,0.02,0.2,0.19962145388126373,0.02013968862593174,0.19981715083122253,1.0
10000,10.0,1.9945956405993723,0,edge_flip_spectral,,,,,,1e-05,0.2,0.02,0.2,0.19962145388126373,0.02013968862593174,0.19981715083122253,1.0
10000,10.0,1.9945956405993723,0,sbm_dpsgd_all_noised,1.9223734183771504,0.5431122541136532,11.0,6.0,5.0,1e-05,0.2,0.02,0.2,0.22599782049655914,0.01052060816437006,0.218194842338562,1.0
10000,20.0,0.977390412892278,0,edge_flip_vem,,,860,,,1e-05,0.2,0.02,0.2,0.10994529724121094,0.0,0.0,0.0
10000,20.0,0.977390412892278,0,edge_flip_spectral,,,,,,1e-05,0.2,0.02,0.2,0.1995488703250885,0.02022857591509819,0.19981107115745544,1.0
10000,20.0,0.977390412892278,0,sbm_dpsgd_all_noised,0.9419985000802904,0.40561225411365304,11.0,6.0,5.0,1e-05,0.2,0.02,0.2,0.2260737121105194,0.010540608316659927,0.2181151658296585,1.0
10000,1.0,27.43885139089614,1,edge_flip_vem,,,65,,,1e-05,0.2,0.02,0.2,0.19988004863262177,0.020022479817271233,0.199909508228302,1.0
10000,1.0,27.43885139089614,1,edge_flip_spectral,,,,,,1e-05,0.2,0.02,0.2,0.19988004863262177,0.020022479817271233,0.199909508228302,1.0
10000,1.0,27.43885139089614,1,sbm_dpsgd_all_noised,26.32774027978503,5.635918426327381,11.0,6.0,5.0,1e-05,0.2,0.02,0.2,0.22515876591205597,0.00990342628210783,0.21849796175956726,1.0
10000,2.0,11.728684954707337,1,edge_flip_vem,,,149,,,1e-05,0.2,0.02,0.2,0.19988073408603668,0.020023303106427193,0.19990850985050201,1.0
10000,2.0,11.728684954707337,1,edge_flip_spectral,,,,,,1e-05,0.2,0.02,0.2,0.19988073408603668,0.020023303106427193,0.19990850985050201,1.0
10000,2.0,11.728684954707337,1,sbm_dpsgd_all_noised,11.245049229064149,2.668102829441137,11.0,6.0,5.0,1e-05,0.2,0.02,0.2,0.22508500516414642,0.010066641494631767,0.21846729516983032,1.0
10000,5.0,4.1484505404580005,1,edge_flip_vem,,,78,,,1e-05,0.2,0.02,0.2,0.19988441467285156,0.019997285678982735,0.1998957395553589,1.0
10000,5.0,4.1484505404580005,1,edge_flip_spectral,,,,,,1e-05,0.2,0.02,0.2,0.19988441467285156,0.019997285678982735,0.1998957395553589,1.0
10000,5.0,4.1484505404580005,1,sbm_dpsgd_all_noised,3.992894984902444,1.0338953100711687,11.0,6.0,5.0,1e-05,0.2,0.02,0.2,0.22470565140247345,0.010762599296867847,0.218244269490242,1.0
10000,10.0,1.9945956405993723,1,edge_flip_vem,,,337,,,1e-05,0.2,0.02,0.2,0.19977812469005585,0.01999945566058159,0.19991301000118256,1.0
10000,10.0,1.9945956405993723,1,edge_flip_spectral,,,,,,1e-05,0.2,0.02,0.2,0.19977812469005585,0.01999945566058159,0.19991301000118256,1.0
10000,10.0,1.9945956405993723,1,sbm_dpsgd_all_noised,1.9223734183771504,0.5431122541136532,11.0,6.0,5.0,1e-05,0.2,0.02,0.2,0.22213681042194366,0.012249347753822803,0.21564005315303802,1.0
10000,20.0,0.977390412892278,1,edge_flip_vem,,,812,,,1e-05,0.2,0.02,0.2,0.1994406282901764,0.020108094438910484,0.20013947784900665,1.0
10000,20.0,0.977390412892278,1,edge_flip_spectral,,,,,,1e-05,0.2,0.02,0.2,0.20013947784900665,0.020108094438910484,0.1994406282901764,1.0
10000,20.0,0.977390412892278,1,sbm_dpsgd_all_noised,0.9419985000802904,0.40561225411365304,11.0,6.0,5.0,1e-05,0.2,0.02,0.2,0.18424735963344574,0.06952858716249466,0.17241276800632477,0.6983112747588517
10000,1.0,27.43885139089614,2,edge_flip_vem,,,51,,,1e-05,0.2,0.02,0.2,0.2000080794095993,0.019988199695944786,0.20011457800865173,1.0
10000,1.0,27.43885139089614,2,edge_flip_spectral,,,,,,1e-05,0.2,0.02,0.2,0.2000080794095993,0.019988199695944786,0.20011457800865173,1.0
10000,1.0,27.43885139089614,2,sbm_dpsgd_all_noised,26.32774027978503,5.635918426327381,11.0,6.0,5.0,1e-05,0.2,0.02,0.2,0.22136174142360687,0.010211256332695484,0.22098518908023834,1.0
10000,2.0,11.728684954707337,2,edge_flip_vem,,,53,,,1e-05,0.2,0.02,0.2,0.2000093311071396,0.019989702850580215,0.20011478662490845,1.0
10000,2.0,11.728684954707337,2,edge_flip_spectral,,,,,,1e-05,0.2,0.02,0.2,0.2000093311071396,0.019989702850580215,0.20011478662490845,1.0
10000,2.0,11.728684954707337,2,sbm_dpsgd_all_noised,11.245049229064149,2.668102829441137,11.0,6.0,5.0,1e-05,0.2,0.02,0.2,0.22134147584438324,0.010210850276052952,0.22101916372776031,1.0
10000,5.0,4.1484505404580005,2,edge_flip_vem,,,70,,,1e-05,0.2,0.02,0.2,0.2000107765197754,0.020004509016871452,0.20016050338745117,1.0
10000,5.0,4.1484505404580005,2,edge_flip_spectral,,,,,,1e-05,0.2,0.02,0.2,0.2000107765197754,0.020004509016871452,0.20016050338745117,1.0
10000,5.0,4.1484505404580005,2,sbm_dpsgd_all_noised,3.992894984902444,1.0338953100711687,11.0,6.0,5.0,1e-05,0.2,0.02,0.2,0.22121787071228027,0.010209898464381695,0.22118975222110748,1.0
10000,10.0,1.9945956405993723,2,edge_flip_vem,,,291,,,1e-05,0.2,0.02,0.2,0.19998593628406525,0.01995374634861946,0.199865460395813,1.0
10000,10.0,1.9945956405993723,2,edge_flip_spectral,,,,,,1e-05,0.2,0.02,0.2,0.199865460395813,0.01995374634861946,0.19998593628406525,1.0
10000,10.0,1.9945956405993723,2,sbm_dpsgd_all_noised,1.9223734183771504,0.5431122541136532,11.0,6.0,5.0,1e-05,0.2,0.02,0.2,0.22087469696998596,0.010210493579506874,0.22160328924655914,1.0
10000,20.0,0.977390412892278,2,edge_flip_vem,,,864,,,1e-05,0.2,0.02,0.2,0.10230731219053268,0.12029271572828293,0.1387457549571991,5.058813398666242e-06
10000,20.0,0.977390412892278,2,edge_flip_spectral,,,,,,1e-05,0.2,0.02,0.2,0.19991400837898254,0.01964276097714901,0.1999586671590805,1.0
10000,20.0,0.977390412892278,2,sbm_dpsgd_all_noised,0.9419985000802904,0.40561225411365304,11.0,6.0,5.0,1e-05,0.2,0.02,0.2,0.2200547307729721,0.01022316887974739,0.22251196205615997,1.0
10000,1.0,27.43885139089614,3,edge_flip_vem,,,312,,,1e-05,0.2,0.02,0.2,0.1999092549085617,0.020010000094771385,0.2000989019870758,1.0
10000,1.0,27.43885139089614,3,edge_flip_spectral,,,,,,1e-05,0.2,0.02,0.2,0.2000989019870758,0.020010000094771385,0.1999092549085617,1.0
10000,1.0,27.43885139089614,3,sbm_dpsgd_all_noised,26.32774027978503,5.635918426327381,11.0,6.0,5.0,1e-05,0.2,0.02,0.2,0.21844322979450226,0.009525524452328682,0.22558578848838806,1.0
10000,2.0,11.728684954707337,3,edge_flip_vem,,,227,,,1e-05,0.2,0.02,0.2,0.19990898668766022,0.020010262727737427,0.20009799301624298,1.0
10000,2.0,11.728684954707337,3,edge_flip_spectral,,,,,,1e-05,0.2,0.02,0.2,0.20009799301624298,0.020010262727737427,0.19990898668766022,1.0
10000,2.0,11.728684954707337,3,sbm_dpsgd_all_noised,11.245049229064149,2.668102829441137,11.0,6.0,5.0,1e-05,0.2,0.02,0.2,0.21844567358493805,0.009517543949186802,0.22559374570846558,1.0
10000,5.0,4.1484505404580005,3,edge_flip_vem,,,241,,,1e-05,0.2,0.02,0.2,0.19985394179821014,0.01999848149716854,0.20012515783309937,1.0
10000,5.0,4.1484505404580005,3,edge_flip_spectral,,,,,,1e-05,0.2,0.02,0.2,0.20012515783309937,0.01999848149716854,0.19985394179821014,1.0
10000,5.0,4.1484505404580005,3,sbm_dpsgd_all_noised,3.992894984902444,1.0338953100711687,11.0,6.0,5.0,1e-05,0.2,0.02,0.2,0.2184596210718155,0.009501698426902294,0.22560101747512817,1.0
10000,10.0,1.9945956405993723,3,edge_flip_vem,,,260,,,1e-05,0.2,0.02,0.2,0.19990375638008118,0.019948802888393402,0.2000615894794464,1.0
10000,10.0,1.9945956405993723,3,edge_flip_spectral,,,,,,1e-05,0.2,0.02,0.2,0.2000615894794464,0.019948802888393402,0.19990375638008118,1.0
10000,10.0,1.9945956405993723,3,sbm_dpsgd_all_noised,1.9223734183771504,0.5431122541136532,11.0,6.0,5.0,1e-05,0.2,0.02,0.2,0.2184334546327591,0.009506968781352043,0.2255973368883133,1.0
10000,20.0,0.977390412892278,3,edge_flip_vem,,,795,,,1e-05,0.2,0.02,0.2,0.19991259276866913,0.01983032375574112,0.20029449462890625,1.0
10000,20.0,0.977390412892278,3,edge_flip_spectral,,,,,,1e-05,0.2,0.02,0.2,0.20029449462890625,0.01983032375574112,0.19991259276866913,1.0
10000,20.0,0.977390412892278,3,sbm_dpsgd_all_noised,0.9419985000802904,0.40561225411365304,11.0,6.0,5.0,1e-05,0.2,0.02,0.2,0.21836955845355988,0.009745006449520588,0.22538858652114868,1.0
10000,1.0,27.43885139089614,4,edge_flip_vem,,,48,,,1e-05,0.2,0.02,0.2,0.20007489621639252,0.019972439855337143,0.20005305111408234,1.0
10000,1.0,27.43885139089614,4,edge_flip_spectral,,,,,,1e-05,0.2,0.02,0.2,0.20005305111408234,0.019972439855337143,0.20007489621639252,1.0
10000,1.0,27.43885139089614,4,sbm_dpsgd_all_noised,26.32774027978503,5.635918426327381,11.0,6.0,5.0,1e-05,0.2,0.02,0.2,0.22555510699748993,0.010273439809679985,0.21856948733329773,1.0
10000,2.0,11.728684954707337,4,edge_flip_vem,,,48,,,1e-05,0.2,0.02,0.2,0.20007605850696564,0.019972583279013634,0.20005261898040771,1.0
10000,2.0,11.728684954707337,4,edge_flip_spectral,,,,,,1e-05,0.2,0.02,0.2,0.20005261898040771,0.019972583279013634,0.20007605850696564,1.0
10000,2.0,11.728684954707337,4,sbm_dpsgd_all_noised,11.245049229064149,2.668102829441137,11.0,6.0,5.0,1e-05,0.2,0.02,0.2,0.22550514340400696,0.010268676094710827,0.2185962051153183,1.0
10000,5.0,4.1484505404580005,4,edge_flip_vem,,,144,,,1e-05,0.2,0.02,0.2,0.20006544888019562,0.0199572816491127,0.20001737773418427,1.0
10000,5.0,4.1484505404580005,4,edge_flip_spectral,,,,,,1e-05,0.2,0.02,0.2,0.20001737773418427,0.0199572816491127,0.20006544888019562,1.0
10000,5.0,4.1484505404580005,4,sbm_dpsgd_all_noised,3.992894984902444,1.0338953100711687,11.0,6.0,5.0,1e-05,0.2,0.02,0.2,0.2254181057214737,0.010260775685310364,0.21863533556461334,1.0
10000,10.0,1.9945956405993723,4,edge_flip_vem,,,300,,,1e-05,0.2,0.02,0.2,0.19981810450553894,0.019995195791125298,0.19993016123771667,1.0
10000,10.0,1.9945956405993723,4,edge_flip_spectral,,,,,,1e-05,0.2,0.02,0.2,0.19981810450553894,0.019995195791125298,0.19993016123771667,1.0
10000,10.0,1.9945956405993723,4,sbm_dpsgd_all_noised,1.9223734183771504,0.5431122541136532,11.0,6.0,5.0,1e-05,0.2,0.02,0.2,0.2253730297088623,0.010255774483084679,0.21861183643341064,1.0
10000,20.0,0.977390412892278,4,edge_flip_vem,,,955,,,1e-05,0.2,0.02,0.2,0.06316369771957397,0.08316415548324585,0.11054223775863647,0.0001907282245104502
10000,20.0,0.977390412892278,4,edge_flip_spectral,,,,,,1e-05,0.2,0.02,0.2,0.20020639896392822,0.020141370594501495,0.2001403570175171,1.0
10000,20.0,0.977390412892278,4,sbm_dpsgd_all_noised,0.9419985000802904,0.40561225411365304,11.0,6.0,5.0,1e-05,0.2,0.02,0.2,0.22553066909313202,0.010289466008543968,0.21845275163650513,1.0
10000,1.0,27.43885139089614,5,edge_flip_vem,,,352,,,1e-05,0.2,0.02,0.2,0.20009282231330872,0.020014239475131035,0.19988645613193512,1.0
10000,1.0,27.43885139089614,5,edge_flip_spectral,,,,,,1e-05,0.2,0.02,0.2,0.20009282231330872,0.020014239475131035,0.19988645613193512,1.0
10000,1.0,27.43885139089614,5,sbm_dpsgd_all_noised,26.32774027978503,5.635918426327381,11.0,6.0,5.0,1e-05,0.2,0.02,0.2,0.22480237483978271,0.01053592748939991,0.21944402158260345,1.0
10000,2.0,11.728684954707337,5,edge_flip_vem,,,185,,,1e-05,0.2,0.02,0.2,0.2000938206911087,0.020013462752103806,0.19988417625427246,1.0
10000,2.0,11.728684954707337,5,edge_flip_spectral,,,,,,1e-05,0.2,0.02,0.2,0.2000938206911087,0.020013462752103806,0.19988417625427246,1.0
10000,2.0,11.728684954707337,5,sbm_dpsgd_all_noised,11.245049229064149,2.668102829441137,11.0,6.0,5.0,1e-05,0.2,0.02,0.2,0.22482794523239136,0.0105363754555583,0.21942295134067535,1.0
10000,5.0,4.1484505404580005,5,edge_flip_vem,,,130,,,1e-05,0.2,0.02,0.2,0.20008154213428497,0.02005281113088131,0.19987352192401886,1.0
10000,5.0,4.1484505404580005,5,edge_flip_spectral,,,,,,1e-05,0.2,0.02,0.2,0.20008154213428497,0.02005281113088131,0.19987352192401886,1.0
10000,5.0,4.1484505404580005,5,sbm_dpsgd_all_noised,3.992894984902444,1.0338953100711687,11.0,6.0,5.0,1e-05,0.2,0.02,0.2,0.2249474674463272,0.010538152419030666,0.21932192146778107,1.0
10000,10.0,1.9945956405993723,5,edge_flip_vem,,,462,,,1e-05,0.2,0.02,0.2,0.20016270875930786,0.01994948647916317,0.20001938939094543,1.0
10000,10.0,1.9945956405993723,5,edge_flip_spectral,,,,,,1e-05,0.2,0.02,0.2,0.20016270875930786,0.01994948647916317,0.20001938939094543,1.0
10000,10.0,1.9945956405993723,5,sbm_dpsgd_all_noised,1.9223734183771504,0.5431122541136532,11.0,6.0,5.0,1e-05,0.2,0.02,0.2,0.22520588338375092,0.01054082065820694,0.21910066902637482,1.0
10000,20.0,0.977390412892278,5,edge_flip_vem,,,626,,,1e-05,0.2,0.02,0.2,0.20046965777873993,0.019591830670833588,0.19952785968780518,1.0
10000,20.0,0.977390412892278,5,edge_flip_spectral,,,,,,1e-05,0.2,0.02,0.2,0.20046965777873993,0.019591830670833588,0.19952785968780518,1.0
10000,20.0,0.977390412892278,5,sbm_dpsgd_all_noised,0.9419985000802904,0.40561225411365304,11.0,6.0,5.0,1e-05,0.2,0.02,0.2,0.2255517691373825,0.010545632801949978,0.21877163648605347,1.0
10000,1.0,27.43885139089614,6,edge_flip_vem,,,267,,,1e-05,0.2,0.02,0.2,0.2001926749944687,0.02003256045281887,0.19990165531635284,1.0
10000,1.0,27.43885139089614,6,edge_flip_spectral,,,,,,1e-05,0.2,0.02,0.2,0.19990165531635284,0.02003256045281887,0.2001926749944687,1.0
10000,1.0,27.43885139089614,6,sbm_dpsgd_all_noised,26.32774027978503,5.635918426327381,11.0,6.0,5.0,1e-05,0.2,0.02,0.2,0.22463074326515198,0.010267747566103935,0.21777132153511047,1.0
10000,2.0,11.728684954707337,6,edge_flip_vem,,,255,,,1e-05,0.2,0.02,0.2,0.20019392669200897,0.020032864063978195,0.19990281760692596,1.0
10000,2.0,11.728684954707337,6,edge_flip_spectral,,,,,,1e-05,0.2,0.02,0.2,0.19990281760692596,0.020032864063978195,0.20019392669200897,1.0
10000,2.0,11.728684954707337,6,sbm_dpsgd_all_noised,11.245049229064149,2.668102829441137,11.0,6.0,5.0,1e-05,0.2,0.02,0.2,0.2246423214673996,0.01026831939816475,0.21776211261749268,1.0
10000,5.0,4.1484505404580005,6,edge_flip_vem,,,255,,,1e-05,0.2,0.02,0.2,0.2002141773700714,0.020055783912539482,0.19985708594322205,1.0
10000,5.0,4.1484505404580005,6,edge_flip_spectral,,,,,,1e-05,0.2,0.02,0.2,0.19985708594322205,0.020055783912539482,0.2002141773700714,1.0
10000,5.0,4.1484505404580005,6,sbm_dpsgd_all_noised,3.992894984902444,1.0338953100711687,11.0,6.0,5.0,1e-05,0.2,0.02,0.2,0.22474068403244019,0.010269628837704659,0.2177048623561859,1.0
10000,10.0,1.9945956405993723,6,edge_flip_vem,,,334,,,1e-05,0.2,0.02,0.2,0.19999897480010986,0.01998067833483219,0.19973939657211304,1.0
10000,10.0,1.9945956405993723,6,edge_flip_spectral,,,,,,1e-05,0.2,0.02,0.2,0.19973939657211304,0.01998067833483219,0.19999897480010986,1.0
10000,10.0,1.9945956405993723,6,sbm_dpsgd_all_noised,1.9223734183771504,0.5431122541136532,11.0,6.0,5.0,1e-05,0.2,0.02,0.2,0.22479158639907837,0.010277259163558483,0.21763956546783447,1.0
10000,20.0,0.977390412892278,6,edge_flip_vem,,,883,,,1e-05,0.2,0.02,0.2,0.09478941559791565,0.11068042367696762,0.1271943747997284,4.187313003561008e-05
10000,20.0,0.977390412892278,6,edge_flip_spectral,,,,,,1e-05,0.2,0.02,0.2,0.19997809827327728,0.01960277557373047,0.20028479397296906,1.0
10000,20.0,0.977390412892278,6,sbm_dpsgd_all_noised,0.9419985000802904,0.40561225411365304,11.0,6.0,5.0,1e-05,0.2,0.02,0.2,0.22493876516819,0.010303234681487083,0.21743720769882202,1.0
10000,1.0,27.43885139089614,7,edge_flip_vem,,,51,,,1e-05,0.2,0.02,0.2,0.20020155608654022,0.020009079948067665,0.1998533308506012,1.0
10000,1.0,27.43885139089614,7,edge_flip_spectral,,,,,,1e-05,0.2,0.02,0.2,0.1998533308506012,0.020009079948067665,0.20020155608654022,1.0
10000,1.0,27.43885139089614,7,sbm_dpsgd_all_noised,26.32774027978503,5.635918426327381,11.0,6.0,5.0,1e-05,0.2,0.02,0.2,0.21766310930252075,0.010326331481337547,0.22203926742076874,1.0
10000,2.0,11.728684954707337,7,edge_flip_vem,,,51,,,1e-05,0.2,0.02,0.2,0.20020192861557007,0.020009223371744156,0.19985321164131165,1.0
10000,2.0,11.728684954707337,7,edge_flip_spectral,,,,,,1e-05,0.2,0.02,0.2,0.19985321164131165,0.020009223371744156,0.20020192861557007,1.0
10000,2.0,11.728684954707337,7,sbm_dpsgd_all_noised,11.245049229064149,2.668102829441137,11.0,6.0,5.0,1e-05,0.2,0.02,0.2,0.2176818549633026,0.01032607164233923,0.2220267802476883,1.0
10000,5.0,4.1484505404580005,7,edge_flip_vem,,,147,,,1e-05,0.2,0.02,0.2,0.20018881559371948,0.02004930190742016,0.1998075395822525,1.0
10000,5.0,4.1484505404580005,7,edge_flip_spectral,,,,,,1e-05,0.2,0.02,0.2,0.1998075395822525,0.02004930190742016,0.20018881559371948,1.0
10000,5.0,4.1484505404580005,7,sbm_dpsgd_all_noised,3.992894984902444,1.0338953100711687,11.0,6.0,5.0,1e-05,0.2,0.02,0.2,0.21777284145355225,0.010325007140636444,0.2219715267419815,1.0
10000,10.0,1.9945956405993723,7,edge_flip_vem,,,322,,,1e-05,0.2,0.02,0.2,0.20015260577201843,0.019975943490862846,0.19999277591705322,1.0
10000,10.0,1.9945956405993723,7,edge_flip_spectral,,,,,,1e-05,0.2,0.02,0.2,0.19999277591705322,0.019975943490862846,0.20015260577201843,1.0
10000,10.0,1.9945956405993723,7,sbm_dpsgd_all_noised,1.9223734183771504,0.5431122541136532,11.0,6.0,5.0,1e-05,0.2,0.02,0.2,0.21801620721817017,0.010323356837034225,0.22181113064289093,1.0
10000,20.0,0.977390412892278,7,edge_flip_vem,,,795,,,1e-05,0.2,0.02,0.2,0.0,0.0,0.11000007390975952,0.0
10000,20.0,0.977390412892278,7,edge_flip_spectral,,,,,,1e-05,0.2,0.02,0.2,0.19982148706912994,0.020304394885897636,0.19960589706897736,1.0
10000,20.0,0.977390412892278,7,sbm_dpsgd_all_noised,0.9419985000802904,0.40561225411365304,11.0,6.0,5.0,1e-05,0.2,0.02,0.2,0.21868272125720978,0.010326660238206387,0.2212749719619751,1.0
10000,1.0,27.43885139089614,8,edge_flip_vem,,,146,,,1e-05,0.2,0.02,0.2,0.2001340240240097,0.019964439794421196,0.1999547928571701,1.0
10000,1.0,27.43885139089614,8,edge_flip_spectral,,,,,,1e-05,0.2,0.02,0.2,0.2001340240240097,0.019964439794421196,0.1999547928571701,1.0
10000,1.0,27.43885139089614,8,sbm_dpsgd_all_noised,26.32774027978503,5.635918426327381,11.0,6.0,5.0,1e-05,0.2,0.02,0.2,0.22593997418880463,0.010255524888634682,0.21779024600982666,1.0
10000,2.0,11.728684954707337,8,edge_flip_vem,,,58,,,1e-05,0.2,0.02,0.2,0.20013335347175598,0.019963782280683517,0.1999550759792328,1.0
10000,2.0,11.728684954707337,8,edge_flip_spectral,,,,,,1e-05,0.2,0.02,0.2,0.20013335347175598,0.019963782280683517,0.1999550759792328,1.0
10000,2.0,11.728684954707337,8,sbm_dpsgd_all_noised,11.245049229064149,2.668102829441137,11.0,6.0,5.0,1e-05,0.2,0.02,0.2,0.22593943774700165,0.010254470631480217,0.21779024600982666,1.0
10000,5.0,4.1484505404580005,8,edge_flip_vem,,,144,,,1e-05,0.2,0.02,0.2,0.2001652866601944,0.019939323887228966,0.1999739408493042,1.0
10000,5.0,4.1484505404580005,8,edge_flip_spectral,,,,,,1e-05,0.2,0.02,0.2,0.2001652866601944,0.019939323887228966,0.1999739408493042,1.0
10000,5.0,4.1484505404580005,8,sbm_dpsgd_all_noised,3.992894984902444,1.0338953100711687,11.0,6.0,5.0,1e-05,0.2,0.02,0.2,0.22597983479499817,0.010255007073283195,0.21777057647705078,1.0
10000,10.0,1.9945956405993723,8,edge_flip_vem,,,151,,,1e-05,0.2,0.02,0.2,0.2001335620880127,0.0199856236577034,0.1999143809080124,1.0
10000,10.0,1.9945956405993723,8,edge_flip_spectral,,,,,,1e-05,0.2,0.02,0.2,0.2001335620880127,0.0199856236577034,0.1999143809080124,1.0
10000,10.0,1.9945956405993723,8,sbm_dpsgd_all_noised,1.9223734183771504,0.5431122541136532,11.0,6.0,5.0,1e-05,0.2,0.02,0.2,0.2260335087776184,0.010258608497679234,0.21773357689380646,1.0
10000,20.0,0.977390412892278,8,edge_flip_vem,,,742,,,1e-05,0.2,0.02,0.2,0.0,0.0,0.11018681526184082,0.0
10000,20.0,0.977390412892278,8,edge_flip_spectral,,,,,,1e-05,0.2,0.02,0.2,0.20013736188411713,0.020271914079785347,0.2001020461320877,1.0
10000,20.0,0.977390412892278,8,sbm_dpsgd_all_noised,0.9419985000802904,0.40561225411365304,11.0,6.0,5.0,1e-05,0.2,0.02,0.2,0.22570978105068207,0.010247944854199886,0.21760854125022888,1.0
10000,1.0,27.43885139089614,9,edge_flip_vem,,,262,,,1e-05,0.2,0.02,0.2,0.19995030760765076,0.019989479333162308,0.19994087517261505,1.0
10000,1.0,27.43885139089614,9,edge_flip_spectral,,,,,,1e-05,0.2,0.02,0.2,0.19995030760765076,0.019989479333162308,0.19994087517261505,1.0
10000,1.0,27.43885139089614,9,sbm_dpsgd_all_noised,26.32774027978503,5.635918426327381,11.0,6.0,5.0,1e-05,0.2,0.02,0.2,0.22016575932502747,0.010395360179245472,0.22332021594047546,1.0
10000,2.0,11.728684954707337,9,edge_flip_vem,,,312,,,1e-05,0.2,0.02,0.2,0.19994954764842987,0.01998942345380783,0.1999409943819046,1.0
10000,2.0,11.728684954707337,9,edge_flip_spectral,,,,,,1e-05,0.2,0.02,0.2,0.19994954764842987,0.01998942345380783,0.1999409943819046,1.0
10000,2.0,11.728684954707337,9,sbm_dpsgd_all_noised,11.245049229064149,2.668102829441137,11.0,6.0,5.0,1e-05,0.2,0.02,0.2,0.2201666235923767,0.010399318300187588,0.22333696484565735,1.0
10000,5.0,4.1484505404580005,9,edge_flip_vem,,,243,,,1e-05,0.2,0.02,0.2,0.19994106888771057,0.020027875900268555,0.2000409960746765,1.0
10000,5.0,4.1484505404580005,9,edge_flip_spectral,,,,,,1e-05,0.2,0.02,0.2,0.19994106888771057,0.020027875900268555,0.2000409960746765,1.0
10000,5.0,4.1484505404580005,9,sbm_dpsgd_all_noised,3.992894984902444,1.0338953100711687,11.0,6.0,5.0,1e-05,0.2,0.02,0.2,0.2201244980096817,0.010453271679580212,0.22354987263679504,1.0
10000,10.0,1.9945956405993723,9,edge_flip_vem,,,603,,,1e-05,0.2,0.02,0.2,0.19996488094329834,0.020019443705677986,0.19987976551055908,1.0
10000,10.0,1.9945956405993723,9,edge_flip_spectral,,,,,,1e-05,0.2,0.02,0.2,0.19987976551055908,0.020019443705677986,0.19996488094329834,1.0
10000,10.0,1.9945956405993723,9,sbm_dpsgd_all_noised,1.9223734183771504,0.5431122541136532,11.0,6.0,5.0,1e-05,0.2,0.02,0.2,0.22006332874298096,0.010523212142288685,0.22386452555656433,1.0
10000,20.0,0.977390412892278,9,edge_flip_vem,,,549,,,1e-05,0.2,0.02,0.2,0.2001972198486328,0.020096177235245705,0.1994413435459137,1.0
10000,20.0,0.977390412892278,9,edge_flip_spectral,,,,,,1e-05,0.2,0.02,0.2,0.2001972198486328,0.020096177235245705,0.1994413435459137,1.0
10000,20.0,0.977390412892278,9,sbm_dpsgd_all_noised,0.9419985000802904,0.40561225411365304,11.0,6.0,5.0,1e-05,0.2,0.02,0.2,0.22023096680641174,0.01036911178380251,0.22195084393024445,1.0
10000,1.0,27.43885139089614,10,edge_flip_vem,,,51,,,1e-05,0.2,0.02,0.2,0.1999298334121704,0.019952360540628433,0.20020388066768646,1.0
10000,1.0,27.43885139089614,10,edge_flip_spectral,,,,,,1e-05,0.2,0.02,0.2,0.20020388066768646,0.019952360540628433,0.1999298334121704,1.0
10000,1.0,27.43885139089614,10,sbm_dpsgd_all_noised,26.32774027978503,5.635918426327381,11.0,6.0,5.0,1e-05,0.2,0.02,0.2,0.22046180069446564,0.010201416909694672,0.22114259004592896,1.0
10000,2.0,11.728684954707337,10,edge_flip_vem,,,50,,,1e-05,0.2,0.02,0.2,0.19993002712726593,0.019952941685914993,0.20020529627799988,1.0
10000,2.0,11.728684954707337,10,edge_flip_spectral,,,,,,1e-05,0.2,0.02,0.2,0.20020529627799988,0.019952941685914993,0.19993002712726593,1.0
10000,2.0,11.728684954707337,10,sbm_dpsgd_all_noised,11.245049229064149,2.668102829441137,11.0,6.0,5.0,1e-05,0.2,0.02,0.2,0.22045978903770447,0.010202069766819477,0.22114288806915283,1.0
10000,5.0,4.1484505404580005,10,edge_flip_vem,,,50,,,1e-05,0.2,0.02,0.2,0.19993405044078827,0.019922643899917603,0.20020385086536407,1.0
10000,5.0,4.1484505404580005,10,edge_flip_spectral,,,,,,1e-05,0.2,0.02,0.2,0.20020385086536407,0.019922643899917603,0.19993405044078827,1.0
10000,5.0,4.1484505404580005,10,sbm_dpsgd_all_noised,3.992894984902444,1.0338953100711687,11.0,6.0,5.0,1e-05,0.2,0.02,0.2,0.2205653190612793,0.01020290981978178,0.22105775773525238,1.0
10000,10.0,1.9945956405993723,10,edge_flip_vem,,,203,,,1e-05,0.2,0.02,0.2,0.1996375471353531,0.019968895241618156,0.19997593760490417,1.0
10000,10.0,1.9945956405993723,10,edge_flip_spectral,,,,,,1e-05,0.2,0.02,0.2,0.19997593760490417,0.019968895241618156,0.1996375471353531,1.0
10000,10.0,1.9945956405993723,10,sbm_dpsgd_all_noised,1.9223734183771504,0.5431122541136532,11.0,6.0,5.0,1e-05,0.2,0.02,0.2,0.22107839584350586,0.010199882090091705,0.22068485617637634,1.0
10000,20.0,0.977390412892278,10,edge_flip_vem,,,900,,,1e-05,0.2,0.02,0.2,0.23252998292446136,0.14406678080558777,0.10994335263967514,4.773438562462479e-05
10000,20.0,0.977390412892278,10,edge_flip_spectral,,,,,,1e-05,0.2,0.02,0.2,0.2001958042383194,0.020056989043951035,0.19982749223709106,1.0
10000,20.0,0.977390412892278,10,sbm_dpsgd_all_noised,0.9419985000802904,0.40561225411365304,11.0,6.0,5.0,1e-05,0.2,0.02,0.2,0.2221701443195343,0.010202408768236637,0.21988347172737122,1.0
10000,1.0,27.43885139089614,11,edge_flip_vem,,,188,,,1e-05,0.2,0.02,0.2,0.20004288852214813,0.01998079940676689,0.19995087385177612,1.0
10000,1.0,27.43885139089614,11,edge_flip_spectral,,,,,,1e-05,0.2,0.02,0.2,0.19995087385177612,0.01998079940676689,0.20004288852214813,1.0
10000,1.0,27.43885139089614,11,sbm_dpsgd_all_noised,26.32774027978503,5.635918426327381,11.0,6.0,5.0,1e-05,0.2,0.02,0.2,0.22357699275016785,0.010380174964666367,0.2198481559753418,1.0
10000,2.0,11.728684954707337,11,edge_flip_vem,,,85,,,1e-05,0.2,0.02,0.2,0.20004349946975708,0.019981222227215767,0.19995059072971344,1.0
10000,2.0,11.728684954707337,11,edge_flip_spectral,,,,,,1e-05,0.2,0.02,0.2,0.19995059072971344,0.019981222227215767,0.20004349946975708,1.0
10000,2.0,11.728684954707337,11,sbm_dpsgd_all_noised,11.245049229064149,2.668102829441137,11.0,6.0,5.0,1e-05,0.2,0.02,0.2,0.22355440258979797,0.010360651649534702,0.2197784185409546,1.0
10000,5.0,4.1484505404580005,11,edge_flip_vem,,,237,,,1e-05,0.2,0.02,0.2,0.19996130466461182,0.01995501108467579,0.1999407410621643,1.0
10000,5.0,4.1484505404580005,11,edge_flip_spectral,,,,,,1e-05,0.2,0.02,0.2,0.1999407410621643,0.01995501108467579,0.19996130466461182,1.0
10000,5.0,4.1484505404580005,11,sbm_dpsgd_all_noised,3.992894984902444,1.0338953100711687,11.0,6.0,5.0,1e-05,0.2,0.02,0.2,0.2233908474445343,0.010330099612474442,0.2196933925151825,1.0
10000,10.0,1.9945956405993723,11,edge_flip_vem,,,257,,,1e-05,0.2,0.02,0.2,0.20017743110656738,0.019917085766792297,0.19989238679409027,1.0
10000,10.0,1.9945956405993723,11,edge_flip_spectral,,,,,,1e-05,0.2,0.02,0.2,0.19989238679409027,0.019917085766792297,0.20017743110656738,1.0
10000,10.0,1.9945956405993723,11,sbm_dpsgd_all_noised,1.9223734183771504,0.5431122541136532,11.0,6.0,5.0,1e-05,0.2,0.02,0.2,0.22281870245933533,0.010312813334167004,0.21954655647277832,1.0
10000,20.0,0.977390412892278,11,edge_flip_vem,,,661,,,1e-05,0.2,0.02,0.2,0.1995273232460022,0.020108181983232498,0.200058251619339,1.0
10000,20.0,0.977390412892278,11,edge_flip_spectral,,,,,,1e-05,0.2,0.02,0.2,0.1995273232460022,0.020108181983232498,0.200058251619339,1.0
10000,20.0,0.977390412892278,11,sbm_dpsgd_all_noised,0.9419985000802904,0.40561225411365304,11.0,6.0,5.0,1e-05,0.2,0.02,0.2,0.22119595110416412,0.010374577715992928,0.21982862055301666,1.0
10000,1.0,27.43885139089614,12,edge_flip_vem,,,142,,,1e-05,0.2,0.02,0.2,0.19996847212314606,0.02000856027007103,0.19992318749427795,1.0
10000,1.0,27.43885139089614,12,edge_flip_spectral,,,,,,1e-05,0.2,0.02,0.2,0.19992318749427795,0.02000856027007103,0.19996847212314606,1.0
10000,1.0,27.43885139089614,12,sbm_dpsgd_all_noised,26.32774027978503,5.635918426327381,11.0,6.0,5.0,1e-05,0.2,0.02,0.2,0.2244534194469452,0.010288864374160767,0.21841754019260406,1.0
10000,2.0,11.728684954707337,12,edge_flip_vem,,,142,,,1e-05,0.2,0.02,0.2,0.1999693214893341,0.02000858262181282,0.19992323219776154,1.0
10000,2.0,11.728684954707337,12,edge_flip_spectral,,,,,,1e-05,0.2,0.02,0.2,0.19992323219776154,0.02000858262181282,0.1999693214893341,1.0
10000,2.0,11.728684954707337,12,sbm_dpsgd_all_noised,11.245049229064149,2.668102829441137,11.0,6.0,5.0,1e-05,0.2,0.02,0.2,0.22448109090328217,0.010287191718816757,0.2183361053466797,1.0
10000,5.0,4.1484505404580005,12,edge_flip_vem,,,50,,,1e-05,0.2,0.02,0.2,0.19997839629650116,0.019987748935818672,0.19991208612918854,1.0
10000,5.0,4.1484505404580005,12,edge_flip_spectral,,,,,,1e-05,0.2,0.02,0.2,0.19991208612918854,0.019987748935818672,0.19997839629650116,1.0
10000,5.0,4.1484505404580005,12,sbm_dpsgd_all_noised,3.992894984902444,1.0338953100711687,11.0,6.0,5.0,1e-05,0.2,0.02,0.2,0.22447311878204346,0.010285498574376106,0.21820160746574402,1.0
10000,10.0,1.9945956405993723,12,edge_flip_vem,,,243,,,1e-05,0.2,0.02,0.2,0.2001594454050064,0.01993444375693798,0.1999056488275528,1.0
10000,10.0,1.9945956405993723,12,edge_flip_spectral,,,,,,1e-05,0.2,0.02,0.2,0.2001594454050064,0.01993444375693798,0.1999056488275528,1.0
10000,10.0,1.9945956405993723,12,sbm_dpsgd_all_noised,1.9223734183771504,0.5431122541136532,11.0,6.0,5.0,1e-05,0.2,0.02,0.2,0.22424709796905518,0.010292100720107555,0.21810299158096313,1.0
10000,20.0,0.977390412892278,12,edge_flip_vem,,,603,,,1e-05,0.2,0.02,0.2,0.20006956160068512,0.020245522260665894,0.19979818165302277,1.0
10000,20.0,0.977390412892278,12,edge_flip_spectral,,,,,,1e-05,0.2,0.02,0.2,0.19979818165302277,0.020245522260665894,0.20006956160068512,1.0
10000,20.0,0.977390412892278,12,sbm_dpsgd_all_noised,0.9419985000802904,0.40561225411365304,11.0,6.0,5.0,1e-05,0.2,0.02,0.2,0.22339074313640594,0.010320826433598995,0.2187473475933075,1.0
10000,1.0,27.43885139089614,13,edge_flip_vem,,,76,,,1e-05,0.2,0.02,0.2,0.20002897083759308,0.01998252049088478,0.20007817447185516,1.0
10000,1.0,27.43885139089614,13,edge_flip_spectral,,,,,,1e-05,0.2,0.02,0.2,0.20007817447185516,0.01998252049088478,0.20002897083759308,1.0
10000,1.0,27.43885139089614,13,sbm_dpsgd_all_noised,26.32774027978503,5.635918426327381,11.0,6.0,5.0,1e-05,0.2,0.02,0.2,0.22582226991653442,0.010307016782462597,0.21834762394428253,1.0
10000,2.0,11.728684954707337,13,edge_flip_vem,,,145,,,1e-05,0.2,0.02,0.2,0.20003005862236023,0.01998254284262657,0.2000787854194641,1.0
10000,2.0,11.728684954707337,13,edge_flip_spectral,,,,,,1e-05,0.2,0.02,0.2,0.2000787854194641,0.01998254284262657,0.20003005862236023,1.0
10000,2.0,11.728684954707337,13,sbm_dpsgd_all_noised,11.245049229064149,2.668102829441137,11.0,6.0,5.0,1e-05,0.2,0.02,0.2,0.22579264640808105,0.010301447473466396,0.21835534274578094,1.0
10000,5.0,4.1484505404580005,13,edge_flip_vem,,,336,,,1e-05,0.2,0.02,0.2,0.2000035047531128,0.019982175901532173,0.20002959668636322,1.0
10000,5.0,4.1484505404580005,13,edge_flip_spectral,,,,,,1e-05,0.2,0.02,0.2,0.20002959668636322,0.019982175901532173,0.2000035047531128,1.0
10000,5.0,4.1484505404580005,13,sbm_dpsgd_all_noised,3.992894984902444,1.0338953100711687,11.0,6.0,5.0,1e-05,0.2,0.02,0.2,0.2256935089826584,0.010285643860697746,0.21837466955184937,1.0
10000,10.0,1.9945956405993723,13,edge_flip_vem,,,199,,,1e-05,0.2,0.02,0.2,0.2000861018896103,0.020023809745907784,0.2001086175441742,1.0
10000,10.0,1.9945956405993723,13,edge_flip_spectral,,,,,,1e-05,0.2,0.02,0.2,0.2001086175441742,0.020023809745907784,0.2000861018896103,1.0
10000,10.0,1.9945956405993723,13,sbm_dpsgd_all_noised,1.9223734183771504,0.5431122541136532,11.0,6.0,5.0,1e-05,0.2,0.02,0.2,0.22561770677566528,0.010285010561347008,0.21838586032390594,1.0
10000,20.0,0.977390412892278,13,edge_flip_vem,,,744,,,1e-05,0.2,0.02,0.2,0.2001214623451233,0.019856274127960205,0.20016685128211975,1.0
10000,20.0,0.977390412892278,13,edge_flip_spectral,,,,,,1e-05,0.2,0.02,0.2,0.2001214623451233,0.019856274127960205,0.20016685128211975,1.0
10000,20.0,0.977390412892278,13,sbm_dpsgd_all_noised,0.9419985000802904,0.40561225411365304,11.0,6.0,5.0,1e-05,0.2,0.02,0.2,0.2258198857307434,0.010341237299144268,0.21824967861175537,1.0
10000,1.0,27.43885139089614,14,edge_flip_vem,,,151,,,1e-05,0.2,0.02,0.2,0.20003096759319305,0.019994400441646576,0.20004913210868835,1.0
10000,1.0,27.43885139089614,14,edge_flip_spectral,,,,,,1e-05,0.2,0.02,0.2,0.20003096759319305,0.019994400441646576,0.20004913210868835,1.0
10000,1.0,27.43885139089614,14,sbm_dpsgd_all_noised,26.32774027978503,5.635918426327381,11.0,6.0,5.0,1e-05,0.2,0.02,0.2,0.2245681881904602,0.010234260931611061,0.21798285841941833,1.0
10000,2.0,11.728684954707337,14,edge_flip_vem,,,202,,,1e-05,0.2,0.02,0.2,0.20003117620944977,0.01999378390610218,0.20004917681217194,1.0
10000,2.0,11.728684954707337,14,edge_flip_spectral,,,,,,1e-05,0.2,0.02,0.2,0.20003117620944977,0.01999378390610218,0.20004917681217194,1.0
10000,2.0,11.728684954707337,14,sbm_dpsgd_all_noised,11.245049229064149,2.668102829441137,11.0,6.0,5.0,1e-05,0.2,0.02,0.2,0.22455823421478271,0.010234354063868523,0.21798540651798248,1.0
10000,5.0,4.1484505404580005,14,edge_flip_vem,,,143,,,1e-05,0.2,0.02,0.2,0.19993330538272858,0.01997680775821209,0.20004908740520477,1.0
10000,5.0,4.1484505404580005,14,edge_flip_spectral,,,,,,1e-05,0.2,0.02,0.2,0.19993330538272858,0.01997680775821209,0.20004908740520477,1.0
10000,5.0,4.1484505404580005,14,sbm_dpsgd_all_noised,3.992894984902444,1.0338953100711687,11.0,6.0,5.0,1e-05,0.2,0.02,0.2,0.2245292365550995,0.010235283523797989,0.2179894894361496,1.0
10000,10.0,1.9945956405993723,14,edge_flip_vem,,,286,,,1e-05,0.2,0.02,0.2,0.20011408627033234,0.020131219178438187,0.1999492049217224,1.0
10000,10.0,1.9945956405993723,14,edge_flip_spectral,,,,,,1e-05,0.2,0.02,0.2,0.20011408627033234,0.020131219178438187,0.1999492049217224,1.0
10000,10.0,1.9945956405993723,14,sbm_dpsgd_all_noised,1.9223734183771504,0.5431122541136532,11.0,6.0,5.0,1e-05,0.2,0.02,0.2,0.22453688085079193,0.010239738039672375,0.21792413294315338,1.0
10000,20.0,0.977390412892278,14,edge_flip_vem,,,553,,,1e-05,0.2,0.02,0.2,0.19961419701576233,0.019949039444327354,0.20051980018615723,1.0
10000,20.0,0.977390412892278,14,edge_flip_spectral,,,,,,1e-05,0.2,0.02,0.2,0.20051980018615723,0.019949039444327354,0.19961419701576233,1.0
10000,20.0,0.977390412892278,14,sbm_dpsgd_all_noised,0.9419985000802904,0.40561225411365304,11.0,6.0,5.0,1e-05,0.2,0.02,0.2,0.22449573874473572,0.010261260904371738,0.21772043406963348,1.0
10000,1.0,27.43885139089614,15,edge_flip_vem,,,53,,,1e-05,0.2,0.02,0.2,0.20000280439853668,0.019996199756860733,0.2000991404056549,1.0
10000,1.0,27.43885139089614,15,edge_flip_spectral,,,,,,1e-05,0.2,0.02,0.2,0.20000280439853668,0.019996199756860733,0.2000991404056549,1.0
10000,1.0,27.43885139089614,15,sbm_dpsgd_all_noised,26.32774027978503,5.635918426327381,11.0,6.0,5.0,1e-05,0.2,0.02,0.2,0.21648657321929932,0.010257911868393421,0.21352049708366394,1.0
10000,2.0,11.728684954707337,15,edge_flip_vem,,,55,,,1e-05,0.2,0.02,0.2,0.20009782910346985,0.01999666355550289,0.20000292360782623,1.0
10000,2.0,11.728684954707337,15,edge_flip_spectral,,,,,,1e-05,0.2,0.02,0.2,0.20000292360782623,0.01999666355550289,0.20009782910346985,1.0
10000,2.0,11.728684954707337,15,sbm_dpsgd_all_noised,11.245049229064149,2.668102829441137,11.0,6.0,5.0,1e-05,0.2,0.02,0.2,0.21645666658878326,0.010257360525429249,0.2135150134563446,1.0
10000,5.0,4.1484505404580005,15,edge_flip_vem,,,53,,,1e-05,0.2,0.02,0.2,0.19996552169322968,0.019981348887085915,0.20005916059017181,1.0
10000,5.0,4.1484505404580005,15,edge_flip_spectral,,,,,,1e-05,0.2,0.02,0.2,0.19996552169322968,0.019981348887085915,0.20005916059017181,1.0
10000,5.0,4.1484505404580005,15,sbm_dpsgd_all_noised,3.992894984902444,1.0338953100711687,11.0,6.0,5.0,1e-05,0.2,0.02,0.2,0.21637685596942902,0.010256187990307808,0.2135176658630371,1.0
10000,10.0,1.9945956405993723,15,edge_flip_vem,,,245,,,1e-05,0.2,0.02,0.2,0.19996456801891327,0.020061051473021507,0.19993489980697632,1.0
10000,10.0,1.9945956405993723,15,edge_flip_spectral,,,,,,1e-05,0.2,0.02,0.2,0.19996456801891327,0.020061051473021507,0.19993489980697632,1.0
10000,10.0,1.9945956405993723,15,sbm_dpsgd_all_noised,1.9223734183771504,0.5431122541136532,11.0,6.0,5.0,1e-05,0.2,0.02,0.2,0.2162727564573288,0.010255346074700356,0.21354985237121582,1.0
10000,20.0,0.977390412892278,15,edge_flip_vem,,,627,,,1e-05,0.2,0.02,0.2,0.20010098814964294,0.019922472536563873,0.20046664774417877,1.0
10000,20.0,0.977390412892278,15,edge_flip_spectral,,,,,,1e-05,0.2,0.02,0.2,0.20046664774417877,0.019922472536563873,0.20010098814964294,1.0
10000,20.0,0.977390412892278,15,sbm_dpsgd_all_noised,0.9419985000802904,0.40561225411365304,11.0,6.0,5.0,1e-05,0.2,0.02,0.2,0.21600021421909332,0.010257244110107422,0.2138664275407791,1.0
10000,1.0,27.43885139089614,16,edge_flip_vem,,,239,,,1e-05,0.2,0.02,0.2,0.19997896254062653,0.020014440640807152,0.20002272725105286,1.0
10000,1.0,27.43885139089614,16,edge_flip_spectral,,,,,,1e-05,0.2,0.02,0.2,0.20002272725105286,0.020014440640807152,0.19997896254062653,1.0
10000,1.0,27.43885139089614,16,sbm_dpsgd_all_noised,26.32774027978503,5.635918426327381,11.0,6.0,5.0,1e-05,0.2,0.02,0.2,0.22641418874263763,0.010411672294139862,0.21771375834941864,1.0
10000,2.0,11.728684954707337,16,edge_flip_vem,,,155,,,1e-05,0.2,0.02,0.2,0.19997844099998474,0.020015504211187363,0.20002317428588867,1.0
10000,2.0,11.728684954707337,16,edge_flip_spectral,,,,,,1e-05,0.2,0.02,0.2,0.20002317428588867,0.020015504211187363,0.19997844099998474,1.0
10000,2.0,11.728684954707337,16,sbm_dpsgd_all_noised,11.245049229064149,2.668102829441137,11.0,6.0,5.0,1e-05,0.2,0.02,0.2,0.22642990946769714,0.010411562398076057,0.21769937872886658,1.0
10000,5.0,4.1484505404580005,16,edge_flip_vem,,,187,,,1e-05,0.2,0.02,0.2,0.20002324879169464,0.019998440518975258,0.20001085102558136,1.0
10000,5.0,4.1484505404580005,16,edge_flip_spectral,,,,,,1e-05,0.2,0.02,0.2,0.20001085102558136,0.019998440518975258,0.20002324879169464,1.0
10000,5.0,4.1484505404580005,16,sbm_dpsgd_all_noised,3.992894984902444,1.0338953100711687,11.0,6.0,5.0,1e-05,0.2,0.02,0.2,0.22645452618598938,0.010409918613731861,0.2176729291677475,1.0
10000,10.0,1.9945956405993723,16,edge_flip_vem,,,318,,,1e-05,0.2,0.02,0.2,0.19984515011310577,0.019931865856051445,0.20001275837421417,1.0
10000,10.0,1.9945956405993723,16,edge_flip_spectral,,,,,,1e-05,0.2,0.02,0.2,0.19984515011310577,0.019931865856051445,0.20001275837421417,1.0
10000,10.0,1.9945956405993723,16,sbm_dpsgd_all_noised,1.9223734183771504,0.5431122541136532,11.0,6.0,5.0,1e-05,0.2,0.02,0.2,0.22641871869564056,0.010411703027784824,0.21768945455551147,1.0
10000,20.0,0.977390412892278,16,edge_flip_vem,,,879,,,1e-05,0.2,0.02,0.2,0.0,0.0,0.11014263331890106,0.0
10000,20.0,0.977390412892278,16,edge_flip_spectral,,,,,,1e-05,0.2,0.02,0.2,0.20026201009750366,0.020009413361549377,0.20032575726509094,1.0
10000,20.0,0.977390412892278,16,sbm_dpsgd_all_noised,0.9419985000802904,0.40561225411365304,11.0,6.0,5.0,1e-05,0.2,0.02,0.2,0.2260640412569046,0.01042348612099886,0.21792109310626984,1.0
10000,1.0,27.43885139089614,17,edge_flip_vem,,,79,,,1e-05,0.2,0.02,0.2,0.20006568729877472,0.019965840503573418,0.20000359416007996,1.0
10000,1.0,27.43885139089614,17,edge_flip_spectral,,,,,,1e-05,0.2,0.02,0.2,0.20000359416007996,0.019965840503573418,0.20006568729877472,1.0
10000,1.0,27.43885139089614,17,sbm_dpsgd_all_noised,26.32774027978503,5.635918426327381,11.0,6.0,5.0,1e-05,0.2,0.02,0.2,0.2228587567806244,0.010326363146305084,0.21665821969509125,1.0
10000,2.0,11.728684954707337,17,edge_flip_vem,,,146,,,1e-05,0.2,0.02,0.2,0.2000667005777359,0.01996610313653946,0.20000453293323517,1.0
10000,2.0,11.728684954707337,17,edge_flip_spectral,,,,,,1e-05,0.2,0.02,0.2,0.20000453293323517,0.01996610313653946,0.2000667005777359,1.0
10000,2.0,11.728684954707337,17,sbm_dpsgd_all_noised,11.245049229064149,2.668102829441137,11.0,6.0,5.0,1e-05,0.2,0.02,0.2,0.22287119925022125,0.010327734984457493,0.21661461889743805,1.0
10000,5.0,4.1484505404580005,17,edge_flip_vem,,,139,,,1e-05,0.2,0.02,0.2,0.20004108548164368,0.01999402418732643,0.20004414021968842,1.0
10000,5.0,4.1484505404580005,17,edge_flip_spectral,,,,,,1e-05,0.2,0.02,0.2,0.20004414021968842,0.01999402418732643,0.20004108548164368,1.0
10000,5.0,4.1484505404580005,17,sbm_dpsgd_all_noised,3.992894984902444,1.0338953100711687,11.0,6.0,5.0,1e-05,0.2,0.02,0.2,0.22287701070308685,0.010332494042813778,0.2164974957704544,1.0
10000,10.0,1.9945956405993723,17,edge_flip_vem,,,168,,,1e-05,0.2,0.02,0.2,0.20010682940483093,0.019959690049290657,0.19994047284126282,1.0
10000,10.0,1.9945956405993723,17,edge_flip_spectral,,,,,,1e-05,0.2,0.02,0.2,0.19994047284126282,0.019959690049290657,0.20010682940483093,1.0
10000,10.0,1.9945956405993723,17,sbm_dpsgd_all_noised,1.9223734183771504,0.5431122541136532,11.0,6.0,5.0,1e-05,0.2,0.02,0.2,0.22279874980449677,0.010338513180613518,0.21646371483802795,1.0
10000,20.0,0.977390412892278,17,edge_flip_vem,,,757,,,1e-05,0.2,0.02,0.2,0.2001926302909851,0.019892815500497818,0.19999928772449493,1.0
10000,20.0,0.977390412892278,17,edge_flip_spectral,,,,,,1e-05,0.2,0.02,0.2,0.19999928772449493,0.019892815500497818,0.2001926302909851,1.0
10000,20.0,0.977390412892278,17,sbm_dpsgd_all_noised,0.9419985000802904,0.40561225411365304,11.0,6.0,5.0,1e-05,0.2,0.02,0.2,0.22222629189491272,0.010345526970922947,0.21712571382522583,1.0
10000,1.0,27.43885139089614,18,edge_flip_vem,,,170,,,1e-05,0.2,0.02,0.2,0.20002961158752441,0.020038040354847908,0.2000276893377304,1.0
10000,1.0,27.43885139089614,18,edge_flip_spectral,,,,,,1e-05,0.2,0.02,0.2,0.20002961158752441,0.020038040354847908,0.2000276893377304,1.0
10000,1.0,27.43885139089614,18,sbm_dpsgd_all_noised,26.32774027978503,5.635918426327381,11.0,6.0,5.0,1e-05,0.2,0.02,0.2,0.21984094381332397,0.010249520651996136,0.22283796966075897,1.0
10000,2.0,11.728684954707337,18,edge_flip_vem,,,85,,,1e-05,0.2,0.02,0.2,0.2000294178724289,0.0200381837785244,0.20002733170986176,1.0
10000,2.0,11.728684954707337,18,edge_flip_spectral,,,,,,1e-05,0.2,0.02,0.2,0.2000294178724289,0.0200381837785244,0.20002733170986176,1.0
10000,2.0,11.728684954707337,18,sbm_dpsgd_all_noised,11.245049229064149,2.668102829441137,11.0,6.0,5.0,1e-05,0.2,0.02,0.2,0.21980147063732147,0.010250107385218143,0.2228575348854065,1.0
10000,5.0,4.1484505404580005,18,edge_flip_vem,,,92,,,1e-05,0.2,0.02,0.2,0.2000165581703186,0.020046576857566833,0.20004025101661682,1.0
10000,5.0,4.1484505404580005,18,edge_flip_spectral,,,,,,1e-05,0.2,0.02,0.2,0.2000165581703186,0.020046576857566833,0.20004025101661682,1.0
10000,5.0,4.1484505404580005,18,sbm_dpsgd_all_noised,3.992894984902444,1.0338953100711687,11.0,6.0,5.0,1e-05,0.2,0.02,0.2,0.21965372562408447,0.010252980515360832,0.2228952795267105,1.0
10000,10.0,1.9945956405993723,18,edge_flip_vem,,,368,,,1e-05,0.2,0.02,0.2,0.19991911947727203,0.020100237801671028,0.1998872309923172,1.0
10000,10.0,1.9945956405993723,18,edge_flip_spectral,,,,,,1e-05,0.2,0.02,0.2,0.19991911947727203,0.020100237801671028,0.1998872309923172,1.0
10000,10.0,1.9945956405993723,18,sbm_dpsgd_all_noised,1.9223734183771504,0.5431122541136532,11.0,6.0,5.0,1e-05,0.2,0.02,0.2,0.21954506635665894,0.010260408744215965,0.22279348969459534,1.0
10000,20.0,0.977390412892278,18,edge_flip_vem,,,868,,,1e-05,0.2,0.02,0.2,0.0,0.0,0.1100948303937912,0.0
10000,20.0,0.977390412892278,18,edge_flip_spectral,,,,,,1e-05,0.2,0.02,0.2,0.20013859868049622,0.019934918731451035,0.2004069685935974,1.0
10000,20.0,0.977390412892278,18,sbm_dpsgd_all_noised,0.9419985000802904,0.40561225411365304,11.0,6.0,5.0,1e-05,0.2,0.02,0.2,0.22010284662246704,0.010275281965732574,0.2219753861427307,1.0
10000,1.0,27.43885139089614,19,edge_flip_vem,,,132,,,1e-05,0.2,0.02,0.2,0.2000311315059662,0.01999548077583313,0.19988949596881866,1.0
10000,1.0,27.43885139089614,19,edge_flip_spectral,,,,,,1e-05,0.2,0.02,0.2,0.19988949596881866,0.01999548077583313,0.2000311315059662,1.0
10000,1.0,27.43885139089614,19,sbm_dpsgd_all_noised,26.32774027978503,5.635918426327381,11.0,6.0,5.0,1e-05,0.2,0.02,0.2,0.21924656629562378,0.010216751135885715,0.22349193692207336,1.0
10000,2.0,11.728684954707337,19,edge_flip_vem,,,62,,,1e-05,0.2,0.02,0.2,0.2000313252210617,0.01999538391828537,0.1998888999223709,1.0
10000,2.0,11.728684954707337,19,edge_flip_spectral,,,,,,1e-05,0.2,0.02,0.2,0.1998888999223709,0.01999538391828537,0.2000313252210617,1.0
10000,2.0,11.728684954707337,19,sbm_dpsgd_all_noised,11.245049229064149,2.668102829441137,11.0,6.0,5.0,1e-05,0.2,0.02,0.2,0.21920913457870483,0.010216775350272655,0.2235579490661621,1.0
10000,5.0,4.1484505404580005,19,edge_flip_vem,,,234,,,1e-05,0.2,0.02,0.2,0.20000870525836945,0.020028330385684967,0.1999027580022812,1.0
10000,5.0,4.1484505404580005,19,edge_flip_spectral,,,,,,1e-05,0.2,0.02,0.2,0.1999027580022812,0.020028330385684967,0.20000870525836945,1.0
10000,5.0,4.1484505404580005,19,sbm_dpsgd_all_noised,3.992894984902444,1.0338953100711687,11.0,6.0,5.0,1e-05,0.2,0.02,0.2,0.21908187866210938,0.01021782960742712,0.22376298904418945,1.0
10000,10.0,1.9945956405993723,19,edge_flip_vem,,,156,,,1e-05,0.2,0.02,0.2,0.2000150829553604,0.019801417365670204,0.19990533590316772,1.0
10000,10.0,1.9945956405993723,19,edge_flip_spectral,,,,,,1e-05,0.2,0.02,0.2,0.19990533590316772,0.019801417365670204,0.2000150829553604,1.0
10000,10.0,1.9945956405993723,19,sbm_dpsgd_all_noised,1.9223734183771504,0.5431122541136532,11.0,6.0,5.0,1e-05,0.2,0.02,0.2,0.21884869039058685,0.010223163291811943,0.22405962646007538,1.0
10000,20.0,0.977390412892278,19,edge_flip_vem,,,787,,,1e-05,0.2,0.02,0.2,0.19999168813228607,0.019841710105538368,0.19990746676921844,1.0
10000,20.0,0.977390412892278,19,edge_flip_spectral,,,,,,1e-05,0.2,0.02,0.2,0.19990746676921844,0.019841710105538368,0.19999168813228607,1.0
10000,20.0,0.977390412892278,19,sbm_dpsgd_all_noised,0.9419985000802904,0.40561225411365304,11.0,6.0,5.0,1e-05,0.2,0.02,0.2,0.218405082821846,0.010254140011966228,0.22469660639762878,1.0
