regime,N,p,q,sigma,epsilon,rep,method,epsilon_gamma,epsilon_beta,epochs,epochs_gamma,epochs_beta,delta,n_fit,mean_degree,lcc_size,lcc_frac,n_components,n_isolated,beta_true_00,beta_true_01,beta_true_11,beta_est_00,beta_est_01,beta_est_11,nmi
relatively_sparse,5000,0.0017034386382832477,0.00017034386382832478,1.0,27.43885139089614,0,edge_flip_vem,,,178,,,1e-05,4961,4.6944,4961,0.9922,39,37,0.0017034386382832477,0.00017034386382832478,0.0017034386382832477,0.0009528130758553743,0.0034274193458259106,0.0,0.0004012738180027612
relatively_sparse,5000,0.0017034386382832477,0.00017034386382832478,1.0,27.43885139089614,0,edge_flip_spectral,,,,,,1e-05,4961,4.6944,4961,0.9922,39,37,0.0017034386382832477,0.00017034386382832478,0.0017034386382832477,0.0017430147854611278,0.00016187572327908128,0.0017490918980911374,0.7934937170740022
relatively_sparse,5000,0.0017034386382832477,0.00017034386382832478,1.0,27.43885139089614,0,sbm_dpsgd_all_noised,26.32774027978503,5.635918426327381,11.0,6.0,5.0,1e-05,4961,4.6944,4961,0.9922,39,37,0.0017034386382832477,0.00017034386382832478,0.0017034386382832477,0.1167132630944252,0.0036562015302479267,0.10850021988153458,1.8484095239419254e-05
relatively_sparse,5000,0.0017034386382832477,0.00017034386382832478,2.0,11.728684954707337,0,edge_flip_vem,,,262,,,1e-05,4961,4.6944,4961,0.9922,39,37,0.0017034386382832477,0.00017034386382832478,0.0017034386382832477,0.0009531443356536329,0.0034194153267890215,0.0,0.0004012738180027612
relatively_sparse,5000,0.0017034386382832477,0.00017034386382832478,2.0,11.728684954707337,0,edge_flip_spectral,,,,,,1e-05,4961,4.6944,4961,0.9922,39,37,0.0017034386382832477,0.00017034386382832478,0.0017034386382832477,0.0017470597522333264,0.0001616211811779067,0.0017468708101660013,0.7808503203914579
relatively_sparse,5000,0.0017034386382832477,0.00017034386382832478,2.0,11.728684954707337,0,sbm_dpsgd_all_noised,11.245049229064149,2.668102829441137,11.0,6.0,5.0,1e-05,4961,4.6944,4961,0.9922,39,37,0.0017034386382832477,0.00017034386382832478,0.0017034386382832477,0.11666548252105713,0.0036564429756253958,0.10854574292898178,1.3086277347805239e-05
relatively_sparse,5000,0.0017034386382832477,0.00017034386382832478,5.0,4.1484505404580005,0,edge_flip_vem,,,310,,,1e-05,4961,4.6944,4961,0.9922,39,37,0.0017034386382832477,0.00017034386382832478,0.0017034386382832477,0.000947385560721159,0.0,0.0,0.0
relatively_sparse,5000,0.0017034386382832477,0.00017034386382832478,5.0,4.1484505404580005,0,edge_flip_spectral,,,,,,1e-05,4961,4.6944,4961,0.9922,39,37,0.0017034386382832477,0.00017034386382832478,0.0017034386382832477,0.0032583491411060095,0.0,0.0033749109134078026,0.00017371364144139025
relatively_sparse,5000,0.0017034386382832477,0.00017034386382832478,5.0,4.1484505404580005,0,sbm_dpsgd_all_noised,3.992894984902444,1.0338953100711687,11.0,6.0,5.0,1e-05,4961,4.6944,4961,0.9922,39,37,0.0017034386382832477,0.00017034386382832478,0.0017034386382832477,0.11679843068122864,0.0036565118934959173,0.10839442163705826,1.0763218642688115e-05
relatively_sparse,5000,0.0017034386382832477,0.00017034386382832478,10.0,1.9945956405993723,0,edge_flip_vem,,,516,,,1e-05,4961,4.6944,4961,0.9922,39,37,0.0017034386382832477,0.00017034386382832478,0.0017034386382832477,0.00086195272160694,0.0,0.0,0.0
relatively_sparse,5000,0.0017034386382832477,0.00017034386382832478,10.0,1.9945956405993723,0,edge_flip_spectral,,,,,,1e-05,4961,4.6944,4961,0.9922,39,37,0.0017034386382832477,0.00017034386382832478,0.0017034386382832477,0.009072408080101013,0.0,0.008214824832975864,0.0003102415166703058
relatively_sparse,5000,0.0017034386382832477,0.00017034386382832478,10.0,1.9945956405993723,0,sbm_dpsgd_all_noised,1.9223734183771504,0.5431122541136532,11.0,6.0,5.0,1e-05,4961,4.6944,4961,0.9922,39,37,0.0017034386382832477,0.00017034386382832478,0.0017034386382832477,0.11794422566890717,0.0036562650930136442,0.10724999010562897,4.8820461380710327e-05
relatively_sparse,5000,0.0017034386382832477,0.00017034386382832478,20.0,0.977390412892278,0,edge_flip_vem,,,630,,,1e-05,4961,4.6944,4961,0.9922,39,37,0.0017034386382832477,0.00017034386382832478,0.0017034386382832477,0.001011114683933556,0.0,0.0,0.0
relatively_sparse,5000,0.0017034386382832477,0.00017034386382832478,20.0,0.977390412892278,0,edge_flip_spectral,,,,,,1e-05,4961,4.6944,4961,0.9922,39,37,0.0017034386382832477,0.00017034386382832478,0.0017034386382832477,0.018989311531186104,0.0,0.01849183440208435,1.0695581889897947e-05
relatively_sparse,5000,0.0017034386382832477,0.00017034386382832478,20.0,0.977390412892278,0,sbm_dpsgd_all_noised,0.9419985000802904,0.40561225411365304,11.0,6.0,5.0,1e-05,4961,4.6944,4961,0.9922,39,37,0.0017034386382832477,0.00017034386382832478,0.0017034386382832477,0.11801579594612122,0.003654134226962924,0.10703833401203156,1.0434264339684548e-05
relatively_sparse,5000,0.0017034386382832477,0.00017034386382832478,1.0,27.43885139089614,1,edge_flip_vem,,,67,,,1e-05,4950,4.6548,4950,0.99,51,50,0.0017034386382832477,0.00017034386382832478,0.0017034386382832477,0.0,0.0,0.0009500542073510587,0.0
relatively_sparse,5000,0.0017034386382832477,0.00017034386382832478,1.0,27.43885139089614,1,edge_flip_spectral,,,,,,1e-05,4950,4.6548,4950,0.99,51,50,0.0017034386382832477,0.00017034386382832478,0.0017034386382832477,0.0017374370945617557,0.00016978483472485095,0.0017238903092220426,0.8003613617069683
relatively_sparse,5000,0.0017034386382832477,0.00017034386382832478,1.0,27.43885139089614,1,sbm_dpsgd_all_noised,26.32774027978503,5.635918426327381,11.0,6.0,5.0,1e-05,4950,4.6548,4950,0.99,51,50,0.0017034386382832477,0.00017034386382832478,0.0017034386382832477,0.10814857482910156,0.0036499216221272945,0.11708731204271317,0.00035771413221163023
relatively_sparse,5000,0.0017034386382832477,0.00017034386382832478,2.0,11.728684954707337,1,edge_flip_vem,,,139,,,1e-05,4950,4.6548,4950,0.99,51,50,0.0017034386382832477,0.00017034386382832478,0.0017034386382832477,0.0,0.0,0.0009513173718005419,0.0
relatively_sparse,5000,0.0017034386382832477,0.00017034386382832478,2.0,11.728684954707337,1,edge_flip_spectral,,,,,,1e-05,4950,4.6548,4950,0.99,51,50,0.0017034386382832477,0.00017034386382832478,0.0017034386382832477,0.0017338127363473177,0.00017102873243857175,0.0017299833707511425,0.7902252941287298
relatively_sparse,5000,0.0017034386382832477,0.00017034386382832478,2.0,11.728684954707337,1,sbm_dpsgd_all_noised,11.245049229064149,2.668102829441137,11.0,6.0,5.0,1e-05,4950,4.6548,4950,0.99,51,50,0.0017034386382832477,0.00017034386382832478,0.0017034386382832477,0.10810541361570358,0.003649917198345065,0.11712995916604996,0.00039800956785705956
relatively_sparse,5000,0.0017034386382832477,0.00017034386382832478,5.0,4.1484505404580005,1,edge_flip_vem,,,473,,,1e-05,4950,4.6548,4950,0.99,51,50,0.0017034386382832477,0.00017034386382832478,0.0017034386382832477,0.0009157228632830083,0.0,0.0,0.0
relatively_sparse,5000,0.0017034386382832477,0.00017034386382832478,5.0,4.1484505404580005,1,edge_flip_spectral,,,,,,1e-05,4950,4.6548,4950,0.99,51,50,0.0017034386382832477,0.00017034386382832478,0.0017034386382832477,0.0034543664660304785,0.0,0.003203033236786723,0.00011299486303699291
relatively_sparse,5000,0.0017034386382832477,0.00017034386382832478,5.0,4.1484505404580005,1,sbm_dpsgd_all_noised,3.992894984902444,1.0338953100711687,11.0,6.0,5.0,1e-05,4950,4.6548,4950,0.99,51,50,0.0017034386382832477,0.00017034386382832478,0.0017034386382832477,0.1079963818192482,0.0036492920480668545,0.1172357127070427,0.00034476551876850116
relatively_sparse,5000,0.0017034386382832477,0.00017034386382832478,10.0,1.9945956405993723,1,edge_flip_vem,,,423,,,1e-05,4950,4.6548,4950,0.99,51,50,0.0017034386382832477,0.00017034386382832478,0.0017034386382832477,0.0,0.0,0.0010863164206966758,0.0
relatively_sparse,5000,0.0017034386382832477,0.00017034386382832478,10.0,1.9945956405993723,1,edge_flip_spectral,,,,,,1e-05,4950,4.6548,4950,0.99,51,50,0.0017034386382832477,0.00017034386382832478,0.0017034386382832477,0.00892619788646698,0.0,0.008791164495050907,1.182825035820187e-05
relatively_sparse,5000,0.0017034386382832477,0.00017034386382832478,10.0,1.9945956405993723,1,sbm_dpsgd_all_noised,1.9223734183771504,0.5431122541136532,11.0,6.0,5.0,1e-05,4950,4.6548,4950,0.99,51,50,0.0017034386382832477,0.00017034386382832478,0.0017034386382832477,0.10716304928064346,0.0036476447712630033,0.11808621138334274,0.00018932697242674733
relatively_sparse,5000,0.0017034386382832477,0.00017034386382832478,20.0,0.977390412892278,1,edge_flip_vem,,,694,,,1e-05,4950,4.6548,4950,0.99,51,50,0.0017034386382832477,0.00017034386382832478,0.0017034386382832477,0.0009826835012063384,0.0,0.0,0.0
relatively_sparse,5000,0.0017034386382832477,0.00017034386382832478,20.0,0.977390412892278,1,edge_flip_spectral,,,,,,1e-05,4950,4.6548,4950,0.99,51,50,0.0017034386382832477,0.00017034386382832478,0.0017034386382832477,0.018473757430911064,0.0,0.019020603969693184,9.44176895719247e-06
relatively_sparse,5000,0.0017034386382832477,0.00017034386382832478,20.0,0.977390412892278,1,sbm_dpsgd_all_noised,0.9419985000802904,0.40561225411365304,11.0,6.0,5.0,1e-05,4950,4.6548,4950,0.99,51,50,0.0017034386382832477,0.00017034386382832478,0.0017034386382832477,0.10669037699699402,0.0036430025938898325,0.11847005784511566,3.0220062084164286e-06
relatively_sparse,5000,0.0017034386382832477,0.00017034386382832478,1.0,27.43885139089614,2,edge_flip_vem,,,249,,,1e-05,4949,4.72,4949,0.9898,51,49,0.0017034386382832477,0.00017034386382832478,0.0017034386382832477,0.0,0.0,0.0009636693866923451,0.0
relatively_sparse,5000,0.0017034386382832477,0.00017034386382832478,1.0,27.43885139089614,2,edge_flip_spectral,,,,,,1e-05,4949,4.72,4949,0.9898,51,49,0.0017034386382832477,0.00017034386382832478,0.0017034386382832477,0.0017543488647788763,0.00017492442566435784,0.0017507919110357761,0.7768259339983622
relatively_sparse,5000,0.0017034386382832477,0.00017034386382832478,1.0,27.43885139089614,2,sbm_dpsgd_all_noised,26.32774027978503,5.635918426327381,10.999999101588017,5.9999995099571,4.999999591630917,1e-05,4949,4.72,4949,0.9898,51,49,0.0017034386382832477,0.00017034386382832478,0.0017034386382832477,0.10740336775779724,0.0036527200136333704,0.1178087592124939,3.5801661096623347e-06
relatively_sparse,5000,0.0017034386382832477,0.00017034386382832478,2.0,11.728684954707337,2,edge_flip_vem,,,184,,,1e-05,4949,4.72,4949,0.9898,51,49,0.0017034386382832477,0.00017034386382832478,0.0017034386382832477,0.0,0.0,0.0009646097896620631,0.0
relatively_sparse,5000,0.0017034386382832477,0.00017034386382832478,2.0,11.728684954707337,2,edge_flip_spectral,,,,,,1e-05,4949,4.72,4949,0.9898,51,49,0.0017034386382832477,0.00017034386382832478,0.0017034386382832477,0.0017670796951279044,0.00017506134463474154,0.0017419124487787485,0.7784377042543567
relatively_sparse,5000,0.0017034386382832477,0.00017034386382832478,2.0,11.728684954707337,2,sbm_dpsgd_all_noised,11.245049229064149,2.668102829441137,10.999999101588017,5.9999995099571,4.999999591630917,1e-05,4949,4.72,4949,0.9898,51,49,0.0017034386382832477,0.00017034386382832478,0.0017034386382832477,0.10741131007671356,0.003652860876172781,0.11779569089412689,7.084740012490324e-05
relatively_sparse,5000,0.0017034386382832477,0.00017034386382832478,5.0,4.1484505404580005,2,edge_flip_vem,,,354,,,1e-05,4949,4.72,4949,0.9898,51,49,0.0017034386382832477,0.00017034386382832478,0.0017034386382832477,0.0,0.0,0.0009626171085983515,0.0
relatively_sparse,5000,0.0017034386382832477,0.00017034386382832478,5.0,4.1484505404580005,2,edge_flip_spectral,,,,,,1e-05,4949,4.72,4949,0.9898,51,49,0.0017034386382832477,0.00017034386382832478,0.0017034386382832477,0.0034253706689924,0.0,0.0031822200398892164,0.0003644421675793865
relatively_sparse,5000,0.0017034386382832477,0.00017034386382832478,5.0,4.1484505404580005,2,sbm_dpsgd_all_noised,3.992894984902444,1.0338953100711687,10.999999101588017,5.9999995099571,4.999999591630917,1e-05,4949,4.72,4949,0.9898,51,49,0.0017034386382832477,0.00017034386382832478,0.0017034386382832477,0.10727231949567795,0.003653300227597356,0.11793103069067001,0.0001570968728407558
relatively_sparse,5000,0.0017034386382832477,0.00017034386382832478,10.0,1.9945956405993723,2,edge_flip_vem,,,331,,,1e-05,4949,4.72,4949,0.9898,51,49,0.0017034386382832477,0.00017034386382832478,0.0017034386382832477,0.0,0.0,0.0010279802372679114,0.0
relatively_sparse,5000,0.0017034386382832477,0.00017034386382832478,10.0,1.9945956405993723,2,edge_flip_spectral,,,,,,1e-05,4949,4.72,4949,0.9898,51,49,0.0017034386382832477,0.00017034386382832478,0.0017034386382832477,0.008035239763557911,0.0,0.009347427636384964,1.8670922477803142e-05
relatively_sparse,5000,0.0017034386382832477,0.00017034386382832478,10.0,1.9945956405993723,2,sbm_dpsgd_all_noised,1.9223734183771504,0.5431122541136532,10.999999101588017,5.9999995099571,4.999999591630917,1e-05,4949,4.72,4949,0.9898,51,49,0.0017034386382832477,0.00017034386382832478,0.0017034386382832477,0.10709283500909805,0.003653911640867591,0.1181163489818573,0.00021299056203448276
relatively_sparse,5000,0.0017034386382832477,0.00017034386382832478,20.0,0.977390412892278,2,edge_flip_vem,,,561,,,1e-05,4949,4.72,4949,0.9898,51,49,0.0017034386382832477,0.00017034386382832478,0.0017034386382832477,0.0,0.0,0.00034799135755747557,0.0
relatively_sparse,5000,0.0017034386382832477,0.00017034386382832478,20.0,0.977390412892278,2,edge_flip_spectral,,,,,,1e-05,4949,4.72,4949,0.9898,51,49,0.0017034386382832477,0.00017034386382832478,0.0017034386382832477,0.016934117302298546,0.0,0.01862793229520321,4.4652246247148424e-05
relatively_sparse,5000,0.0017034386382832477,0.00017034386382832478,20.0,0.977390412892278,2,sbm_dpsgd_all_noised,0.9419985000802904,0.40561225411365304,10.999999101588017,5.9999995099571,4.999999591630917,1e-05,4949,4.72,4949,0.9898,51,49,0.0017034386382832477,0.00017034386382832478,0.0017034386382832477,0.10702911764383316,0.0036515682004392147,0.11822134256362915,0.0005700989618565247
relatively_sparse,5000,0.0017034386382832477,0.00017034386382832478,1.0,27.43885139089614,3,edge_flip_vem,,,164,,,1e-05,4941,4.6264,4941,0.9882,59,57,0.0017034386382832477,0.00017034386382832478,0.0017034386382832477,0.0,0.0,0.0009476191480644047,0.0
relatively_sparse,5000,0.0017034386382832477,0.00017034386382832478,1.0,27.43885139089614,3,edge_flip_spectral,,,,,,1e-05,4941,4.6264,4941,0.9882,59,57,0.0017034386382832477,0.00017034386382832478,0.0017034386382832477,0.0009485249174758792,6.75037081236951e-05,0.6666666865348816,0.0012028169268649364
relatively_sparse,5000,0.0017034386382832477,0.00017034386382832478,1.0,27.43885139089614,3,sbm_dpsgd_all_noised,26.32774027978503,5.635918426327381,11.0,6.0,5.0,1e-05,4941,4.6264,4941,0.9882,59,57,0.0017034386382832477,0.00017034386382832478,0.0017034386382832477,0.11412063241004944,0.0036081657744944096,0.11108541488647461,8.927155524986093e-05
relatively_sparse,5000,0.0017034386382832477,0.00017034386382832478,2.0,11.728684954707337,3,edge_flip_vem,,,65,,,1e-05,4941,4.6264,4941,0.9882,59,57,0.0017034386382832477,0.00017034386382832478,0.0017034386382832477,0.0,0.0,0.0009464580216445029,0.0
relatively_sparse,5000,0.0017034386382832477,0.00017034386382832478,2.0,11.728684954707337,3,edge_flip_spectral,,,,,,1e-05,4941,4.6264,4941,0.9882,59,57,0.0017034386382832477,0.00017034386382832478,0.0017034386382832477,0.0009473721729591489,5.9445443184813485e-05,0.6666693687438965,0.0012028169268649364
relatively_sparse,5000,0.0017034386382832477,0.00017034386382832478,2.0,11.728684954707337,3,sbm_dpsgd_all_noised,11.245049229064149,2.668102829441137,11.0,6.0,5.0,1e-05,4941,4.6264,4941,0.9882,59,57,0.0017034386382832477,0.00017034386382832478,0.0017034386382832477,0.11395596712827682,0.0036075818352401257,0.11123550683259964,0.00012477824539740013
relatively_sparse,5000,0.0017034386382832477,0.00017034386382832478,5.0,4.1484505404580005,3,edge_flip_vem,,,394,,,1e-05,4941,4.6264,4941,0.9882,59,57,0.0017034386382832477,0.00017034386382832478,0.0017034386382832477,0.0,0.0,0.0009296975331380963,0.0
relatively_sparse,5000,0.0017034386382832477,0.00017034386382832478,5.0,4.1484505404580005,3,edge_flip_spectral,,,,,,1e-05,4941,4.6264,4941,0.9882,59,57,0.0017034386382832477,0.00017034386382832478,0.0017034386382832477,0.0035818698816001415,0.0,0.0030331406742334366,0.0010782832954999478
relatively_sparse,5000,0.0017034386382832477,0.00017034386382832478,5.0,4.1484505404580005,3,sbm_dpsgd_all_noised,3.992894984902444,1.0338953100711687,11.0,6.0,5.0,1e-05,4941,4.6264,4941,0.9882,59,57,0.0017034386382832477,0.00017034386382832478,0.0017034386382832477,0.11274752020835876,0.0036032453645020723,0.11239824444055557,0.0001753192033249967
relatively_sparse,5000,0.0017034386382832477,0.00017034386382832478,10.0,1.9945956405993723,3,edge_flip_vem,,,392,,,1e-05,4941,4.6264,4941,0.9882,59,57,0.0017034386382832477,0.00017034386382832478,0.0017034386382832477,0.0,0.0,0.0009419539128430188,0.0
relatively_sparse,5000,0.0017034386382832477,0.00017034386382832478,10.0,1.9945956405993723,3,edge_flip_spectral,,,,,,1e-05,4941,4.6264,4941,0.9882,59,57,0.0017034386382832477,0.00017034386382832478,0.0017034386382832477,0.008587205782532692,0.0,0.008654736913740635,7.672975297375381e-05
relatively_sparse,5000,0.0017034386382832477,0.00017034386382832478,10.0,1.9945956405993723,3,sbm_dpsgd_all_noised,1.9223734183771504,0.5431122541136532,11.0,6.0,5.0,1e-05,4941,4.6264,4941,0.9882,59,57,0.0017034386382832477,0.00017034386382832478,0.0017034386382832477,0.11217980831861496,0.0035994064528495073,0.11294304579496384,0.00043238126478718265
relatively_sparse,5000,0.0017034386382832477,0.00017034386382832478,20.0,0.977390412892278,3,edge_flip_vem,,,753,,,1e-05,4941,4.6264,4941,0.9882,59,57,0.0017034386382832477,0.00017034386382832478,0.0017034386382832477,0.04028124362230301,0.014784978702664375,0.0,0.0001734149589354959
relatively_sparse,5000,0.0017034386382832477,0.00017034386382832478,20.0,0.977390412892278,3,edge_flip_spectral,,,,,,1e-05,4941,4.6264,4941,0.9882,59,57,0.0017034386382832477,0.00017034386382832478,0.0017034386382832477,0.020062267780303955,0.0,0.018617982044816017,0.0001333775624281054
relatively_sparse,5000,0.0017034386382832477,0.00017034386382832478,20.0,0.977390412892278,3,sbm_dpsgd_all_noised,0.9419985000802904,0.40561225411365304,11.0,6.0,5.0,1e-05,4941,4.6264,4941,0.9882,59,57,0.0017034386382832477,0.00017034386382832478,0.0017034386382832477,0.11246120929718018,0.0036030460614711046,0.11263147741556168,0.00010273777841076062
relatively_sparse,5000,0.0017034386382832477,0.00017034386382832478,1.0,27.43885139089614,4,edge_flip_vem,,,129,,,1e-05,4946,4.6744,4946,0.9892,55,54,0.0017034386382832477,0.00017034386382832478,0.0017034386382832477,0.0009555985452607274,0.0,0.0,0.0
relatively_sparse,5000,0.0017034386382832477,0.00017034386382832478,1.0,27.43885139089614,4,edge_flip_spectral,,,,,,1e-05,4946,4.6744,4946,0.9892,55,54,0.0017034386382832477,0.00017034386382832478,0.0017034386382832477,0.0017444201512262225,0.00017169125203508884,0.0017352484865114093,0.7793350314353952
relatively_sparse,5000,0.0017034386382832477,0.00017034386382832478,1.0,27.43885139089614,4,sbm_dpsgd_all_noised,26.32774027978503,5.635918426327381,11.0,6.0,5.0,1e-05,4946,4.6744,4946,0.9892,55,54,0.0017034386382832477,0.00017034386382832478,0.0017034386382832477,0.11876031011343002,0.003643412608653307,0.1066255196928978,7.404121372670397e-05
relatively_sparse,5000,0.0017034386382832477,0.00017034386382832478,2.0,11.728684954707337,4,edge_flip_vem,,,71,,,1e-05,4946,4.6744,4946,0.9892,55,54,0.0017034386382832477,0.00017034386382832478,0.0017034386382832477,0.0,0.0,0.000955732015427202,0.0
relatively_sparse,5000,0.0017034386382832477,0.00017034386382832478,2.0,11.728684954707337,4,edge_flip_spectral,,,,,,1e-05,4946,4.6744,4946,0.9892,55,54,0.0017034386382832477,0.00017034386382832478,0.0017034386382832477,0.001744859735481441,0.00017099242541007698,0.0017367358086630702,0.7726161100043102
relatively_sparse,5000,0.0017034386382832477,0.00017034386382832478,2.0,11.728684954707337,4,sbm_dpsgd_all_noised,11.245049229064149,2.668102829441137,11.0,6.0,5.0,1e-05,4946,4.6744,4946,0.9892,55,54,0.0017034386382832477,0.00017034386382832478,0.0017034386382832477,0.11883197724819183,0.0036437043454498053,0.1065475344657898,0.00012888689151075708
relatively_sparse,5000,0.0017034386382832477,0.00017034386382832478,5.0,4.1484505404580005,4,edge_flip_vem,,,249,,,1e-05,4946,4.6744,4946,0.9892,55,54,0.0017034386382832477,0.00017034386382832478,0.0017034386382832477,0.0,0.0,0.000869656156282872,0.0
relatively_sparse,5000,0.0017034386382832477,0.00017034386382832478,5.0,4.1484505404580005,4,edge_flip_spectral,,,,,,1e-05,4946,4.6744,4946,0.9892,55,54,0.0017034386382832477,0.00017034386382832478,0.0017034386382832477,0.0029663024470210075,0.0,0.0034563459921628237,0.000275280277740724
relatively_sparse,5000,0.0017034386382832477,0.00017034386382832478,5.0,4.1484505404580005,4,sbm_dpsgd_all_noised,3.992894984902444,1.0338953100711687,11.0,6.0,5.0,1e-05,4946,4.6744,4946,0.9892,55,54,0.0017034386382832477,0.00017034386382832478,0.0017034386382832477,0.11911861598491669,0.003644471289590001,0.10625110566616058,6.82394657941513e-05
relatively_sparse,5000,0.0017034386382832477,0.00017034386382832478,10.0,1.9945956405993723,4,edge_flip_vem,,,377,,,1e-05,4946,4.6744,4946,0.9892,55,54,0.0017034386382832477,0.00017034386382832478,0.0017034386382832477,0.0009249793365597725,0.0,0.0,0.0
relatively_sparse,5000,0.0017034386382832477,0.00017034386382832478,10.0,1.9945956405993723,4,edge_flip_spectral,,,,,,1e-05,4946,4.6744,4946,0.9892,55,54,0.0017034386382832477,0.00017034386382832478,0.0017034386382832477,0.00921495258808136,0.0,0.008309111930429935,0.0005131388290182002
relatively_sparse,5000,0.0017034386382832477,0.00017034386382832478,10.0,1.9945956405993723,4,sbm_dpsgd_all_noised,1.9223734183771504,0.5431122541136532,11.0,6.0,5.0,1e-05,4946,4.6744,4946,0.9892,55,54,0.0017034386382832477,0.00017034386382832478,0.0017034386382832477,0.11900673061609268,0.0036455297376960516,0.10635825991630554,7.420008729401204e-05
relatively_sparse,5000,0.0017034386382832477,0.00017034386382832478,20.0,0.977390412892278,4,edge_flip_vem,,,704,,,1e-05,4946,4.6744,4946,0.9892,55,54,0.0017034386382832477,0.00017034386382832478,0.0017034386382832477,0.0009351539774797857,0.0,0.0,0.0
relatively_sparse,5000,0.0017034386382832477,0.00017034386382832478,20.0,0.977390412892278,4,edge_flip_spectral,,,,,,1e-05,4946,4.6744,4946,0.9892,55,54,0.0017034386382832477,0.00017034386382832478,0.0017034386382832477,0.018746521323919296,0.0,0.01921144314110279,1.0710418545577227e-06
relatively_sparse,5000,0.0017034386382832477,0.00017034386382832478,20.0,0.977390412892278,4,sbm_dpsgd_all_noised,0.9419985000802904,0.40561225411365304,11.0,6.0,5.0,1e-05,4946,4.6744,4946,0.9892,55,54,0.0017034386382832477,0.00017034386382832478,0.0017034386382832477,0.11596702039241791,0.0036448242608457804,0.10937690734863281,5.210928136354881e-05
relatively_sparse,5000,0.0017034386382832477,0.00017034386382832478,1.0,27.43885139089614,5,edge_flip_vem,,,109,,,1e-05,4949,4.69,4949,0.9898,51,49,0.0017034386382832477,0.00017034386382832478,0.0017034386382832477,0.0009575438452884555,0.0,0.0,0.0
relatively_sparse,5000,0.0017034386382832477,0.00017034386382832478,1.0,27.43885139089614,5,edge_flip_spectral,,,,,,1e-05,4949,4.69,4949,0.9898,51,49,0.0017034386382832477,0.00017034386382832478,0.0017034386382832477,0.0017590377246960998,0.00016266248712781817,0.0017464992124587297,0.7931083571834375
relatively_sparse,5000,0.0017034386382832477,0.00017034386382832478,1.0,27.43885139089614,5,sbm_dpsgd_all_noised,26.32774027978503,5.635918426327381,10.999999101588017,5.9999995099571,4.999999591630917,1e-05,4949,4.69,4949,0.9898,51,49,0.0017034386382832477,0.00017034386382832478,0.0017034386382832477,0.11465178430080414,0.0036402507685124874,0.11068666726350784,0.0005691474946573921
relatively_sparse,5000,0.0017034386382832477,0.00017034386382832478,2.0,11.728684954707337,5,edge_flip_vem,,,32,,,1e-05,4949,4.69,4949,0.9898,51,49,0.0017034386382832477,0.00017034386382832478,0.0017034386382832477,0.0,0.0,0.0009585658553987741,0.0
relatively_sparse,5000,0.0017034386382832477,0.00017034386382832478,2.0,11.728684954707337,5,edge_flip_spectral,,,,,,1e-05,4949,4.69,4949,0.9898,51,49,0.0017034386382832477,0.00017034386382832478,0.0017034386382832477,0.0017565679736435413,0.00016391406825277954,0.0017505205469205976,0.7852206544273772
relatively_sparse,5000,0.0017034386382832477,0.00017034386382832478,2.0,11.728684954707337,5,sbm_dpsgd_all_noised,11.245049229064149,2.668102829441137,10.999999101588017,5.9999995099571,4.999999591630917,1e-05,4949,4.69,4949,0.9898,51,49,0.0017034386382832477,0.00017034386382832478,0.0017034386382832477,0.11456407606601715,0.00364067405462265,0.11077072471380234,0.0005210210874985413
relatively_sparse,5000,0.0017034386382832477,0.00017034386382832478,5.0,4.1484505404580005,5,edge_flip_vem,,,416,,,1e-05,4949,4.69,4949,0.9898,51,49,0.0017034386382832477,0.00017034386382832478,0.0017034386382832477,0.0009254433098249137,0.0,0.0,0.0
relatively_sparse,5000,0.0017034386382832477,0.00017034386382832478,5.0,4.1484505404580005,5,edge_flip_spectral,,,,,,1e-05,4949,4.69,4949,0.9898,51,49,0.0017034386382832477,0.00017034386382832478,0.0017034386382832477,0.003330513136461377,0.0,0.003308274084702134,0.0024612175279346542
relatively_sparse,5000,0.0017034386382832477,0.00017034386382832478,5.0,4.1484505404580005,5,sbm_dpsgd_all_noised,3.992894984902444,1.0338953100711687,10.999999101588017,5.9999995099571,4.999999591630917,1e-05,4949,4.69,4949,0.9898,51,49,0.0017034386382832477,0.00017034386382832478,0.0017034386382832477,0.11427687853574753,0.00364103214815259,0.1110336035490036,0.0009021576811436598
relatively_sparse,5000,0.0017034386382832477,0.00017034386382832478,10.0,1.9945956405993723,5,edge_flip_vem,,,331,,,1e-05,4949,4.69,4949,0.9898,51,49,0.0017034386382832477,0.00017034386382832478,0.0017034386382832477,0.0,0.0,0.0009735280182212591,0.0
relatively_sparse,5000,0.0017034386382832477,0.00017034386382832478,10.0,1.9945956405993723,5,edge_flip_spectral,,,,,,1e-05,4949,4.69,4949,0.9898,51,49,0.0017034386382832477,0.00017034386382832478,0.0017034386382832477,0.009145723655819893,0.0,0.008341129869222641,0.00016565824293978779
relatively_sparse,5000,0.0017034386382832477,0.00017034386382832478,10.0,1.9945956405993723,5,sbm_dpsgd_all_noised,1.9223734183771504,0.5431122541136532,10.999999101588017,5.9999995099571,4.999999591630917,1e-05,4949,4.69,4949,0.9898,51,49,0.0017034386382832477,0.00017034386382832478,0.0017034386382832477,0.11278773844242096,0.003638991853222251,0.11246389150619507,0.0007077588753257773
relatively_sparse,5000,0.0017034386382832477,0.00017034386382832478,20.0,0.977390412892278,5,edge_flip_vem,,,906,,,1e-05,4949,4.69,4949,0.9898,51,49,0.0017034386382832477,0.00017034386382832478,0.0017034386382832477,0.0,0.0,0.0005887702573090792,0.0
relatively_sparse,5000,0.0017034386382832477,0.00017034386382832478,20.0,0.977390412892278,5,edge_flip_spectral,,,,,,1e-05,4949,4.69,4949,0.9898,51,49,0.0017034386382832477,0.00017034386382832478,0.0017034386382832477,0.01886886917054653,0.0,0.01776995323598385,7.309122565665344e-07
relatively_sparse,5000,0.0017034386382832477,0.00017034386382832478,20.0,0.977390412892278,5,sbm_dpsgd_all_noised,0.9419985000802904,0.40561225411365304,10.999999101588017,5.9999995099571,4.999999591630917,1e-05,4949,4.69,4949,0.9898,51,49,0.0017034386382832477,0.00017034386382832478,0.0017034386382832477,0.11079329252243042,0.003631286323070526,0.11435291916131973,0.0005691118926607624
relatively_sparse,5000,0.0017034386382832477,0.00017034386382832478,1.0,27.43885139089614,6,edge_flip_vem,,,132,,,1e-05,4951,4.604,4951,0.9902,49,47,0.0017034386382832477,0.00017034386382832478,0.0017034386382832477,0.0,0.0,0.0009392246138304472,0.0
relatively_sparse,5000,0.0017034386382832477,0.00017034386382832478,1.0,27.43885139089614,6,edge_flip_spectral,,,,,,1e-05,4951,4.604,4951,0.9902,49,47,0.0017034386382832477,0.00017034386382832478,0.0017034386382832477,0.001725757960230112,0.00016187741130124778,0.0017080465331673622,0.7843197961948197
relatively_sparse,5000,0.0017034386382832477,0.00017034386382832478,1.0,27.43885139089614,6,sbm_dpsgd_all_noised,26.32774027978503,5.635918426327381,11.0,6.0,5.0,1e-05,4951,4.604,4951,0.9902,49,47,0.0017034386382832477,0.00017034386382832478,0.0017034386382832477,0.117418572306633,0.0036401660181581974,0.10796356201171875,0.00011669239627585684
relatively_sparse,5000,0.0017034386382832477,0.00017034386382832478,2.0,11.728684954707337,6,edge_flip_vem,,,117,,,1e-05,4951,4.604,4951,0.9902,49,47,0.0017034386382832477,0.00017034386382832478,0.0017034386382832477,0.0009395045344717801,0.0,0.0,0.0
relatively_sparse,5000,0.0017034386382832477,0.00017034386382832478,2.0,11.728684954707337,6,edge_flip_spectral,,,,,,1e-05,4951,4.604,4951,0.9902,49,47,0.0017034386382832477,0.00017034386382832478,0.0017034386382832477,0.0017240835586562753,0.0001619797694729641,0.0017106087179854512,0.7823688975889198
relatively_sparse,5000,0.0017034386382832477,0.00017034386382832478,2.0,11.728684954707337,6,sbm_dpsgd_all_noised,11.245049229064149,2.668102829441137,11.0,6.0,5.0,1e-05,4951,4.604,4951,0.9902,49,47,0.0017034386382832477,0.00017034386382832478,0.0017034386382832477,0.11730620265007019,0.0036403473932296038,0.10808480530977249,7.642157877052855e-05
relatively_sparse,5000,0.0017034386382832477,0.00017034386382832478,5.0,4.1484505404580005,6,edge_flip_vem,,,147,,,1e-05,4951,4.604,4951,0.9902,49,47,0.0017034386382832477,0.00017034386382832478,0.0017034386382832477,0.0009030610090121627,0.0,0.0,0.0
relatively_sparse,5000,0.0017034386382832477,0.00017034386382832478,5.0,4.1484505404580005,6,edge_flip_spectral,,,,,,1e-05,4951,4.604,4951,0.9902,49,47,0.0017034386382832477,0.00017034386382832478,0.0017034386382832477,0.0033495340030640364,0.0,0.0033207470551133156,0.00010250668155112164
relatively_sparse,5000,0.0017034386382832477,0.00017034386382832478,5.0,4.1484505404580005,6,sbm_dpsgd_all_noised,3.992894984902444,1.0338953100711687,11.0,6.0,5.0,1e-05,4951,4.604,4951,0.9902,49,47,0.0017034386382832477,0.00017034386382832478,0.0017034386382832477,0.11712203919887543,0.003641186747699976,0.1082749217748642,4.936046919452393e-05
relatively_sparse,5000,0.0017034386382832477,0.00017034386382832478,10.0,1.9945956405993723,6,edge_flip_vem,,,428,,,1e-05,4951,4.604,4951,0.9902,49,47,0.0017034386382832477,0.00017034386382832478,0.0017034386382832477,0.0008176061674021184,0.0,0.0,0.0
relatively_sparse,5000,0.0017034386382832477,0.00017034386382832478,10.0,1.9945956405993723,6,edge_flip_spectral,,,,,,1e-05,4951,4.604,4951,0.9902,49,47,0.0017034386382832477,0.00017034386382832478,0.0017034386382832477,0.008152981288731098,0.0,0.008894866332411766,2.4667866758170926e-05
relatively_sparse,5000,0.0017034386382832477,0.00017034386382832478,10.0,1.9945956405993723,6,sbm_dpsgd_all_noised,1.9223734183771504,0.5431122541136532,11.0,6.0,5.0,1e-05,4951,4.604,4951,0.9902,49,47,0.0017034386382832477,0.00017034386382832478,0.0017034386382832477,0.11660099029541016,0.003641370218247175,0.10878649353981018,4.954788661655664e-06
relatively_sparse,5000,0.0017034386382832477,0.00017034386382832478,20.0,0.977390412892278,6,edge_flip_vem,,,735,,,1e-05,4951,4.604,4951,0.9902,49,47,0.0017034386382832477,0.00017034386382832478,0.0017034386382832477,0.0,0.0,0.0009615093003958464,0.0
relatively_sparse,5000,0.0017034386382832477,0.00017034386382832478,20.0,0.977390412892278,6,edge_flip_spectral,,,,,,1e-05,4951,4.604,4951,0.9902,49,47,0.0017034386382832477,0.00017034386382832478,0.0017034386382832477,0.01890556886792183,0.0,0.018600113689899445,5.4590199471286274e-05
relatively_sparse,5000,0.0017034386382832477,0.00017034386382832478,20.0,0.977390412892278,6,sbm_dpsgd_all_noised,0.9419985000802904,0.40561225411365304,11.0,6.0,5.0,1e-05,4951,4.604,4951,0.9902,49,47,0.0017034386382832477,0.00017034386382832478,0.0017034386382832477,0.11260874569416046,0.003636370413005352,0.11259263753890991,2.473978844389632e-05
relatively_sparse,5000,0.0017034386382832477,0.00017034386382832478,1.0,27.43885139089614,7,edge_flip_vem,,,291,,,1e-05,4957,4.6724,4957,0.9914,44,43,0.0017034386382832477,0.00017034386382832478,0.0017034386382832477,0.0,0.0,0.0009509546216577291,0.0
relatively_sparse,5000,0.0017034386382832477,0.00017034386382832478,1.0,27.43885139089614,7,edge_flip_spectral,,,,,,1e-05,4957,4.6724,4957,0.9914,44,43,0.0017034386382832477,0.00017034386382832478,0.0017034386382832477,0.0009518623119220138,6.728569132974371e-05,0.6666666865348816,0.0012010624077526363
relatively_sparse,5000,0.0017034386382832477,0.00017034386382832478,1.0,27.43885139089614,7,sbm_dpsgd_all_noised,26.32774027978503,5.635918426327381,10.999999104485827,5.999999511537723,4.999999592948103,1e-05,4957,4.6724,4957,0.9914,44,43,0.0017034386382832477,0.00017034386382832478,0.0017034386382832477,0.1066860556602478,0.003642336931079626,0.11858483403921127,3.2005166160809405e-05
relatively_sparse,5000,0.0017034386382832477,0.00017034386382832478,2.0,11.728684954707337,7,edge_flip_vem,,,163,,,1e-05,4957,4.6724,4957,0.9914,44,43,0.0017034386382832477,0.00017034386382832478,0.0017034386382832477,0.0009496677666902542,0.0,0.0,0.0
relatively_sparse,5000,0.0017034386382832477,0.00017034386382832478,2.0,11.728684954707337,7,edge_flip_spectral,,,,,,1e-05,4957,4.6724,4957,0.9914,44,43,0.0017034386382832477,0.00017034386382832478,0.0017034386382832477,0.0009505836642347276,5.9227422752883285e-05,0.6666693687438965,0.0012010624077526363
relatively_sparse,5000,0.0017034386382832477,0.00017034386382832478,2.0,11.728684954707337,7,sbm_dpsgd_all_noised,11.245049229064149,2.668102829441137,10.999999104485827,5.999999511537723,4.999999592948103,1e-05,4957,4.6724,4957,0.9914,44,43,0.0017034386382832477,0.00017034386382832478,0.0017034386382832477,0.1067192330956459,0.0036423036362975836,0.11855874955654144,1.0627926454699653e-05
relatively_sparse,5000,0.0017034386382832477,0.00017034386382832478,5.0,4.1484505404580005,7,edge_flip_vem,,,421,,,1e-05,4957,4.6724,4957,0.9914,44,43,0.0017034386382832477,0.00017034386382832478,0.0017034386382832477,0.0,0.0,0.0010006133234128356,0.0
relatively_sparse,5000,0.0017034386382832477,0.00017034386382832478,5.0,4.1484505404580005,7,edge_flip_spectral,,,,,,1e-05,4957,4.6724,4957,0.9914,44,43,0.0017034386382832477,0.00017034386382832478,0.0017034386382832477,0.003247580723837018,0.0,0.003453893354162574,0.00042984681997020404
relatively_sparse,5000,0.0017034386382832477,0.00017034386382832478,5.0,4.1484505404580005,7,sbm_dpsgd_all_noised,3.992894984902444,1.0338953100711687,10.999999104485827,5.999999511537723,4.999999592948103,1e-05,4957,4.6724,4957,0.9914,44,43,0.0017034386382832477,0.00017034386382832478,0.0017034386382832477,0.10681183636188507,0.0036424214486032724,0.11848130077123642,7.635626068939539e-05
relatively_sparse,5000,0.0017034386382832477,0.00017034386382832478,10.0,1.9945956405993723,7,edge_flip_vem,,,373,,,1e-05,4957,4.6724,4957,0.9914,44,43,0.0017034386382832477,0.00017034386382832478,0.0017034386382832477,0.0,0.0,0.000668135704472661,0.0
relatively_sparse,5000,0.0017034386382832477,0.00017034386382832478,10.0,1.9945956405993723,7,edge_flip_spectral,,,,,,1e-05,4957,4.6724,4957,0.9914,44,43,0.0017034386382832477,0.00017034386382832478,0.0017034386382832477,0.007890612818300724,0.0,0.008838043548166752,2.420129442063139e-06
relatively_sparse,5000,0.0017034386382832477,0.00017034386382832478,10.0,1.9945956405993723,7,sbm_dpsgd_all_noised,1.9223734183771504,0.5431122541136532,10.999999104485827,5.999999511537723,4.999999592948103,1e-05,4957,4.6724,4957,0.9914,44,43,0.0017034386382832477,0.00017034386382832478,0.0017034386382832477,0.10674438625574112,0.003642104333266616,0.11856940388679504,4.476991696556071e-05
relatively_sparse,5000,0.0017034386382832477,0.00017034386382832478,20.0,0.977390412892278,7,edge_flip_vem,,,640,,,1e-05,4957,4.6724,4957,0.9914,44,43,0.0017034386382832477,0.00017034386382832478,0.0017034386382832477,0.0015216403407976031,0.0,0.0,0.0
relatively_sparse,5000,0.0017034386382832477,0.00017034386382832478,20.0,0.977390412892278,7,edge_flip_spectral,,,,,,1e-05,4957,4.6724,4957,0.9914,44,43,0.0017034386382832477,0.00017034386382832478,0.0017034386382832477,0.019104402512311935,0.0,0.01934768818318844,0.000429794656222437
relatively_sparse,5000,0.0017034386382832477,0.00017034386382832478,20.0,0.977390412892278,7,sbm_dpsgd_all_noised,0.9419985000802904,0.40561225411365304,10.999999104485827,5.999999511537723,4.999999592948103,1e-05,4957,4.6724,4957,0.9914,44,43,0.0017034386382832477,0.00017034386382832478,0.0017034386382832477,0.10722596943378448,0.0036395143251866102,0.11814677715301514,2.745714581442522e-07
relatively_sparse,5000,0.0017034386382832477,0.00017034386382832478,1.0,27.43885139089614,8,edge_flip_vem,,,208,,,1e-05,4957,4.6936,4957,0.9914,42,40,0.0017034386382832477,0.00017034386382832478,0.0017034386382832477,0.0009551065741106868,0.0,0.0,0.0
relatively_sparse,5000,0.0017034386382832477,0.00017034386382832478,1.0,27.43885139089614,8,edge_flip_spectral,,,,,,1e-05,4957,4.6936,4957,0.9914,42,40,0.0017034386382832477,0.00017034386382832478,0.0017034386382832477,0.0017151335487142205,0.00016978780331555754,0.001766371657140553,0.7972973472876203
relatively_sparse,5000,0.0017034386382832477,0.00017034386382832478,1.0,27.43885139089614,8,sbm_dpsgd_all_noised,26.32774027978503,5.635918426327381,10.999999104485827,5.999999511537723,4.999999592948103,1e-05,4957,4.6936,4957,0.9914,42,40,0.0017034386382832477,0.00017034386382832478,0.0017034386382832477,0.10722850263118744,0.003644268261268735,0.11791177093982697,0.0007812533076727825
relatively_sparse,5000,0.0017034386382832477,0.00017034386382832478,2.0,11.728684954707337,8,edge_flip_vem,,,224,,,1e-05,4957,4.6936,4957,0.9914,42,40,0.0017034386382832477,0.00017034386382832478,0.0017034386382832477,0.0009555294527672231,0.0,0.0,0.0
relatively_sparse,5000,0.0017034386382832477,0.00017034386382832478,2.0,11.728684954707337,8,edge_flip_spectral,,,,,,1e-05,4957,4.6936,4957,0.9914,42,40,0.0017034386382832477,0.00017034386382832478,0.0017034386382832477,0.0017074050847440958,0.0001713379315333441,0.001773083466105163,0.7855788668277459
relatively_sparse,5000,0.0017034386382832477,0.00017034386382832478,2.0,11.728684954707337,8,sbm_dpsgd_all_noised,11.245049229064149,2.668102829441137,10.999999104485827,5.999999511537723,4.999999592948103,1e-05,4957,4.6936,4957,0.9914,42,40,0.0017034386382832477,0.00017034386382832478,0.0017034386382832477,0.10712289810180664,0.0036443211138248444,0.1180167943239212,0.001117669944407011
relatively_sparse,5000,0.0017034386382832477,0.00017034386382832478,5.0,4.1484505404580005,8,edge_flip_vem,,,283,,,1e-05,4957,4.6936,4957,0.9914,42,40,0.0017034386382832477,0.00017034386382832478,0.0017034386382832477,0.0,0.0,0.0009854052914306521,0.0
relatively_sparse,5000,0.0017034386382832477,0.00017034386382832478,5.0,4.1484505404580005,8,edge_flip_spectral,,,,,,1e-05,4957,4.6936,4957,0.9914,42,40,0.0017034386382832477,0.00017034386382832478,0.0017034386382832477,0.003353520529344678,0.0,0.0034287050366401672,0.00013213540938374348
relatively_sparse,5000,0.0017034386382832477,0.00017034386382832478,5.0,4.1484505404580005,8,sbm_dpsgd_all_noised,3.992894984902444,1.0338953100711687,10.999999104485827,5.999999511537723,4.999999592948103,1e-05,4957,4.6936,4957,0.9914,42,40,0.0017034386382832477,0.00017034386382832478,0.0017034386382832477,0.10706843435764313,0.0036443849094212055,0.11808992177248001,0.0006175697929078802
relatively_sparse,5000,0.0017034386382832477,0.00017034386382832478,10.0,1.9945956405993723,8,edge_flip_vem,,,672,,,1e-05,4957,4.6936,4957,0.9914,42,40,0.0017034386382832477,0.00017034386382832478,0.0017034386382832477,0.0009631780558265746,0.0,0.0,0.0
relatively_sparse,5000,0.0017034386382832477,0.00017034386382832478,10.0,1.9945956405993723,8,edge_flip_spectral,,,,,,1e-05,4957,4.6936,4957,0.9914,42,40,0.0017034386382832477,0.00017034386382832478,0.0017034386382832477,0.007543180137872696,0.0,0.010095100849866867,1.2583427865200865e-05
relatively_sparse,5000,0.0017034386382832477,0.00017034386382832478,10.0,1.9945956405993723,8,sbm_dpsgd_all_noised,1.9223734183771504,0.5431122541136532,10.999999104485827,5.999999511537723,4.999999592948103,1e-05,4957,4.6936,4957,0.9914,42,40,0.0017034386382832477,0.00017034386382832478,0.0017034386382832477,0.10685461014509201,0.0036448112223297358,0.11831871420145035,0.0003883403293783656
relatively_sparse,5000,0.0017034386382832477,0.00017034386382832478,20.0,0.977390412892278,8,edge_flip_vem,,,740,,,1e-05,4957,4.6936,4957,0.9914,42,40,0.0017034386382832477,0.00017034386382832478,0.0017034386382832477,0.0011713376734405756,0.0,0.0,0.0
relatively_sparse,5000,0.0017034386382832477,0.00017034386382832478,20.0,0.977390412892278,8,edge_flip_spectral,,,,,,1e-05,4957,4.6936,4957,0.9914,42,40,0.0017034386382832477,0.00017034386382832478,0.0017034386382832477,0.01764609105885029,0.0,0.01948324590921402,0.00014832165074590332
relatively_sparse,5000,0.0017034386382832477,0.00017034386382832478,20.0,0.977390412892278,8,sbm_dpsgd_all_noised,0.9419985000802904,0.40561225411365304,10.999999104485827,5.999999511537723,4.999999592948103,1e-05,4957,4.6936,4957,0.9914,42,40,0.0017034386382832477,0.00017034386382832478,0.0017034386382832477,0.10665229707956314,0.0036441467236727476,0.11860186606645584,8.92728416661174e-05
relatively_sparse,5000,0.0017034386382832477,0.00017034386382832478,1.0,27.43885139089614,9,edge_flip_vem,,,82,,,1e-05,4956,4.7424,4956,0.9912,45,44,0.0017034386382832477,0.00017034386382832478,0.0017034386382832477,0.0,0.0,0.0009655910544097424,0.0
relatively_sparse,5000,0.0017034386382832477,0.00017034386382832478,1.0,27.43885139089614,9,edge_flip_spectral,,,,,,1e-05,4956,4.7424,4956,0.9912,45,44,0.0017034386382832477,0.00017034386382832478,0.0017034386382832477,0.0018009934574365616,0.00016305480676237494,0.0017371131107211113,0.7917063039692683
relatively_sparse,5000,0.0017034386382832477,0.00017034386382832478,1.0,27.43885139089614,9,sbm_dpsgd_all_noised,26.32774027978503,5.635918426327381,11.0,6.0,5.0,1e-05,4956,4.7424,4956,0.9912,45,44,0.0017034386382832477,0.00017034386382832478,0.0017034386382832477,0.10707590728998184,0.0036538986023515463,0.11831116676330566,0.0006786088783061291
relatively_sparse,5000,0.0017034386382832477,0.00017034386382832478,2.0,11.728684954707337,9,edge_flip_vem,,,84,,,1e-05,4956,4.7424,4956,0.9912,45,44,0.0017034386382832477,0.00017034386382832478,0.0017034386382832477,0.0009651216096244752,0.0,0.0,0.0
relatively_sparse,5000,0.0017034386382832477,0.00017034386382832478,2.0,11.728684954707337,9,edge_flip_spectral,,,,,,1e-05,4956,4.7424,4956,0.9912,45,44,0.0017034386382832477,0.00017034386382832478,0.0017034386382832477,0.0017919623060151935,0.00016362156020477414,0.001742672175168991,0.7845040170474932
relatively_sparse,5000,0.0017034386382832477,0.00017034386382832478,2.0,11.728684954707337,9,sbm_dpsgd_all_noised,11.245049229064149,2.668102829441137,11.0,6.0,5.0,1e-05,4956,4.7424,4956,0.9912,45,44,0.0017034386382832477,0.00017034386382832478,0.0017034386382832477,0.10731754451990128,0.0036539107095450163,0.11808139085769653,0.0007520623608106885
relatively_sparse,5000,0.0017034386382832477,0.00017034386382832478,5.0,4.1484505404580005,9,edge_flip_vem,,,351,,,1e-05,4956,4.7424,4956,0.9912,45,44,0.0017034386382832477,0.00017034386382832478,0.0017034386382832477,0.0009835362434387207,0.0,0.0,0.0
relatively_sparse,5000,0.0017034386382832477,0.00017034386382832478,5.0,4.1484505404580005,9,edge_flip_spectral,,,,,,1e-05,4956,4.7424,4956,0.9912,45,44,0.0017034386382832477,0.00017034386382832478,0.0017034386382832477,0.003337897825986147,0.0,0.0033249440602958202,1.4314864617465625e-05
relatively_sparse,5000,0.0017034386382832477,0.00017034386382832478,5.0,4.1484505404580005,9,sbm_dpsgd_all_noised,3.992894984902444,1.0338953100711687,11.0,6.0,5.0,1e-05,4956,4.7424,4956,0.9912,45,44,0.0017034386382832477,0.00017034386382832478,0.0017034386382832477,0.10751601308584213,0.0036540816072374582,0.11789697408676147,0.0010383257957356454
relatively_sparse,5000,0.0017034386382832477,0.00017034386382832478,10.0,1.9945956405993723,9,edge_flip_vem,,,752,,,1e-05,4956,4.7424,4956,0.9912,45,44,0.0017034386382832477,0.00017034386382832478,0.0017034386382832477,0.0,0.0,0.0011287744855508208,0.0
relatively_sparse,5000,0.0017034386382832477,0.00017034386382832478,10.0,1.9945956405993723,9,edge_flip_spectral,,,,,,1e-05,4956,4.7424,4956,0.9912,45,44,0.0017034386382832477,0.00017034386382832478,0.0017034386382832477,0.008654915727674961,0.0,0.0088644502684474,0.0002069577785388039
relatively_sparse,5000,0.0017034386382832477,0.00017034386382832478,10.0,1.9945956405993723,9,sbm_dpsgd_all_noised,1.9223734183771504,0.5431122541136532,11.0,6.0,5.0,1e-05,4956,4.7424,4956,0.9912,45,44,0.0017034386382832477,0.00017034386382832478,0.0017034386382832477,0.10833767056465149,0.003652934916317463,0.1170973852276802,0.0004661672287745098
relatively_sparse,5000,0.0017034386382832477,0.00017034386382832478,20.0,0.977390412892278,9,edge_flip_vem,,,857,,,1e-05,4956,4.7424,4956,0.9912,45,44,0.0017034386382832477,0.00017034386382832478,0.0017034386382832477,0.0011441379319876432,0.0,0.0,0.0
relatively_sparse,5000,0.0017034386382832477,0.00017034386382832478,20.0,0.977390412892278,9,edge_flip_spectral,,,,,,1e-05,4956,4.7424,4956,0.9912,45,44,0.0017034386382832477,0.00017034386382832478,0.0017034386382832477,0.01745562069118023,0.0,0.019810514524579048,7.33221804590053e-05
relatively_sparse,5000,0.0017034386382832477,0.00017034386382832478,20.0,0.977390412892278,9,sbm_dpsgd_all_noised,0.9419985000802904,0.40561225411365304,11.0,6.0,5.0,1e-05,4956,4.7424,4956,0.9912,45,44,0.0017034386382832477,0.00017034386382832478,0.0017034386382832477,0.1130824014544487,0.003647302743047476,0.11218126863241196,4.189416154265521e-06
relatively_sparse,5000,0.0017034386382832477,0.00017034386382832478,1.0,27.43885139089614,10,edge_flip_vem,,,167,,,1e-05,4972,4.6908,4972,0.9944,29,28,0.0017034386382832477,0.00017034386382832478,0.0017034386382832477,0.0009489471558481455,0.0,0.0,0.0
relatively_sparse,5000,0.0017034386382832477,0.00017034386382832478,1.0,27.43885139089614,10,edge_flip_spectral,,,,,,1e-05,4972,4.6908,4972,0.9944,29,28,0.0017034386382832477,0.00017034386382832478,0.0017034386382832477,0.001746141235344112,0.00016553004388697445,0.0017190404469147325,0.7948452854155036
relatively_sparse,5000,0.0017034386382832477,0.00017034386382832478,1.0,27.43885139089614,10,sbm_dpsgd_all_noised,26.32774027978503,5.635918426327381,10.99999910988156,5.999999514480852,4.999999595400709,1e-05,4972,4.6908,4972,0.9944,29,28,0.0017034386382832477,0.00017034386382832478,0.0017034386382832477,0.11622105538845062,0.003636377863585949,0.10913786292076111,1.8716921977984814e-06
relatively_sparse,5000,0.0017034386382832477,0.00017034386382832478,2.0,11.728684954707337,10,edge_flip_vem,,,145,,,1e-05,4972,4.6908,4972,0.9944,29,28,0.0017034386382832477,0.00017034386382832478,0.0017034386382832477,0.0009500472224317491,0.0,0.0,0.0
relatively_sparse,5000,0.0017034386382832477,0.00017034386382832478,2.0,11.728684954707337,10,edge_flip_spectral,,,,,,1e-05,4972,4.6908,4972,0.9944,29,28,0.0017034386382832477,0.00017034386382832478,0.0017034386382832477,0.0017195106483995914,0.00016799313016235828,0.0017450341256335378,0.7831858016208585
relatively_sparse,5000,0.0017034386382832477,0.00017034386382832478,2.0,11.728684954707337,10,sbm_dpsgd_all_noised,11.245049229064149,2.668102829441137,10.99999910988156,5.999999514480852,4.999999595400709,1e-05,4972,4.6908,4972,0.9944,29,28,0.0017034386382832477,0.00017034386382832478,0.0017034386382832477,0.11647655814886093,0.003636386711150408,0.10888496041297913,2.2895034414868423e-05
relatively_sparse,5000,0.0017034386382832477,0.00017034386382832478,5.0,4.1484505404580005,10,edge_flip_vem,,,363,,,1e-05,4972,4.6908,4972,0.9944,29,28,0.0017034386382832477,0.00017034386382832478,0.0017034386382832477,0.0,0.0,0.0009504572954028845,0.0
relatively_sparse,5000,0.0017034386382832477,0.00017034386382832478,5.0,4.1484505404580005,10,edge_flip_spectral,,,,,,1e-05,4972,4.6908,4972,0.9944,29,28,0.0017034386382832477,0.00017034386382832478,0.0017034386382832477,0.0031936352606862783,0.0,0.0034218812361359596,4.7438882412295744e-07
relatively_sparse,5000,0.0017034386382832477,0.00017034386382832478,5.0,4.1484505404580005,10,sbm_dpsgd_all_noised,3.992894984902444,1.0338953100711687,10.99999910988156,5.999999514480852,4.999999595400709,1e-05,4972,4.6908,4972,0.9944,29,28,0.0017034386382832477,0.00017034386382832478,0.0017034386382832477,0.11641766130924225,0.003636428853496909,0.10892876982688904,1.1766271953101144e-07
relatively_sparse,5000,0.0017034386382832477,0.00017034386382832478,10.0,1.9945956405993723,10,edge_flip_vem,,,420,,,1e-05,4972,4.6908,4972,0.9944,29,28,0.0017034386382832477,0.00017034386382832478,0.0017034386382832477,0.0009540560422465205,0.0,0.0,0.0
relatively_sparse,5000,0.0017034386382832477,0.00017034386382832478,10.0,1.9945956405993723,10,edge_flip_spectral,,,,,,1e-05,4972,4.6908,4972,0.9944,29,28,0.0017034386382832477,0.00017034386382832478,0.0017034386382832477,0.007935289293527603,0.0,0.00933022703975439,9.397034727388847e-06
relatively_sparse,5000,0.0017034386382832477,0.00017034386382832478,10.0,1.9945956405993723,10,sbm_dpsgd_all_noised,1.9223734183771504,0.5431122541136532,10.99999910988156,5.999999514480852,4.999999595400709,1e-05,4972,4.6908,4972,0.9944,29,28,0.0017034386382832477,0.00017034386382832478,0.0017034386382832477,0.11542317271232605,0.0036353920586407185,0.10988347977399826,8.51417083109474e-05
relatively_sparse,5000,0.0017034386382832477,0.00017034386382832478,20.0,0.977390412892278,10,edge_flip_vem,,,659,,,1e-05,4972,4.6908,4972,0.9944,29,28,0.0017034386382832477,0.00017034386382832478,0.0017034386382832477,0.8677712678909302,0.04961344227194786,0.0009439808200113475,0.0003005874714750047
relatively_sparse,5000,0.0017034386382832477,0.00017034386382832478,20.0,0.977390412892278,10,edge_flip_spectral,,,,,,1e-05,4972,4.6908,4972,0.9944,29,28,0.0017034386382832477,0.00017034386382832478,0.0017034386382832477,0.01909768022596836,0.0,0.01905098371207714,3.782960013177936e-05
relatively_sparse,5000,0.0017034386382832477,0.00017034386382832478,20.0,0.977390412892278,10,sbm_dpsgd_all_noised,0.9419985000802904,0.40561225411365304,10.99999910988156,5.999999514480852,4.999999595400709,1e-05,4972,4.6908,4972,0.9944,29,28,0.0017034386382832477,0.00017034386382832478,0.0017034386382832477,0.1107880175113678,0.0036280350759625435,0.11432521790266037,1.875586542649411e-06
relatively_sparse,5000,0.0017034386382832477,0.00017034386382832478,1.0,27.43885139089614,11,edge_flip_vem,,,515,,,1e-05,4968,4.7808,4968,0.9936,31,28,0.0017034386382832477,0.00017034386382832478,0.0017034386382832477,0.0,0.0,0.0009685502154752612,0.0
relatively_sparse,5000,0.0017034386382832477,0.00017034386382832478,1.0,27.43885139089614,11,edge_flip_spectral,,,,,,1e-05,4968,4.7808,4968,0.9936,31,28,0.0017034386382832477,0.00017034386382832478,0.0017034386382832477,0.0017602700972929597,0.00017033373296726495,0.0017738542519509792,0.8158717614729778
relatively_sparse,5000,0.0017034386382832477,0.00017034386382832478,1.0,27.43885139089614,11,sbm_dpsgd_all_noised,26.32774027978503,5.635918426327381,10.999997325342429,5.99999854109587,4.999998784246559,1e-05,4968,4.7808,4968,0.9936,31,28,0.0017034386382832477,0.00017034386382832478,0.0017034386382832477,0.11313279718160629,0.0036659580655395985,0.11202896386384964,0.00011979126227261768
relatively_sparse,5000,0.0017034386382832477,0.00017034386382832478,2.0,11.728684954707337,11,edge_flip_vem,,,431,,,1e-05,4968,4.7808,4968,0.9936,31,28,0.0017034386382832477,0.00017034386382832478,0.0017034386382832477,0.0,0.0,0.0009682063828222454,0.0
relatively_sparse,5000,0.0017034386382832477,0.00017034386382832478,2.0,11.728684954707337,11,edge_flip_spectral,,,,,,1e-05,4968,4.7808,4968,0.9936,31,28,0.0017034386382832477,0.00017034386382832478,0.0017034386382832477,0.0017606666078791022,0.00017103082791436464,0.0017706253565847874,0.8027206977008697
relatively_sparse,5000,0.0017034386382832477,0.00017034386382832478,2.0,11.728684954707337,11,sbm_dpsgd_all_noised,11.245049229064149,2.668102829441137,10.999997325342429,5.99999854109587,4.999998784246559,1e-05,4968,4.7808,4968,0.9936,31,28,0.0017034386382832477,0.00017034386382832478,0.0017034386382832477,0.11303339898586273,0.0036660106852650642,0.11212529242038727,0.00016013575319817386
relatively_sparse,5000,0.0017034386382832477,0.00017034386382832478,5.0,4.1484505404580005,11,edge_flip_vem,,,482,,,1e-05,4968,4.7808,4968,0.9936,31,28,0.0017034386382832477,0.00017034386382832478,0.0017034386382832477,0.0010213326895609498,0.0,0.0,0.0
relatively_sparse,5000,0.0017034386382832477,0.00017034386382832478,5.0,4.1484505404580005,11,edge_flip_spectral,,,,,,1e-05,4968,4.7808,4968,0.9936,31,28,0.0017034386382832477,0.00017034386382832478,0.0017034386382832477,0.003422698238864541,0.0,0.003384807612746954,0.0004493728687983946
relatively_sparse,5000,0.0017034386382832477,0.00017034386382832478,5.0,4.1484505404580005,11,sbm_dpsgd_all_noised,3.992894984902444,1.0338953100711687,10.999997325342429,5.99999854109587,4.999998784246559,1e-05,4968,4.7808,4968,0.9936,31,28,0.0017034386382832477,0.00017034386382832478,0.0017034386382832477,0.1121830940246582,0.0036659068427979946,0.11297376453876495,0.0001276299334054738
relatively_sparse,5000,0.0017034386382832477,0.00017034386382832478,10.0,1.9945956405993723,11,edge_flip_vem,,,462,,,1e-05,4968,4.7808,4968,0.9936,31,28,0.0017034386382832477,0.00017034386382832478,0.0017034386382832477,0.0009642068180255592,0.0,0.0,0.0
relatively_sparse,5000,0.0017034386382832477,0.00017034386382832478,10.0,1.9945956405993723,11,edge_flip_spectral,,,,,,1e-05,4968,4.7808,4968,0.9936,31,28,0.0017034386382832477,0.00017034386382832478,0.0017034386382832477,0.008723941631615162,0.0,0.008769704028964043,2.9171309457375314e-06
relatively_sparse,5000,0.0017034386382832477,0.00017034386382832478,10.0,1.9945956405993723,11,sbm_dpsgd_all_noised,1.9223734183771504,0.5431122541136532,10.999997325342429,5.99999854109587,4.999998784246559,1e-05,4968,4.7808,4968,0.9936,31,28,0.0017034386382832477,0.00017034386382832478,0.0017034386382832477,0.1093725934624672,0.0036643329076468945,0.11586955189704895,1.0783490804322535e-06
relatively_sparse,5000,0.0017034386382832477,0.00017034386382832478,20.0,0.977390412892278,11,edge_flip_vem,,,767,,,1e-05,4968,4.7808,4968,0.9936,31,28,0.0017034386382832477,0.00017034386382832478,0.0017034386382832477,0.0008007237920537591,0.0,0.0,0.0
relatively_sparse,5000,0.0017034386382832477,0.00017034386382832478,20.0,0.977390412892278,11,edge_flip_spectral,,,,,,1e-05,4968,4.7808,4968,0.9936,31,28,0.0017034386382832477,0.00017034386382832478,0.0017034386382832477,0.019562585279345512,0.0,0.01781029999256134,6.176401001523133e-05
relatively_sparse,5000,0.0017034386382832477,0.00017034386382832478,20.0,0.977390412892278,11,sbm_dpsgd_all_noised,0.9419985000802904,0.40561225411365304,10.999997325342429,5.99999854109587,4.999998784246559,1e-05,4968,4.7808,4968,0.9936,31,28,0.0017034386382832477,0.00017034386382832478,0.0017034386382832477,0.1062026098370552,0.0036583617329597473,0.11909446865320206,6.727618024633986e-05
relatively_sparse,5000,0.0017034386382832477,0.00017034386382832478,1.0,27.43885139089614,12,edge_flip_vem,,,149,,,1e-05,4950,4.7136,4950,0.99,51,50,0.0017034386382832477,0.00017034386382832478,0.0017034386382832477,0.0,0.0,0.0009620554046705365,0.0
relatively_sparse,5000,0.0017034386382832477,0.00017034386382832478,1.0,27.43885139089614,12,edge_flip_spectral,,,,,,1e-05,4950,4.7136,4950,0.99,51,50,0.0017034386382832477,0.00017034386382832478,0.0017034386382832477,0.0017800771165639162,0.00016799736476968974,0.0017333851428702474,0.7797821293201102
relatively_sparse,5000,0.0017034386382832477,0.00017034386382832478,1.0,27.43885139089614,12,sbm_dpsgd_all_noised,26.32774027978503,5.635918426327381,11.0,6.0,5.0,1e-05,4950,4.7136,4950,0.99,51,50,0.0017034386382832477,0.00017034386382832478,0.0017034386382832477,0.11173707246780396,0.003662085859104991,0.11345335841178894,1.4240577176572728e-05
relatively_sparse,5000,0.0017034386382832477,0.00017034386382832478,2.0,11.728684954707337,12,edge_flip_vem,,,156,,,1e-05,4950,4.7136,4950,0.99,51,50,0.0017034386382832477,0.00017034386382832478,0.0017034386382832477,0.0,0.0,0.0009626655955798924,0.0
relatively_sparse,5000,0.0017034386382832477,0.00017034386382832478,2.0,11.728684954707337,12,edge_flip_spectral,,,,,,1e-05,4950,4.7136,4950,0.99,51,50,0.0017034386382832477,0.00017034386382832478,0.0017034386382832477,0.0017426654230803251,0.0001680929126450792,0.0017726697260513902,0.7728048450690167
relatively_sparse,5000,0.0017034386382832477,0.00017034386382832478,2.0,11.728684954707337,12,sbm_dpsgd_all_noised,11.245049229064149,2.668102829441137,11.0,6.0,5.0,1e-05,4950,4.7136,4950,0.99,51,50,0.0017034386382832477,0.00017034386382832478,0.0017034386382832477,0.11169708520174026,0.003662066999822855,0.1134951263666153,6.779907701748852e-05
relatively_sparse,5000,0.0017034386382832477,0.00017034386382832478,5.0,4.1484505404580005,12,edge_flip_vem,,,424,,,1e-05,4950,4.7136,4950,0.99,51,50,0.0017034386382832477,0.00017034386382832478,0.0017034386382832477,0.0,0.0,0.0009902932215481997,0.0
relatively_sparse,5000,0.0017034386382832477,0.00017034386382832478,5.0,4.1484505404580005,12,edge_flip_spectral,,,,,,1e-05,4950,4.7136,4950,0.99,51,50,0.0017034386382832477,0.00017034386382832478,0.0017034386382832477,0.0031915304716676474,0.0,0.0035734036937355995,0.00020888255468453414
relatively_sparse,5000,0.0017034386382832477,0.00017034386382832478,5.0,4.1484505404580005,12,sbm_dpsgd_all_noised,3.992894984902444,1.0338953100711687,11.0,6.0,5.0,1e-05,4950,4.7136,4950,0.99,51,50,0.0017034386382832477,0.00017034386382832478,0.0017034386382832477,0.11132346093654633,0.003662229748442769,0.11388057470321655,3.397688129958427e-05
relatively_sparse,5000,0.0017034386382832477,0.00017034386382832478,10.0,1.9945956405993723,12,edge_flip_vem,,,715,,,1e-05,4950,4.7136,4950,0.99,51,50,0.0017034386382832477,0.00017034386382832478,0.0017034386382832477,0.0,0.0,0.0010331744560971856,0.0
relatively_sparse,5000,0.0017034386382832477,0.00017034386382832478,10.0,1.9945956405993723,12,edge_flip_spectral,,,,,,1e-05,4950,4.7136,4950,0.99,51,50,0.0017034386382832477,0.00017034386382832478,0.0017034386382832477,0.007837779819965363,0.0,0.009584879502654076,2.684998851697921e-05
relatively_sparse,5000,0.0017034386382832477,0.00017034386382832478,10.0,1.9945956405993723,12,sbm_dpsgd_all_noised,1.9223734183771504,0.5431122541136532,11.0,6.0,5.0,1e-05,4950,4.7136,4950,0.99,51,50,0.0017034386382832477,0.00017034386382832478,0.0017034386382832477,0.10990239679813385,0.0036620921455323696,0.11534271389245987,1.6894367110354e-05
relatively_sparse,5000,0.0017034386382832477,0.00017034386382832478,20.0,0.977390412892278,12,edge_flip_vem,,,868,,,1e-05,4950,4.7136,4950,0.99,51,50,0.0017034386382832477,0.00017034386382832478,0.0017034386382832477,0.0010451958514750004,0.0,0.0,0.0
relatively_sparse,5000,0.0017034386382832477,0.00017034386382832478,20.0,0.977390412892278,12,edge_flip_spectral,,,,,,1e-05,4950,4.7136,4950,0.99,51,50,0.0017034386382832477,0.00017034386382832478,0.0017034386382832477,0.01789257302880287,0.0,0.019177649170160294,0.00016209078388542965
relatively_sparse,5000,0.0017034386382832477,0.00017034386382832478,20.0,0.977390412892278,12,sbm_dpsgd_all_noised,0.9419985000802904,0.40561225411365304,11.0,6.0,5.0,1e-05,4950,4.7136,4950,0.99,51,50,0.0017034386382832477,0.00017034386382832478,0.0017034386382832477,0.10636916756629944,0.003658164292573929,0.11896268278360367,0.00017880236486146722
relatively_sparse,5000,0.0017034386382832477,0.00017034386382832478,1.0,27.43885139089614,13,edge_flip_vem,,,171,,,1e-05,4951,4.7168,4951,0.9902,49,47,0.0017034386382832477,0.00017034386382832478,0.0017034386382832477,0.0,0.0,0.0009622380021028221,0.0
relatively_sparse,5000,0.0017034386382832477,0.00017034386382832478,1.0,27.43885139089614,13,edge_flip_spectral,,,,,,1e-05,4951,4.7168,4951,0.9902,49,47,0.0017034386382832477,0.00017034386382832478,0.0017034386382832477,0.0009631601860746741,6.736728391842917e-05,0.6666666865348816,9.776764825162544e-05
relatively_sparse,5000,0.0017034386382832477,0.00017034386382832478,1.0,27.43885139089614,13,sbm_dpsgd_all_noised,26.32774027978503,5.635918426327381,11.0,6.0,5.0,1e-05,4951,4.7168,4951,0.9902,49,47,0.0017034386382832477,0.00017034386382832478,0.0017034386382832477,0.11794467270374298,0.0036450258921831846,0.10742811113595963,8.896708733899758e-05
relatively_sparse,5000,0.0017034386382832477,0.00017034386382832478,2.0,11.728684954707337,13,edge_flip_vem,,,175,,,1e-05,4951,4.7168,4951,0.9902,49,47,0.0017034386382832477,0.00017034386382832478,0.0017034386382832477,0.0,0.0,0.0009621918434277177,0.0
relatively_sparse,5000,0.0017034386382832477,0.00017034386382832478,2.0,11.728684954707337,13,edge_flip_spectral,,,,,,1e-05,4951,4.7168,4951,0.9902,49,47,0.0017034386382832477,0.00017034386382832478,0.0017034386382832477,0.0009631237480789423,5.930901534156874e-05,0.6666693687438965,9.776764825162544e-05
relatively_sparse,5000,0.0017034386382832477,0.00017034386382832478,2.0,11.728684954707337,13,sbm_dpsgd_all_noised,11.245049229064149,2.668102829441137,11.0,6.0,5.0,1e-05,4951,4.7168,4951,0.9902,49,47,0.0017034386382832477,0.00017034386382832478,0.0017034386382832477,0.11782336235046387,0.003645273158326745,0.10754469782114029,0.00016540116629107062
relatively_sparse,5000,0.0017034386382832477,0.00017034386382832478,5.0,4.1484505404580005,13,edge_flip_vem,,,276,,,1e-05,4951,4.7168,4951,0.9902,49,47,0.0017034386382832477,0.00017034386382832478,0.0017034386382832477,0.0,0.0,0.0009451740770600736,0.0
relatively_sparse,5000,0.0017034386382832477,0.00017034386382832478,5.0,4.1484505404580005,13,edge_flip_spectral,,,,,,1e-05,4951,4.7168,4951,0.9902,49,47,0.0017034386382832477,0.00017034386382832478,0.0017034386382832477,0.0031957391183823347,0.0,0.003427299438044429,0.00047445131443915665
relatively_sparse,5000,0.0017034386382832477,0.00017034386382832478,5.0,4.1484505404580005,13,sbm_dpsgd_all_noised,3.992894984902444,1.0338953100711687,11.0,6.0,5.0,1e-05,4951,4.7168,4951,0.9902,49,47,0.0017034386382832477,0.00017034386382832478,0.0017034386382832477,0.11731000244617462,0.003646254073828459,0.10807222872972488,0.0003002452941457629
relatively_sparse,5000,0.0017034386382832477,0.00017034386382832478,10.0,1.9945956405993723,13,edge_flip_vem,,,355,,,1e-05,4951,4.7168,4951,0.9902,49,47,0.0017034386382832477,0.00017034386382832478,0.0017034386382832477,0.0009356518276035786,0.0,0.0,0.0
relatively_sparse,5000,0.0017034386382832477,0.00017034386382832478,10.0,1.9945956405993723,13,edge_flip_spectral,,,,,,1e-05,4951,4.7168,4951,0.9902,49,47,0.0017034386382832477,0.00017034386382832478,0.0017034386382832477,0.00940523948520422,0.0,0.00839987862855196,1.4966322571232372e-06
relatively_sparse,5000,0.0017034386382832477,0.00017034386382832478,10.0,1.9945956405993723,13,sbm_dpsgd_all_noised,1.9223734183771504,0.5431122541136532,11.0,6.0,5.0,1e-05,4951,4.7168,4951,0.9902,49,47,0.0017034386382832477,0.00017034386382832478,0.0017034386382832477,0.1166386753320694,0.003646214259788394,0.10877057164907455,0.0002332997283216063
relatively_sparse,5000,0.0017034386382832477,0.00017034386382832478,20.0,0.977390412892278,13,edge_flip_vem,,,824,,,1e-05,4951,4.7168,4951,0.9902,49,47,0.0017034386382832477,0.00017034386382832478,0.0017034386382832477,0.0011387061094865203,0.0,0.0,0.0
relatively_sparse,5000,0.0017034386382832477,0.00017034386382832478,20.0,0.977390412892278,13,edge_flip_spectral,,,,,,1e-05,4951,4.7168,4951,0.9902,49,47,0.0017034386382832477,0.00017034386382832478,0.0017034386382832477,0.019641490653157234,0.0,0.018797617405653,1.5663049864955446e-05
relatively_sparse,5000,0.0017034386382832477,0.00017034386382832478,20.0,0.977390412892278,13,sbm_dpsgd_all_noised,0.9419985000802904,0.40561225411365304,11.0,6.0,5.0,1e-05,4951,4.7168,4951,0.9902,49,47,0.0017034386382832477,0.00017034386382832478,0.0017034386382832477,0.11290709674358368,0.003644176060333848,0.11237736791372299,0.00016546513958594277
relatively_sparse,5000,0.0017034386382832477,0.00017034386382832478,1.0,27.43885139089614,14,edge_flip_vem,,,242,,,1e-05,4953,4.7324,4953,0.9906,47,45,0.0017034386382832477,0.00017034386382832478,0.0017034386382832477,0.0009646411053836346,0.0,0.0,0.0
relatively_sparse,5000,0.0017034386382832477,0.00017034386382832478,1.0,27.43885139089614,14,edge_flip_spectral,,,,,,1e-05,4953,4.7324,4953,0.9906,47,45,0.0017034386382832477,0.00017034386382832478,0.0017034386382832477,0.0009655659669078887,6.73400645609945e-05,0.6666666865348816,0.001202726129701667
relatively_sparse,5000,0.0017034386382832477,0.00017034386382832478,1.0,27.43885139089614,14,sbm_dpsgd_all_noised,26.32774027978503,5.635918426327381,10.99999730911603,5.999998532245107,4.999998776870923,1e-05,4953,4.7324,4953,0.9906,47,45,0.0017034386382832477,0.00017034386382832478,0.0017034386382832477,0.10747261345386505,0.003655302571132779,0.11762470006942749,0.00017435918151428325
relatively_sparse,5000,0.0017034386382832477,0.00017034386382832478,2.0,11.728684954707337,14,edge_flip_vem,,,67,,,1e-05,4953,4.7324,4953,0.9906,47,45,0.0017034386382832477,0.00017034386382832478,0.0017034386382832477,0.000964833190664649,0.0,0.0,0.0
relatively_sparse,5000,0.0017034386382832477,0.00017034386382832478,2.0,11.728684954707337,14,edge_flip_spectral,,,,,,1e-05,4953,4.7324,4953,0.9906,47,45,0.0017034386382832477,0.00017034386382832478,0.0017034386382832477,0.0009657680056989193,5.928179598413408e-05,0.6666693687438965,0.001202726129701667
relatively_sparse,5000,0.0017034386382832477,0.00017034386382832478,2.0,11.728684954707337,14,sbm_dpsgd_all_noised,11.245049229064149,2.668102829441137,10.99999730911603,5.999998532245107,4.999998776870923,1e-05,4953,4.7324,4953,0.9906,47,45,0.0017034386382832477,0.00017034386382832478,0.0017034386382832477,0.10743844509124756,0.0036549691576510668,0.11765816062688828,0.0002882660597719752
relatively_sparse,5000,0.0017034386382832477,0.00017034386382832478,5.0,4.1484505404580005,14,edge_flip_vem,,,695,,,1e-05,4953,4.7324,4953,0.9906,47,45,0.0017034386382832477,0.00017034386382832478,0.0017034386382832477,0.0,0.0019094491144642234,0.005221933592110872,4.110469785881331e-05
relatively_sparse,5000,0.0017034386382832477,0.00017034386382832478,5.0,4.1484505404580005,14,edge_flip_spectral,,,,,,1e-05,4953,4.7324,4953,0.9906,47,45,0.0017034386382832477,0.00017034386382832478,0.0017034386382832477,0.003088930156081915,0.0,0.0035718539729714394,8.295617901141223e-05
relatively_sparse,5000,0.0017034386382832477,0.00017034386382832478,5.0,4.1484505404580005,14,sbm_dpsgd_all_noised,3.992894984902444,1.0338953100711687,10.99999730911603,5.999998532245107,4.999998776870923,1e-05,4953,4.7324,4953,0.9906,47,45,0.0017034386382832477,0.00017034386382832478,0.0017034386382832477,0.10758807510137558,0.003654176602140069,0.11749991029500961,0.0005683020755414275
relatively_sparse,5000,0.0017034386382832477,0.00017034386382832478,10.0,1.9945956405993723,14,edge_flip_vem,,,415,,,1e-05,4953,4.7324,4953,0.9906,47,45,0.0017034386382832477,0.00017034386382832478,0.0017034386382832477,0.0,0.0,0.0008784841629676521,0.0
relatively_sparse,5000,0.0017034386382832477,0.00017034386382832478,10.0,1.9945956405993723,14,edge_flip_spectral,,,,,,1e-05,4953,4.7324,4953,0.9906,47,45,0.0017034386382832477,0.00017034386382832478,0.0017034386382832477,0.007362655363976955,0.0,0.01000046543776989,8.345154360754927e-05
relatively_sparse,5000,0.0017034386382832477,0.00017034386382832478,10.0,1.9945956405993723,14,sbm_dpsgd_all_noised,1.9223734183771504,0.5431122541136532,10.99999730911603,5.999998532245107,4.999998776870923,1e-05,4953,4.7324,4953,0.9906,47,45,0.0017034386382832477,0.00017034386382832478,0.0017034386382832477,0.10788525640964508,0.0036535044200718403,0.1172168180346489,0.0012851679402376588
relatively_sparse,5000,0.0017034386382832477,0.00017034386382832478,20.0,0.977390412892278,14,edge_flip_vem,,,496,,,1e-05,4953,4.7324,4953,0.9906,47,45,0.0017034386382832477,0.00017034386382832478,0.0017034386382832477,0.000882717955391854,0.0,0.0,0.0
relatively_sparse,5000,0.0017034386382832477,0.00017034386382832478,20.0,0.977390412892278,14,edge_flip_spectral,,,,,,1e-05,4953,4.7324,4953,0.9906,47,45,0.0017034386382832477,0.00017034386382832478,0.0017034386382832477,0.01964716985821724,0.0,0.01754474826157093,1.0668268038945264e-05
relatively_sparse,5000,0.0017034386382832477,0.00017034386382832478,20.0,0.977390412892278,14,sbm_dpsgd_all_noised,0.9419985000802904,0.40561225411365304,10.99999730911603,5.999998532245107,4.999998776870923,1e-05,4953,4.7324,4953,0.9906,47,45,0.0017034386382832477,0.00017034386382832478,0.0017034386382832477,0.10788798332214355,0.003649891819804907,0.11730380356311798,0.0006354971425234059
relatively_sparse,5000,0.0017034386382832477,0.00017034386382832478,1.0,27.43885139089614,15,edge_flip_vem,,,257,,,1e-05,4960,4.6844,4960,0.992,39,36,0.0017034386382832477,0.00017034386382832478,0.0017034386382832477,0.0,0.0,0.0009520812309347093,0.0
relatively_sparse,5000,0.0017034386382832477,0.00017034386382832478,1.0,27.43885139089614,15,edge_flip_spectral,,,,,,1e-05,4960,4.6844,4960,0.992,39,36,0.0017034386382832477,0.00017034386382832478,0.0017034386382832477,0.0009529899107292295,6.724497507093474e-05,0.6666666865348816,0.0012034883560667513
relatively_sparse,5000,0.0017034386382832477,0.00017034386382832478,1.0,27.43885139089614,15,sbm_dpsgd_all_noised,26.32774027978503,5.635918426327381,11.0,6.0,5.0,1e-05,4960,4.6844,4960,0.992,39,36,0.0017034386382832477,0.00017034386382832478,0.0017034386382832477,0.10991796851158142,0.0036148838698863983,0.11527401953935623,0.0006599611487807315
relatively_sparse,5000,0.0017034386382832477,0.00017034386382832478,2.0,11.728684954707337,15,edge_flip_vem,,,220,,,1e-05,4960,4.6844,4960,0.992,39,36,0.0017034386382832477,0.00017034386382832478,0.0017034386382832477,0.0009529817034490407,0.0,0.0,0.0
relatively_sparse,5000,0.0017034386382832477,0.00017034386382832478,2.0,11.728684954707337,15,edge_flip_spectral,,,,,,1e-05,4960,4.6844,4960,0.992,39,36,0.0017034386382832477,0.00017034386382832478,0.0017034386382832477,0.0009539012098684907,5.918670285609551e-05,0.6666693687438965,0.0012034883560667513
relatively_sparse,5000,0.0017034386382832477,0.00017034386382832478,2.0,11.728684954707337,15,sbm_dpsgd_all_noised,11.245049229064149,2.668102829441137,11.0,6.0,5.0,1e-05,4960,4.6844,4960,0.992,39,36,0.0017034386382832477,0.00017034386382832478,0.0017034386382832477,0.10988904535770416,0.0036147681530565023,0.11531079560518265,0.00042266585215866483
relatively_sparse,5000,0.0017034386382832477,0.00017034386382832478,5.0,4.1484505404580005,15,edge_flip_vem,,,597,,,1e-05,4960,4.6844,4960,0.992,39,36,0.0017034386382832477,0.00017034386382832478,0.0017034386382832477,0.0,0.0,0.0008980106213130057,0.0
relatively_sparse,5000,0.0017034386382832477,0.00017034386382832478,5.0,4.1484505404580005,15,edge_flip_spectral,,,,,,1e-05,4960,4.6844,4960,0.992,39,36,0.0017034386382832477,0.00017034386382832478,0.0017034386382832477,0.003227408742532134,0.0,0.0032754791900515556,0.0004237128194356415
relatively_sparse,5000,0.0017034386382832477,0.00017034386382832478,5.0,4.1484505404580005,15,sbm_dpsgd_all_noised,3.992894984902444,1.0338953100711687,11.0,6.0,5.0,1e-05,4960,4.6844,4960,0.992,39,36,0.0017034386382832477,0.00017034386382832478,0.0017034386382832477,0.10989014059305191,0.0036155483685433865,0.11532047390937805,9.862246433984785e-05
relatively_sparse,5000,0.0017034386382832477,0.00017034386382832478,10.0,1.9945956405993723,15,edge_flip_vem,,,541,,,1e-05,4960,4.6844,4960,0.992,39,36,0.0017034386382832477,0.00017034386382832478,0.0017034386382832477,0.0010544519172981381,0.0,0.0,0.0
relatively_sparse,5000,0.0017034386382832477,0.00017034386382832478,10.0,1.9945956405993723,15,edge_flip_spectral,,,,,,1e-05,4960,4.6844,4960,0.992,39,36,0.0017034386382832477,0.00017034386382832478,0.0017034386382832477,0.008251877501606941,0.0,0.009452895261347294,0.00019646354756157133
relatively_sparse,5000,0.0017034386382832477,0.00017034386382832478,10.0,1.9945956405993723,15,sbm_dpsgd_all_noised,1.9223734183771504,0.5431122541136532,11.0,6.0,5.0,1e-05,4960,4.6844,4960,0.992,39,36,0.0017034386382832477,0.00017034386382832478,0.0017034386382832477,0.11037237197160721,0.003616519272327423,0.11485259234905243,2.9949919151582087e-05
relatively_sparse,5000,0.0017034386382832477,0.00017034386382832478,20.0,0.977390412892278,15,edge_flip_vem,,,662,,,1e-05,4960,4.6844,4960,0.992,39,36,0.0017034386382832477,0.00017034386382832478,0.0017034386382832477,0.0013328931527212262,0.0,0.0,0.0
relatively_sparse,5000,0.0017034386382832477,0.00017034386382832478,20.0,0.977390412892278,15,edge_flip_spectral,,,,,,1e-05,4960,4.6844,4960,0.992,39,36,0.0017034386382832477,0.00017034386382832478,0.0017034386382832477,0.019142605364322662,0.0,0.019042251631617546,0.00011997284179722682
relatively_sparse,5000,0.0017034386382832477,0.00017034386382832478,20.0,0.977390412892278,15,sbm_dpsgd_all_noised,0.9419985000802904,0.40561225411365304,11.0,6.0,5.0,1e-05,4960,4.6844,4960,0.992,39,36,0.0017034386382832477,0.00017034386382832478,0.0017034386382832477,0.11160771548748016,0.003614705754444003,0.11356060206890106,1.1446704581229685e-07
relatively_sparse,5000,0.0017034386382832477,0.00017034386382832478,1.0,27.43885139089614,16,edge_flip_vem,,,94,,,1e-05,4961,4.732,4961,0.9922,40,39,0.0017034386382832477,0.00017034386382832478,0.0017034386382832477,0.0,0.0,0.0009615322342142463,0.0
relatively_sparse,5000,0.0017034386382832477,0.00017034386382832478,1.0,27.43885139089614,16,edge_flip_spectral,,,,,,1e-05,4961,4.732,4961,0.9922,40,39,0.0017034386382832477,0.00017034386382832478,0.0017034386382832477,0.0017867328133434057,0.00016677318490110338,0.0017274335259571671,0.8090280589845972
relatively_sparse,5000,0.0017034386382832477,0.00017034386382832478,1.0,27.43885139089614,16,sbm_dpsgd_all_noised,26.32774027978503,5.635918426327381,11.0,6.0,5.0,1e-05,4961,4.732,4961,0.9922,40,39,0.0017034386382832477,0.00017034386382832478,0.0017034386382832477,0.11796433478593826,0.003644239157438278,0.10740582644939423,7.074034281445402e-05
relatively_sparse,5000,0.0017034386382832477,0.00017034386382832478,2.0,11.728684954707337,16,edge_flip_vem,,,222,,,1e-05,4961,4.732,4961,0.9922,40,39,0.0017034386382832477,0.00017034386382832478,0.0017034386382832477,0.0,0.0,0.0009623478981666267,0.0
relatively_sparse,5000,0.0017034386382832477,0.00017034386382832478,2.0,11.728684954707337,16,edge_flip_spectral,,,,,,1e-05,4961,4.732,4961,0.9922,40,39,0.0017034386382832477,0.00017034386382832478,0.0017034386382832477,0.001785425702109933,0.00016976671759039164,0.0017259800806641579,0.7889409301190177
relatively_sparse,5000,0.0017034386382832477,0.00017034386382832478,2.0,11.728684954707337,16,sbm_dpsgd_all_noised,11.245049229064149,2.668102829441137,11.0,6.0,5.0,1e-05,4961,4.732,4961,0.9922,40,39,0.0017034386382832477,0.00017034386382832478,0.0017034386382832477,0.11804261803627014,0.003644388634711504,0.10732629150152206,0.00015658010948008068
relatively_sparse,5000,0.0017034386382832477,0.00017034386382832478,5.0,4.1484505404580005,16,edge_flip_vem,,,551,,,1e-05,4961,4.732,4961,0.9922,40,39,0.0017034386382832477,0.00017034386382832478,0.0017034386382832477,0.0,0.0,0.000975823204498738,0.0
relatively_sparse,5000,0.0017034386382832477,0.00017034386382832478,5.0,4.1484505404580005,16,edge_flip_spectral,,,,,,1e-05,4961,4.732,4961,0.9922,40,39,0.0017034386382832477,0.00017034386382832478,0.0017034386382832477,0.003391243750229478,0.0,0.003239605575799942,0.00013971984596786486
relatively_sparse,5000,0.0017034386382832477,0.00017034386382832478,5.0,4.1484505404580005,16,sbm_dpsgd_all_noised,3.992894984902444,1.0338953100711687,11.0,6.0,5.0,1e-05,4961,4.732,4961,0.9922,40,39,0.0017034386382832477,0.00017034386382832478,0.0017034386382832477,0.11831559240818024,0.0036445134319365025,0.10705916583538055,0.00010226874048077264
relatively_sparse,5000,0.0017034386382832477,0.00017034386382832478,10.0,1.9945956405993723,16,edge_flip_vem,,,627,,,1e-05,4961,4.732,4961,0.9922,40,39,0.0017034386382832477,0.00017034386382832478,0.0017034386382832477,0.0011186832562088966,0.0,0.0,0.0
relatively_sparse,5000,0.0017034386382832477,0.00017034386382832478,10.0,1.9945956405993723,16,edge_flip_spectral,,,,,,1e-05,4961,4.732,4961,0.9922,40,39,0.0017034386382832477,0.00017034386382832478,0.0017034386382832477,0.009187601506710052,0.0,0.008432373404502869,0.00016405254886654326
relatively_sparse,5000,0.0017034386382832477,0.00017034386382832478,10.0,1.9945956405993723,16,sbm_dpsgd_all_noised,1.9223734183771504,0.5431122541136532,11.0,6.0,5.0,1e-05,4961,4.732,4961,0.9922,40,39,0.0017034386382832477,0.00017034386382832478,0.0017034386382832477,0.11838818341493607,0.003644710872322321,0.10696696490049362,8.914319089022607e-05
relatively_sparse,5000,0.0017034386382832477,0.00017034386382832478,20.0,0.977390412892278,16,edge_flip_vem,,,656,,,1e-05,4961,4.732,4961,0.9922,40,39,0.0017034386382832477,0.00017034386382832478,0.0017034386382832477,0.0004613983619492501,0.0,0.0,0.0
relatively_sparse,5000,0.0017034386382832477,0.00017034386382832478,20.0,0.977390412892278,16,edge_flip_spectral,,,,,,1e-05,4961,4.732,4961,0.9922,40,39,0.0017034386382832477,0.00017034386382832478,0.0017034386382832477,0.018018297851085663,0.0,0.01803199201822281,1.0448394879626113e-05
relatively_sparse,5000,0.0017034386382832477,0.00017034386382832478,20.0,0.977390412892278,16,sbm_dpsgd_all_noised,0.9419985000802904,0.40561225411365304,11.0,6.0,5.0,1e-05,4961,4.732,4961,0.9922,40,39,0.0017034386382832477,0.00017034386382832478,0.0017034386382832477,0.11641555279493332,0.0036428936291486025,0.10892947763204575,3.6285240674501307e-05
relatively_sparse,5000,0.0017034386382832477,0.00017034386382832478,1.0,27.43885139089614,17,edge_flip_vem,,,288,,,1e-05,4959,4.6436,4959,0.9918,39,35,0.0017034386382832477,0.00017034386382832478,0.0017034386382832477,0.000944086816161871,0.0,0.0,0.0
relatively_sparse,5000,0.0017034386382832477,0.00017034386382832478,1.0,27.43885139089614,17,edge_flip_spectral,,,,,,1e-05,4959,4.6436,4959,0.9918,39,35,0.0017034386382832477,0.00017034386382832478,0.0017034386382832477,0.0017443555407226086,0.00016998049977701157,0.0016930935671553016,0.7664877579297888
relatively_sparse,5000,0.0017034386382832477,0.00017034386382832478,1.0,27.43885139089614,17,sbm_dpsgd_all_noised,26.32774027978503,5.635918426327381,10.999999105208087,5.9999995119316845,4.999999593276403,1e-05,4959,4.6436,4959,0.9918,39,35,0.0017034386382832477,0.00017034386382832478,0.0017034386382832477,0.11786308884620667,0.003644042881205678,0.10724231600761414,0.00015617584502005365
relatively_sparse,5000,0.0017034386382832477,0.00017034386382832478,2.0,11.728684954707337,17,edge_flip_vem,,,280,,,1e-05,4959,4.6436,4959,0.9918,39,35,0.0017034386382832477,0.00017034386382832478,0.0017034386382832477,0.0,0.0,0.0009432011283934116,0.0
relatively_sparse,5000,0.0017034386382832477,0.00017034386382832478,2.0,11.728684954707337,17,edge_flip_spectral,,,,,,1e-05,4959,4.6436,4959,0.9918,39,35,0.0017034386382832477,0.00017034386382832478,0.0017034386382832477,0.0017379065975546837,0.00016875212895683944,0.0016981796361505985,0.7543546754257429
relatively_sparse,5000,0.0017034386382832477,0.00017034386382832478,2.0,11.728684954707337,17,sbm_dpsgd_all_noised,11.245049229064149,2.668102829441137,10.999999105208087,5.9999995119316845,4.999999593276403,1e-05,4959,4.6436,4959,0.9918,39,35,0.0017034386382832477,0.00017034386382832478,0.0017034386382832477,0.11787299066781998,0.003643701784312725,0.10722938179969788,0.00013937817645194684
relatively_sparse,5000,0.0017034386382832477,0.00017034386382832478,5.0,4.1484505404580005,17,edge_flip_vem,,,382,,,1e-05,4959,4.6436,4959,0.9918,39,35,0.0017034386382832477,0.00017034386382832478,0.0017034386382832477,0.0,0.0,0.0010454680304974318,0.0
relatively_sparse,5000,0.0017034386382832477,0.00017034386382832478,5.0,4.1484505404580005,17,edge_flip_spectral,,,,,,1e-05,4959,4.6436,4959,0.9918,39,35,0.0017034386382832477,0.00017034386382832478,0.0017034386382832477,0.0034738946706056595,0.0,0.0033358593937009573,6.468054778456711e-05
relatively_sparse,5000,0.0017034386382832477,0.00017034386382832478,5.0,4.1484505404580005,17,sbm_dpsgd_all_noised,3.992894984902444,1.0338953100711687,10.999999105208087,5.9999995119316845,4.999999593276403,1e-05,4959,4.6436,4959,0.9918,39,35,0.0017034386382832477,0.00017034386382832478,0.0017034386382832477,0.11791617423295975,0.003642590017989278,0.1071857362985611,0.00017372281313653327
relatively_sparse,5000,0.0017034386382832477,0.00017034386382832478,10.0,1.9945956405993723,17,edge_flip_vem,,,719,,,1e-05,4959,4.6436,4959,0.9918,39,35,0.0017034386382832477,0.00017034386382832478,0.0017034386382832477,0.0,0.0,0.0010947707341983914,0.0
relatively_sparse,5000,0.0017034386382832477,0.00017034386382832478,10.0,1.9945956405993723,17,edge_flip_spectral,,,,,,1e-05,4959,4.6436,4959,0.9918,39,35,0.0017034386382832477,0.00017034386382832478,0.0017034386382832477,0.008759008720517159,0.0,0.008813511580228806,8.597801898971585e-06
relatively_sparse,5000,0.0017034386382832477,0.00017034386382832478,10.0,1.9945956405993723,17,sbm_dpsgd_all_noised,1.9223734183771504,0.5431122541136532,10.999999105208087,5.9999995119316845,4.999999593276403,1e-05,4959,4.6436,4959,0.9918,39,35,0.0017034386382832477,0.00017034386382832478,0.0017034386382832477,0.1180277168750763,0.0036404964048415422,0.10709124803543091,0.00019202996840733233
relatively_sparse,5000,0.0017034386382832477,0.00017034386382832478,20.0,0.977390412892278,17,edge_flip_vem,,,909,,,1e-05,4959,4.6436,4959,0.9918,39,35,0.0017034386382832477,0.00017034386382832478,0.0017034386382832477,0.04050697758793831,0.012922578491270542,0.0,3.8447549554485685e-05
relatively_sparse,5000,0.0017034386382832477,0.00017034386382832478,20.0,0.977390412892278,17,edge_flip_spectral,,,,,,1e-05,4959,4.6436,4959,0.9918,39,35,0.0017034386382832477,0.00017034386382832478,0.0017034386382832477,0.018419746309518814,0.0,0.018215185031294823,4.950466668945375e-05
relatively_sparse,5000,0.0017034386382832477,0.00017034386382832478,20.0,0.977390412892278,17,sbm_dpsgd_all_noised,0.9419985000802904,0.40561225411365304,10.999999105208087,5.9999995119316845,4.999999593276403,1e-05,4959,4.6436,4959,0.9918,39,35,0.0017034386382832477,0.00017034386382832478,0.0017034386382832477,0.11813772469758987,0.003635920351371169,0.10701470822095871,0.00016464982382971403
relatively_sparse,5000,0.0017034386382832477,0.00017034386382832478,1.0,27.43885139089614,18,edge_flip_vem,,,163,,,1e-05,4946,4.668,4946,0.9892,53,50,0.0017034386382832477,0.00017034386382832478,0.0017034386382832477,0.0009541265899315476,0.0,0.0,0.0
relatively_sparse,5000,0.0017034386382832477,0.00017034386382832478,1.0,27.43885139089614,18,edge_flip_spectral,,,,,,1e-05,4946,4.668,4946,0.9892,53,50,0.0017034386382832477,0.00017034386382832478,0.0017034386382832477,0.0017441101372241974,0.00015779821842443198,0.0017574698431417346,0.8186561274709487
relatively_sparse,5000,0.0017034386382832477,0.00017034386382832478,1.0,27.43885139089614,18,sbm_dpsgd_all_noised,26.32774027978503,5.635918426327381,11.0,6.0,5.0,1e-05,4946,4.668,4946,0.9892,53,50,0.0017034386382832477,0.00017034386382832478,0.0017034386382832477,0.11761005222797394,0.003648946527391672,0.10747978091239929,0.00020816681682301106
relatively_sparse,5000,0.0017034386382832477,0.00017034386382832478,2.0,11.728684954707337,18,edge_flip_vem,,,194,,,1e-05,4946,4.668,4946,0.9892,53,50,0.0017034386382832477,0.00017034386382832478,0.0017034386382832477,0.000954014714807272,0.0,0.0,0.0
relatively_sparse,5000,0.0017034386382832477,0.00017034386382832478,2.0,11.728684954707337,18,edge_flip_spectral,,,,,,1e-05,4946,4.668,4946,0.9892,53,50,0.0017034386382832477,0.00017034386382832478,0.0017034386382832477,0.0017611762741580606,0.00015955723938532174,0.0017365968087688088,0.8064529529649884
relatively_sparse,5000,0.0017034386382832477,0.00017034386382832478,2.0,11.728684954707337,18,sbm_dpsgd_all_noised,11.245049229064149,2.668102829441137,11.0,6.0,5.0,1e-05,4946,4.668,4946,0.9892,53,50,0.0017034386382832477,0.00017034386382832478,0.0017034386382832477,0.11767968535423279,0.003649009857326746,0.1074104905128479,0.00018883680459835802
relatively_sparse,5000,0.0017034386382832477,0.00017034386382832478,5.0,4.1484505404580005,18,edge_flip_vem,,,252,,,1e-05,4946,4.668,4946,0.9892,53,50,0.0017034386382832477,0.00017034386382832478,0.0017034386382832477,0.0009562470368109643,0.0,0.0,0.0
relatively_sparse,5000,0.0017034386382832477,0.00017034386382832478,5.0,4.1484505404580005,18,edge_flip_spectral,,,,,,1e-05,4946,4.668,4946,0.9892,53,50,0.0017034386382832477,0.00017034386382832478,0.0017034386382832477,0.0032730638049542904,0.0,0.00332713034003973,1.0616227925851151e-06
relatively_sparse,5000,0.0017034386382832477,0.00017034386382832478,5.0,4.1484505404580005,18,sbm_dpsgd_all_noised,3.992894984902444,1.0338953100711687,11.0,6.0,5.0,1e-05,4946,4.668,4946,0.9892,53,50,0.0017034386382832477,0.00017034386382832478,0.0017034386382832477,0.1176530122756958,0.0036489982157945633,0.10743341594934464,0.0003313695641164032
relatively_sparse,5000,0.0017034386382832477,0.00017034386382832478,10.0,1.9945956405993723,18,edge_flip_vem,,,452,,,1e-05,4946,4.668,4946,0.9892,53,50,0.0017034386382832477,0.00017034386382832478,0.0017034386382832477,0.0010438014287501574,0.0,0.0,0.0
relatively_sparse,5000,0.0017034386382832477,0.00017034386382832478,10.0,1.9945956405993723,18,edge_flip_spectral,,,,,,1e-05,4946,4.668,4946,0.9892,53,50,0.0017034386382832477,0.00017034386382832478,0.0017034386382832477,0.008325477130711079,0.0,0.009329421445727348,0.00026137574913922976
relatively_sparse,5000,0.0017034386382832477,0.00017034386382832478,10.0,1.9945956405993723,18,sbm_dpsgd_all_noised,1.9223734183771504,0.5431122541136532,11.0,6.0,5.0,1e-05,4946,4.668,4946,0.9892,53,50,0.0017034386382832477,0.00017034386382832478,0.0017034386382832477,0.11766000837087631,0.003648658050224185,0.10742468386888504,0.000188820327292801
relatively_sparse,5000,0.0017034386382832477,0.00017034386382832478,20.0,0.977390412892278,18,edge_flip_vem,,,776,,,1e-05,4946,4.668,4946,0.9892,53,50,0.0017034386382832477,0.00017034386382832478,0.0017034386382832477,0.0,0.0,0.0014932623598724604,0.0
relatively_sparse,5000,0.0017034386382832477,0.00017034386382832478,20.0,0.977390412892278,18,edge_flip_spectral,,,,,,1e-05,4946,4.668,4946,0.9892,53,50,0.0017034386382832477,0.00017034386382832478,0.0017034386382832477,0.01876170188188553,0.0,0.019839296117424965,9.556392908915559e-06
relatively_sparse,5000,0.0017034386382832477,0.00017034386382832478,20.0,0.977390412892278,18,sbm_dpsgd_all_noised,0.9419985000802904,0.40561225411365304,11.0,6.0,5.0,1e-05,4946,4.668,4946,0.9892,53,50,0.0017034386382832477,0.00017034386382832478,0.0017034386382832477,0.11803500354290009,0.0036478680558502674,0.10710848122835159,0.00010624515819660395
relatively_sparse,5000,0.0017034386382832477,0.00017034386382832478,1.0,27.43885139089614,19,edge_flip_vem,,,322,,,1e-05,4955,4.6804,4955,0.991,45,43,0.0017034386382832477,0.00017034386382832478,0.0017034386382832477,0.0,0.0,0.0009532705880701542,0.0
relatively_sparse,5000,0.0017034386382832477,0.00017034386382832478,1.0,27.43885139089614,19,edge_flip_spectral,,,,,,1e-05,4955,4.6804,4955,0.991,45,43,0.0017034386382832477,0.00017034386382832478,0.0017034386382832477,0.0017503771232441068,0.0001640633272472769,0.0017352879513055086,0.7682582179668735
relatively_sparse,5000,0.0017034386382832477,0.00017034386382832478,1.0,27.43885139089614,19,sbm_dpsgd_all_noised,26.32774027978503,5.635918426327381,11.0,6.0,5.0,1e-05,4955,4.6804,4955,0.991,45,43,0.0017034386382832477,0.00017034386382832478,0.0017034386382832477,0.11088450253009796,0.0036613934207707644,0.11424437910318375,5.43225100718767e-05
relatively_sparse,5000,0.0017034386382832477,0.00017034386382832478,2.0,11.728684954707337,19,edge_flip_vem,,,310,,,1e-05,4955,4.6804,4955,0.991,45,43,0.0017034386382832477,0.00017034386382832478,0.0017034386382832477,0.0,0.0,0.0009531299001537263,0.0
relatively_sparse,5000,0.0017034386382832477,0.00017034386382832478,2.0,11.728684954707337,19,edge_flip_spectral,,,,,,1e-05,4955,4.6804,4955,0.991,45,43,0.0017034386382832477,0.00017034386382832478,0.0017034386382832477,0.0017375916941091418,0.00016415287973359227,0.001747281290590763,0.7570513375293431
relatively_sparse,5000,0.0017034386382832477,0.00017034386382832478,2.0,11.728684954707337,19,sbm_dpsgd_all_noised,11.245049229064149,2.668102829441137,11.0,6.0,5.0,1e-05,4955,4.6804,4955,0.991,45,43,0.0017034386382832477,0.00017034386382832478,0.0017034386382832477,0.1108044683933258,0.003661069553345442,0.11432753503322601,4.021913696394379e-05
relatively_sparse,5000,0.0017034386382832477,0.00017034386382832478,5.0,4.1484505404580005,19,edge_flip_vem,,,433,,,1e-05,4955,4.6804,4955,0.991,45,43,0.0017034386382832477,0.00017034386382832478,0.0017034386382832477,0.0,0.0,0.0009997438173741102,0.0
relatively_sparse,5000,0.0017034386382832477,0.00017034386382832478,5.0,4.1484505404580005,19,edge_flip_spectral,,,,,,1e-05,4955,4.6804,4955,0.991,45,43,0.0017034386382832477,0.00017034386382832478,0.0017034386382832477,0.00350196729414165,0.0,0.0033379849046468735,8.497186912218942e-06
relatively_sparse,5000,0.0017034386382832477,0.00017034386382832478,5.0,4.1484505404580005,19,sbm_dpsgd_all_noised,3.992894984902444,1.0338953100711687,11.0,6.0,5.0,1e-05,4955,4.6804,4955,0.991,45,43,0.0017034386382832477,0.00017034386382832478,0.0017034386382832477,0.11123476177453995,0.0036605466157197952,0.11388438940048218,1.061389070526658e-05
relatively_sparse,5000,0.0017034386382832477,0.00017034386382832478,10.0,1.9945956405993723,19,edge_flip_vem,,,457,,,1e-05,4955,4.6804,4955,0.991,45,43,0.0017034386382832477,0.00017034386382832478,0.0017034386382832477,0.000748179794754833,0.0,0.0,0.0
relatively_sparse,5000,0.0017034386382832477,0.00017034386382832478,10.0,1.9945956405993723,19,edge_flip_spectral,,,,,,1e-05,4955,4.6804,4955,0.991,45,43,0.0017034386382832477,0.00017034386382832478,0.0017034386382832477,0.008653329685330391,0.0,0.008711956441402435,0.000859533553608969
relatively_sparse,5000,0.0017034386382832477,0.00017034386382832478,10.0,1.9945956405993723,19,sbm_dpsgd_all_noised,1.9223734183771504,0.5431122541136532,11.0,6.0,5.0,1e-05,4955,4.6804,4955,0.991,45,43,0.0017034386382832477,0.00017034386382832478,0.0017034386382832477,0.11373740434646606,0.003659253241494298,0.1114208772778511,6.595958259853711e-06
relatively_sparse,5000,0.0017034386382832477,0.00017034386382832478,20.0,0.977390412892278,19,edge_flip_vem,,,797,,,1e-05,4955,4.6804,4955,0.991,45,43,0.0017034386382832477,0.00017034386382832478,0.0017034386382832477,0.0,0.04378494620323181,0.02715122140944004,0.0001709796060476042
relatively_sparse,5000,0.0017034386382832477,0.00017034386382832478,20.0,0.977390412892278,19,edge_flip_spectral,,,,,,1e-05,4955,4.6804,4955,0.991,45,43,0.0017034386382832477,0.00017034386382832478,0.0017034386382832477,0.017753329128026962,0.0,0.018003547564148903,0.00011659303976413307
relatively_sparse,5000,0.0017034386382832477,0.00017034386382832478,20.0,0.977390412892278,19,sbm_dpsgd_all_noised,0.9419985000802904,0.40561225411365304,11.0,6.0,5.0,1e-05,4955,4.6804,4955,0.991,45,43,0.0017034386382832477,0.00017034386382832478,0.0017034386382832477,0.11755987256765366,0.0036541344597935677,0.1077057495713234,4.997317134713381e-06
sparse,5000,0.001,0.0001,1.0,27.43885139089614,0,edge_flip_vem,,,135,,,1e-05,4620,2.7868,4620,0.924,347,320,0.001,0.0001,0.001,0.0,0.0,0.0006497724098153412,0.0
sparse,5000,0.001,0.0001,1.0,27.43885139089614,0,edge_flip_spectral,,,,,,1e-05,4620,2.7868,4620,0.924,347,320,0.001,0.0001,0.001,0.0006508997757919133,3.6121946322964504e-05,0.3333333432674408,0.00022086404500734904
sparse,5000,0.001,0.0001,1.0,27.43885139089614,0,sbm_dpsgd_all_noised,26.32774027978503,5.635918426327381,11.0,6.0,5.0,1e-05,4620,2.7868,4620,0.924,347,320,0.001,0.0001,0.001,0.1176527664065361,0.003521688748151064,0.10756921768188477,0.00013931799688244437
sparse,5000,0.001,0.0001,2.0,11.728684954707337,0,edge_flip_vem,,,113,,,1e-05,4620,2.7868,4620,0.924,347,320,0.001,0.0001,0.001,0.0,0.0,0.0006502523319795728,0.0
sparse,5000,0.001,0.0001,2.0,11.728684954707337,0,edge_flip_spectral,,,,,,1e-05,4620,2.7868,4620,0.924,347,320,0.001,0.0001,0.001,0.0006514019332826138,2.8063173886039294e-05,0.3333306610584259,0.00022086404500734904
sparse,5000,0.001,0.0001,2.0,11.728684954707337,0,sbm_dpsgd_all_noised,11.245049229064149,2.668102829441137,11.0,6.0,5.0,1e-05,4620,2.7868,4620,0.924,347,320,0.001,0.0001,0.001,0.11762844026088715,0.003521387465298176,0.10759676992893219,4.4563261270372294e-05
sparse,5000,0.001,0.0001,5.0,4.1484505404580005,0,edge_flip_vem,,,515,,,1e-05,4620,2.7868,4620,0.924,347,320,0.001,0.0001,0.001,0.0,0.0,0.0006075639394111931,0.0
sparse,5000,0.001,0.0001,5.0,4.1484505404580005,0,edge_flip_spectral,,,,,,1e-05,4620,2.7868,4620,0.924,347,320,0.001,0.0001,0.001,0.003152975346893072,0.0,0.0029099402017891407,0.0002272793350749184
sparse,5000,0.001,0.0001,5.0,4.1484505404580005,0,sbm_dpsgd_all_noised,3.992894984902444,1.0338953100711687,11.0,6.0,5.0,1e-05,4620,2.7868,4620,0.924,347,320,0.001,0.0001,0.001,0.11743656545877457,0.003520818892866373,0.1078297570347786,2.369105428980201e-05
sparse,5000,0.001,0.0001,10.0,1.9945956405993723,0,edge_flip_vem,,,697,,,1e-05,4620,2.7868,4620,0.924,347,320,0.001,0.0001,0.001,0.17125029861927032,0.020882243290543556,0.0006552835111506283,0.00016660488829396596
sparse,5000,0.001,0.0001,10.0,1.9945956405993723,0,edge_flip_spectral,,,,,,1e-05,4620,2.7868,4620,0.924,347,320,0.001,0.0001,0.001,0.009021708741784096,0.0,0.008290281519293785,0.0002878131557875481
sparse,5000,0.001,0.0001,10.0,1.9945956405993723,0,sbm_dpsgd_all_noised,1.9223734183771504,0.5431122541136532,11.0,6.0,5.0,1e-05,4620,2.7868,4620,0.924,347,320,0.001,0.0001,0.001,0.11572393774986267,0.003520962316542864,0.10956047475337982,6.5219185363639655e-06
sparse,5000,0.001,0.0001,20.0,0.977390412892278,0,edge_flip_vem,,,622,,,1e-05,4620,2.7868,4620,0.924,347,320,0.001,0.0001,0.001,0.0005576711264438927,0.0,0.0,0.0
sparse,5000,0.001,0.0001,20.0,0.977390412892278,0,edge_flip_spectral,,,,,,1e-05,4620,2.7868,4620,0.924,347,320,0.001,0.0001,0.001,0.018022209405899048,0.0,0.01976228877902031,0.00025868582863144084
sparse,5000,0.001,0.0001,20.0,0.977390412892278,0,sbm_dpsgd_all_noised,0.9419985000802904,0.40561225411365304,11.0,6.0,5.0,1e-05,4620,2.7868,4620,0.924,347,320,0.001,0.0001,0.001,0.11261920630931854,0.003517589997500181,0.11252303421497345,0.0002146742151259222
sparse,5000,0.001,0.0001,1.0,27.43885139089614,1,edge_flip_vem,,,210,,,1e-05,4583,2.736,4583,0.9166,360,313,0.001,0.0001,0.001,0.0006458308780565858,0.0,0.0,0.0
sparse,5000,0.001,0.0001,1.0,27.43885139089614,1,edge_flip_spectral,,,,,,1e-05,4583,2.736,4583,0.9166,360,313,0.001,0.0001,0.001,0.000647139735519886,3.121878035017289e-05,0.2857142984867096,4.271837871512888e-05
sparse,5000,0.001,0.0001,1.0,27.43885139089614,1,sbm_dpsgd_all_noised,26.32774027978503,5.635918426327381,10.99999685703899,5.999998285657631,4.999998571381359,1e-05,4583,2.736,4583,0.9166,360,313,0.001,0.0001,0.001,0.10981056094169617,0.0035095384810119867,0.11520431190729141,0.00019365849247866994
sparse,5000,0.001,0.0001,2.0,11.728684954707337,1,edge_flip_vem,,,286,,,1e-05,4583,2.736,4583,0.9166,360,313,0.001,0.0001,0.001,0.0006458775606006384,0.0,0.0,0.0
sparse,5000,0.001,0.0001,2.0,11.728684954707337,1,edge_flip_spectral,,,,,,1e-05,4583,2.736,4583,0.9166,360,313,0.001,0.0001,0.001,0.0006472112727351487,2.3159927877713926e-05,0.2857108414173126,4.271837871512888e-05
sparse,5000,0.001,0.0001,2.0,11.728684954707337,1,sbm_dpsgd_all_noised,11.245049229064149,2.668102829441137,10.99999685703899,5.999998285657631,4.999998571381359,1e-05,4583,2.736,4583,0.9166,360,313,0.001,0.0001,0.001,0.10983680933713913,0.0035090199671685696,0.11518196761608124,0.0002725732688593267
sparse,5000,0.001,0.0001,5.0,4.1484505404580005,1,edge_flip_vem,,,426,,,1e-05,4583,2.736,4583,0.9166,360,313,0.001,0.0001,0.001,0.0,0.0,0.0006461243610829115,0.0
sparse,5000,0.001,0.0001,5.0,4.1484505404580005,1,edge_flip_spectral,,,,,,1e-05,4583,2.736,4583,0.9166,360,313,0.001,0.0001,0.001,0.0028805583715438843,0.0,0.0033429788891226053,4.580657727133435e-05
sparse,5000,0.001,0.0001,5.0,4.1484505404580005,1,sbm_dpsgd_all_noised,3.992894984902444,1.0338953100711687,10.99999685703899,5.999998285657631,4.999998571381359,1e-05,4583,2.736,4583,0.9166,360,313,0.001,0.0001,0.001,0.11004210263490677,0.003509948728606105,0.11498048901557922,0.00045440412649536745
sparse,5000,0.001,0.0001,10.0,1.9945956405993723,1,edge_flip_vem,,,641,,,1e-05,4583,2.736,4583,0.9166,360,313,0.001,0.0001,0.001,0.0004671111819334328,0.0,0.0,0.0
sparse,5000,0.001,0.0001,10.0,1.9945956405993723,1,edge_flip_spectral,,,,,,1e-05,4583,2.736,4583,0.9166,360,313,0.001,0.0001,0.001,0.007837561890482903,0.0,0.008958167396485806,5.379023561848658e-05
sparse,5000,0.001,0.0001,10.0,1.9945956405993723,1,sbm_dpsgd_all_noised,1.9223734183771504,0.5431122541136532,10.99999685703899,5.999998285657631,4.999998571381359,1e-05,4583,2.736,4583,0.9166,360,313,0.001,0.0001,0.001,0.11058462411165237,0.0035117638763040304,0.11445371061563492,0.000803557593034811
sparse,5000,0.001,0.0001,20.0,0.977390412892278,1,edge_flip_vem,,,804,,,1e-05,4583,2.736,4583,0.9166,360,313,0.001,0.0001,0.001,0.020238390192389488,0.0,0.0,0.00013257357731477024
sparse,5000,0.001,0.0001,20.0,0.977390412892278,1,edge_flip_spectral,,,,,,1e-05,4583,2.736,4583,0.9166,360,313,0.001,0.0001,0.001,0.018969189375638962,0.0,0.018438979983329773,5.18163478390986e-05
sparse,5000,0.001,0.0001,20.0,0.977390412892278,1,sbm_dpsgd_all_noised,0.9419985000802904,0.40561225411365304,10.99999685703899,5.999998285657631,4.999998571381359,1e-05,4583,2.736,4583,0.9166,360,313,0.001,0.0001,0.001,0.11011124402284622,0.003505525877699256,0.11494535207748413,0.0003646916480704942
sparse,5000,0.001,0.0001,1.0,27.43885139089614,2,edge_flip_vem,,,228,,,1e-05,4598,2.732,4598,0.9196,364,330,0.001,0.0001,0.001,0.0006425697356462479,0.0,0.0,0.0
sparse,5000,0.001,0.0001,1.0,27.43885139089614,2,edge_flip_spectral,,,,,,1e-05,4598,2.732,4598,0.9196,364,330,0.001,0.0001,0.001,0.0006437716074287891,6.223356467671692e-05,0.2857142984867096,0.0030082732013840268
sparse,5000,0.001,0.0001,1.0,27.43885139089614,2,sbm_dpsgd_all_noised,26.32774027978503,5.635918426327381,10.999996877514253,5.9999982968259555,4.999998580688296,1e-05,4598,2.732,4598,0.9196,364,330,0.001,0.0001,0.001,0.1111188605427742,0.003527360502630472,0.11399359256029129,0.0006484264939846498
sparse,5000,0.001,0.0001,2.0,11.728684954707337,2,edge_flip_vem,,,204,,,1e-05,4598,2.732,4598,0.9196,364,330,0.001,0.0001,0.001,0.0006423743907362223,0.0,0.0,0.0
sparse,5000,0.001,0.0001,2.0,11.728684954707337,2,edge_flip_spectral,,,,,,1e-05,4598,2.732,4598,0.9196,364,330,0.001,0.0001,0.001,0.0006436002440750599,5.4175208788365126e-05,0.2857108414173126,0.0030082732013840268
sparse,5000,0.001,0.0001,2.0,11.728684954707337,2,sbm_dpsgd_all_noised,11.245049229064149,2.668102829441137,10.999996877514253,5.9999982968259555,4.999998580688296,1e-05,4598,2.732,4598,0.9196,364,330,0.001,0.0001,0.001,0.11121899634599686,0.003527306253090501,0.11389291286468506,0.0004579299526742348
sparse,5000,0.001,0.0001,5.0,4.1484505404580005,2,edge_flip_vem,,,231,,,1e-05,4598,2.732,4598,0.9196,364,330,0.001,0.0001,0.001,0.0006513715488836169,0.0,0.0,0.0
sparse,5000,0.001,0.0001,5.0,4.1484505404580005,2,edge_flip_spectral,,,,,,1e-05,4598,2.732,4598,0.9196,364,330,0.001,0.0001,0.001,0.003132125362753868,0.0,0.0030403095297515392,4.921381653353046e-05
sparse,5000,0.001,0.0001,5.0,4.1484505404580005,2,sbm_dpsgd_all_noised,3.992894984902444,1.0338953100711687,10.999996877514253,5.9999982968259555,4.999998580688296,1e-05,4598,2.732,4598,0.9196,364,330,0.001,0.0001,0.001,0.11138632148504257,0.003527210094034672,0.11373350769281387,0.0006303661487711761
sparse,5000,0.001,0.0001,10.0,1.9945956405993723,2,edge_flip_vem,,,687,,,1e-05,4598,2.732,4598,0.9196,364,330,0.001,0.0001,0.001,0.0,0.0,0.0006744394195266068,0.0
sparse,5000,0.001,0.0001,10.0,1.9945956405993723,2,edge_flip_spectral,,,,,,1e-05,4598,2.732,4598,0.9196,364,330,0.001,0.0001,0.001,0.008111066184937954,0.0,0.009215032681822777,8.021485892382273e-05
sparse,5000,0.001,0.0001,10.0,1.9945956405993723,2,sbm_dpsgd_all_noised,1.9223734183771504,0.5431122541136532,10.999996877514253,5.9999982968259555,4.999998580688296,1e-05,4598,2.732,4598,0.9196,364,330,0.001,0.0001,0.001,0.10972028970718384,0.0035267204511910677,0.11544249206781387,0.0003005796423968603
sparse,5000,0.001,0.0001,20.0,0.977390412892278,2,edge_flip_vem,,,898,,,1e-05,4598,2.732,4598,0.9196,364,330,0.001,0.0001,0.001,0.0,0.0,0.00046305282739922404,0.0
sparse,5000,0.001,0.0001,20.0,0.977390412892278,2,edge_flip_spectral,,,,,,1e-05,4598,2.732,4598,0.9196,364,330,0.001,0.0001,0.001,0.017417285591363907,0.0,0.020930273458361626,2.2442428116918018e-05
sparse,5000,0.001,0.0001,20.0,0.977390412892278,2,sbm_dpsgd_all_noised,0.9419985000802904,0.40561225411365304,10.999996877514253,5.9999982968259555,4.999998580688296,1e-05,4598,2.732,4598,0.9196,364,330,0.001,0.0001,0.001,0.10753878951072693,0.0035230794455856085,0.11759620904922485,0.0002514700240203238
sparse,5000,0.001,0.0001,1.0,27.43885139089614,3,edge_flip_vem,,,214,,,1e-05,4622,2.7308,4622,0.9244,339,304,0.001,0.0001,0.001,0.0006355385994538665,0.0,0.0,0.0
sparse,5000,0.001,0.0001,1.0,27.43885139089614,3,edge_flip_spectral,,,,,,1e-05,4622,2.7308,4622,0.9244,339,304,0.001,0.0001,0.001,0.0006367168389260769,6.190992280608043e-05,0.2857142984867096,0.002996550359717411
sparse,5000,0.001,0.0001,1.0,27.43885139089614,3,sbm_dpsgd_all_noised,26.32774027978503,5.635918426327381,10.99999896995364,5.999999438156531,4.999999531797109,1e-05,4622,2.7308,4622,0.9244,339,304,0.001,0.0001,0.001,0.1185889020562172,0.0035223125014454126,0.10651441663503647,0.0006060254331649301
sparse,5000,0.001,0.0001,2.0,11.728684954707337,3,edge_flip_vem,,,204,,,1e-05,4622,2.7308,4622,0.9244,339,304,0.001,0.0001,0.001,0.0006356363301165402,0.0,0.0,0.0
sparse,5000,0.001,0.0001,2.0,11.728684954707337,3,edge_flip_spectral,,,,,,1e-05,4622,2.7308,4622,0.9244,339,304,0.001,0.0001,0.001,0.0006368393660522997,5.3851563279749826e-05,0.2857108414173126,0.002996550359717411
sparse,5000,0.001,0.0001,2.0,11.728684954707337,3,sbm_dpsgd_all_noised,11.245049229064149,2.668102829441137,10.99999896995364,5.999999438156531,4.999999531797109,1e-05,4622,2.7308,4622,0.9244,339,304,0.001,0.0001,0.001,0.11853756010532379,0.00352225499227643,0.10656213015317917,0.00043820340981487335
sparse,5000,0.001,0.0001,5.0,4.1484505404580005,3,edge_flip_vem,,,643,,,1e-05,4622,2.7308,4622,0.9244,339,304,0.001,0.0001,0.001,0.0,0.0,0.0006412856164388359,0.0
sparse,5000,0.001,0.0001,5.0,4.1484505404580005,3,edge_flip_spectral,,,,,,1e-05,4622,2.7308,4622,0.9244,339,304,0.001,0.0001,0.001,0.003090243088081479,0.0,0.0029981103725731373,6.592985669073589e-05
sparse,5000,0.001,0.0001,5.0,4.1484505404580005,3,sbm_dpsgd_all_noised,3.992894984902444,1.0338953100711687,10.99999896995364,5.999999438156531,4.999999531797109,1e-05,4622,2.7308,4622,0.9244,339,304,0.001,0.0001,0.001,0.11871004104614258,0.0035217467229813337,0.10639531910419464,8.380618568637208e-05
sparse,5000,0.001,0.0001,10.0,1.9945956405993723,3,edge_flip_vem,,,651,,,1e-05,4622,2.7308,4622,0.9244,339,304,0.001,0.0001,0.001,0.00010633117926772684,0.01541407871991396,0.038670141249895096,0.0005461782175526672
sparse,5000,0.001,0.0001,10.0,1.9945956405993723,3,edge_flip_spectral,,,,,,1e-05,4622,2.7308,4622,0.9244,339,304,0.001,0.0001,0.001,0.007555137388408184,0.0,0.009714663028717041,3.2870786202646126e-05
sparse,5000,0.001,0.0001,10.0,1.9945956405993723,3,sbm_dpsgd_all_noised,1.9223734183771504,0.5431122541136532,10.99999896995364,5.999999438156531,4.999999531797109,1e-05,4622,2.7308,4622,0.9244,339,304,0.001,0.0001,0.001,0.11882101744413376,0.003521137638017535,0.10628015547990799,4.308337943718158e-05
sparse,5000,0.001,0.0001,20.0,0.977390412892278,3,edge_flip_vem,,,767,,,1e-05,4622,2.7308,4622,0.9244,339,304,0.001,0.0001,0.001,0.0,0.0,0.0008858166984282434,0.0
sparse,5000,0.001,0.0001,20.0,0.977390412892278,3,edge_flip_spectral,,,,,,1e-05,4622,2.7308,4622,0.9244,339,304,0.001,0.0001,0.001,0.020565414801239967,0.0,0.01773170568048954,0.00015829488113561747
sparse,5000,0.001,0.0001,20.0,0.977390412892278,3,sbm_dpsgd_all_noised,0.9419985000802904,0.40561225411365304,10.99999896995364,5.999999438156531,4.999999531797109,1e-05,4622,2.7308,4622,0.9244,339,304,0.001,0.0001,0.001,0.11807557195425034,0.003517618402838707,0.10707977414131165,0.00027226227802314975
sparse,5000,0.001,0.0001,1.0,27.43885139089614,4,edge_flip_vem,,,74,,,1e-05,4568,2.6836,4568,0.9136,369,323,0.001,0.0001,0.001,0.0,0.0,0.000637041695881635,0.0
sparse,5000,0.001,0.0001,1.0,27.43885139089614,4,edge_flip_spectral,,,,,,1e-05,4568,2.6836,4568,0.9136,369,323,0.001,0.0001,0.001,0.0006381419952958822,3.653368185041472e-05,0.3333333432674408,0.0008997420436868437
sparse,5000,0.001,0.0001,1.0,27.43885139089614,4,sbm_dpsgd_all_noised,26.32774027978503,5.635918426327381,10.999996836361671,5.9999982743790925,4.9999985619825775,1e-05,4568,2.6836,4568,0.9136,369,323,0.001,0.0001,0.001,0.11274182051420212,0.003493282478302717,0.11229202896356583,0.00012489729682038596
sparse,5000,0.001,0.0001,2.0,11.728684954707337,4,edge_flip_vem,,,76,,,1e-05,4568,2.6836,4568,0.9136,369,323,0.001,0.0001,0.001,0.0006371415220201015,0.0,0.0,0.0
sparse,5000,0.001,0.0001,2.0,11.728684954707337,4,edge_flip_spectral,,,,,,1e-05,4568,2.6836,4568,0.9136,369,323,0.001,0.0001,0.001,0.0006380760460160673,3.577216193662025e-05,0.39999839663505554,0.0021546153945394796
sparse,5000,0.001,0.0001,2.0,11.728684954707337,4,sbm_dpsgd_all_noised,11.245049229064149,2.668102829441137,10.999996836361671,5.9999982743790925,4.9999985619825775,1e-05,4568,2.6836,4568,0.9136,369,323,0.001,0.0001,0.001,0.11285024136304855,0.00349225290119648,0.11217810213565826,0.00046527166431392647
sparse,5000,0.001,0.0001,5.0,4.1484505404580005,4,edge_flip_vem,,,454,,,1e-05,4568,2.6836,4568,0.9136,369,323,0.001,0.0001,0.001,0.0,0.0,0.0005735621089115739,0.0
sparse,5000,0.001,0.0001,5.0,4.1484505404580005,4,edge_flip_spectral,,,,,,1e-05,4568,2.6836,4568,0.9136,369,323,0.001,0.0001,0.001,0.0028899856843054295,0.0,0.003144124522805214,0.0004477295751940856
sparse,5000,0.001,0.0001,5.0,4.1484505404580005,4,sbm_dpsgd_all_noised,3.992894984902444,1.0338953100711687,10.999996836361671,5.9999982743790925,4.9999985619825775,1e-05,4568,2.6836,4568,0.9136,369,323,0.001,0.0001,0.001,0.11306132376194,0.0034898605663329363,0.11195819079875946,0.0005667422759762724
sparse,5000,0.001,0.0001,10.0,1.9945956405993723,4,edge_flip_vem,,,743,,,1e-05,4568,2.6836,4568,0.9136,369,323,0.001,0.0001,0.001,0.0,0.0,0.0007678666734136641,0.0
sparse,5000,0.001,0.0001,10.0,1.9945956405993723,4,edge_flip_spectral,,,,,,1e-05,4568,2.6836,4568,0.9136,369,323,0.001,0.0001,0.001,0.008825588971376419,0.0,0.008790457621216774,0.0015247189422594087
sparse,5000,0.001,0.0001,10.0,1.9945956405993723,4,sbm_dpsgd_all_noised,1.9223734183771504,0.5431122541136532,10.999996836361671,5.9999982743790925,4.9999985619825775,1e-05,4568,2.6836,4568,0.9136,369,323,0.001,0.0001,0.001,0.1127217710018158,0.0034888943191617727,0.11229243129491806,0.0004820233936126552
sparse,5000,0.001,0.0001,20.0,0.977390412892278,4,edge_flip_vem,,,904,,,1e-05,4568,2.6836,4568,0.9136,369,323,0.001,0.0001,0.001,0.0,0.0,0.0,0.0
sparse,5000,0.001,0.0001,20.0,0.977390412892278,4,edge_flip_spectral,,,,,,1e-05,4568,2.6836,4568,0.9136,369,323,0.001,0.0001,0.001,0.01912795938551426,0.0,0.01759112998843193,0.00014973772655382326
sparse,5000,0.001,0.0001,20.0,0.977390412892278,4,sbm_dpsgd_all_noised,0.9419985000802904,0.40561225411365304,10.999996836361671,5.9999982743790925,4.9999985619825775,1e-05,4568,2.6836,4568,0.9136,369,323,0.001,0.0001,0.001,0.11216088384389877,0.0034917108714580536,0.11287924647331238,0.0006394415256089931
sparse,5000,0.001,0.0001,1.0,27.43885139089614,5,edge_flip_vem,,,191,,,1e-05,4614,2.7784,4614,0.9228,345,311,0.001,0.0001,0.001,0.0,0.0,0.0006487385835498571,0.0
sparse,5000,0.001,0.0001,1.0,27.43885139089614,5,edge_flip_spectral,,,,,,1e-05,4614,2.7784,4614,0.9228,345,311,0.001,0.0001,0.001,0.000649864028673619,3.616898175096139e-05,0.3333333432674408,0.002598806008021537
sparse,5000,0.001,0.0001,1.0,27.43885139089614,5,sbm_dpsgd_all_noised,26.32774027978503,5.635918426327381,10.999998966378257,5.9999994362063225,4.9999995301719355,1e-05,4614,2.7784,4614,0.9228,345,311,0.001,0.0001,0.001,0.11821365356445312,0.003525410545989871,0.10694216936826706,0.00015519884221033156
sparse,5000,0.001,0.0001,2.0,11.728684954707337,5,edge_flip_vem,,,215,,,1e-05,4614,2.7784,4614,0.9228,345,311,0.001,0.0001,0.001,0.0006489587831310928,0.0,0.0,0.0
sparse,5000,0.001,0.0001,2.0,11.728684954707337,5,edge_flip_spectral,,,,,,1e-05,4614,2.7784,4614,0.9228,345,311,0.001,0.0001,0.001,0.0006501058232970536,2.811020749504678e-05,0.3333306610584259,0.002598806008021537
sparse,5000,0.001,0.0001,2.0,11.728684954707337,5,sbm_dpsgd_all_noised,11.245049229064149,2.668102829441137,10.999998966378257,5.9999994362063225,4.9999995301719355,1e-05,4614,2.7784,4614,0.9228,345,311,0.001,0.0001,0.001,0.11821544170379639,0.0035252105444669724,0.10694092512130737,0.0002968441753787291
sparse,5000,0.001,0.0001,5.0,4.1484505404580005,5,edge_flip_vem,,,523,,,1e-05,4614,2.7784,4614,0.9228,345,311,0.001,0.0001,0.001,0.0005508152535185218,0.0,0.0,0.0
sparse,5000,0.001,0.0001,5.0,4.1484505404580005,5,edge_flip_spectral,,,,,,1e-05,4614,2.7784,4614,0.9228,345,311,0.001,0.0001,0.001,0.002821647562086582,0.0,0.003089600708335638,0.0002915377542037463
sparse,5000,0.001,0.0001,5.0,4.1484505404580005,5,sbm_dpsgd_all_noised,3.992894984902444,1.0338953100711687,10.999998966378257,5.9999994362063225,4.9999995301719355,1e-05,4614,2.7784,4614,0.9228,345,311,0.001,0.0001,0.001,0.11817411333322525,0.003524692263454199,0.10698509216308594,0.0004372942062927715
sparse,5000,0.001,0.0001,10.0,1.9945956405993723,5,edge_flip_vem,,,556,,,1e-05,4614,2.7784,4614,0.9228,345,311,0.001,0.0001,0.001,0.0,0.0,0.0005637852009385824,0.0
sparse,5000,0.001,0.0001,10.0,1.9945956405993723,5,edge_flip_spectral,,,,,,1e-05,4614,2.7784,4614,0.9228,345,311,0.001,0.0001,0.001,0.008079983294010162,0.0,0.008996080607175827,0.00012691295066559035
sparse,5000,0.001,0.0001,10.0,1.9945956405993723,5,sbm_dpsgd_all_noised,1.9223734183771504,0.5431122541136532,10.999998966378257,5.9999994362063225,4.9999995301719355,1e-05,4614,2.7784,4614,0.9228,345,311,0.001,0.0001,0.001,0.11840476095676422,0.003523685736581683,0.106765016913414,0.0003924326142179324
sparse,5000,0.001,0.0001,20.0,0.977390412892278,5,edge_flip_vem,,,650,,,1e-05,4614,2.7784,4614,0.9228,345,311,0.001,0.0001,0.001,0.00044180158874951303,0.0,0.0,0.0
sparse,5000,0.001,0.0001,20.0,0.977390412892278,5,edge_flip_spectral,,,,,,1e-05,4614,2.7784,4614,0.9228,345,311,0.001,0.0001,0.001,0.01835516095161438,0.0,0.019094359129667282,6.017408831334867e-05
sparse,5000,0.001,0.0001,20.0,0.977390412892278,5,sbm_dpsgd_all_noised,0.9419985000802904,0.40561225411365304,10.999998966378257,5.9999994362063225,4.9999995301719355,1e-05,4614,2.7784,4614,0.9228,345,311,0.001,0.0001,0.001,0.11886461824178696,0.003520732978358865,0.10634815692901611,0.00023650575341205326
sparse,5000,0.001,0.0001,1.0,27.43885139089614,6,edge_flip_vem,,,129,,,1e-05,4607,2.7524,4607,0.9214,355,321,0.001,0.0001,0.001,0.000644868123345077,0.0,0.0,0.0
sparse,5000,0.001,0.0001,1.0,27.43885139089614,6,edge_flip_spectral,,,,,,1e-05,4607,2.7524,4607,0.9214,355,321,0.001,0.0001,0.001,0.0006461706943809986,3.105590076302178e-05,0.2857142984867096,4.463431610070037e-05
sparse,5000,0.001,0.0001,1.0,27.43885139089614,6,sbm_dpsgd_all_noised,26.32774027978503,5.635918426327381,10.999998963234505,5.999999434491548,4.999999528742957,1e-05,4607,2.7524,4607,0.9214,355,321,0.001,0.0001,0.001,0.1239028051495552,0.0035297453869134188,0.10182451456785202,5.6268504449477575e-06
sparse,5000,0.001,0.0001,2.0,11.728684954707337,6,edge_flip_vem,,,117,,,1e-05,4607,2.7524,4607,0.9214,355,321,0.001,0.0001,0.001,0.0006433226517401636,0.0,0.0,0.0
sparse,5000,0.001,0.0001,2.0,11.728684954707337,6,edge_flip_spectral,,,,,,1e-05,4607,2.7524,4607,0.9214,355,321,0.001,0.0001,0.001,0.0006445504841394722,5.4053445637691766e-05,0.2857108414173126,0.0004110480951684172
sparse,5000,0.001,0.0001,2.0,11.728684954707337,6,sbm_dpsgd_all_noised,11.245049229064149,2.668102829441137,10.999998963234505,5.999999434491548,4.999999528742957,1e-05,4607,2.7524,4607,0.9214,355,321,0.001,0.0001,0.001,0.12376943975687027,0.003530035726726055,0.10194110870361328,4.1419860582444856e-05
sparse,5000,0.001,0.0001,5.0,4.1484505404580005,6,edge_flip_vem,,,379,,,1e-05,4607,2.7524,4607,0.9214,355,321,0.001,0.0001,0.001,0.0,0.0,0.0006357181118801236,0.0
sparse,5000,0.001,0.0001,5.0,4.1484505404580005,6,edge_flip_spectral,,,,,,1e-05,4607,2.7524,4607,0.9214,355,321,0.001,0.0001,0.001,0.0029699206352233887,0.0,0.0031735796947032213,7.487096621911182e-05
sparse,5000,0.001,0.0001,5.0,4.1484505404580005,6,sbm_dpsgd_all_noised,3.992894984902444,1.0338953100711687,10.999998963234505,5.999999434491548,4.999999528742957,1e-05,4607,2.7524,4607,0.9214,355,321,0.001,0.0001,0.001,0.12307769805192947,0.0035311703104525805,0.10255686193704605,2.8399050915533766e-05
sparse,5000,0.001,0.0001,10.0,1.9945956405993723,6,edge_flip_vem,,,524,,,1e-05,4607,2.7524,4607,0.9214,355,321,0.001,0.0001,0.001,0.0008071872289292514,0.0,0.0,0.0
sparse,5000,0.001,0.0001,10.0,1.9945956405993723,6,edge_flip_spectral,,,,,,1e-05,4607,2.7524,4607,0.9214,355,321,0.001,0.0001,0.001,0.008363747037947178,0.0,0.009232399053871632,0.00022332479644025926
sparse,5000,0.001,0.0001,10.0,1.9945956405993723,6,sbm_dpsgd_all_noised,1.9223734183771504,0.5431122541136532,10.999998963234505,5.999999434491548,4.999999528742957,1e-05,4607,2.7524,4607,0.9214,355,321,0.001,0.0001,0.001,0.12105197459459305,0.003532587317749858,0.10439398139715195,4.147696249310133e-05
sparse,5000,0.001,0.0001,20.0,0.977390412892278,6,edge_flip_vem,,,580,,,1e-05,4607,2.7524,4607,0.9214,355,321,0.001,0.0001,0.001,0.0,0.0,0.0007894152076914907,0.0
sparse,5000,0.001,0.0001,20.0,0.977390412892278,6,edge_flip_spectral,,,,,,1e-05,4607,2.7524,4607,0.9214,355,321,0.001,0.0001,0.001,0.020509373396635056,0.0,0.018633339554071426,2.806647406689768e-06
sparse,5000,0.001,0.0001,20.0,0.977390412892278,6,sbm_dpsgd_all_noised,0.9419985000802904,0.40561225411365304,10.999998963234505,5.999999434491548,4.999999528742957,1e-05,4607,2.7524,4607,0.9214,355,321,0.001,0.0001,0.001,0.11428268253803253,0.0035340108443051577,0.11086529493331909,1.5025904190300721e-05
sparse,5000,0.001,0.0001,1.0,27.43885139089614,7,edge_flip_vem,,,191,,,1e-05,4635,2.7808,4635,0.927,335,307,0.001,0.0001,0.001,0.0006444557220675051,0.0,0.0,0.0
sparse,5000,0.001,0.0001,1.0,27.43885139089614,7,edge_flip_spectral,,,,,,1e-05,4635,2.7808,4635,0.927,335,307,0.001,0.0001,0.001,0.0006453819223679602,4.3196541810175404e-05,0.4000000059604645,0.00214317344532426
sparse,5000,0.001,0.0001,1.0,27.43885139089614,7,sbm_dpsgd_all_noised,26.32774027978503,5.635918426327381,11.0,6.0,5.0,1e-05,4635,2.7808,4635,0.927,335,307,0.001,0.0001,0.001,0.11868493258953094,0.0035208852495998144,0.10646414011716843,2.1290161807504835e-05
sparse,5000,0.001,0.0001,2.0,11.728684954707337,7,edge_flip_vem,,,114,,,1e-05,4635,2.7808,4635,0.927,335,307,0.001,0.0001,0.001,0.0,0.0,0.000643297447822988,0.0
sparse,5000,0.001,0.0001,2.0,11.728684954707337,7,edge_flip_spectral,,,,,,1e-05,4635,2.7808,4635,0.927,335,307,0.001,0.0001,0.001,0.000644238549284637,3.513788396958262e-05,0.39999839663505554,0.00214317344532426
sparse,5000,0.001,0.0001,2.0,11.728684954707337,7,sbm_dpsgd_all_noised,11.245049229064149,2.668102829441137,11.0,6.0,5.0,1e-05,4635,2.7808,4635,0.927,335,307,0.001,0.0001,0.001,0.1187274158000946,0.00352105894125998,0.10642864555120468,1.2343632839875011e-05
sparse,5000,0.001,0.0001,5.0,4.1484505404580005,7,edge_flip_vem,,,356,,,1e-05,4635,2.7808,4635,0.927,335,307,0.001,0.0001,0.001,0.0,0.0,0.0006606467650271952,0.0
sparse,5000,0.001,0.0001,5.0,4.1484505404580005,7,edge_flip_spectral,,,,,,1e-05,4635,2.7808,4635,0.927,335,307,0.001,0.0001,0.001,0.003385342890396714,0.0,0.0027946573682129383,1.0936622011131122e-05
sparse,5000,0.001,0.0001,5.0,4.1484505404580005,7,sbm_dpsgd_all_noised,3.992894984902444,1.0338953100711687,11.0,6.0,5.0,1e-05,4635,2.7808,4635,0.927,335,307,0.001,0.0001,0.001,0.11872422695159912,0.003521497594192624,0.10643688589334488,2.883064381013666e-05
sparse,5000,0.001,0.0001,10.0,1.9945956405993723,7,edge_flip_vem,,,568,,,1e-05,4635,2.7808,4635,0.927,335,307,0.001,0.0001,0.001,0.0007860364275984466,0.0,0.0,0.0
sparse,5000,0.001,0.0001,10.0,1.9945956405993723,7,edge_flip_spectral,,,,,,1e-05,4635,2.7808,4635,0.927,335,307,0.001,0.0001,0.001,0.008814127184450626,0.0,0.008989178575575352,0.00022321632457879127
sparse,5000,0.001,0.0001,10.0,1.9945956405993723,7,sbm_dpsgd_all_noised,1.9223734183771504,0.5431122541136532,11.0,6.0,5.0,1e-05,4635,2.7808,4635,0.927,335,307,0.001,0.0001,0.001,0.11863904446363449,0.0035223697777837515,0.1065344288945198,4.176893750986079e-05
sparse,5000,0.001,0.0001,20.0,0.977390412892278,7,edge_flip_vem,,,669,,,1e-05,4635,2.7808,4635,0.927,335,307,0.001,0.0001,0.001,0.0005684474017471075,0.0,0.0,0.0
sparse,5000,0.001,0.0001,20.0,0.977390412892278,7,edge_flip_spectral,,,,,,1e-05,4635,2.7808,4635,0.927,335,307,0.001,0.0001,0.001,0.01667674258351326,0.0,0.021510036662220955,0.001187484729126815
sparse,5000,0.001,0.0001,20.0,0.977390412892278,7,sbm_dpsgd_all_noised,0.9419985000802904,0.40561225411365304,11.0,6.0,5.0,1e-05,4635,2.7808,4635,0.927,335,307,0.001,0.0001,0.001,0.1185423731803894,0.0035228473134338856,0.10666531324386597,0.00010222778703165568
sparse,5000,0.001,0.0001,1.0,27.43885139089614,8,edge_flip_vem,,,228,,,1e-05,4617,2.7256,4617,0.9234,344,309,0.001,0.0001,0.001,0.0,0.0,0.0006356960511766374,0.0
sparse,5000,0.001,0.0001,1.0,27.43885139089614,8,edge_flip_spectral,,,,,,1e-05,4617,2.7256,4617,0.9234,344,309,0.001,0.0001,0.001,0.0006369693437591195,3.098853267147206e-05,0.2857142984867096,0.00040219564533486036
sparse,5000,0.001,0.0001,1.0,27.43885139089614,8,sbm_dpsgd_all_noised,26.32774027978503,5.635918426327381,10.999998967721204,5.999999436938839,4.999999530782366,1e-05,4617,2.7256,4617,0.9234,344,309,0.001,0.0001,0.001,0.13126154243946075,0.003526126267388463,0.09652215242385864,5.7316984113998664e-05
sparse,5000,0.001,0.0001,2.0,11.728684954707337,8,edge_flip_vem,,,234,,,1e-05,4617,2.7256,4617,0.9234,344,309,0.001,0.0001,0.001,0.0,0.0028082772623747587,0.0006352455238811672,0.0004296891249079029
sparse,5000,0.001,0.0001,2.0,11.728684954707337,8,edge_flip_spectral,,,,,,1e-05,4617,2.7256,4617,0.9234,344,309,0.001,0.0001,0.001,0.0006374861113727093,2.2929678380023688e-05,0.2857108414173126,0.00040219564533486036
sparse,5000,0.001,0.0001,2.0,11.728684954707337,8,sbm_dpsgd_all_noised,11.245049229064149,2.668102829441137,10.999998967721204,5.999999436938839,4.999999530782366,1e-05,4617,2.7256,4617,0.9234,344,309,0.001,0.0001,0.001,0.13116857409477234,0.0035259155556559563,0.09657210856676102,3.709925231737552e-05
sparse,5000,0.001,0.0001,5.0,4.1484505404580005,8,edge_flip_vem,,,229,,,1e-05,4617,2.7256,4617,0.9234,344,309,0.001,0.0001,0.001,0.0,0.0,0.0006484844489023089,0.0
sparse,5000,0.001,0.0001,5.0,4.1484505404580005,8,edge_flip_spectral,,,,,,1e-05,4617,2.7256,4617,0.9234,344,309,0.001,0.0001,0.001,0.0030405621509999037,0.0,0.0031604014802724123,0.0004354870673188094
sparse,5000,0.001,0.0001,5.0,4.1484505404580005,8,sbm_dpsgd_all_noised,3.992894984902444,1.0338953100711687,10.999998967721204,5.999999436938839,4.999999530782366,1e-05,4617,2.7256,4617,0.9234,344,309,0.001,0.0001,0.001,0.1311778724193573,0.0035255607217550278,0.09649708867073059,5.2077565127116845e-05
sparse,5000,0.001,0.0001,10.0,1.9945956405993723,8,edge_flip_vem,,,509,,,1e-05,4617,2.7256,4617,0.9234,344,309,0.001,0.0001,0.001,0.0,0.0,0.0007689849589951336,0.0
sparse,5000,0.001,0.0001,10.0,1.9945956405993723,8,edge_flip_spectral,,,,,,1e-05,4617,2.7256,4617,0.9234,344,309,0.001,0.0001,0.001,0.008732286281883717,0.0,0.009019811637699604,0.00035817013038337044
sparse,5000,0.001,0.0001,10.0,1.9945956405993723,8,sbm_dpsgd_all_noised,1.9223734183771504,0.5431122541136532,10.999998967721204,5.999999436938839,4.999999530782366,1e-05,4617,2.7256,4617,0.9234,344,309,0.001,0.0001,0.001,0.12996870279312134,0.0035246305633336306,0.09714702516794205,4.683472453871653e-05
sparse,5000,0.001,0.0001,20.0,0.977390412892278,8,edge_flip_vem,,,762,,,1e-05,4617,2.7256,4617,0.9234,344,309,0.001,0.0001,0.001,0.0,0.0,0.0007105611730366945,0.0
sparse,5000,0.001,0.0001,20.0,0.977390412892278,8,edge_flip_spectral,,,,,,1e-05,4617,2.7256,4617,0.9234,344,309,0.001,0.0001,0.001,0.020724011585116386,0.0,0.017739014700055122,0.00016720196289320035
sparse,5000,0.001,0.0001,20.0,0.977390412892278,8,sbm_dpsgd_all_noised,0.9419985000802904,0.40561225411365304,10.999998967721204,5.999999436938839,4.999999530782366,1e-05,4617,2.7256,4617,0.9234,344,309,0.001,0.0001,0.001,0.1226542741060257,0.003522913670167327,0.10289610177278519,3.367133913194521e-06
sparse,5000,0.001,0.0001,1.0,27.43885139089614,9,edge_flip_vem,,,123,,,1e-05,4625,2.7144,4625,0.925,331,293,0.001,0.0001,0.001,0.0006304124253802001,0.0,0.0,0.0
sparse,5000,0.001,0.0001,1.0,27.43885139089614,9,edge_flip_spectral,,,,,,1e-05,4625,2.7144,4625,0.925,331,293,0.001,0.0001,0.001,0.0006314888596534729,3.608284532674588e-05,0.3333333432674408,1.3138612594797025e-07
sparse,5000,0.001,0.0001,1.0,27.43885139089614,9,sbm_dpsgd_all_noised,26.32774027978503,5.635918426327381,11.0,6.0,5.0,1e-05,4625,2.7144,4625,0.925,331,293,0.001,0.0001,0.001,0.10638796538114548,0.003514334559440613,0.11875934898853302,8.101852504405592e-06
sparse,5000,0.001,0.0001,2.0,11.728684954707337,9,edge_flip_vem,,,79,,,1e-05,4625,2.7144,4625,0.925,331,293,0.001,0.0001,0.001,0.0006307800649665296,0.0,0.0,0.0
sparse,5000,0.001,0.0001,2.0,11.728684954707337,9,edge_flip_spectral,,,,,,1e-05,4625,2.7144,4625,0.925,331,293,0.001,0.0001,0.001,0.0006312393816187978,0.0,1.0,4.4142896042034394e-08
sparse,5000,0.001,0.0001,2.0,11.728684954707337,9,sbm_dpsgd_all_noised,11.245049229064149,2.668102829441137,11.0,6.0,5.0,1e-05,4625,2.7144,4625,0.925,331,293,0.001,0.0001,0.001,0.10635850578546524,0.003514557611197233,0.11879332363605499,4.2589088225053736e-05
sparse,5000,0.001,0.0001,5.0,4.1484505404580005,9,edge_flip_vem,,,596,,,1e-05,4625,2.7144,4625,0.925,331,293,0.001,0.0001,0.001,0.0006323875277303159,0.0,0.0,0.0
sparse,5000,0.001,0.0001,5.0,4.1484505404580005,9,edge_flip_spectral,,,,,,1e-05,4625,2.7144,4625,0.925,331,293,0.001,0.0001,0.001,0.003272663103416562,0.0,0.0029296372085809708,0.00010939493333728222
sparse,5000,0.001,0.0001,5.0,4.1484505404580005,9,sbm_dpsgd_all_noised,3.992894984902444,1.0338953100711687,11.0,6.0,5.0,1e-05,4625,2.7144,4625,0.925,331,293,0.001,0.0001,0.001,0.10650461167097092,0.003515316406264901,0.11865218728780746,4.2517081270081635e-06
sparse,5000,0.001,0.0001,10.0,1.9945956405993723,9,edge_flip_vem,,,609,,,1e-05,4625,2.7144,4625,0.925,331,293,0.001,0.0001,0.001,0.000633728108368814,0.0,0.0,0.0
sparse,5000,0.001,0.0001,10.0,1.9945956405993723,9,edge_flip_spectral,,,,,,1e-05,4625,2.7144,4625,0.925,331,293,0.001,0.0001,0.001,0.007961276918649673,0.0,0.009135529398918152,3.2980503090268474e-06
sparse,5000,0.001,0.0001,10.0,1.9945956405993723,9,sbm_dpsgd_all_noised,1.9223734183771504,0.5431122541136532,11.0,6.0,5.0,1e-05,4625,2.7144,4625,0.925,331,293,0.001,0.0001,0.001,0.10628944635391235,0.003516792319715023,0.1188899353146553,7.105998811803484e-05
sparse,5000,0.001,0.0001,20.0,0.977390412892278,9,edge_flip_vem,,,630,,,1e-05,4625,2.7144,4625,0.925,331,293,0.001,0.0001,0.001,0.0007416751468554139,0.0,0.0,0.0
sparse,5000,0.001,0.0001,20.0,0.977390412892278,9,edge_flip_spectral,,,,,,1e-05,4625,2.7144,4625,0.925,331,293,0.001,0.0001,0.001,0.019618244841694832,0.0,0.0192820243537426,0.00032126722969870426
sparse,5000,0.001,0.0001,20.0,0.977390412892278,9,sbm_dpsgd_all_noised,0.9419985000802904,0.40561225411365304,11.0,6.0,5.0,1e-05,4625,2.7144,4625,0.925,331,293,0.001,0.0001,0.001,0.10647661983966827,0.0035180761478841305,0.11873823404312134,2.000428509705302e-06
sparse,5000,0.001,0.0001,1.0,27.43885139089614,10,edge_flip_vem,,,67,,,1e-05,4592,2.7488,4592,0.9184,373,343,0.001,0.0001,0.001,0.0006485192570835352,0.0,0.0,0.0
sparse,5000,0.001,0.0001,1.0,27.43885139089614,10,edge_flip_spectral,,,,,,1e-05,4592,2.7488,4592,0.9184,373,343,0.001,0.0001,0.001,0.000649835099466145,3.115749859716743e-05,0.2857142984867096,0.0012399640768516278
sparse,5000,0.001,0.0001,1.0,27.43885139089614,10,sbm_dpsgd_all_noised,26.32774027978503,5.635918426327381,10.999998956449408,5.999999430790586,4.999999525658822,1e-05,4592,2.7488,4592,0.9184,373,343,0.001,0.0001,0.001,0.12070897221565247,0.003532382193952799,0.10462058335542679,0.00014090695506388033
sparse,5000,0.001,0.0001,2.0,11.728684954707337,10,edge_flip_vem,,,57,,,1e-05,4592,2.7488,4592,0.9184,373,343,0.001,0.0001,0.001,0.0006493881228379905,0.0,0.0,0.0
sparse,5000,0.001,0.0001,2.0,11.728684954707337,10,edge_flip_spectral,,,,,,1e-05,4592,2.7488,4592,0.9184,373,343,0.001,0.0001,0.001,0.0006507312064059079,2.309864794369787e-05,0.2857108414173126,0.0012399640768516278
sparse,5000,0.001,0.0001,2.0,11.728684954707337,10,sbm_dpsgd_all_noised,11.245049229064149,2.668102829441137,10.999998956449408,5.999999430790586,4.999999525658822,1e-05,4592,2.7488,4592,0.9184,373,343,0.001,0.0001,0.001,0.12049318850040436,0.0035322115290910006,0.10481896251440048,0.00014970428114262482
sparse,5000,0.001,0.0001,5.0,4.1484505404580005,10,edge_flip_vem,,,587,,,1e-05,4592,2.7488,4592,0.9184,373,343,0.001,0.0001,0.001,0.0,0.0089113162830472,0.0006374758668243885,0.00043160406533856386
sparse,5000,0.001,0.0001,5.0,4.1484505404580005,10,edge_flip_spectral,,,,,,1e-05,4592,2.7488,4592,0.9184,373,343,0.001,0.0001,0.001,0.0028782282024621964,0.0,0.0032740619499236345,0.0002600097690052446
sparse,5000,0.001,0.0001,5.0,4.1484505404580005,10,sbm_dpsgd_all_noised,3.992894984902444,1.0338953100711687,10.999998956449408,5.999999430790586,4.999999525658822,1e-05,4592,2.7488,4592,0.9184,373,343,0.001,0.0001,0.001,0.11970901489257812,0.003531432244926691,0.10554573684930801,8.591810503810011e-05
sparse,5000,0.001,0.0001,10.0,1.9945956405993723,10,edge_flip_vem,,,559,,,1e-05,4592,2.7488,4592,0.9184,373,343,0.001,0.0001,0.001,0.0005993239465169609,0.0,0.0,0.0
sparse,5000,0.001,0.0001,10.0,1.9945956405993723,10,edge_flip_spectral,,,,,,1e-05,4592,2.7488,4592,0.9184,373,343,0.001,0.0001,0.001,0.008200552314519882,0.0,0.009002987295389175,0.000130120577047851
sparse,5000,0.001,0.0001,10.0,1.9945956405993723,10,sbm_dpsgd_all_noised,1.9223734183771504,0.5431122541136532,10.999998956449408,5.999999430790586,4.999999525658822,1e-05,4592,2.7488,4592,0.9184,373,343,0.001,0.0001,0.001,0.11720272153615952,0.003530757036060095,0.10790064930915833,2.2762901143252836e-06
sparse,5000,0.001,0.0001,20.0,0.977390412892278,10,edge_flip_vem,,,594,,,1e-05,4592,2.7488,4592,0.9184,373,343,0.001,0.0001,0.001,0.0007676147506572306,0.0,0.0,0.0
sparse,5000,0.001,0.0001,20.0,0.977390412892278,10,edge_flip_spectral,,,,,,1e-05,4592,2.7488,4592,0.9184,373,343,0.001,0.0001,0.001,0.01843198388814926,0.0,0.020290084183216095,9.385471521352008e-05
sparse,5000,0.001,0.0001,20.0,0.977390412892278,10,sbm_dpsgd_all_noised,0.9419985000802904,0.40561225411365304,10.999998956449408,5.999999430790586,4.999999525658822,1e-05,4592,2.7488,4592,0.9184,373,343,0.001,0.0001,0.001,0.11130023747682571,0.0035265786573290825,0.113778255879879,8.030992952697776e-05
sparse,5000,0.001,0.0001,1.0,27.43885139089614,11,edge_flip_vem,,,108,,,1e-05,4592,2.7992,4592,0.9184,341,289,0.001,0.0001,0.001,0.0,0.0,0.0006574368453584611,0.0
sparse,5000,0.001,0.0001,1.0,27.43885139089614,11,edge_flip_spectral,,,,,,1e-05,4592,2.7992,4592,0.9184,341,289,0.001,0.0001,0.001,0.0006590693956241012,4.8488374886801466e-05,0.2222222238779068,3.043528093274289e-05
sparse,5000,0.001,0.0001,1.0,27.43885139089614,11,sbm_dpsgd_all_noised,26.32774027978503,5.635918426327381,10.999998956449408,5.999999430790586,4.999999525658822,1e-05,4592,2.7992,4592,0.9184,341,289,0.001,0.0001,0.001,0.10774562507867813,0.00353562505915761,0.11730630695819855,4.02872111805642e-05
sparse,5000,0.001,0.0001,2.0,11.728684954707337,11,edge_flip_vem,,,126,,,1e-05,4592,2.7992,4592,0.9184,341,289,0.001,0.0001,0.001,0.0,0.0,0.0006558392778970301,0.0
sparse,5000,0.001,0.0001,2.0,11.728684954707337,11,edge_flip_spectral,,,,,,1e-05,4592,2.7992,4592,0.9184,341,289,0.001,0.0001,0.001,0.0006574971484951675,4.042980071972124e-05,0.22221773862838745,3.043528093274289e-05
sparse,5000,0.001,0.0001,2.0,11.728684954707337,11,sbm_dpsgd_all_noised,11.245049229064149,2.668102829441137,10.999998956449408,5.999999430790586,4.999999525658822,1e-05,4592,2.7992,4592,0.9184,341,289,0.001,0.0001,0.001,0.10767411440610886,0.0035356406588107347,0.11737815290689468,4.568722744772774e-05
sparse,5000,0.001,0.0001,5.0,4.1484505404580005,11,edge_flip_vem,,,346,,,1e-05,4592,2.7992,4592,0.9184,341,289,0.001,0.0001,0.001,0.0,0.0,0.000687293941155076,0.0
sparse,5000,0.001,0.0001,5.0,4.1484505404580005,11,edge_flip_spectral,,,,,,1e-05,4592,2.7992,4592,0.9184,341,289,0.001,0.0001,0.001,0.00308531173504889,0.0,0.0031551867723464966,0.0003333941166389325
sparse,5000,0.001,0.0001,5.0,4.1484505404580005,11,sbm_dpsgd_all_noised,3.992894984902444,1.0338953100711687,10.999998956449408,5.999999430790586,4.999999525658822,1e-05,4592,2.7992,4592,0.9184,341,289,0.001,0.0001,0.001,0.10764572769403458,0.003535195952281356,0.11738743633031845,1.744364904580179e-05
sparse,5000,0.001,0.0001,10.0,1.9945956405993723,11,edge_flip_vem,,,655,,,1e-05,4592,2.7992,4592,0.9184,341,289,0.001,0.0001,0.001,0.0007299389108084142,0.0,0.0,0.0
sparse,5000,0.001,0.0001,10.0,1.9945956405993723,11,edge_flip_spectral,,,,,,1e-05,4592,2.7992,4592,0.9184,341,289,0.001,0.0001,0.001,0.008773942478001118,0.0,0.008698535151779652,8.563054418912596e-08
sparse,5000,0.001,0.0001,10.0,1.9945956405993723,11,sbm_dpsgd_all_noised,1.9223734183771504,0.5431122541136532,10.999998956449408,5.999999430790586,4.999999525658822,1e-05,4592,2.7992,4592,0.9184,341,289,0.001,0.0001,0.001,0.10747511684894562,0.0035344527568668127,0.11756301671266556,0.00016275602232275807
sparse,5000,0.001,0.0001,20.0,0.977390412892278,11,edge_flip_vem,,,810,,,1e-05,4592,2.7992,4592,0.9184,341,289,0.001,0.0001,0.001,0.0,0.0,0.0010395459830760956,0.0
sparse,5000,0.001,0.0001,20.0,0.977390412892278,11,edge_flip_spectral,,,,,,1e-05,4592,2.7992,4592,0.9184,341,289,0.001,0.0001,0.001,0.019349485635757446,0.0,0.019861197099089622,0.0006901958697729444
sparse,5000,0.001,0.0001,20.0,0.977390412892278,11,sbm_dpsgd_all_noised,0.9419985000802904,0.40561225411365304,10.999998956449408,5.999999430790586,4.999999525658822,1e-05,4592,2.7992,4592,0.9184,341,289,0.001,0.0001,0.001,0.1071900948882103,0.003530962159857154,0.11791703850030899,0.00015108676062692132
sparse,5000,0.001,0.0001,1.0,27.43885139089614,12,edge_flip_vem,,,81,,,1e-05,4591,2.7516,4591,0.9182,361,319,0.001,0.0001,0.001,0.0006482323515228927,0.0,0.0,0.0
sparse,5000,0.001,0.0001,1.0,27.43885139089614,12,edge_flip_spectral,,,,,,1e-05,4591,2.7516,4591,0.9182,361,319,0.001,0.0001,0.001,0.3333333432674408,3.635041503002867e-05,0.0006493593100458384,0.0002154190009265676
sparse,5000,0.001,0.0001,1.0,27.43885139089614,12,sbm_dpsgd_all_noised,26.32774027978503,5.635918426327381,11.0,6.0,5.0,1e-05,4591,2.7516,4591,0.9182,361,319,0.001,0.0001,0.001,0.11461390554904938,0.0035312569234520197,0.11050368845462799,9.593893768331995e-05
sparse,5000,0.001,0.0001,2.0,11.728684954707337,12,edge_flip_vem,,,133,,,1e-05,4591,2.7516,4591,0.9182,361,319,0.001,0.0001,0.001,0.0,0.0,0.000648345856461674,0.0
sparse,5000,0.001,0.0001,2.0,11.728684954707337,12,edge_flip_spectral,,,,,,1e-05,4591,2.7516,4591,0.9182,361,319,0.001,0.0001,0.001,0.3333306610584259,2.829164805007167e-05,0.000649494118988514,0.0002154190009265676
sparse,5000,0.001,0.0001,2.0,11.728684954707337,12,sbm_dpsgd_all_noised,11.245049229064149,2.668102829441137,11.0,6.0,5.0,1e-05,4591,2.7516,4591,0.9182,361,319,0.001,0.0001,0.001,0.11471090465784073,0.0035314259584993124,0.11041133105754852,0.00017216006914541255
sparse,5000,0.001,0.0001,5.0,4.1484505404580005,12,edge_flip_vem,,,435,,,1e-05,4591,2.7516,4591,0.9182,361,319,0.001,0.0001,0.001,0.0005972990184091032,0.006823041941970587,0.1903747171163559,6.489760408285893e-05
sparse,5000,0.001,0.0001,5.0,4.1484505404580005,12,edge_flip_spectral,,,,,,1e-05,4591,2.7516,4591,0.9182,361,319,0.001,0.0001,0.001,0.0031416863203048706,0.0,0.002921199891716242,0.00011865430978194764
sparse,5000,0.001,0.0001,5.0,4.1484505404580005,12,sbm_dpsgd_all_noised,3.992894984902444,1.0338953100711687,11.0,6.0,5.0,1e-05,4591,2.7516,4591,0.9182,361,319,0.001,0.0001,0.001,0.11561453342437744,0.0035315717104822397,0.10954520106315613,8.155621119807023e-05
sparse,5000,0.001,0.0001,10.0,1.9945956405993723,12,edge_flip_vem,,,682,,,1e-05,4591,2.7516,4591,0.9182,361,319,0.001,0.0001,0.001,0.0,0.0,0.0006949207745492458,0.0
sparse,5000,0.001,0.0001,10.0,1.9945956405993723,12,edge_flip_spectral,,,,,,1e-05,4591,2.7516,4591,0.9182,361,319,0.001,0.0001,0.001,0.00813558790832758,0.0,0.009660819545388222,4.972019285344486e-06
sparse,5000,0.001,0.0001,10.0,1.9945956405993723,12,sbm_dpsgd_all_noised,1.9223734183771504,0.5431122541136532,11.0,6.0,5.0,1e-05,4591,2.7516,4591,0.9182,361,319,0.001,0.0001,0.001,0.11687342822551727,0.0035316592548042536,0.10830456763505936,0.00013455021918423613
sparse,5000,0.001,0.0001,20.0,0.977390412892278,12,edge_flip_vem,,,772,,,1e-05,4591,2.7516,4591,0.9182,361,319,0.001,0.0001,0.001,0.0003597541945055127,0.061558954417705536,0.0,0.0004321035407716399
sparse,5000,0.001,0.0001,20.0,0.977390412892278,12,edge_flip_spectral,,,,,,1e-05,4591,2.7516,4591,0.9182,361,319,0.001,0.0001,0.001,0.01891312375664711,0.0,0.01904723420739174,5.81368434845287e-06
sparse,5000,0.001,0.0001,20.0,0.977390412892278,12,sbm_dpsgd_all_noised,0.9419985000802904,0.40561225411365304,11.0,6.0,5.0,1e-05,4591,2.7516,4591,0.9182,361,319,0.001,0.0001,0.001,0.11816944181919098,0.0035294711124151945,0.10690336674451828,0.00020105895529870808
sparse,5000,0.001,0.0001,1.0,27.43885139089614,13,edge_flip_vem,,,101,,,1e-05,4612,2.7828,4612,0.9224,348,314,0.001,0.0001,0.001,0.0006504299817606807,0.0,0.0,0.0
sparse,5000,0.001,0.0001,1.0,27.43885139089614,13,edge_flip_spectral,,,,,,1e-05,4612,2.7828,4612,0.9224,348,314,0.001,0.0001,0.001,0.0006515600834973156,3.618468690547161e-05,0.3333333432674408,0.0025246295612775214
sparse,5000,0.001,0.0001,1.0,27.43885139089614,13,sbm_dpsgd_all_noised,26.32774027978503,5.635918426327381,10.999998965481502,5.999999435717184,4.999999529764319,1e-05,4612,2.7828,4612,0.9224,348,314,0.001,0.0001,0.001,0.11951446533203125,0.0035266836639493704,0.10576196759939194,0.00036156861338121923
sparse,5000,0.001,0.0001,2.0,11.728684954707337,13,edge_flip_vem,,,127,,,1e-05,4612,2.7828,4612,0.9224,348,314,0.001,0.0001,0.001,0.0006505633355118334,0.0,0.0,0.0
sparse,5000,0.001,0.0001,2.0,11.728684954707337,13,edge_flip_spectral,,,,,,1e-05,4612,2.7828,4612,0.9224,348,314,0.001,0.0001,0.001,0.0006517147994600236,2.8125914468546398e-05,0.3333306610584259,0.0025246295612775214
sparse,5000,0.001,0.0001,2.0,11.728684954707337,13,sbm_dpsgd_all_noised,11.245049229064149,2.668102829441137,10.999998965481502,5.999999435717184,4.999999529764319,1e-05,4612,2.7828,4612,0.9224,348,314,0.001,0.0001,0.001,0.1195894256234169,0.0035269595682621002,0.10569389164447784,0.000374594974036515
sparse,5000,0.001,0.0001,5.0,4.1484505404580005,13,edge_flip_vem,,,572,,,1e-05,4612,2.7828,4612,0.9224,348,314,0.001,0.0001,0.001,0.0005979218403808773,0.0,0.0,0.0
sparse,5000,0.001,0.0001,5.0,4.1484505404580005,13,edge_flip_spectral,,,,,,1e-05,4612,2.7828,4612,0.9224,348,314,0.001,0.0001,0.001,0.0033484811428934336,0.0,0.002836148487403989,6.864854340409063e-05
sparse,5000,0.001,0.0001,5.0,4.1484505404580005,13,sbm_dpsgd_all_noised,3.992894984902444,1.0338953100711687,10.999998965481502,5.999999435717184,4.999999529764319,1e-05,4612,2.7828,4612,0.9224,348,314,0.001,0.0001,0.001,0.12004896998405457,0.0035280198790133,0.10527805984020233,0.000251399446419539
sparse,5000,0.001,0.0001,10.0,1.9945956405993723,13,edge_flip_vem,,,660,,,1e-05,4612,2.7828,4612,0.9224,348,314,0.001,0.0001,0.001,0.0,0.0,0.0006633221637457609,0.0
sparse,5000,0.001,0.0001,10.0,1.9945956405993723,13,edge_flip_spectral,,,,,,1e-05,4612,2.7828,4612,0.9224,348,314,0.001,0.0001,0.001,0.008625861257314682,0.0,0.008870461955666542,7.014898597310799e-08
sparse,5000,0.001,0.0001,10.0,1.9945956405993723,13,sbm_dpsgd_all_noised,1.9223734183771504,0.5431122541136532,10.999998965481502,5.999999435717184,4.999999529764319,1e-05,4612,2.7828,4612,0.9224,348,314,0.001,0.0001,0.001,0.11948052793741226,0.003528604982420802,0.10585229843854904,0.0001314176020809769
sparse,5000,0.001,0.0001,20.0,0.977390412892278,13,edge_flip_vem,,,601,,,1e-05,4612,2.7828,4612,0.9224,348,314,0.001,0.0001,0.001,0.0,0.0,0.012456106022000313,1.0167663046387601e-05
sparse,5000,0.001,0.0001,20.0,0.977390412892278,13,edge_flip_spectral,,,,,,1e-05,4612,2.7828,4612,0.9224,348,314,0.001,0.0001,0.001,0.018956417217850685,0.0,0.01799197494983673,0.00030509338642332524
sparse,5000,0.001,0.0001,20.0,0.977390412892278,13,sbm_dpsgd_all_noised,0.9419985000802904,0.40561225411365304,10.999998965481502,5.999999435717184,4.999999529764319,1e-05,4612,2.7828,4612,0.9224,348,314,0.001,0.0001,0.001,0.11744734644889832,0.003527558408677578,0.1079188734292984,1.2909685863359177e-05
sparse,5000,0.001,0.0001,1.0,27.43885139089614,14,edge_flip_vem,,,159,,,1e-05,4604,2.7648,4604,0.9208,351,315,0.001,0.0001,0.001,0.0006479739095084369,0.0,0.0,0.0
sparse,5000,0.001,0.0001,1.0,27.43885139089614,14,edge_flip_spectral,,,,,,1e-05,4604,2.7648,4604,0.9208,351,315,0.001,0.0001,0.001,0.0006500371382571757,5.444250928121619e-05,0.1666666716337204,0.002995191060902297
sparse,5000,0.001,0.0001,1.0,27.43885139089614,14,sbm_dpsgd_all_noised,26.32774027978503,5.635918426327381,10.99999896188279,5.999999433754249,4.999999528128541,1e-05,4604,2.7648,4604,0.9208,351,315,0.001,0.0001,0.001,0.11740776896476746,0.003531207563355565,0.10785335302352905,0.0003959218678204516
sparse,5000,0.001,0.0001,2.0,11.728684954707337,14,edge_flip_vem,,,148,,,1e-05,4604,2.7648,4604,0.9208,351,315,0.001,0.0001,0.001,0.0006495513371191919,0.0,0.0,0.0
sparse,5000,0.001,0.0001,2.0,11.728684954707337,14,edge_flip_spectral,,,,,,1e-05,4604,2.7648,4604,0.9208,351,315,0.001,0.0001,0.001,0.0006516649737022817,4.638402970158495e-05,0.16666129231452942,0.002995191060902297
sparse,5000,0.001,0.0001,2.0,11.728684954707337,14,sbm_dpsgd_all_noised,11.245049229064149,2.668102829441137,10.99999896188279,5.999999433754249,4.999999528128541,1e-05,4604,2.7648,4604,0.9208,351,315,0.001,0.0001,0.001,0.11743588745594025,0.0035312771797180176,0.10781925171613693,0.00036708765805487783
sparse,5000,0.001,0.0001,5.0,4.1484505404580005,14,edge_flip_vem,,,529,,,1e-05,4604,2.7648,4604,0.9208,351,315,0.001,0.0001,0.001,0.0,0.0,0.0006172353168949485,0.0
sparse,5000,0.001,0.0001,5.0,4.1484505404580005,14,edge_flip_spectral,,,,,,1e-05,4604,2.7648,4604,0.9208,351,315,0.001,0.0001,0.001,0.0031743752770125866,0.0,0.0029975860379636288,0.0006280889112407319
sparse,5000,0.001,0.0001,5.0,4.1484505404580005,14,sbm_dpsgd_all_noised,3.992894984902444,1.0338953100711687,10.99999896188279,5.999999433754249,4.999999528128541,1e-05,4604,2.7648,4604,0.9208,351,315,0.001,0.0001,0.001,0.1176995187997818,0.0035312690306454897,0.10755350440740585,0.00038157832035141167
sparse,5000,0.001,0.0001,10.0,1.9945956405993723,14,edge_flip_vem,,,563,,,1e-05,4604,2.7648,4604,0.9208,351,315,0.001,0.0001,0.001,0.0004610818577930331,0.0,0.0,0.0
sparse,5000,0.001,0.0001,10.0,1.9945956405993723,14,edge_flip_spectral,,,,,,1e-05,4604,2.7648,4604,0.9208,351,315,0.001,0.0001,0.001,0.008473231457173824,0.0,0.008421536535024643,9.258130156106468e-05
sparse,5000,0.001,0.0001,10.0,1.9945956405993723,14,sbm_dpsgd_all_noised,1.9223734183771504,0.5431122541136532,10.99999896188279,5.999999433754249,4.999999528128541,1e-05,4604,2.7648,4604,0.9208,351,315,0.001,0.0001,0.001,0.11773112416267395,0.0035306245554238558,0.1074567511677742,0.00020641649267470194
sparse,5000,0.001,0.0001,20.0,0.977390412892278,14,edge_flip_vem,,,708,,,1e-05,4604,2.7648,4604,0.9208,351,315,0.001,0.0001,0.001,0.0009462474845349789,0.0,0.0,0.0
sparse,5000,0.001,0.0001,20.0,0.977390412892278,14,edge_flip_spectral,,,,,,1e-05,4604,2.7648,4604,0.9208,351,315,0.001,0.0001,0.001,0.019069723784923553,0.0,0.019703665748238564,0.00013057987486585592
sparse,5000,0.001,0.0001,20.0,0.977390412892278,14,sbm_dpsgd_all_noised,0.9419985000802904,0.40561225411365304,10.99999896188279,5.999999433754249,4.999999528128541,1e-05,4604,2.7648,4604,0.9208,351,315,0.001,0.0001,0.001,0.11774691194295883,0.0035277819260954857,0.10737896710634232,2.648832577933922e-05
sparse,5000,0.001,0.0001,1.0,27.43885139089614,15,edge_flip_vem,,,86,,,1e-05,4572,2.7476,4572,0.9144,377,338,0.001,0.0001,0.001,0.0,0.0,0.0006523877964355052,0.0
sparse,5000,0.001,0.0001,1.0,27.43885139089614,15,edge_flip_spectral,,,,,,1e-05,4572,2.7476,4572,0.9144,377,338,0.001,0.0001,0.001,0.0006535279680974782,3.650167855084874e-05,0.3333333432674408,0.002634391775101546
sparse,5000,0.001,0.0001,1.0,27.43885139089614,15,sbm_dpsgd_all_noised,26.32774027978503,5.635918426327381,10.99999894729851,5.999999425799187,4.999999521499323,1e-05,4572,2.7476,4572,0.9144,377,338,0.001,0.0001,0.001,0.10752122104167938,0.0035286538768559694,0.11753630638122559,0.0006455546195297164
sparse,5000,0.001,0.0001,2.0,11.728684954707337,15,edge_flip_vem,,,199,,,1e-05,4572,2.7476,4572,0.9144,377,338,0.001,0.0001,0.001,0.0,0.0,0.0006519951275549829,0.0
sparse,5000,0.001,0.0001,2.0,11.728684954707337,15,edge_flip_spectral,,,,,,1e-05,4572,2.7476,4572,0.9144,377,338,0.001,0.0001,0.001,0.000653155439067632,2.8442911570891738e-05,0.3333306610584259,0.002634391775101546
sparse,5000,0.001,0.0001,2.0,11.728684954707337,15,sbm_dpsgd_all_noised,11.245049229064149,2.668102829441137,10.99999894729851,5.999999425799187,4.999999521499323,1e-05,4572,2.7476,4572,0.9144,377,338,0.001,0.0001,0.001,0.10744434595108032,0.003528675762936473,0.11761653423309326,0.0004224320494612502
sparse,5000,0.001,0.0001,5.0,4.1484505404580005,15,edge_flip_vem,,,389,,,1e-05,4572,2.7476,4572,0.9144,377,338,0.001,0.0001,0.001,0.0006058343569748104,0.0,0.0,0.0
sparse,5000,0.001,0.0001,5.0,4.1484505404580005,15,edge_flip_spectral,,,,,,1e-05,4572,2.7476,4572,0.9144,377,338,0.001,0.0001,0.001,0.003201062325388193,0.0,0.0029124191496521235,0.00014381103338692
sparse,5000,0.001,0.0001,5.0,4.1484505404580005,15,sbm_dpsgd_all_noised,3.992894984902444,1.0338953100711687,10.99999894729851,5.999999425799187,4.999999521499323,1e-05,4572,2.7476,4572,0.9144,377,338,0.001,0.0001,0.001,0.10742753744125366,0.003528410801663995,0.11764619499444962,0.0006060843292588511
sparse,5000,0.001,0.0001,10.0,1.9945956405993723,15,edge_flip_vem,,,676,,,1e-05,4572,2.7476,4572,0.9144,377,338,0.001,0.0001,0.001,0.0006123395287431777,0.0,0.0,0.0
sparse,5000,0.001,0.0001,10.0,1.9945956405993723,15,edge_flip_spectral,,,,,,1e-05,4572,2.7476,4572,0.9144,377,338,0.001,0.0001,0.001,0.008952278643846512,0.0,0.008369899354875088,9.206966056144655e-05
sparse,5000,0.001,0.0001,10.0,1.9945956405993723,15,sbm_dpsgd_all_noised,1.9223734183771504,0.5431122541136532,10.99999894729851,5.999999425799187,4.999999521499323,1e-05,4572,2.7476,4572,0.9144,377,338,0.001,0.0001,0.001,0.1073511615395546,0.0035281111486256123,0.11773568391799927,0.0005657854385437063
sparse,5000,0.001,0.0001,20.0,0.977390412892278,15,edge_flip_vem,,,727,,,1e-05,4572,2.7476,4572,0.9144,377,338,0.001,0.0001,0.001,0.023065924644470215,0.00047620487748645246,0.0,0.0004527676027755317
sparse,5000,0.001,0.0001,20.0,0.977390412892278,15,edge_flip_spectral,,,,,,1e-05,4572,2.7476,4572,0.9144,377,338,0.001,0.0001,0.001,0.01943473517894745,0.0,0.02004539966583252,0.0004399903888444784
sparse,5000,0.001,0.0001,20.0,0.977390412892278,15,sbm_dpsgd_all_noised,0.9419985000802904,0.40561225411365304,10.99999894729851,5.999999425799187,4.999999521499323,1e-05,4572,2.7476,4572,0.9144,377,338,0.001,0.0001,0.001,0.10689643025398254,0.0035250228829681873,0.1182158961892128,0.0002846936166091348
sparse,5000,0.001,0.0001,1.0,27.43885139089614,16,edge_flip_vem,,,148,,,1e-05,4612,2.7552,4612,0.9224,345,306,0.001,0.0001,0.001,0.0006436586263589561,0.0,0.0,0.0
sparse,5000,0.001,0.0001,1.0,27.43885139089614,16,edge_flip_spectral,,,,,,1e-05,4612,2.7552,4612,0.9224,345,306,0.001,0.0001,0.001,0.0006449567736126482,3.102218033745885e-05,0.2857142984867096,3.8501572412485226e-05
sparse,5000,0.001,0.0001,1.0,27.43885139089614,16,sbm_dpsgd_all_noised,26.32774027978503,5.635918426327381,10.999998965481502,5.999999435717184,4.999999529764319,1e-05,4612,2.7552,4612,0.9224,345,306,0.001,0.0001,0.001,0.11734781414270401,0.003529568202793598,0.10789921879768372,0.0009251128461254165
sparse,5000,0.001,0.0001,2.0,11.728684954707337,16,edge_flip_vem,,,209,,,1e-05,4612,2.7552,4612,0.9224,345,306,0.001,0.0001,0.001,0.0006449204520322382,0.0,0.0,0.0
sparse,5000,0.001,0.0001,2.0,11.728684954707337,16,edge_flip_spectral,,,,,,1e-05,4612,2.7552,4612,0.9224,345,306,0.001,0.0001,0.001,0.0006458674324676394,3.5353543353267014e-05,0.39999839663505554,5.653333302364452e-05
sparse,5000,0.001,0.0001,2.0,11.728684954707337,16,sbm_dpsgd_all_noised,11.245049229064149,2.668102829441137,10.999998965481502,5.999999435717184,4.999999529764319,1e-05,4612,2.7552,4612,0.9224,345,306,0.001,0.0001,0.001,0.11747638881206512,0.003529557026922703,0.1077694371342659,0.0012132053933028662
sparse,5000,0.001,0.0001,5.0,4.1484505404580005,16,edge_flip_vem,,,286,,,1e-05,4612,2.7552,4612,0.9224,345,306,0.001,0.0001,0.001,0.000568705378100276,0.0,0.0,0.0
sparse,5000,0.001,0.0001,5.0,4.1484505404580005,16,edge_flip_spectral,,,,,,1e-05,4612,2.7552,4612,0.9224,345,306,0.001,0.0001,0.001,0.0031175464391708374,0.0,0.0028268257156014442,4.8147035060068006e-05
sparse,5000,0.001,0.0001,5.0,4.1484505404580005,16,sbm_dpsgd_all_noised,3.992894984902444,1.0338953100711687,10.999998965481502,5.999999435717184,4.999999529764319,1e-05,4612,2.7552,4612,0.9224,345,306,0.001,0.0001,0.001,0.11816684901714325,0.0035294201225042343,0.10708146542310715,0.0010000372478195067
sparse,5000,0.001,0.0001,10.0,1.9945956405993723,16,edge_flip_vem,,,784,,,1e-05,4612,2.7552,4612,0.9224,345,306,0.001,0.0001,0.001,0.0,0.0,0.0003209568385500461,5.6664282748673616e-08
sparse,5000,0.001,0.0001,10.0,1.9945956405993723,16,edge_flip_spectral,,,,,,1e-05,4612,2.7552,4612,0.9224,345,306,0.001,0.0001,0.001,0.008948915638029575,0.0,0.007910569198429585,5.65983031692494e-05
sparse,5000,0.001,0.0001,10.0,1.9945956405993723,16,sbm_dpsgd_all_noised,1.9223734183771504,0.5431122541136532,10.999998965481502,5.999999435717184,4.999999529764319,1e-05,4612,2.7552,4612,0.9224,345,306,0.001,0.0001,0.001,0.11817607283592224,0.0035277476999908686,0.10698536783456802,0.001120341877566008
sparse,5000,0.001,0.0001,20.0,0.977390412892278,16,edge_flip_vem,,,771,,,1e-05,4612,2.7552,4612,0.9224,345,306,0.001,0.0001,0.001,0.0,0.0,0.0010521495714783669,0.0
sparse,5000,0.001,0.0001,20.0,0.977390412892278,16,edge_flip_spectral,,,,,,1e-05,4612,2.7552,4612,0.9224,345,306,0.001,0.0001,0.001,0.020078381523489952,0.0,0.01892895996570587,0.0004461551670614366
sparse,5000,0.001,0.0001,20.0,0.977390412892278,16,sbm_dpsgd_all_noised,0.9419985000802904,0.40561225411365304,10.999998965481502,5.999999435717184,4.999999529764319,1e-05,4612,2.7552,4612,0.9224,345,306,0.001,0.0001,0.001,0.11781597137451172,0.0035230626817792654,0.1072583869099617,0.0005476147028399738
sparse,5000,0.001,0.0001,1.0,27.43885139089614,17,edge_flip_vem,,,91,,,1e-05,4660,2.764,4660,0.932,312,285,0.001,0.0001,0.001,0.0006338739767670631,0.0,0.0,0.0
sparse,5000,0.001,0.0001,1.0,27.43885139089614,17,edge_flip_spectral,,,,,,1e-05,4660,2.764,4660,0.932,312,285,0.001,0.0001,0.001,0.0006351360352709889,3.070215825573541e-05,0.2857142984867096,0.002948478658801503
sparse,5000,0.001,0.0001,1.0,27.43885139089614,17,sbm_dpsgd_all_noised,26.32774027978503,5.635918426327381,11.0,6.0,5.0,1e-05,4660,2.764,4660,0.932,312,285,0.001,0.0001,0.001,0.11757542937994003,0.0035178407561033964,0.10753656923770905,5.887648315420388e-05
sparse,5000,0.001,0.0001,2.0,11.728684954707337,17,edge_flip_vem,,,105,,,1e-05,4660,2.764,4660,0.932,312,285,0.001,0.0001,0.001,0.0006343920831568539,0.0,0.0,0.0
sparse,5000,0.001,0.0001,2.0,11.728684954707337,17,edge_flip_spectral,,,,,,1e-05,4660,2.764,4660,0.932,312,285,0.001,0.0001,0.001,0.0006358638638630509,6.361097621265799e-05,0.22221773862838745,0.00031465225276256084
sparse,5000,0.001,0.0001,2.0,11.728684954707337,17,sbm_dpsgd_all_noised,11.245049229064149,2.668102829441137,11.0,6.0,5.0,1e-05,4660,2.764,4660,0.932,312,285,0.001,0.0001,0.001,0.1175905093550682,0.0035177685786038637,0.1075218990445137,5.649285801545643e-07
sparse,5000,0.001,0.0001,5.0,4.1484505404580005,17,edge_flip_vem,,,521,,,1e-05,4660,2.764,4660,0.932,312,285,0.001,0.0001,0.001,0.0006699522491544485,0.0,0.0,0.0
sparse,5000,0.001,0.0001,5.0,4.1484505404580005,17,edge_flip_spectral,,,,,,1e-05,4660,2.764,4660,0.932,312,285,0.001,0.0001,0.001,0.002951257862150669,0.0,0.0033080228604376316,3.595859112853022e-06
sparse,5000,0.001,0.0001,5.0,4.1484505404580005,17,sbm_dpsgd_all_noised,3.992894984902444,1.0338953100711687,11.0,6.0,5.0,1e-05,4660,2.764,4660,0.932,312,285,0.001,0.0001,0.001,0.11746040731668472,0.003517946694046259,0.10764532536268234,8.9377066289012e-05
sparse,5000,0.001,0.0001,10.0,1.9945956405993723,17,edge_flip_vem,,,681,,,1e-05,4660,2.764,4660,0.932,312,285,0.001,0.0001,0.001,0.0004898688057437539,0.0,0.0,0.0
sparse,5000,0.001,0.0001,10.0,1.9945956405993723,17,edge_flip_spectral,,,,,,1e-05,4660,2.764,4660,0.932,312,285,0.001,0.0001,0.001,0.008974457159638405,0.0,0.008026337251067162,0.0003862878678664875
sparse,5000,0.001,0.0001,10.0,1.9945956405993723,17,sbm_dpsgd_all_noised,1.9223734183771504,0.5431122541136532,11.0,6.0,5.0,1e-05,4660,2.764,4660,0.932,312,285,0.001,0.0001,0.001,0.11759589612483978,0.0035181676503270864,0.10753064602613449,0.00010358915779327579
sparse,5000,0.001,0.0001,20.0,0.977390412892278,17,edge_flip_vem,,,550,,,1e-05,4660,2.764,4660,0.932,312,285,0.001,0.0001,0.001,0.00037080032052472234,0.0,0.0,0.0
sparse,5000,0.001,0.0001,20.0,0.977390412892278,17,edge_flip_spectral,,,,,,1e-05,4660,2.764,4660,0.932,312,285,0.001,0.0001,0.001,0.017513582482933998,0.0,0.020092280581593513,0.0005126242494976416
sparse,5000,0.001,0.0001,20.0,0.977390412892278,17,sbm_dpsgd_all_noised,0.9419985000802904,0.40561225411365304,11.0,6.0,5.0,1e-05,4660,2.764,4660,0.932,312,285,0.001,0.0001,0.001,0.11748287081718445,0.0035169452894479036,0.10769104212522507,0.0001186388568065103
sparse,5000,0.001,0.0001,1.0,27.43885139089614,18,edge_flip_vem,,,162,,,1e-05,4636,2.8352,4636,0.9272,323,288,0.001,0.0001,0.001,0.0006558121531270444,0.0,0.0,0.0
sparse,5000,0.001,0.0001,1.0,27.43885139089614,18,edge_flip_spectral,,,,,,1e-05,4636,2.8352,4636,0.9272,323,288,0.001,0.0001,0.001,0.0006569532561115921,3.5997119994135574e-05,0.3333333432674408,0.0025496105465538923
sparse,5000,0.001,0.0001,1.0,27.43885139089614,18,sbm_dpsgd_all_noised,26.32774027978503,5.635918426327381,11.0,6.0,5.0,1e-05,4636,2.8352,4636,0.9272,323,288,0.001,0.0001,0.001,0.10778626054525375,0.0035264836624264717,0.11723455041646957,4.35680470679019e-05
sparse,5000,0.001,0.0001,2.0,11.728684954707337,18,edge_flip_vem,,,143,,,1e-05,4636,2.8352,4636,0.9272,323,288,0.001,0.0001,0.001,0.0,0.0,0.000655768031720072,0.0
sparse,5000,0.001,0.0001,2.0,11.728684954707337,18,edge_flip_spectral,,,,,,1e-05,4636,2.8352,4636,0.9272,323,288,0.001,0.0001,0.001,0.0006569299148395658,2.7938343919231556e-05,0.3333306610584259,0.0025496105465538923
sparse,5000,0.001,0.0001,2.0,11.728684954707337,18,sbm_dpsgd_all_noised,11.245049229064149,2.668102829441137,11.0,6.0,5.0,1e-05,4636,2.8352,4636,0.9272,323,288,0.001,0.0001,0.001,0.10767661035060883,0.00352662755176425,0.11734972894191742,4.3661311508545346e-05
sparse,5000,0.001,0.0001,5.0,4.1484505404580005,18,edge_flip_vem,,,489,,,1e-05,4636,2.8352,4636,0.9272,323,288,0.001,0.0001,0.001,0.0,0.0,0.0006093485280871391,0.0
sparse,5000,0.001,0.0001,5.0,4.1484505404580005,18,edge_flip_spectral,,,,,,1e-05,4636,2.8352,4636,0.9272,323,288,0.001,0.0001,0.001,0.0028845584020018578,0.0,0.0032453706953674555,1.3214383108934516e-05
sparse,5000,0.001,0.0001,5.0,4.1484505404580005,18,sbm_dpsgd_all_noised,3.992894984902444,1.0338953100711687,11.0,6.0,5.0,1e-05,4636,2.8352,4636,0.9272,323,288,0.001,0.0001,0.001,0.10771939903497696,0.0035265577025711536,0.11732697486877441,6.578326272667217e-06
sparse,5000,0.001,0.0001,10.0,1.9945956405993723,18,edge_flip_vem,,,502,,,1e-05,4636,2.8352,4636,0.9272,323,288,0.001,0.0001,0.001,0.000527382711879909,0.019803812727332115,0.0,4.102044274524202e-09
sparse,5000,0.001,0.0001,10.0,1.9945956405993723,18,edge_flip_spectral,,,,,,1e-05,4636,2.8352,4636,0.9272,323,288,0.001,0.0001,0.001,0.008342796936631203,0.0,0.008634385652840137,1.1633979411517887e-06
sparse,5000,0.001,0.0001,10.0,1.9945956405993723,18,sbm_dpsgd_all_noised,1.9223734183771504,0.5431122541136532,11.0,6.0,5.0,1e-05,4636,2.8352,4636,0.9272,323,288,0.001,0.0001,0.001,0.1075962483882904,0.003526948392391205,0.11748941987752914,7.102013089836708e-05
sparse,5000,0.001,0.0001,20.0,0.977390412892278,18,edge_flip_vem,,,614,,,1e-05,4636,2.8352,4636,0.9272,323,288,0.001,0.0001,0.001,0.008094805292785168,0.0,0.0,5.094955387655295e-05
sparse,5000,0.001,0.0001,20.0,0.977390412892278,18,edge_flip_spectral,,,,,,1e-05,4636,2.8352,4636,0.9272,323,288,0.001,0.0001,0.001,0.017698293551802635,0.0,0.020227700471878052,8.332933549306505e-05
sparse,5000,0.001,0.0001,20.0,0.977390412892278,18,sbm_dpsgd_all_noised,0.9419985000802904,0.40561225411365304,11.0,6.0,5.0,1e-05,4636,2.8352,4636,0.9272,323,288,0.001,0.0001,0.001,0.10709160566329956,0.003527210094034672,0.11810451745986938,0.00027269853151545734
sparse,5000,0.001,0.0001,1.0,27.43885139089614,19,edge_flip_vem,,,117,,,1e-05,4607,2.7856,4607,0.9214,357,324,0.001,0.0001,0.001,0.0,0.0,0.0006528795347549021,0.0
sparse,5000,0.001,0.0001,1.0,27.43885139089614,19,edge_flip_spectral,,,,,,1e-05,4607,2.7856,4607,0.9214,357,324,0.001,0.0001,0.001,0.0006540166214108467,3.622400981839746e-05,0.3333333432674408,0.0025856333696595794
sparse,5000,0.001,0.0001,1.0,27.43885139089614,19,sbm_dpsgd_all_noised,26.32774027978503,5.635918426327381,10.999998963234505,5.999999434491548,4.999999528742957,1e-05,4607,2.7856,4607,0.9214,357,324,0.001,0.0001,0.001,0.11768496036529541,0.0035260918084532022,0.10754343867301941,6.271159256364685e-05
sparse,5000,0.001,0.0001,2.0,11.728684954707337,19,edge_flip_vem,,,77,,,1e-05,4607,2.7856,4607,0.9214,357,324,0.001,0.0001,0.001,0.0,0.0,0.0006530307000502944,0.0
sparse,5000,0.001,0.0001,2.0,11.728684954707337,19,edge_flip_spectral,,,,,,1e-05,4607,2.7856,4607,0.9214,357,324,0.001,0.0001,0.001,0.0006541892071254551,2.8165237381472252e-05,0.3333306610584259,0.0025856333696595794
sparse,5000,0.001,0.0001,2.0,11.728684954707337,19,sbm_dpsgd_all_noised,11.245049229064149,2.668102829441137,10.999998963234505,5.999999434491548,4.999999528742957,1e-05,4607,2.7856,4607,0.9214,357,324,0.001,0.0001,0.001,0.11756821721792221,0.003526081331074238,0.10765372961759567,5.1274933230308844e-05
sparse,5000,0.001,0.0001,5.0,4.1484505404580005,19,edge_flip_vem,,,492,,,1e-05,4607,2.7856,4607,0.9214,357,324,0.001,0.0001,0.001,0.0006462238961830735,0.0,0.0,0.0
sparse,5000,0.001,0.0001,5.0,4.1484505404580005,19,edge_flip_spectral,,,,,,1e-05,4607,2.7856,4607,0.9214,357,324,0.001,0.0001,0.001,0.0030976012349128723,0.0,0.0030918046832084656,8.164659564417391e-05
sparse,5000,0.001,0.0001,5.0,4.1484505404580005,19,sbm_dpsgd_all_noised,3.992894984902444,1.0338953100711687,10.999998963234505,5.999999434491548,4.999999528742957,1e-05,4607,2.7856,4607,0.9214,357,324,0.001,0.0001,0.001,0.11754099279642105,0.003526604501530528,0.10767887532711029,0.00010141329745480287
sparse,5000,0.001,0.0001,10.0,1.9945956405993723,19,edge_flip_vem,,,660,,,1e-05,4607,2.7856,4607,0.9214,357,324,0.001,0.0001,0.001,0.000777937239035964,0.0,0.0,0.0
sparse,5000,0.001,0.0001,10.0,1.9945956405993723,19,edge_flip_spectral,,,,,,1e-05,4607,2.7856,4607,0.9214,357,324,0.001,0.0001,0.001,0.008635704405605793,0.0,0.008931498974561691,7.498753112891612e-05
sparse,5000,0.001,0.0001,10.0,1.9945956405993723,19,sbm_dpsgd_all_noised,1.9223734183771504,0.5431122541136532,10.999998963234505,5.999999434491548,4.999999528742957,1e-05,4607,2.7856,4607,0.9214,357,324,0.001,0.0001,0.001,0.11733414977788925,0.0035274126566946507,0.10789359360933304,4.0731590115145104e-05
sparse,5000,0.001,0.0001,20.0,0.977390412892278,19,edge_flip_vem,,,663,,,1e-05,4607,2.7856,4607,0.9214,357,324,0.001,0.0001,0.001,0.0,0.0,0.0007095517357811332,0.0
sparse,5000,0.001,0.0001,20.0,0.977390412892278,19,edge_flip_spectral,,,,,,1e-05,4607,2.7856,4607,0.9214,357,324,0.001,0.0001,0.001,0.019880210980772972,0.0,0.018488341942429543,3.823643354803297e-05
sparse,5000,0.001,0.0001,20.0,0.977390412892278,19,sbm_dpsgd_all_noised,0.9419985000802904,0.40561225411365304,10.999998963234505,5.999999434491548,4.999999528742957,1e-05,4607,2.7856,4607,0.9214,357,324,0.001,0.0001,0.001,0.11475946754217148,0.0035278419964015484,0.11037851870059967,6.79309037232959e-05
